1	[{"rg":49174,"recovery":{"write_seq":51,"retx_held":0,"retx_min_seq":0,"retx_max_seq":0,"retx_sent":3,"retx_skipped_missing":0,"retx_req_sack":0,"retx_req_hol":0,"retx_req_flush":0,"retx_send_errors":0,"send_window_waits":0,"send_window_timeouts":0,"tlp_probes":3,"sacks_recv":24,"last_sack_recv_ms_ago":41.690638,"last_sack_recv_contig":50,"reorder_next_seq":607,"reorder_pending":0,"reorder_drops":0,"gap_age_ms":0,"sacks_sent":60,"sack_send_errors":0,"last_sack_sent_ms_ago":43.526272,"wedge_ticks":0,"wedges":0,"longest_wedge_ms":0}},{"rg":49175,"recovery":{"write_seq":37,"retx_held":1,"retx_min_seq":36,"retx_max_seq":36,"retx_sent":2,"retx_skipped_missing":0,"retx_req_sack":0,"retx_req_hol":0,"retx_req_flush":0,"retx_send_errors":0,"send_window_waits":0,"send_window_timeouts":0,"tlp_probes":3,"sacks_recv":21,"last_sack_recv_ms_ago":2288.562062,"last_sack_recv_contig":35,"reorder_next_seq":180,"reorder_pending":0,"reorder_drops":0,"gap_age_ms":0,"sacks_sent":49,"sack_send_errors":0,"last_sack_sent_ms_ago":2287.449876,"wedge_ticks":0,"wedges":0,"longest_wedge_ms":0}},{"rg":49176,"recovery":{"write_seq":20,"retx_held":0,"retx_min_seq":0,"retx_max_seq":0,"retx_sent":1,"retx_skipped_missing":0,"retx_req_sack":0,"retx_req_hol":0,"retx_req_flush":0,"retx_send_errors":0,"send_window_waits":0,"send_window_timeouts":0,"tlp_probes":1,"sacks_recv":15,"last_sack_recv_ms_ago":57.65804,"last_sack_recv_contig":19,"reorder_next_seq":20,"reorder_pending":0,"reorder_drops":0,"gap_age_ms":0,"sacks_sent":15,"sack_send_errors":0,"last_sack_sent_ms_ago":57.11486,"wedge_ticks":0,"wedges":0,"longest_wedge_ms":0}},{"rg":49178,"recovery":{"write_seq":17,"retx_held":0,"retx_min_seq":0,"retx_max_seq":0,"retx_sent":1,"retx_skipped_missing":0,"retx_req_sack":0,"retx_req_hol":0,"retx_req_flush":0,"retx_send_errors":0,"send_window_waits":0,"send_window_timeouts":0,"tlp_probes":1,"sacks_recv":13,"last_sack_recv_ms_ago":41.757347,"last_sack_recv_contig":16,"reorder_next_seq":17,"reorder_pending":0,"reorder_drops":0,"gap_age_ms":0,"sacks_sent":13,"sack_send_errors":0,"last_sack_sent_ms_ago":43.557575,"wedge_ticks":0,"wedges":0,"longest_wedge_ms":0}},{"rg":49179,"recovery":{"write_seq":16,"retx_held":1,"retx_min_seq":15,"retx_max_seq":15,"retx_sent":1,"retx_skipped_missing":0,"retx_req_sack":0,"retx_req_hol":0,"retx_req_flush":0,"retx_send_errors":0,"send_window_waits":0,"send_window_timeouts":0,"tlp_probes":1,"sacks_recv":11,"last_sack_recv_ms_ago":4773.051111,"last_sack_recv_contig":14,"reorder_next_seq":15,"reorder_pending":0,"reorder_drops":0,"gap_age_ms":0,"sacks_sent":11,"sack_send_errors":0,"last_sack_sent_ms_ago":4778.38458,"wedge_ticks":0,"wedges":0,"longest_wedge_ms":0}},{"rg":49180,"recovery":{"write_seq":5,"retx_held":1,"retx_min_seq":4,"retx_max_seq":4,"retx_sent":0,"retx_skipped_missing":0,"retx_req_sack":0,"retx_req_hol":0,"retx_req_flush":0,"retx_send_errors":0,"send_window_waits":0,"send_window_timeouts":0,"tlp_probes":0,"sacks_recv":3,"last_sack_recv_ms_ago":4803.476171,"last_sack_recv_contig":3,"reorder_next_seq":4,"reorder_pending":0,"reorder_drops":0,"gap_age_ms":0,"sacks_sent":3,"sack_send_errors":0,"last_sack_sent_ms_ago":4803.387059,"wedge_ticks":0,"wedges":0,"longest_wedge_ms":0}},{"rg":49181,"recovery":{"write_seq":5,"retx_held":0,"retx_min_seq":0,"retx_max_seq":0,"retx_sent":0,"retx_skipped_missing":0,"retx_req_sack":0,"retx_req_hol":0,"retx_req_flush":0,"retx_send_errors":0,"send_window_waits":0,"send_window_timeouts":0,"tlp_probes":0,"sacks_recv":4,"last_sack_recv_ms_ago":56.931795,"last_sack_recv_contig":4,"reorder_next_seq":5,"reorder_pending":0,"reorder_drops":0,"gap_age_ms":0,"sacks_sent":4,"sack_send_errors":0,"last_sack_sent_ms_ago":57.16672,"wedge_ticks":0,"wedges":0,"longest_wedge_ms":0}}]
2	[{"rg":49174,"recovery":{"write_seq":66,"retx_held":0,"retx_min_seq":0,"retx_max_seq":0,"retx_sent":4,"retx_skipped_missing":0,"retx_req_sack":0,"retx_req_hol":0,"retx_req_flush":0,"retx_send_errors":0,"send_window_waits":0,"send_window_timeouts":0,"tlp_probes":4,"sacks_recv":28,"last_sack_recv_ms_ago":522.455169,"last_sack_recv_contig":65,"reorder_next_seq":1032,"reorder_pending":0,"reorder_drops":0,"gap_age_ms":0,"sacks_sent":97,"sack_send_errors":0,"last_sack_sent_ms_ago":532.994634,"wedge_ticks":0,"wedges":0,"longest_wedge_ms":0}},{"rg":49175,"recovery":{"write_seq":46,"retx_held":0,"retx_min_seq":0,"retx_max_seq":0,"retx_sent":2,"retx_skipped_missing":0,"retx_req_sack":0,"retx_req_hol":0,"retx_req_flush":0,"retx_send_errors":0,"send_window_waits":0,"send_window_timeouts":0,"tlp_probes":3,"sacks_recv":26,"last_sack_recv_ms_ago":371.437077,"last_sack_recv_contig":45,"reorder_next_seq":322,"reorder_pending":0,"reorder_drops":0,"gap_age_ms":0,"sacks_sent":78,"sack_send_errors":0,"last_sack_sent_ms_ago":535.248883,"wedge_ticks":0,"wedges":0,"longest_wedge_ms":0}},{"rg":49176,"recovery":{"write_seq":27,"retx_held":0,"retx_min_seq":0,"retx_max_seq":0,"retx_sent":2,"retx_skipped_missing":0,"retx_req_sack":0,"retx_req_hol":0,"retx_req_flush":0,"retx_send_errors":0,"send_window_waits":0,"send_window_timeouts":0,"tlp_probes":2,"sacks_recv":19,"last_sack_recv_ms_ago":537.80821,"last_sack_recv_contig":26,"reorder_next_seq":155,"reorder_pending":0,"reorder_drops":0,"gap_age_ms":0,"sacks_sent":23,"sack_send_errors":0,"last_sack_sent_ms_ago":536.353242,"wedge_ticks":0,"wedges":0,"longest_wedge_ms":0}},{"rg":49178,"recovery":{"write_seq":20,"retx_held":0,"retx_min_seq":0,"retx_max_seq":0,"retx_sent":1,"retx_skipped_missing":0,"retx_req_sack":0,"retx_req_hol":0,"retx_req_flush":0,"retx_send_errors":0,"send_window_waits":0,"send_window_timeouts":0,"tlp_probes":1,"sacks_recv":15,"last_sack_recv_ms_ago":522.507753,"last_sack_recv_contig":19,"reorder_next_seq":20,"reorder_pending":0,"reorder_drops":0,"gap_age_ms":0,"sacks_sent":15,"sack_send_errors":0,"last_sack_sent_ms_ago":521.286928,"wedge_ticks":0,"wedges":0,"longest_wedge_ms":0}},{"rg":49179,"recovery":{"write_seq":19,"retx_held":0,"retx_min_seq":0,"retx_max_seq":0,"retx_sent":1,"retx_skipped_missing":0,"retx_req_sack":0,"retx_req_hol":0,"retx_req_flush":0,"retx_send_errors":0,"send_window_waits":0,"send_window_timeouts":0,"tlp_probes":1,"sacks_recv":14,"last_sack_recv_ms_ago":257.979948,"last_sack_recv_contig":18,"reorder_next_seq":19,"reorder_pending":0,"reorder_drops":0,"gap_age_ms":0,"sacks_sent":14,"sack_send_errors":0,"last_sack_sent_ms_ago":256.830415,"wedge_ticks":0,"wedges":0,"longest_wedge_ms":0}},{"rg":49180,"recovery":{"write_seq":8,"retx_held":0,"retx_min_seq":0,"retx_max_seq":0,"retx_sent":0,"retx_skipped_missing":0,"retx_req_sack":0,"retx_req_hol":0,"retx_req_flush":0,"retx_send_errors":0,"send_window_waits":0,"send_window_timeouts":0,"tlp_probes":0,"sacks_recv":6,"last_sack_recv_ms_ago":284.527022,"last_sack_recv_contig":7,"reorder_next_seq":8,"reorder_pending":0,"reorder_drops":0,"gap_age_ms":0,"sacks_sent":6,"sack_send_errors":0,"last_sack_sent_ms_ago":283.411117,"wedge_ticks":0,"wedges":0,"longest_wedge_ms":0}},{"rg":49181,"recovery":{"write_seq":8,"retx_held":0,"retx_min_seq":0,"retx_max_seq":0,"retx_sent":0,"retx_skipped_missing":0,"retx_req_sack":0,"retx_req_hol":0,"retx_req_flush":0,"retx_send_errors":0,"send_window_waits":0,"send_window_timeouts":0,"tlp_probes":0,"sacks_recv":6,"last_sack_recv_ms_ago":536.454293,"last_sack_recv_contig":7,"reorder_next_seq":8,"reorder_pending":0,"reorder_drops":0,"gap_age_ms":0,"sacks_sent":6,"sack_send_errors":0,"last_sack_sent_ms_ago":536.387661,"wedge_ticks":0,"wedges":0,"longest_wedge_ms":0}},{"rg":49183,"recovery":{"write_seq":2,"retx_held":2,"retx_min_seq":0,"retx_max_seq":1,"retx_sent":0,"retx_skipped_missing":0,"retx_req_sack":0,"retx_req_hol":0,"retx_req_flush":0,"retx_send_errors":2,"send_window_waits":0,"send_window_timeouts":0,"tlp_probes":2,"sacks_recv":0,"last_sack_recv_ms_ago":-1,"last_sack_recv_contig":0,"reorder_next_seq":1,"reorder_pending":0,"reorder_drops":0,"gap_age_ms":0,"sacks_sent":1,"sack_send_errors":0,"last_sack_sent_ms_ago":5496.608979,"wedge_ticks":0,"wedges":0,"longest_wedge_ms":0}}]
3	[{"rg":49174,"recovery":{"write_seq":86,"retx_held":0,"retx_min_seq":0,"retx_max_seq":0,"retx_sent":4,"retx_skipped_missing":0,"retx_req_sack":0,"retx_req_hol":0,"retx_req_flush":0,"retx_send_errors":0,"send_window_waits":0,"send_window_timeouts":0,"tlp_probes":4,"sacks_recv":34,"last_sack_recv_ms_ago":312.647791,"last_sack_recv_contig":85,"reorder_next_seq":1598,"reorder_pending":0,"reorder_drops":0,"gap_age_ms":0,"sacks_sent":131,"sack_send_errors":0,"last_sack_sent_ms_ago":310.235963,"wedge_ticks":0,"wedges":0,"longest_wedge_ms":0}},{"rg":49175,"recovery":{"write_seq":52,"retx_held":0,"retx_min_seq":0,"retx_max_seq":0,"retx_sent":3,"retx_skipped_missing":0,"retx_req_sack":0,"retx_req_hol":0,"retx_req_flush":0,"retx_send_errors":0,"send_window_waits":0,"send_window_timeouts":0,"tlp_probes":4,"sacks_recv":30,"last_sack_recv_ms_ago":155.678071,"last_sack_recv_contig":51,"reorder_next_seq":456,"reorder_pending":0,"reorder_drops":0,"gap_age_ms":0,"sacks_sent":102,"sack_send_errors":0,"last_sack_sent_ms_ago":325.189519,"wedge_ticks":0,"wedges":0,"longest_wedge_ms":0}},{"rg":49176,"recovery":{"write_seq":29,"retx_held":0,"retx_min_seq":0,"retx_max_seq":0,"retx_sent":2,"retx_skipped_missing":0,"retx_req_sack":0,"retx_req_hol":0,"retx_req_flush":0,"retx_send_errors":0,"send_window_waits":0,"send_window_timeouts":0,"tlp_probes":2,"sacks_recv":21,"last_sack_recv_ms_ago":325.23819,"last_sack_recv_contig":28,"reorder_next_seq":157,"reorder_pending":0,"reorder_drops":0,"gap_age_ms":0,"sacks_sent":25,"sack_send_errors":0,"last_sack_sent_ms_ago":325.142815,"wedge_ticks":0,"wedges":0,"longest_wedge_ms":0}},{"rg":49178,"recovery":{"write_seq":22,"retx_held":0,"retx_min_seq":0,"retx_max_seq":0,"retx_sent":1,"retx_skipped_missing":0,"retx_req_sack":0,"retx_req_hol":0,"retx_req_flush":0,"retx_send_errors":0,"send_window_waits":0,"send_window_timeouts":0,"tlp_probes":1,"sacks_recv":17,"last_sack_recv_ms_ago":310.409551,"last_sack_recv_contig":21,"reorder_next_seq":22,"reorder_pending":0,"reorder_drops":0,"gap_age_ms":0,"sacks_sent":17,"sack_send_errors":0,"last_sack_sent_ms_ago":309.214201,"wedge_ticks":0,"wedges":0,"longest_wedge_ms":0}},{"rg":49179,"recovery":{"write_seq":21,"retx_held":0,"retx_min_seq":0,"retx_max_seq":0,"retx_sent":1,"retx_skipped_missing":0,"retx_req_sack":0,"retx_req_hol":0,"retx_req_flush":0,"retx_send_errors":0,"send_window_waits":0,"send_window_timeouts":0,"tlp_probes":1,"sacks_recv":16,"last_sack_recv_ms_ago":53.984703,"last_sack_recv_contig":20,"reorder_next_seq":21,"reorder_pending":0,"reorder_drops":0,"gap_age_ms":0,"sacks_sent":16,"sack_send_errors":0,"last_sack_sent_ms_ago":54.753629,"wedge_ticks":0,"wedges":0,"longest_wedge_ms":0}},{"rg":49180,"recovery":{"write_seq":10,"retx_held":0,"retx_min_seq":0,"retx_max_seq":0,"retx_sent":2,"retx_skipped_missing":0,"retx_req_sack":0,"retx_req_hol":0,"retx_req_flush":0,"retx_send_errors":0,"send_window_waits":0,"send_window_timeouts":0,"tlp_probes":2,"sacks_recv":8,"last_sack_recv_ms_ago":68.036516,"last_sack_recv_contig":9,"reorder_next_seq":10,"reorder_pending":0,"reorder_drops":0,"gap_age_ms":0,"sacks_sent":8,"sack_send_errors":0,"last_sack_sent_ms_ago":68.949587,"wedge_ticks":0,"wedges":0,"longest_wedge_ms":0}},{"rg":49181,"recovery":{"write_seq":10,"retx_held":0,"retx_min_seq":0,"retx_max_seq":0,"retx_sent":0,"retx_skipped_missing":0,"retx_req_sack":0,"retx_req_hol":0,"retx_req_flush":0,"retx_send_errors":0,"send_window_waits":0,"send_window_timeouts":0,"tlp_probes":0,"sacks_recv":8,"last_sack_recv_ms_ago":324.48849,"last_sack_recv_contig":9,"reorder_next_seq":10,"reorder_pending":0,"reorder_drops":0,"gap_age_ms":0,"sacks_sent":8,"sack_send_errors":0,"last_sack_sent_ms_ago":325.06151,"wedge_ticks":0,"wedges":0,"longest_wedge_ms":0}}]
4	[{"rg":49174,"recovery":{"write_seq":106,"retx_held":0,"retx_min_seq":0,"retx_max_seq":0,"retx_sent":5,"retx_skipped_missing":0,"retx_req_sack":0,"retx_req_hol":0,"retx_req_flush":0,"retx_send_errors":0,"send_window_waits":0,"send_window_timeouts":0,"tlp_probes":5,"sacks_recv":39,"last_sack_recv_ms_ago":2313.400491,"last_sack_recv_contig":105,"reorder_next_seq":2154,"reorder_pending":0,"reorder_drops":0,"gap_age_ms":0,"sacks_sent":166,"sack_send_errors":0,"last_sack_sent_ms_ago":2322.574291,"wedge_ticks":0,"wedges":0,"longest_wedge_ms":0}},{"rg":49175,"recovery":{"write_seq":58,"retx_held":0,"retx_min_seq":0,"retx_max_seq":0,"retx_sent":3,"retx_skipped_missing":0,"retx_req_sack":0,"retx_req_hol":0,"retx_req_flush":0,"retx_send_errors":0,"send_window_waits":0,"send_window_timeouts":0,"tlp_probes":4,"sacks_recv":33,"last_sack_recv_ms_ago":1921.698234,"last_sack_recv_contig":57,"reorder_next_seq":590,"reorder_pending":0,"reorder_drops":0,"gap_age_ms":0,"sacks_sent":125,"sack_send_errors":0,"last_sack_sent_ms_ago":2086.581419,"wedge_ticks":0,"wedges":0,"longest_wedge_ms":0}},{"rg":49176,"recovery":{"write_seq":31,"retx_held":0,"retx_min_seq":0,"retx_max_seq":0,"retx_sent":2,"retx_skipped_missing":0,"retx_req_sack":0,"retx_req_hol":0,"retx_req_flush":0,"retx_send_errors":0,"send_window_waits":0,"send_window_timeouts":0,"tlp_probes":2,"sacks_recv":22,"last_sack_recv_ms_ago":4099.503944,"last_sack_recv_contig":30,"reorder_next_seq":159,"reorder_pending":0,"reorder_drops":0,"gap_age_ms":0,"sacks_sent":26,"sack_send_errors":0,"last_sack_sent_ms_ago":4099.44965,"wedge_ticks":0,"wedges":0,"longest_wedge_ms":0}},{"rg":49178,"recovery":{"write_seq":24,"retx_held":0,"retx_min_seq":0,"retx_max_seq":0,"retx_sent":1,"retx_skipped_missing":0,"retx_req_sack":0,"retx_req_hol":0,"retx_req_flush":0,"retx_send_errors":0,"send_window_waits":0,"send_window_timeouts":0,"tlp_probes":1,"sacks_recv":18,"last_sack_recv_ms_ago":4084.668368,"last_sack_recv_contig":23,"reorder_next_seq":24,"reorder_pending":0,"reorder_drops":0,"gap_age_ms":0,"sacks_sent":18,"sack_send_errors":0,"last_sack_sent_ms_ago":4085.54257,"wedge_ticks":0,"wedges":0,"longest_wedge_ms":0}},{"rg":49179,"recovery":{"write_seq":23,"retx_held":0,"retx_min_seq":0,"retx_max_seq":0,"retx_sent":1,"retx_skipped_missing":0,"retx_req_sack":0,"retx_req_hol":0,"retx_req_flush":0,"retx_send_errors":0,"send_window_waits":0,"send_window_timeouts":0,"tlp_probes":1,"sacks_recv":17,"last_sack_recv_ms_ago":3816.25193,"last_sack_recv_contig":22,"reorder_next_seq":23,"reorder_pending":0,"reorder_drops":0,"gap_age_ms":0,"sacks_sent":17,"sack_send_errors":0,"last_sack_sent_ms_ago":3816.166752,"wedge_ticks":0,"wedges":0,"longest_wedge_ms":0}},{"rg":49180,"recovery":{"write_seq":12,"retx_held":0,"retx_min_seq":0,"retx_max_seq":0,"retx_sent":2,"retx_skipped_missing":0,"retx_req_sack":0,"retx_req_hol":0,"retx_req_flush":0,"retx_send_errors":0,"send_window_waits":0,"send_window_timeouts":0,"tlp_probes":2,"sacks_recv":9,"last_sack_recv_ms_ago":3848.675326,"last_sack_recv_contig":11,"reorder_next_seq":12,"reorder_pending":0,"reorder_drops":0,"gap_age_ms":0,"sacks_sent":9,"sack_send_errors":0,"last_sack_sent_ms_ago":3840.40729,"wedge_ticks":0,"wedges":0,"longest_wedge_ms":0}},{"rg":49181,"recovery":{"write_seq":12,"retx_held":0,"retx_min_seq":0,"retx_max_seq":0,"retx_sent":0,"retx_skipped_missing":0,"retx_req_sack":0,"retx_req_hol":0,"retx_req_flush":0,"retx_send_errors":0,"send_window_waits":0,"send_window_timeouts":0,"tlp_probes":0,"sacks_recv":9,"last_sack_recv_ms_ago":4099.566403,"last_sack_recv_contig":11,"reorder_next_seq":12,"reorder_pending":0,"reorder_drops":0,"gap_age_ms":0,"sacks_sent":9,"sack_send_errors":0,"last_sack_sent_ms_ago":4099.510299,"wedge_ticks":0,"wedges":0,"longest_wedge_ms":0}}]
5	[{"rg":49174,"recovery":{"write_seq":126,"retx_held":0,"retx_min_seq":0,"retx_max_seq":0,"retx_sent":5,"retx_skipped_missing":0,"retx_req_sack":0,"retx_req_hol":0,"retx_req_flush":0,"retx_send_errors":0,"send_window_waits":0,"send_window_timeouts":0,"tlp_probes":5,"sacks_recv":46,"last_sack_recv_ms_ago":2422.219096,"last_sack_recv_contig":125,"reorder_next_seq":2698,"reorder_pending":0,"reorder_drops":0,"gap_age_ms":0,"sacks_sent":182,"sack_send_errors":0,"last_sack_sent_ms_ago":2420.985884,"wedge_ticks":0,"wedges":0,"longest_wedge_ms":0}},{"rg":49175,"recovery":{"write_seq":64,"retx_held":0,"retx_min_seq":0,"retx_max_seq":0,"retx_sent":3,"retx_skipped_missing":0,"retx_req_sack":0,"retx_req_hol":0,"retx_req_flush":0,"retx_send_errors":0,"send_window_waits":0,"send_window_timeouts":0,"tlp_probes":4,"sacks_recv":37,"last_sack_recv_ms_ago":2044.286901,"last_sack_recv_contig":63,"reorder_next_seq":724,"reorder_pending":0,"reorder_drops":0,"gap_age_ms":0,"sacks_sent":152,"sack_send_errors":0,"last_sack_sent_ms_ago":2224.425109,"wedge_ticks":0,"wedges":0,"longest_wedge_ms":0}},{"rg":49176,"recovery":{"write_seq":33,"retx_held":0,"retx_min_seq":0,"retx_max_seq":0,"retx_sent":2,"retx_skipped_missing":0,"retx_req_sack":0,"retx_req_hol":0,"retx_req_flush":0,"retx_send_errors":0,"send_window_waits":0,"send_window_timeouts":0,"tlp_probes":2,"sacks_recv":24,"last_sack_recv_ms_ago":3530.711726,"last_sack_recv_contig":32,"reorder_next_seq":161,"reorder_pending":0,"reorder_drops":0,"gap_age_ms":0,"sacks_sent":28,"sack_send_errors":0,"last_sack_sent_ms_ago":3513.854196,"wedge_ticks":0,"wedges":0,"longest_wedge_ms":0}},{"rg":49178,"recovery":{"write_seq":26,"retx_held":0,"retx_min_seq":0,"retx_max_seq":0,"retx_sent":3,"retx_skipped_missing":0,"retx_req_sack":0,"retx_req_hol":0,"retx_req_flush":0,"retx_send_errors":0,"send_window_waits":0,"send_window_timeouts":0,"tlp_probes":3,"sacks_recv":20,"last_sack_recv_ms_ago":2672.525444,"last_sack_recv_contig":25,"reorder_next_seq":26,"reorder_pending":0,"reorder_drops":0,"gap_age_ms":0,"sacks_sent":20,"sack_send_errors":0,"last_sack_sent_ms_ago":2572.458249,"wedge_ticks":0,"wedges":0,"longest_wedge_ms":0}},{"rg":49179,"recovery":{"write_seq":25,"retx_held":0,"retx_min_seq":0,"retx_max_seq":0,"retx_sent":1,"retx_skipped_missing":0,"retx_req_sack":0,"retx_req_hol":0,"retx_req_flush":0,"retx_send_errors":0,"send_window_waits":0,"send_window_timeouts":0,"tlp_probes":1,"sacks_recv":19,"last_sack_recv_ms_ago":3294.130106,"last_sack_recv_contig":24,"reorder_next_seq":25,"reorder_pending":0,"reorder_drops":0,"gap_age_ms":0,"sacks_sent":19,"sack_send_errors":0,"last_sack_sent_ms_ago":3319.330412,"wedge_ticks":0,"wedges":0,"longest_wedge_ms":0}},{"rg":49180,"recovery":{"write_seq":14,"retx_held":0,"retx_min_seq":0,"retx_max_seq":0,"retx_sent":2,"retx_skipped_missing":0,"retx_req_sack":0,"retx_req_hol":0,"retx_req_flush":0,"retx_send_errors":0,"send_window_waits":0,"send_window_timeouts":0,"tlp_probes":2,"sacks_recv":11,"last_sack_recv_ms_ago":3313.521353,"last_sack_recv_contig":13,"reorder_next_seq":14,"reorder_pending":0,"reorder_drops":0,"gap_age_ms":0,"sacks_sent":11,"sack_send_errors":0,"last_sack_sent_ms_ago":3374.015201,"wedge_ticks":0,"wedges":0,"longest_wedge_ms":0}},{"rg":49181,"recovery":{"write_seq":14,"retx_held":0,"retx_min_seq":0,"retx_max_seq":0,"retx_sent":0,"retx_skipped_missing":0,"retx_req_sack":0,"retx_req_hol":0,"retx_req_flush":0,"retx_send_errors":0,"send_window_waits":0,"send_window_timeouts":0,"tlp_probes":0,"sacks_recv":11,"last_sack_recv_ms_ago":3620.173467,"last_sack_recv_contig":13,"reorder_next_seq":14,"reorder_pending":0,"reorder_drops":0,"gap_age_ms":0,"sacks_sent":11,"sack_send_errors":0,"last_sack_sent_ms_ago":3625.837848,"wedge_ticks":0,"wedges":0,"longest_wedge_ms":0}}]
6	[{"rg":49174,"recovery":{"write_seq":322,"retx_held":0,"retx_min_seq":0,"retx_max_seq":0,"retx_sent":5,"retx_skipped_missing":0,"retx_req_sack":0,"retx_req_hol":0,"retx_req_flush":0,"retx_send_errors":0,"send_window_waits":0,"send_window_timeouts":0,"tlp_probes":5,"sacks_recv":58,"last_sack_recv_ms_ago":2379.826911,"last_sack_recv_contig":321,"reorder_next_seq":2733,"reorder_pending":0,"reorder_drops":0,"gap_age_ms":0,"sacks_sent":193,"sack_send_errors":0,"last_sack_sent_ms_ago":2388.762077,"wedge_ticks":0,"wedges":0,"longest_wedge_ms":0}},{"rg":49175,"recovery":{"write_seq":71,"retx_held":0,"retx_min_seq":0,"retx_max_seq":0,"retx_sent":3,"retx_skipped_missing":0,"retx_req_sack":0,"retx_req_hol":0,"retx_req_flush":0,"retx_send_errors":0,"send_window_waits":0,"send_window_timeouts":0,"tlp_probes":4,"sacks_recv":40,"last_sack_recv_ms_ago":3324.123923,"last_sack_recv_contig":70,"reorder_next_seq":733,"reorder_pending":0,"reorder_drops":0,"gap_age_ms":0,"sacks_sent":155,"sack_send_errors":0,"last_sack_sent_ms_ago":3323.974938,"wedge_ticks":0,"wedges":0,"longest_wedge_ms":0}},{"rg":49176,"recovery":{"write_seq":36,"retx_held":0,"retx_min_seq":0,"retx_max_seq":0,"retx_sent":2,"retx_skipped_missing":0,"retx_req_sack":0,"retx_req_hol":0,"retx_req_flush":0,"retx_send_errors":0,"send_window_waits":0,"send_window_timeouts":0,"tlp_probes":2,"sacks_recv":26,"last_sack_recv_ms_ago":3861.746571,"last_sack_recv_contig":35,"reorder_next_seq":164,"reorder_pending":0,"reorder_drops":0,"gap_age_ms":0,"sacks_sent":30,"sack_send_errors":0,"last_sack_sent_ms_ago":3861.896754,"wedge_ticks":0,"wedges":0,"longest_wedge_ms":0}},{"rg":49178,"recovery":{"write_seq":29,"retx_held":0,"retx_min_seq":0,"retx_max_seq":0,"retx_sent":3,"retx_skipped_missing":0,"retx_req_sack":0,"retx_req_hol":0,"retx_req_flush":0,"retx_send_errors":0,"send_window_waits":0,"send_window_timeouts":0,"tlp_probes":3,"sacks_recv":22,"last_sack_recv_ms_ago":3843.065395,"last_sack_recv_contig":28,"reorder_next_seq":29,"reorder_pending":0,"reorder_drops":0,"gap_age_ms":0,"sacks_sent":22,"sack_send_errors":0,"last_sack_sent_ms_ago":3839.701784,"wedge_ticks":0,"wedges":0,"longest_wedge_ms":0}},{"rg":49179,"recovery":{"write_seq":28,"retx_held":0,"retx_min_seq":0,"retx_max_seq":0,"retx_sent":1,"retx_skipped_missing":0,"retx_req_sack":0,"retx_req_hol":0,"retx_req_flush":0,"retx_send_errors":0,"send_window_waits":0,"send_window_timeouts":0,"tlp_probes":1,"sacks_recv":21,"last_sack_recv_ms_ago":3588.015042,"last_sack_recv_contig":27,"reorder_next_seq":28,"reorder_pending":0,"reorder_drops":0,"gap_age_ms":0,"sacks_sent":21,"sack_send_errors":0,"last_sack_sent_ms_ago":3588.890873,"wedge_ticks":0,"wedges":0,"longest_wedge_ms":0}},{"rg":49180,"recovery":{"write_seq":17,"retx_held":0,"retx_min_seq":0,"retx_max_seq":0,"retx_sent":2,"retx_skipped_missing":0,"retx_req_sack":0,"retx_req_hol":0,"retx_req_flush":0,"retx_send_errors":0,"send_window_waits":0,"send_window_timeouts":0,"tlp_probes":2,"sacks_recv":13,"last_sack_recv_ms_ago":3610.177778,"last_sack_recv_contig":16,"reorder_next_seq":17,"reorder_pending":0,"reorder_drops":0,"gap_age_ms":0,"sacks_sent":13,"sack_send_errors":0,"last_sack_sent_ms_ago":3607.948809,"wedge_ticks":0,"wedges":0,"longest_wedge_ms":0}},{"rg":49181,"recovery":{"write_seq":80,"retx_held":0,"retx_min_seq":0,"retx_max_seq":0,"retx_sent":0,"retx_skipped_missing":0,"retx_req_sack":0,"retx_req_hol":0,"retx_req_flush":0,"retx_send_errors":0,"send_window_waits":0,"send_window_timeouts":0,"tlp_probes":0,"sacks_recv":23,"last_sack_recv_ms_ago":2065.571504,"last_sack_recv_contig":79,"reorder_next_seq":25,"reorder_pending":0,"reorder_drops":0,"gap_age_ms":0,"sacks_sent":17,"sack_send_errors":0,"last_sack_sent_ms_ago":2065.51415,"wedge_ticks":0,"wedges":0,"longest_wedge_ms":0}}]
7	[{"rg":49174,"recovery":{"write_seq":459,"retx_held":0,"retx_min_seq":0,"retx_max_seq":0,"retx_sent":151,"retx_skipped_missing":0,"retx_req_sack":112,"retx_req_hol":35,"retx_req_flush":0,"retx_send_errors":0,"send_window_waits":11,"send_window_timeouts":1,"tlp_probes":6,"sacks_recv":136,"last_sack_recv_ms_ago":2241.947965,"last_sack_recv_contig":458,"reorder_next_seq":2768,"reorder_pending":0,"reorder_drops":0,"gap_age_ms":0,"sacks_sent":199,"sack_send_errors":0,"last_sack_sent_ms_ago":2250.603667,"wedge_ticks":0,"wedges":0,"longest_wedge_ms":0}},{"rg":49175,"recovery":{"write_seq":79,"retx_held":0,"retx_min_seq":0,"retx_max_seq":0,"retx_sent":3,"retx_skipped_missing":0,"retx_req_sack":0,"retx_req_hol":0,"retx_req_flush":0,"retx_send_errors":0,"send_window_waits":0,"send_window_timeouts":0,"tlp_probes":4,"sacks_recv":45,"last_sack_recv_ms_ago":2532.277289,"last_sack_recv_contig":78,"reorder_next_seq":743,"reorder_pending":0,"reorder_drops":0,"gap_age_ms":0,"sacks_sent":160,"sack_send_errors":0,"last_sack_sent_ms_ago":2541.647342,"wedge_ticks":0,"wedges":0,"longest_wedge_ms":0}},{"rg":49176,"recovery":{"write_seq":40,"retx_held":0,"retx_min_seq":0,"retx_max_seq":0,"retx_sent":2,"retx_skipped_missing":0,"retx_req_sack":0,"retx_req_hol":0,"retx_req_flush":0,"retx_send_errors":0,"send_window_waits":0,"send_window_timeouts":0,"tlp_probes":2,"sacks_recv":29,"last_sack_recv_ms_ago":2710.752726,"last_sack_recv_contig":39,"reorder_next_seq":168,"reorder_pending":0,"reorder_drops":0,"gap_age_ms":0,"sacks_sent":33,"sack_send_errors":0,"last_sack_sent_ms_ago":2710.856431,"wedge_ticks":0,"wedges":0,"longest_wedge_ms":0}},{"rg":49178,"recovery":{"write_seq":32,"retx_held":2,"retx_min_seq":30,"retx_max_seq":31,"retx_sent":5,"retx_skipped_missing":0,"retx_req_sack":0,"retx_req_hol":0,"retx_req_flush":0,"retx_send_errors":0,"send_window_waits":0,"send_window_timeouts":0,"tlp_probes":5,"sacks_recv":23,"last_sack_recv_ms_ago":12690.857417,"last_sack_recv_contig":29,"reorder_next_seq":32,"reorder_pending":0,"reorder_drops":0,"gap_age_ms":0,"sacks_sent":24,"sack_send_errors":0,"last_sack_sent_ms_ago":383.094317,"wedge_ticks":0,"wedges":0,"longest_wedge_ms":0}},{"rg":49179,"recovery":{"write_seq":32,"retx_held":0,"retx_min_seq":0,"retx_max_seq":0,"retx_sent":1,"retx_skipped_missing":0,"retx_req_sack":0,"retx_req_hol":0,"retx_req_flush":0,"retx_send_errors":0,"send_window_waits":0,"send_window_timeouts":0,"tlp_probes":1,"sacks_recv":24,"last_sack_recv_ms_ago":2437.022813,"last_sack_recv_contig":31,"reorder_next_seq":32,"reorder_pending":0,"reorder_drops":0,"gap_age_ms":0,"sacks_sent":24,"sack_send_errors":0,"last_sack_sent_ms_ago":2436.906412,"wedge_ticks":0,"wedges":0,"longest_wedge_ms":0}},{"rg":49180,"recovery":{"write_seq":21,"retx_held":0,"retx_min_seq":0,"retx_max_seq":0,"retx_sent":2,"retx_skipped_missing":0,"retx_req_sack":0,"retx_req_hol":0,"retx_req_flush":0,"retx_send_errors":0,"send_window_waits":0,"send_window_timeouts":0,"tlp_probes":2,"sacks_recv":16,"last_sack_recv_ms_ago":2449.723026,"last_sack_recv_contig":20,"reorder_next_seq":21,"reorder_pending":0,"reorder_drops":0,"gap_age_ms":0,"sacks_sent":16,"sack_send_errors":0,"last_sack_sent_ms_ago":2459.6074,"wedge_ticks":0,"wedges":0,"longest_wedge_ms":0}},{"rg":49181,"recovery":{"write_seq":84,"retx_held":0,"retx_min_seq":0,"retx_max_seq":0,"retx_sent":0,"retx_skipped_missing":0,"retx_req_sack":0,"retx_req_hol":0,"retx_req_flush":0,"retx_send_errors":0,"send_window_waits":0,"send_window_timeouts":0,"tlp_probes":0,"sacks_recv":26,"last_sack_recv_ms_ago":2710.805251,"last_sack_recv_contig":83,"reorder_next_seq":29,"reorder_pending":0,"reorder_drops":0,"gap_age_ms":0,"sacks_sent":20,"sack_send_errors":0,"last_sack_sent_ms_ago":2710.951564,"wedge_ticks":0,"wedges":0,"longest_wedge_ms":0}},{"rg":49184,"recovery":{"write_seq":3,"retx_held":0,"retx_min_seq":0,"retx_max_seq":0,"retx_sent":0,"retx_skipped_missing":0,"retx_req_sack":0,"retx_req_hol":0,"retx_req_flush":0,"retx_send_errors":0,"send_window_waits":0,"send_window_timeouts":0,"tlp_probes":0,"sacks_recv":2,"last_sack_recv_ms_ago":1817.529647,"last_sack_recv_contig":2,"reorder_next_seq":3,"reorder_pending":0,"reorder_drops":0,"gap_age_ms":0,"sacks_sent":2,"sack_send_errors":0,"last_sack_sent_ms_ago":1871.598578,"wedge_ticks":0,"wedges":0,"longest_wedge_ms":0}}]
# blackout-capture 7	goroutines=8	readch_full=0	write_timeout=5	rg_full=none
# exit-on-fail 7	[{"rg":49174,"recovery":{"write_seq":2769,"retx_held":1,"retx_min_seq":2768,"retx_max_seq":2768,"retx_sent":119,"retx_skipped_missing":0,"retx_req_sack":28,"retx_req_hol":88,"retx_req_flush":0,"retx_send_errors":0,"send_window_waits":48,"send_window_timeouts":5,"tlp_probes":3,"sacks_recv":199,"last_sack_recv_ms_ago":2751.940772,"last_sack_recv_contig":2767,"reorder_next_seq":460,"reorder_pending":0,"reorder_drops":0,"gap_age_ms":0,"sacks_sent":138,"sack_send_errors":0,"last_sack_sent_ms_ago":33.344616,"wedge_ticks":0,"wedges":0,"longest_wedge_ms":0},"legs":[{"tp":"7420f415","standby":false,"retransmits":33,"dup_bytes":2696925,"ack_delay_ms":7452.448289,"sent_bytes":24718671,"sent_packets":1746,"recv_bytes":4485745,"recv_packets":230},{"tp":"dc5330cf","standby":false,"retransmits":86,"dup_bytes":3746462,"ack_delay_ms":2792.2296234871233,"sent_bytes":15552124,"sent_packets":1132,"recv_bytes":14597958,"recv_packets":369}]},{"rg":49175,"recovery":{"write_seq":744,"retx_held":1,"retx_min_seq":743,"retx_max_seq":743,"retx_sent":90,"retx_skipped_missing":0,"retx_req_sack":52,"retx_req_hol":48,"retx_req_flush":0,"retx_send_errors":0,"send_window_waits":52,"send_window_timeouts":22,"tlp_probes":0,"sacks_recv":160,"last_sack_recv_ms_ago":4535.951466,"last_sack_recv_contig":742,"reorder_next_seq":80,"reorder_pending":0,"reorder_drops":0,"gap_age_ms":0,"sacks_sent":46,"sack_send_errors":0,"last_sack_sent_ms_ago":23.141172,"wedge_ticks":0,"wedges":0,"longest_wedge_ms":0},"legs":[{"tp":"38288b5a","standby":false,"retransmits":0,"dup_bytes":12,"ack_delay_ms":591.643749,"sent_bytes":3558178,"sent_packets":258,"recv_bytes":394,"recv_packets":9},{"tp":"57c570d9","standby":false,"retransmits":90,"dup_bytes":324,"ack_delay_ms":0,"sent_bytes":8235544,"sent_packets":564,"recv_bytes":3102,"recv_packets":62}]},{"rg":49176,"recovery":{"write_seq":169,"retx_held":1,"retx_min_seq":168,"retx_max_seq":168,"retx_sent":1,"retx_skipped_missing":0,"retx_req_sack":0,"retx_req_hol":0,"retx_req_flush":0,"retx_send_errors":0,"send_window_waits":0,"send_window_timeouts":0,"tlp_probes":1,"sacks_recv":33,"last_sack_recv_ms_ago":4891.459396,"last_sack_recv_contig":167,"reorder_next_seq":41,"reorder_pending":0,"reorder_drops":0,"gap_age_ms":0,"sacks_sent":30,"sack_send_errors":0,"last_sack_sent_ms_ago":31.164762,"wedge_ticks":0,"wedges":0,"longest_wedge_ms":0},"legs":[{"tp":"57c570d9","standby":false,"retransmits":1,"dup_bytes":174,"ack_delay_ms":236.263838,"sent_bytes":1980707,"sent_packets":170,"recv_bytes":1676,"recv_packets":43}]},{"rg":49178,"recovery":{"write_seq":33,"retx_held":1,"retx_min_seq":32,"retx_max_seq":32,"retx_sent":5,"retx_skipped_missing":0,"retx_req_sack":0,"retx_req_hol":0,"retx_req_flush":0,"retx_send_errors":0,"send_window_waits":0,"send_window_timeouts":0,"tlp_probes":5,"sacks_recv":24,"last_sack_recv_ms_ago":2551.107878,"last_sack_recv_contig":31,"reorder_next_seq":33,"reorder_pending":0,"reorder_drops":0,"gap_age_ms":0,"sacks_sent":25,"sack_send_errors":0,"last_sack_sent_ms_ago":23.136722,"wedge_ticks":0,"wedges":0,"longest_wedge_ms":0},"legs":[{"tp":"7420f415","standby":false,"retransmits":5,"dup_bytes":60,"ack_delay_ms":250.592847,"sent_bytes":1216,"sent_packets":38,"recv_bytes":1216,"recv_packets":38}]},{"rg":49179,"recovery":{"write_seq":32,"retx_held":0,"retx_min_seq":0,"retx_max_seq":0,"retx_sent":2,"retx_skipped_missing":0,"retx_req_sack":0,"retx_req_hol":0,"retx_req_flush":0,"retx_send_errors":0,"send_window_waits":0,"send_window_timeouts":0,"tlp_probes":2,"sacks_recv":24,"last_sack_recv_ms_ago":4460.560734,"last_sack_recv_contig":31,"reorder_next_seq":32,"reorder_pending":0,"reorder_drops":0,"gap_age_ms":0,"sacks_sent":24,"sack_send_errors":0,"last_sack_sent_ms_ago":4877.973454,"wedge_ticks":0,"wedges":0,"longest_wedge_ms":0},"legs":[{"tp":"d0b47ec2","standby":false,"retransmits":2,"dup_bytes":12,"ack_delay_ms":518.182348,"sent_bytes":1088,"sent_packets":34,"recv_bytes":1056,"recv_packets":33}]},{"rg":49180,"recovery":{"write_seq":21,"retx_held":0,"retx_min_seq":0,"retx_max_seq":0,"retx_sent":1,"retx_skipped_missing":0,"retx_req_sack":0,"retx_req_hol":0,"retx_req_flush":0,"retx_send_errors":0,"send_window_waits":0,"send_window_timeouts":0,"tlp_probes":1,"sacks_recv":16,"last_sack_recv_ms_ago":4513.088105,"last_sack_recv_contig":20,"reorder_next_seq":21,"reorder_pending":0,"reorder_drops":0,"gap_age_ms":0,"sacks_sent":16,"sack_send_errors":0,"last_sack_sent_ms_ago":4899.608576,"wedge_ticks":0,"wedges":0,"longest_wedge_ms":0},"legs":[{"tp":"3de424e0","standby":false,"retransmits":1,"dup_bytes":24,"ack_delay_ms":511.366821953125,"sent_bytes":704,"sent_packets":22,"recv_bytes":736,"recv_packets":23}]},{"rg":49181,"recovery":{"write_seq":30,"retx_held":1,"retx_min_seq":29,"retx_max_seq":29,"retx_sent":2,"retx_skipped_missing":0,"retx_req_sack":0,"retx_req_hol":0,"retx_req_flush":0,"retx_send_errors":0,"send_window_waits":0,"send_window_timeouts":0,"tlp_probes":2,"sacks_recv":20,"last_sack_recv_ms_ago":4893.59275,"last_sack_recv_contig":28,"reorder_next_seq":85,"reorder_pending":0,"reorder_drops":0,"gap_age_ms":0,"sacks_sent":27,"sack_send_errors":0,"last_sack_sent_ms_ago":26.317172,"wedge_ticks":0,"wedges":0,"longest_wedge_ms":0},"legs":[{"tp":"b414796d","standby":false,"retransmits":2,"dup_bytes":0,"ack_delay_ms":236.52825,"sent_bytes":1405,"sent_packets":32,"recv_bytes":2502413,"recv_packets":85}]},{"rg":49184,"recovery":{"write_seq":3,"retx_held":0,"retx_min_seq":0,"retx_max_seq":0,"retx_sent":1,"retx_skipped_missing":0,"retx_req_sack":0,"retx_req_hol":0,"retx_req_flush":0,"retx_send_errors":0,"send_window_waits":0,"send_window_timeouts":0,"tlp_probes":1,"sacks_recv":2,"last_sack_recv_ms_ago":3506.079235,"last_sack_recv_contig":2,"reorder_next_seq":3,"reorder_pending":0,"reorder_drops":0,"gap_age_ms":0,"sacks_sent":2,"sack_send_errors":0,"last_sack_sent_ms_ago":4561.691954,"wedge_ticks":0,"wedges":0,"longest_wedge_ms":0},"legs":[{"tp":"49817e29","standby":false,"retransmits":1,"dup_bytes":0,"ack_delay_ms":2563.418802875,"sent_bytes":128,"sent_packets":4,"recv_bytes":96,"recv_packets":3}]}]
8	[{"rg":49174,"recovery":{"write_seq":525,"retx_held":0,"retx_min_seq":0,"retx_max_seq":0,"retx_sent":151,"retx_skipped_missing":0,"retx_req_sack":112,"retx_req_hol":35,"retx_req_flush":0,"retx_send_errors":0,"send_window_waits":17,"send_window_timeouts":1,"tlp_probes":6,"sacks_recv":157,"last_sack_recv_ms_ago":2454.738464,"last_sack_recv_contig":524,"reorder_next_seq":2779,"reorder_pending":0,"reorder_drops":0,"gap_age_ms":0,"sacks_sent":205,"sack_send_errors":0,"last_sack_sent_ms_ago":2462.549175,"wedge_ticks":0,"wedges":0,"longest_wedge_ms":0}},{"rg":49175,"recovery":{"write_seq":275,"retx_held":0,"retx_min_seq":0,"retx_max_seq":0,"retx_sent":3,"retx_skipped_missing":0,"retx_req_sack":0,"retx_req_hol":0,"retx_req_flush":0,"retx_send_errors":0,"send_window_waits":0,"send_window_timeouts":0,"tlp_probes":4,"sacks_recv":60,"last_sack_recv_ms_ago":1972.067333,"last_sack_recv_contig":274,"reorder_next_seq":776,"reorder_pending":0,"reorder_drops":0,"gap_age_ms":0,"sacks_sent":175,"sack_send_errors":0,"last_sack_sent_ms_ago":2137.454113,"wedge_ticks":0,"wedges":0,"longest_wedge_ms":0}},{"rg":49176,"recovery":{"write_seq":43,"retx_held":0,"retx_min_seq":0,"retx_max_seq":0,"retx_sent":4,"retx_skipped_missing":0,"retx_req_sack":0,"retx_req_hol":0,"retx_req_flush":0,"retx_send_errors":0,"send_window_waits":0,"send_window_timeouts":0,"tlp_probes":4,"sacks_recv":31,"last_sack_recv_ms_ago":2727.360946,"last_sack_recv_contig":42,"reorder_next_seq":171,"reorder_pending":0,"reorder_drops":0,"gap_age_ms":0,"sacks_sent":35,"sack_send_errors":0,"last_sack_sent_ms_ago":2861.803176,"wedge_ticks":0,"wedges":0,"longest_wedge_ms":0}},{"rg":49178,"recovery":{"write_seq":35,"retx_held":0,"retx_min_seq":0,"retx_max_seq":0,"retx_sent":5,"retx_skipped_missing":0,"retx_req_sack":0,"retx_req_hol":0,"retx_req_flush":0,"retx_send_errors":0,"send_window_waits":0,"send_window_timeouts":0,"tlp_probes":5,"sacks_recv":26,"last_sack_recv_ms_ago":2608.080977,"last_sack_recv_contig":34,"reorder_next_seq":35,"reorder_pending":0,"reorder_drops":0,"gap_age_ms":0,"sacks_sent":26,"sack_send_errors":0,"last_sack_sent_ms_ago":2606.877419,"wedge_ticks":0,"wedges":0,"longest_wedge_ms":0}},{"rg":49179,"recovery":{"write_seq":35,"retx_held":0,"retx_min_seq":0,"retx_max_seq":0,"retx_sent":1,"retx_skipped_missing":0,"retx_req_sack":0,"retx_req_hol":0,"retx_req_flush":0,"retx_send_errors":0,"send_window_waits":0,"send_window_timeouts":0,"tlp_probes":1,"sacks_recv":26,"last_sack_recv_ms_ago":3105.916206,"last_sack_recv_contig":34,"reorder_next_seq":35,"reorder_pending":0,"reorder_drops":0,"gap_age_ms":0,"sacks_sent":26,"sack_send_errors":0,"last_sack_sent_ms_ago":3106.105785,"wedge_ticks":0,"wedges":0,"longest_wedge_ms":0}},{"rg":49180,"recovery":{"write_seq":24,"retx_held":0,"retx_min_seq":0,"retx_max_seq":0,"retx_sent":2,"retx_skipped_missing":0,"retx_req_sack":0,"retx_req_hol":0,"retx_req_flush":0,"retx_send_errors":0,"send_window_waits":0,"send_window_timeouts":0,"tlp_probes":2,"sacks_recv":18,"last_sack_recv_ms_ago":3122.882185,"last_sack_recv_contig":23,"reorder_next_seq":24,"reorder_pending":0,"reorder_drops":0,"gap_age_ms":0,"sacks_sent":18,"sack_send_errors":0,"last_sack_sent_ms_ago":3109.307654,"wedge_ticks":0,"wedges":0,"longest_wedge_ms":0}},{"rg":49181,"recovery":{"write_seq":87,"retx_held":0,"retx_min_seq":0,"retx_max_seq":0,"retx_sent":0,"retx_skipped_missing":0,"retx_req_sack":0,"retx_req_hol":0,"retx_req_flush":0,"retx_send_errors":0,"send_window_waits":0,"send_window_timeouts":0,"tlp_probes":0,"sacks_recv":28,"last_sack_recv_ms_ago":3378.47878,"last_sack_recv_contig":86,"reorder_next_seq":32,"reorder_pending":0,"reorder_drops":0,"gap_age_ms":0,"sacks_sent":22,"sack_send_errors":0,"last_sack_sent_ms_ago":3378.404042,"wedge_ticks":0,"wedges":0,"longest_wedge_ms":0}},{"rg":49184,"recovery":{"write_seq":6,"retx_held":0,"retx_min_seq":0,"retx_max_seq":0,"retx_sent":2,"retx_skipped_missing":0,"retx_req_sack":0,"retx_req_hol":0,"retx_req_flush":0,"retx_send_errors":0,"send_window_waits":0,"send_window_timeouts":0,"tlp_probes":2,"sacks_recv":4,"last_sack_recv_ms_ago":2266.726435,"last_sack_recv_contig":5,"reorder_next_seq":6,"reorder_pending":0,"reorder_drops":0,"gap_age_ms":0,"sacks_sent":4,"sack_send_errors":0,"last_sack_sent_ms_ago":2165.633781,"wedge_ticks":0,"wedges":0,"longest_wedge_ms":0}}]
9	[{"rg":49174,"recovery":{"write_seq":574,"retx_held":0,"retx_min_seq":0,"retx_max_seq":0,"retx_sent":151,"retx_skipped_missing":0,"retx_req_sack":112,"retx_req_hol":35,"retx_req_flush":0,"retx_send_errors":0,"send_window_waits":17,"send_window_timeouts":1,"tlp_probes":6,"sacks_recv":174,"last_sack_recv_ms_ago":1735.196889,"last_sack_recv_contig":573,"reorder_next_seq":5750,"reorder_pending":0,"reorder_drops":0,"gap_age_ms":0,"sacks_sent":282,"sack_send_errors":0,"last_sack_sent_ms_ago":1743.990679,"wedge_ticks":0,"wedges":0,"longest_wedge_ms":0}},{"rg":49175,"recovery":{"write_seq":290,"retx_held":0,"retx_min_seq":0,"retx_max_seq":0,"retx_sent":4,"retx_skipped_missing":0,"retx_req_sack":0,"retx_req_hol":0,"retx_req_flush":0,"retx_send_errors":0,"send_window_waits":0,"send_window_timeouts":0,"tlp_probes":5,"sacks_recv":75,"last_sack_recv_ms_ago":1584.83808,"last_sack_recv_contig":289,"reorder_next_seq":1179,"reorder_pending":0,"reorder_drops":0,"gap_age_ms":0,"sacks_sent":223,"sack_send_errors":0,"last_sack_sent_ms_ago":1751.349118,"wedge_ticks":0,"wedges":0,"longest_wedge_ms":0}},{"rg":49176,"recovery":{"write_seq":48,"retx_held":0,"retx_min_seq":0,"retx_max_seq":0,"retx_sent":4,"retx_skipped_missing":0,"retx_req_sack":0,"retx_req_hol":0,"retx_req_flush":0,"retx_send_errors":0,"send_window_waits":0,"send_window_timeouts":0,"tlp_probes":4,"sacks_recv":36,"last_sack_recv_ms_ago":1752.072584,"last_sack_recv_contig":47,"reorder_next_seq":176,"reorder_pending":0,"reorder_drops":0,"gap_age_ms":0,"sacks_sent":40,"sack_send_errors":0,"last_sack_sent_ms_ago":1756.256294,"wedge_ticks":0,"wedges":0,"longest_wedge_ms":0}},{"rg":49178,"recovery":{"write_seq":40,"retx_held":0,"retx_min_seq":0,"retx_max_seq":0,"retx_sent":5,"retx_skipped_missing":0,"retx_req_sack":0,"retx_req_hol":0,"retx_req_flush":0,"retx_send_errors":0,"send_window_waits":0,"send_window_timeouts":0,"tlp_probes":5,"sacks_recv":31,"last_sack_recv_ms_ago":1735.253592,"last_sack_recv_contig":39,"reorder_next_seq":40,"reorder_pending":0,"reorder_drops":0,"gap_age_ms":0,"sacks_sent":31,"sack_send_errors":0,"last_sack_sent_ms_ago":1734.002209,"wedge_ticks":0,"wedges":0,"longest_wedge_ms":0}},{"rg":49179,"recovery":{"write_seq":40,"retx_held":0,"retx_min_seq":0,"retx_max_seq":0,"retx_sent":1,"retx_skipped_missing":0,"retx_req_sack":0,"retx_req_hol":0,"retx_req_flush":0,"retx_send_errors":0,"send_window_waits":0,"send_window_timeouts":0,"tlp_probes":1,"sacks_recv":30,"last_sack_recv_ms_ago":1474.764249,"last_sack_recv_contig":39,"reorder_next_seq":40,"reorder_pending":0,"reorder_drops":0,"gap_age_ms":0,"sacks_sent":30,"sack_send_errors":0,"last_sack_sent_ms_ago":1476.140331,"wedge_ticks":0,"wedges":0,"longest_wedge_ms":0}},{"rg":49180,"recovery":{"write_seq":29,"retx_held":0,"retx_min_seq":0,"retx_max_seq":0,"retx_sent":2,"retx_skipped_missing":0,"retx_req_sack":0,"retx_req_hol":0,"retx_req_flush":0,"retx_send_errors":0,"send_window_waits":0,"send_window_timeouts":0,"tlp_probes":2,"sacks_recv":22,"last_sack_recv_ms_ago":1491.900958,"last_sack_recv_contig":28,"reorder_next_seq":29,"reorder_pending":0,"reorder_drops":0,"gap_age_ms":0,"sacks_sent":22,"sack_send_errors":0,"last_sack_sent_ms_ago":1491.877132,"wedge_ticks":0,"wedges":0,"longest_wedge_ms":0}},{"rg":49181,"recovery":{"write_seq":92,"retx_held":0,"retx_min_seq":0,"retx_max_seq":0,"retx_sent":0,"retx_skipped_missing":0,"retx_req_sack":0,"retx_req_hol":0,"retx_req_flush":0,"retx_send_errors":0,"send_window_waits":0,"send_window_timeouts":0,"tlp_probes":0,"sacks_recv":32,"last_sack_recv_ms_ago":1752.113063,"last_sack_recv_contig":91,"reorder_next_seq":37,"reorder_pending":0,"reorder_drops":0,"gap_age_ms":0,"sacks_sent":26,"sack_send_errors":0,"last_sack_sent_ms_ago":1756.893713,"wedge_ticks":0,"wedges":0,"longest_wedge_ms":0}},{"rg":49184,"recovery":{"write_seq":10,"retx_held":0,"retx_min_seq":0,"retx_max_seq":0,"retx_sent":5,"retx_skipped_missing":0,"retx_req_sack":0,"retx_req_hol":0,"retx_req_flush":0,"retx_send_errors":0,"send_window_waits":0,"send_window_timeouts":0,"tlp_probes":5,"sacks_recv":7,"last_sack_recv_ms_ago":942.748721,"last_sack_recv_contig":9,"reorder_next_seq":10,"reorder_pending":0,"reorder_drops":0,"gap_age_ms":0,"sacks_sent":7,"sack_send_errors":0,"last_sack_sent_ms_ago":842.284541,"wedge_ticks":0,"wedges":0,"longest_wedge_ms":0}}]
10	[{"rg":49174,"recovery":{"write_seq":619,"retx_held":0,"retx_min_seq":0,"retx_max_seq":0,"retx_sent":151,"retx_skipped_missing":0,"retx_req_sack":112,"retx_req_hol":35,"retx_req_flush":0,"retx_send_errors":0,"send_window_waits":17,"send_window_timeouts":1,"tlp_probes":6,"sacks_recv":186,"last_sack_recv_ms_ago":559.128624,"last_sack_recv_contig":618,"reorder_next_seq":8443,"reorder_pending":0,"reorder_drops":0,"gap_age_ms":0,"sacks_sent":408,"sack_send_errors":0,"last_sack_sent_ms_ago":559.079577,"wedge_ticks":0,"wedges":0,"longest_wedge_ms":0}},{"rg":49175,"recovery":{"write_seq":305,"retx_held":0,"retx_min_seq":0,"retx_max_seq":0,"retx_sent":6,"retx_skipped_missing":0,"retx_req_sack":0,"retx_req_hol":0,"retx_req_flush":0,"retx_send_errors":0,"send_window_waits":0,"send_window_timeouts":0,"tlp_probes":7,"sacks_recv":84,"last_sack_recv_ms_ago":407.042566,"last_sack_recv_contig":304,"reorder_next_seq":1576,"reorder_pending":0,"reorder_drops":0,"gap_age_ms":0,"sacks_sent":266,"sack_send_errors":0,"last_sack_sent_ms_ago":405.935003,"wedge_ticks":0,"wedges":0,"longest_wedge_ms":0}},{"rg":49176,"recovery":{"write_seq":57,"retx_held":0,"retx_min_seq":0,"retx_max_seq":0,"retx_sent":6,"retx_skipped_missing":0,"retx_req_sack":0,"retx_req_hol":0,"retx_req_flush":0,"retx_send_errors":0,"send_window_waits":0,"send_window_timeouts":0,"tlp_probes":6,"sacks_recv":42,"last_sack_recv_ms_ago":573.389249,"last_sack_recv_contig":56,"reorder_next_seq":435,"reorder_pending":0,"reorder_drops":0,"gap_age_ms":0,"sacks_sent":54,"sack_send_errors":0,"last_sack_sent_ms_ago":573.290651,"wedge_ticks":0,"wedges":0,"longest_wedge_ms":0}},{"rg":49178,"recovery":{"write_seq":45,"retx_held":0,"retx_min_seq":0,"retx_max_seq":0,"retx_sent":7,"retx_skipped_missing":0,"retx_req_sack":0,"retx_req_hol":0,"retx_req_flush":0,"retx_send_errors":0,"send_window_waits":0,"send_window_timeouts":0,"tlp_probes":7,"sacks_recv":35,"last_sack_recv_ms_ago":559.199319,"last_sack_recv_contig":44,"reorder_next_seq":45,"reorder_pending":0,"reorder_drops":0,"gap_age_ms":0,"sacks_sent":35,"sack_send_errors":0,"last_sack_sent_ms_ago":559.130735,"wedge_ticks":0,"wedges":0,"longest_wedge_ms":0}},{"rg":49179,"recovery":{"write_seq":45,"retx_held":0,"retx_min_seq":0,"retx_max_seq":0,"retx_sent":1,"retx_skipped_missing":0,"retx_req_sack":0,"retx_req_hol":0,"retx_req_flush":0,"retx_send_errors":0,"send_window_waits":0,"send_window_timeouts":0,"tlp_probes":1,"sacks_recv":35,"last_sack_recv_ms_ago":294.713013,"last_sack_recv_contig":44,"reorder_next_seq":45,"reorder_pending":0,"reorder_drops":0,"gap_age_ms":0,"sacks_sent":35,"sack_send_errors":0,"last_sack_sent_ms_ago":294.727007,"wedge_ticks":0,"wedges":0,"longest_wedge_ms":0}},{"rg":49180,"recovery":{"write_seq":34,"retx_held":0,"retx_min_seq":0,"retx_max_seq":0,"retx_sent":2,"retx_skipped_missing":0,"retx_req_sack":0,"retx_req_hol":0,"retx_req_flush":0,"retx_send_errors":0,"send_window_waits":0,"send_window_timeouts":0,"tlp_probes":2,"sacks_recv":26,"last_sack_recv_ms_ago":316.519518,"last_sack_recv_contig":33,"reorder_next_seq":34,"reorder_pending":0,"reorder_drops":0,"gap_age_ms":0,"sacks_sent":26,"sack_send_errors":0,"last_sack_sent_ms_ago":316.241351,"wedge_ticks":0,"wedges":0,"longest_wedge_ms":0}},{"rg":49181,"recovery":{"write_seq":97,"retx_held":0,"retx_min_seq":0,"retx_max_seq":0,"retx_sent":0,"retx_skipped_missing":0,"retx_req_sack":0,"retx_req_hol":0,"retx_req_flush":0,"retx_send_errors":0,"send_window_waits":0,"send_window_timeouts":0,"tlp_probes":0,"sacks_recv":36,"last_sack_recv_ms_ago":567.376073,"last_sack_recv_contig":96,"reorder_next_seq":42,"reorder_pending":0,"reorder_drops":0,"gap_age_ms":0,"sacks_sent":30,"sack_send_errors":0,"last_sack_sent_ms_ago":566.235489,"wedge_ticks":0,"wedges":0,"longest_wedge_ms":0}},{"rg":49184,"recovery":{"write_seq":13,"retx_held":1,"retx_min_seq":12,"retx_max_seq":12,"retx_sent":7,"retx_skipped_missing":0,"retx_req_sack":0,"retx_req_hol":0,"retx_req_flush":0,"retx_send_errors":0,"send_window_waits":0,"send_window_timeouts":0,"tlp_probes":7,"sacks_recv":8,"last_sack_recv_ms_ago":3589.857725,"last_sack_recv_contig":11,"reorder_next_seq":12,"reorder_pending":0,"reorder_drops":0,"gap_age_ms":0,"sacks_sent":8,"sack_send_errors":0,"last_sack_sent_ms_ago":3489.737717,"wedge_ticks":0,"wedges":0,"longest_wedge_ms":0}}]
11	[{"rg":49174,"recovery":{"write_seq":665,"retx_held":0,"retx_min_seq":0,"retx_max_seq":0,"retx_sent":152,"retx_skipped_missing":0,"retx_req_sack":112,"retx_req_hol":35,"retx_req_flush":0,"retx_send_errors":0,"send_window_waits":17,"send_window_timeouts":1,"tlp_probes":7,"sacks_recv":199,"last_sack_recv_ms_ago":1842.75697,"last_sack_recv_contig":664,"reorder_next_seq":11061,"reorder_pending":0,"reorder_drops":0,"gap_age_ms":0,"sacks_sent":516,"sack_send_errors":0,"last_sack_sent_ms_ago":1840.410259,"wedge_ticks":0,"wedges":0,"longest_wedge_ms":0}},{"rg":49175,"recovery":{"write_seq":321,"retx_held":0,"retx_min_seq":0,"retx_max_seq":0,"retx_sent":7,"retx_skipped_missing":0,"retx_req_sack":0,"retx_req_hol":0,"retx_req_flush":0,"retx_send_errors":0,"send_window_waits":0,"send_window_timeouts":0,"tlp_probes":8,"sacks_recv":93,"last_sack_recv_ms_ago":1676.821741,"last_sack_recv_contig":320,"reorder_next_seq":1978,"reorder_pending":0,"reorder_drops":0,"gap_age_ms":0,"sacks_sent":328,"sack_send_errors":0,"last_sack_sent_ms_ago":1856.951335,"wedge_ticks":0,"wedges":0,"longest_wedge_ms":0}},{"rg":49176,"recovery":{"write_seq":63,"retx_held":0,"retx_min_seq":0,"retx_max_seq":0,"retx_sent":6,"retx_skipped_missing":0,"retx_req_sack":0,"retx_req_hol":0,"retx_req_flush":0,"retx_send_errors":0,"send_window_waits":0,"send_window_timeouts":0,"tlp_probes":6,"sacks_recv":46,"last_sack_recv_ms_ago":1856.934971,"last_sack_recv_contig":62,"reorder_next_seq":441,"reorder_pending":0,"reorder_drops":0,"gap_age_ms":0,"sacks_sent":58,"sack_send_errors":0,"last_sack_sent_ms_ago":1857.061637,"wedge_ticks":0,"wedges":0,"longest_wedge_ms":0}},{"rg":49178,"recovery":{"write_seq":51,"retx_held":0,"retx_min_seq":0,"retx_max_seq":0,"retx_sent":9,"retx_skipped_missing":0,"retx_req_sack":0,"retx_req_hol":0,"retx_req_flush":0,"retx_send_errors":0,"send_window_waits":0,"send_window_timeouts":0,"tlp_probes":9,"sacks_recv":39,"last_sack_recv_ms_ago":1842.787073,"last_sack_recv_contig":50,"reorder_next_seq":51,"reorder_pending":0,"reorder_drops":0,"gap_age_ms":0,"sacks_sent":39,"sack_send_errors":0,"last_sack_sent_ms_ago":1840.409652,"wedge_ticks":0,"wedges":0,"longest_wedge_ms":0}},{"rg":49179,"recovery":{"write_seq":51,"retx_held":0,"retx_min_seq":0,"retx_max_seq":0,"retx_sent":1,"retx_skipped_missing":0,"retx_req_sack":0,"retx_req_hol":0,"retx_req_flush":0,"retx_send_errors":0,"send_window_waits":0,"send_window_timeouts":0,"tlp_probes":1,"sacks_recv":39,"last_sack_recv_ms_ago":1568.559932,"last_sack_recv_contig":50,"reorder_next_seq":51,"reorder_pending":0,"reorder_drops":0,"gap_age_ms":0,"sacks_sent":39,"sack_send_errors":0,"last_sack_sent_ms_ago":1576.79107,"wedge_ticks":0,"wedges":0,"longest_wedge_ms":0}},{"rg":49180,"recovery":{"write_seq":40,"retx_held":0,"retx_min_seq":0,"retx_max_seq":0,"retx_sent":2,"retx_skipped_missing":0,"retx_req_sack":0,"retx_req_hol":0,"retx_req_flush":0,"retx_send_errors":0,"send_window_waits":0,"send_window_timeouts":0,"tlp_probes":2,"sacks_recv":30,"last_sack_recv_ms_ago":1594.253073,"last_sack_recv_contig":39,"reorder_next_seq":40,"reorder_pending":0,"reorder_drops":0,"gap_age_ms":0,"sacks_sent":30,"sack_send_errors":0,"last_sack_sent_ms_ago":1594.191947,"wedge_ticks":0,"wedges":0,"longest_wedge_ms":0}},{"rg":49181,"recovery":{"write_seq":107,"retx_held":0,"retx_min_seq":0,"retx_max_seq":0,"retx_sent":2,"retx_skipped_missing":0,"retx_req_sack":0,"retx_req_hol":0,"retx_req_flush":0,"retx_send_errors":0,"send_window_waits":0,"send_window_timeouts":0,"tlp_probes":2,"sacks_recv":42,"last_sack_recv_ms_ago":1855.617532,"last_sack_recv_contig":106,"reorder_next_seq":302,"reorder_pending":0,"reorder_drops":0,"gap_age_ms":0,"sacks_sent":46,"sack_send_errors":0,"last_sack_sent_ms_ago":1857.116339,"wedge_ticks":0,"wedges":0,"longest_wedge_ms":0}},{"rg":49184,"recovery":{"write_seq":19,"retx_held":2,"retx_min_seq":17,"retx_max_seq":18,"retx_sent":8,"retx_skipped_missing":0,"retx_req_sack":0,"retx_req_hol":0,"retx_req_flush":0,"retx_send_errors":0,"send_window_waits":0,"send_window_timeouts":0,"tlp_probes":8,"sacks_recv":12,"last_sack_recv_ms_ago":5430.647213,"last_sack_recv_contig":16,"reorder_next_seq":17,"reorder_pending":0,"reorder_drops":0,"gap_age_ms":0,"sacks_sent":12,"sack_send_errors":0,"last_sack_sent_ms_ago":5506.246902,"wedge_ticks":0,"wedges":0,"longest_wedge_ms":0}}]
12	[{"rg":49174,"recovery":{"write_seq":714,"retx_held":0,"retx_min_seq":0,"retx_max_seq":0,"retx_sent":152,"retx_skipped_missing":0,"retx_req_sack":112,"retx_req_hol":35,"retx_req_flush":0,"retx_send_errors":0,"send_window_waits":17,"send_window_timeouts":1,"tlp_probes":7,"sacks_recv":209,"last_sack_recv_ms_ago":2589.146965,"last_sack_recv_contig":713,"reorder_next_seq":14328,"reorder_pending":0,"reorder_drops":0,"gap_age_ms":0,"sacks_sent":644,"sack_send_errors":0,"last_sack_sent_ms_ago":2630.956699,"wedge_ticks":0,"wedges":0,"longest_wedge_ms":0}},{"rg":49175,"recovery":{"write_seq":337,"retx_held":0,"retx_min_seq":0,"retx_max_seq":0,"retx_sent":8,"retx_skipped_missing":0,"retx_req_sack":0,"retx_req_hol":0,"retx_req_flush":0,"retx_send_errors":0,"send_window_waits":0,"send_window_timeouts":0,"tlp_probes":9,"sacks_recv":103,"last_sack_recv_ms_ago":2030.718436,"last_sack_recv_contig":336,"reorder_next_seq":2376,"reorder_pending":0,"reorder_drops":0,"gap_age_ms":0,"sacks_sent":392,"sack_send_errors":0,"last_sack_sent_ms_ago":2197.655872,"wedge_ticks":0,"wedges":0,"longest_wedge_ms":0}},{"rg":49176,"recovery":{"write_seq":69,"retx_held":0,"retx_min_seq":0,"retx_max_seq":0,"retx_sent":7,"retx_skipped_missing":0,"retx_req_sack":0,"retx_req_hol":0,"retx_req_flush":0,"retx_send_errors":0,"send_window_waits":0,"send_window_timeouts":0,"tlp_probes":7,"sacks_recv":51,"last_sack_recv_ms_ago":3542.430569,"last_sack_recv_contig":68,"reorder_next_seq":447,"reorder_pending":0,"reorder_drops":0,"gap_age_ms":0,"sacks_sent":63,"sack_send_errors":0,"last_sack_sent_ms_ago":3442.240189,"wedge_ticks":0,"wedges":0,"longest_wedge_ms":0}},{"rg":49178,"recovery":{"write_seq":57,"retx_held":0,"retx_min_seq":0,"retx_max_seq":0,"retx_sent":11,"retx_skipped_missing":0,"retx_req_sack":0,"retx_req_hol":0,"retx_req_flush":0,"retx_send_errors":0,"send_window_waits":0,"send_window_timeouts":0,"tlp_probes":11,"sacks_recv":44,"last_sack_recv_ms_ago":3176.468395,"last_sack_recv_contig":56,"reorder_next_seq":57,"reorder_pending":0,"reorder_drops":0,"gap_age_ms":0,"sacks_sent":44,"sack_send_errors":0,"last_sack_sent_ms_ago":3076.132186,"wedge_ticks":0,"wedges":0,"longest_wedge_ms":0}},{"rg":49179,"recovery":{"write_seq":57,"retx_held":0,"retx_min_seq":0,"retx_max_seq":0,"retx_sent":1,"retx_skipped_missing":0,"retx_req_sack":0,"retx_req_hol":0,"retx_req_flush":0,"retx_send_errors":0,"send_window_waits":0,"send_window_timeouts":0,"tlp_probes":1,"sacks_recv":44,"last_sack_recv_ms_ago":3539.412147,"last_sack_recv_contig":56,"reorder_next_seq":57,"reorder_pending":0,"reorder_drops":0,"gap_age_ms":0,"sacks_sent":44,"sack_send_errors":0,"last_sack_sent_ms_ago":3496.058171,"wedge_ticks":0,"wedges":0,"longest_wedge_ms":0}},{"rg":49180,"recovery":{"write_seq":46,"retx_held":0,"retx_min_seq":0,"retx_max_seq":0,"retx_sent":2,"retx_skipped_missing":0,"retx_req_sack":0,"retx_req_hol":0,"retx_req_flush":0,"retx_send_errors":0,"send_window_waits":0,"send_window_timeouts":0,"tlp_probes":2,"sacks_recv":36,"last_sack_recv_ms_ago":3545.649239,"last_sack_recv_contig":45,"reorder_next_seq":46,"reorder_pending":0,"reorder_drops":0,"gap_age_ms":0,"sacks_sent":36,"sack_send_errors":0,"last_sack_sent_ms_ago":3515.129207,"wedge_ticks":0,"wedges":0,"longest_wedge_ms":0}},{"rg":49181,"recovery":{"write_seq":113,"retx_held":0,"retx_min_seq":0,"retx_max_seq":0,"retx_sent":2,"retx_skipped_missing":0,"retx_req_sack":0,"retx_req_hol":0,"retx_req_flush":0,"retx_send_errors":0,"send_window_waits":0,"send_window_timeouts":0,"tlp_probes":2,"sacks_recv":48,"last_sack_recv_ms_ago":3856.479204,"last_sack_recv_contig":112,"reorder_next_seq":308,"reorder_pending":0,"reorder_drops":0,"gap_age_ms":0,"sacks_sent":52,"sack_send_errors":0,"last_sack_sent_ms_ago":3791.219564,"wedge_ticks":0,"wedges":0,"longest_wedge_ms":0}},{"rg":49184,"recovery":{"write_seq":23,"retx_held":1,"retx_min_seq":22,"retx_max_seq":22,"retx_sent":13,"retx_skipped_missing":0,"retx_req_sack":0,"retx_req_hol":0,"retx_req_flush":0,"retx_send_errors":0,"send_window_waits":0,"send_window_timeouts":0,"tlp_probes":13,"sacks_recv":16,"last_sack_recv_ms_ago":10556.560096,"last_sack_recv_contig":21,"reorder_next_seq":22,"reorder_pending":0,"reorder_drops":0,"gap_age_ms":0,"sacks_sent":16,"sack_send_errors":0,"last_sack_sent_ms_ago":13202.884301,"wedge_ticks":0,"wedges":0,"longest_wedge_ms":0}}]
13	[{"rg":49174,"recovery":{"write_seq":752,"retx_held":0,"retx_min_seq":0,"retx_max_seq":0,"retx_sent":153,"retx_skipped_missing":0,"retx_req_sack":112,"retx_req_hol":35,"retx_req_flush":0,"retx_send_errors":0,"send_window_waits":17,"send_window_timeouts":1,"tlp_probes":8,"sacks_recv":220,"last_sack_recv_ms_ago":3069.148159,"last_sack_recv_contig":751,"reorder_next_seq":16632,"reorder_pending":0,"reorder_drops":0,"gap_age_ms":0,"sacks_sent":740,"sack_send_errors":0,"last_sack_sent_ms_ago":3067.47271,"wedge_ticks":0,"wedges":0,"longest_wedge_ms":0}},{"rg":49175,"recovery":{"write_seq":361,"retx_held":0,"retx_min_seq":0,"retx_max_seq":0,"retx_sent":8,"retx_skipped_missing":0,"retx_req_sack":0,"retx_req_hol":0,"retx_req_flush":0,"retx_send_errors":0,"send_window_waits":0,"send_window_timeouts":0,"tlp_probes":9,"sacks_recv":113,"last_sack_recv_ms_ago":2153.874235,"last_sack_recv_contig":360,"reorder_next_seq":3290,"reorder_pending":0,"reorder_drops":0,"gap_age_ms":0,"sacks_sent":471,"sack_send_errors":0,"last_sack_sent_ms_ago":2155.852385,"wedge_ticks":0,"wedges":0,"longest_wedge_ms":0}},{"rg":49176,"recovery":{"write_seq":79,"retx_held":0,"retx_min_seq":0,"retx_max_seq":0,"retx_sent":8,"retx_skipped_missing":0,"retx_req_sack":0,"retx_req_hol":0,"retx_req_flush":0,"retx_send_errors":0,"send_window_waits":0,"send_window_timeouts":0,"tlp_probes":8,"sacks_recv":57,"last_sack_recv_ms_ago":4282.404947,"last_sack_recv_contig":78,"reorder_next_seq":709,"reorder_pending":0,"reorder_drops":0,"gap_age_ms":0,"sacks_sent":77,"sack_send_errors":0,"last_sack_sent_ms_ago":4333.157363,"wedge_ticks":0,"wedges":0,"longest_wedge_ms":0}},{"rg":49178,"recovery":{"write_seq":63,"retx_held":0,"retx_min_seq":0,"retx_max_seq":0,"retx_sent":12,"retx_skipped_missing":0,"retx_req_sack":0,"retx_req_hol":0,"retx_req_flush":0,"retx_send_errors":0,"send_window_waits":0,"send_window_timeouts":0,"tlp_probes":12,"sacks_recv":48,"last_sack_recv_ms_ago":3321.334165,"last_sack_recv_contig":62,"reorder_next_seq":63,"reorder_pending":0,"reorder_drops":0,"gap_age_ms":0,"sacks_sent":48,"sack_send_errors":0,"last_sack_sent_ms_ago":3221.212338,"wedge_ticks":0,"wedges":0,"longest_wedge_ms":0}},{"rg":49179,"recovery":{"write_seq":63,"retx_held":0,"retx_min_seq":0,"retx_max_seq":0,"retx_sent":1,"retx_skipped_missing":0,"retx_req_sack":0,"retx_req_hol":0,"retx_req_flush":0,"retx_send_errors":0,"send_window_waits":0,"send_window_timeouts":0,"tlp_probes":1,"sacks_recv":48,"last_sack_recv_ms_ago":3801.493658,"last_sack_recv_contig":62,"reorder_next_seq":63,"reorder_pending":0,"reorder_drops":0,"gap_age_ms":0,"sacks_sent":48,"sack_send_errors":0,"last_sack_sent_ms_ago":3701.410763,"wedge_ticks":0,"wedges":0,"longest_wedge_ms":0}},{"rg":49180,"recovery":{"write_seq":52,"retx_held":0,"retx_min_seq":0,"retx_max_seq":0,"retx_sent":2,"retx_skipped_missing":0,"retx_req_sack":0,"retx_req_hol":0,"retx_req_flush":0,"retx_send_errors":0,"send_window_waits":0,"send_window_timeouts":0,"tlp_probes":2,"sacks_recv":40,"last_sack_recv_ms_ago":4079.346483,"last_sack_recv_contig":51,"reorder_next_seq":52,"reorder_pending":0,"reorder_drops":0,"gap_age_ms":0,"sacks_sent":40,"sack_send_errors":0,"last_sack_sent_ms_ago":4064.331271,"wedge_ticks":0,"wedges":0,"longest_wedge_ms":0}},{"rg":49181,"recovery":{"write_seq":119,"retx_held":0,"retx_min_seq":0,"retx_max_seq":0,"retx_sent":2,"retx_skipped_missing":0,"retx_req_sack":0,"retx_req_hol":0,"retx_req_flush":0,"retx_send_errors":0,"send_window_waits":0,"send_window_timeouts":0,"tlp_probes":2,"sacks_recv":52,"last_sack_recv_ms_ago":4306.754153,"last_sack_recv_contig":118,"reorder_next_seq":314,"reorder_pending":0,"reorder_drops":0,"gap_age_ms":0,"sacks_sent":56,"sack_send_errors":0,"last_sack_sent_ms_ago":4330.259866,"wedge_ticks":0,"wedges":0,"longest_wedge_ms":0}},{"rg":49184,"recovery":{"write_seq":28,"retx_held":0,"retx_min_seq":0,"retx_max_seq":0,"retx_sent":16,"retx_skipped_missing":0,"retx_req_sack":0,"retx_req_hol":0,"retx_req_flush":0,"retx_send_errors":0,"send_window_waits":0,"send_window_timeouts":0,"tlp_probes":16,"sacks_recv":21,"last_sack_recv_ms_ago":2192.086173,"last_sack_recv_contig":27,"reorder_next_seq":28,"reorder_pending":0,"reorder_drops":0,"gap_age_ms":0,"sacks_sent":21,"sack_send_errors":0,"last_sack_sent_ms_ago":3383.583268,"wedge_ticks":0,"wedges":0,"longest_wedge_ms":0}}]
14	[{"rg":49174,"recovery":{"write_seq":1558,"retx_held":0,"retx_min_seq":0,"retx_max_seq":0,"retx_sent":184,"retx_skipped_missing":0,"retx_req_sack":119,"retx_req_hol":62,"retx_req_flush":0,"retx_send_errors":0,"send_window_waits":17,"send_window_timeouts":1,"tlp_probes":9,"sacks_recv":305,"last_sack_recv_ms_ago":3020.577026,"last_sack_recv_contig":1557,"reorder_next_seq":16702,"reorder_pending":0,"reorder_drops":0,"gap_age_ms":0,"sacks_sent":762,"sack_send_errors":0,"last_sack_sent_ms_ago":3020.927539,"wedge_ticks":0,"wedges":0,"longest_wedge_ms":0}},{"rg":49175,"recovery":{"write_seq":555,"retx_held":0,"retx_min_seq":0,"retx_max_seq":0,"retx_sent":156,"retx_skipped_missing":0,"retx_req_sack":120,"retx_req_hol":29,"retx_req_flush":0,"retx_send_errors":0,"send_window_waits":12,"send_window_timeouts":4,"tlp_probes":11,"sacks_recv":212,"last_sack_recv_ms_ago":2089.270436,"last_sack_recv_contig":554,"reorder_next_seq":3333,"reorder_pending":0,"reorder_drops":0,"gap_age_ms":0,"sacks_sent":485,"sack_send_errors":0,"last_sack_sent_ms_ago":2269.043514,"wedge_ticks":0,"wedges":0,"longest_wedge_ms":0}},{"rg":49176,"recovery":{"write_seq":85,"retx_held":0,"retx_min_seq":0,"retx_max_seq":0,"retx_sent":8,"retx_skipped_missing":0,"retx_req_sack":0,"retx_req_hol":0,"retx_req_flush":0,"retx_send_errors":0,"send_window_waits":0,"send_window_timeouts":0,"tlp_probes":8,"sacks_recv":62,"last_sack_recv_ms_ago":3029.947484,"last_sack_recv_contig":84,"reorder_next_seq":715,"reorder_pending":0,"reorder_drops":0,"gap_age_ms":0,"sacks_sent":82,"sack_send_errors":0,"last_sack_sent_ms_ago":3028.757607,"wedge_ticks":0,"wedges":0,"longest_wedge_ms":0}},{"rg":49178,"recovery":{"write_seq":69,"retx_held":0,"retx_min_seq":0,"retx_max_seq":0,"retx_sent":13,"retx_skipped_missing":0,"retx_req_sack":0,"retx_req_hol":0,"retx_req_flush":0,"retx_send_errors":0,"send_window_waits":0,"send_window_timeouts":0,"tlp_probes":13,"sacks_recv":53,"last_sack_recv_ms_ago":3015.791647,"last_sack_recv_contig":68,"reorder_next_seq":69,"reorder_pending":0,"reorder_drops":0,"gap_age_ms":0,"sacks_sent":53,"sack_send_errors":0,"last_sack_sent_ms_ago":3016.423186,"wedge_ticks":0,"wedges":0,"longest_wedge_ms":0}},{"rg":49179,"recovery":{"write_seq":69,"retx_held":0,"retx_min_seq":0,"retx_max_seq":0,"retx_sent":3,"retx_skipped_missing":0,"retx_req_sack":0,"retx_req_hol":0,"retx_req_flush":0,"retx_send_errors":0,"send_window_waits":0,"send_window_timeouts":0,"tlp_probes":3,"sacks_recv":53,"last_sack_recv_ms_ago":2509.814679,"last_sack_recv_contig":68,"reorder_next_seq":69,"reorder_pending":0,"reorder_drops":0,"gap_age_ms":0,"sacks_sent":53,"sack_send_errors":0,"last_sack_sent_ms_ago":2409.338044,"wedge_ticks":0,"wedges":0,"longest_wedge_ms":0}},{"rg":49180,"recovery":{"write_seq":58,"retx_held":0,"retx_min_seq":0,"retx_max_seq":0,"retx_sent":2,"retx_skipped_missing":0,"retx_req_sack":0,"retx_req_hol":0,"retx_req_flush":0,"retx_send_errors":0,"send_window_waits":0,"send_window_timeouts":0,"tlp_probes":2,"sacks_recv":45,"last_sack_recv_ms_ago":2776.323919,"last_sack_recv_contig":57,"reorder_next_seq":58,"reorder_pending":0,"reorder_drops":0,"gap_age_ms":0,"sacks_sent":45,"sack_send_errors":0,"last_sack_sent_ms_ago":2777.082771,"wedge_ticks":0,"wedges":0,"longest_wedge_ms":0}},{"rg":49181,"recovery":{"write_seq":125,"retx_held":0,"retx_min_seq":0,"retx_max_seq":0,"retx_sent":2,"retx_skipped_missing":0,"retx_req_sack":0,"retx_req_hol":0,"retx_req_flush":0,"retx_send_errors":0,"send_window_waits":0,"send_window_timeouts":0,"tlp_probes":2,"sacks_recv":57,"last_sack_recv_ms_ago":3028.366234,"last_sack_recv_contig":124,"reorder_next_seq":320,"reorder_pending":0,"reorder_drops":0,"gap_age_ms":0,"sacks_sent":61,"sack_send_errors":0,"last_sack_sent_ms_ago":3028.587728,"wedge_ticks":0,"wedges":0,"longest_wedge_ms":0}},{"rg":49184,"recovery":{"write_seq":34,"retx_held":0,"retx_min_seq":0,"retx_max_seq":0,"retx_sent":18,"retx_skipped_missing":0,"retx_req_sack":0,"retx_req_hol":0,"retx_req_flush":0,"retx_send_errors":0,"send_window_waits":0,"send_window_timeouts":0,"tlp_probes":18,"sacks_recv":27,"last_sack_recv_ms_ago":2225.95325,"last_sack_recv_contig":33,"reorder_next_seq":34,"reorder_pending":0,"reorder_drops":0,"gap_age_ms":0,"sacks_sent":27,"sack_send_errors":0,"last_sack_sent_ms_ago":2039.610273,"wedge_ticks":0,"wedges":0,"longest_wedge_ms":0}}]
# blackout-capture 14	goroutines=8	readch_full=0	write_timeout=5	rg_full=none
# exit-on-fail 14	[{"rg":49174,"recovery":{"write_seq":16704,"retx_held":0,"retx_min_seq":0,"retx_max_seq":0,"retx_sent":1245,"retx_skipped_missing":0,"retx_req_sack":959,"retx_req_hol":305,"retx_req_flush":0,"retx_send_errors":0,"send_window_waits":123,"send_window_timeouts":20,"tlp_probes":5,"sacks_recv":763,"last_sack_recv_ms_ago":134.559789,"last_sack_recv_contig":16703,"reorder_next_seq":1560,"reorder_pending":0,"reorder_drops":0,"gap_age_ms":0,"sacks_sent":308,"sack_send_errors":0,"last_sack_sent_ms_ago":283.782813,"wedge_ticks":0,"wedges":0,"longest_wedge_ms":0},"legs":[{"tp":"7420f415","standby":false,"retransmits":1107,"dup_bytes":2762768,"ack_delay_ms":250.06812575,"sent_bytes":140930441,"sent_packets":9778,"recv_bytes":29346143,"recv_packets":1055},{"tp":"dc5330cf","standby":false,"retransmits":138,"dup_bytes":5187551,"ack_delay_ms":0,"sent_bytes":116924910,"sent_packets":8161,"recv_bytes":27115584,"recv_packets":677}]},{"rg":49175,"recovery":{"write_seq":3335,"retx_held":2,"retx_min_seq":3333,"retx_max_seq":3334,"retx_sent":266,"retx_skipped_missing":0,"retx_req_sack":158,"retx_req_hol":124,"retx_req_flush":0,"retx_send_errors":0,"send_window_waits":94,"send_window_timeouts":37,"tlp_probes":3,"sacks_recv":485,"last_sack_recv_ms_ago":2915.016302,"last_sack_recv_contig":3332,"reorder_next_seq":557,"reorder_pending":0,"reorder_drops":0,"gap_age_ms":0,"sacks_sent":214,"sack_send_errors":0,"last_sack_sent_ms_ago":80.203498,"wedge_ticks":0,"wedges":1,"longest_wedge_ms":499},"legs":[{"tp":"38288b5a","standby":false,"retransmits":0,"dup_bytes":1114692,"ack_delay_ms":0,"sent_bytes":13175216,"sent_packets":897,"recv_bytes":2230869,"recv_packets":72},{"tp":"57c570d9","standby":false,"retransmits":266,"dup_bytes":5505769,"ack_delay_ms":1870.3540361411608,"sent_bytes":40533563,"sent_packets":2692,"recv_bytes":19223616,"recv_packets":629}]},{"rg":49176,"recovery":{"write_seq":717,"retx_held":0,"retx_min_seq":0,"retx_max_seq":0,"retx_sent":6,"retx_skipped_missing":0,"retx_req_sack":0,"retx_req_hol":0,"retx_req_flush":0,"retx_send_errors":0,"send_window_waits":0,"send_window_timeouts":0,"tlp_probes":6,"sacks_recv":83,"last_sack_recv_ms_ago":155.017701,"last_sack_recv_contig":716,"reorder_next_seq":87,"reorder_pending":0,"reorder_drops":0,"gap_age_ms":0,"sacks_sent":63,"sack_send_errors":0,"last_sack_sent_ms_ago":291.798356,"wedge_ticks":0,"wedges":0,"longest_wedge_ms":0},"legs":[{"tp":"57c570d9","standby":false,"retransmits":6,"dup_bytes":702,"ack_delay_ms":238.150776328125,"sent_bytes":10000253,"sent_packets":723,"recv_bytes":4100,"recv_packets":95}]},{"rg":49178,"recovery":{"write_seq":71,"retx_held":0,"retx_min_seq":0,"retx_max_seq":0,"retx_sent":10,"retx_skipped_missing":0,"retx_req_sack":0,"retx_req_hol":0,"retx_req_flush":0,"retx_send_errors":0,"send_window_waits":0,"send_window_timeouts":0,"tlp_probes":10,"sacks_recv":54,"last_sack_recv_ms_ago":138.003773,"last_sack_recv_contig":70,"reorder_next_seq":71,"reorder_pending":0,"reorder_drops":0,"gap_age_ms":0,"sacks_sent":54,"sack_send_errors":0,"last_sack_sent_ms_ago":283.871342,"wedge_ticks":0,"wedges":0,"longest_wedge_ms":0},"legs":[{"tp":"7420f415","standby":false,"retransmits":10,"dup_bytes":156,"ack_delay_ms":344.15827794662476,"sent_bytes":2592,"sent_packets":81,"recv_bytes":2688,"recv_packets":84}]},{"rg":49179,"recovery":{"write_seq":71,"retx_held":2,"retx_min_seq":69,"retx_max_seq":70,"retx_sent":5,"retx_skipped_missing":0,"retx_req_sack":0,"retx_req_hol":0,"retx_req_flush":0,"retx_send_errors":0,"send_window_waits":0,"send_window_timeouts":0,"tlp_probes":5,"sacks_recv":53,"last_sack_recv_ms_ago":4165.418849,"last_sack_recv_contig":68,"reorder_next_seq":71,"reorder_pending":0,"reorder_drops":0,"gap_age_ms":0,"sacks_sent":54,"sack_send_errors":0,"last_sack_sent_ms_ago":143.500271,"wedge_ticks":0,"wedges":0,"longest_wedge_ms":0},"legs":[{"tp":"d0b47ec2","standby":false,"retransmits":5,"dup_bytes":36,"ack_delay_ms":968.86543,"sent_bytes":2432,"sent_packets":76,"recv_bytes":2368,"recv_packets":74}]},{"rg":49180,"recovery":{"write_seq":60,"retx_held":2,"retx_min_seq":58,"retx_max_seq":59,"retx_sent":1,"retx_skipped_missing":0,"retx_req_sack":0,"retx_req_hol":0,"retx_req_flush":0,"retx_send_errors":0,"send_window_waits":0,"send_window_timeouts":0,"tlp_probes":1,"sacks_recv":45,"last_sack_recv_ms_ago":4765.872937,"last_sack_recv_contig":57,"reorder_next_seq":60,"reorder_pending":0,"reorder_drops":0,"gap_age_ms":0,"sacks_sent":46,"sack_send_errors":0,"last_sack_sent_ms_ago":164.839428,"wedge_ticks":0,"wedges":0,"longest_wedge_ms":0},"legs":[{"tp":"3de424e0","standby":false,"retransmits":1,"dup_bytes":24,"ack_delay_ms":494.355373,"sent_bytes":1952,"sent_packets":61,"recv_bytes":1984,"recv_packets":62}]},{"rg":49181,"recovery":{"write_seq":322,"retx_held":0,"retx_min_seq":0,"retx_max_seq":0,"retx_sent":2,"retx_skipped_missing":0,"retx_req_sack":0,"retx_req_hol":0,"retx_req_flush":0,"retx_send_errors":0,"send_window_waits":0,"send_window_timeouts":0,"tlp_probes":2,"sacks_recv":62,"last_sack_recv_ms_ago":156.940094,"last_sack_recv_contig":321,"reorder_next_seq":127,"reorder_pending":0,"reorder_drops":0,"gap_age_ms":0,"sacks_sent":58,"sack_send_errors":0,"last_sack_sent_ms_ago":293.944961,"wedge_ticks":0,"wedges":0,"longest_wedge_ms":0},"legs":[{"tp":"b414796d","standby":false,"retransmits":2,"dup_bytes":175,"ack_delay_ms":238.0452421875,"sent_bytes":4001477,"sent_packets":324,"recv_bytes":2504123,"recv_packets":129}]},{"rg":49184,"recovery":{"write_seq":36,"retx_held":2,"retx_min_seq":34,"retx_max_seq":35,"retx_sent":16,"retx_skipped_missing":0,"retx_req_sack":0,"retx_req_hol":0,"retx_req_flush":0,"retx_send_errors":0,"send_window_waits":0,"send_window_timeouts":0,"tlp_probes":16,"sacks_recv":27,"last_sack_recv_ms_ago":2408.57888,"last_sack_recv_contig":33,"reorder_next_seq":36,"reorder_pending":0,"reorder_drops":0,"gap_age_ms":0,"sacks_sent":27,"sack_send_errors":0,"last_sack_sent_ms_ago":4939.931205,"wedge_ticks":0,"wedges":0,"longest_wedge_ms":0},"legs":[{"tp":"49817e29","standby":false,"retransmits":16,"dup_bytes":216,"ack_delay_ms":2815.843744875,"sent_bytes":1664,"sent_packets":52,"recv_bytes":1728,"recv_packets":54}]}]
15	[{"rg":49174,"recovery":{"write_seq":2668,"retx_held":0,"retx_min_seq":0,"retx_max_seq":0,"retx_sent":210,"retx_skipped_missing":0,"retx_req_sack":123,"retx_req_hol":85,"retx_req_flush":0,"retx_send_errors":0,"send_window_waits":46,"send_window_timeouts":3,"tlp_probes":9,"sacks_recv":446,"last_sack_recv_ms_ago":1991.479043,"last_sack_recv_contig":2667,"reorder_next_seq":16802,"reorder_pending":0,"reorder_drops":0,"gap_age_ms":0,"sacks_sent":781,"sack_send_errors":0,"last_sack_sent_ms_ago":1993.929805,"wedge_ticks":0,"wedges":0,"longest_wedge_ms":0}},{"rg":49175,"recovery":{"write_seq":661,"retx_held":0,"retx_min_seq":0,"retx_max_seq":0,"retx_sent":221,"retx_skipped_missing":0,"retx_req_sack":168,"retx_req_hol":47,"retx_req_flush":0,"retx_send_errors":0,"send_window_waits":24,"send_window_timeouts":5,"tlp_probes":12,"sacks_recv":268,"last_sack_recv_ms_ago":1014.457604,"last_sack_recv_contig":660,"reorder_next_seq":3347,"reorder_pending":0,"reorder_drops":0,"gap_age_ms":0,"sacks_sent":495,"sack_send_errors":0,"last_sack_sent_ms_ago":1191.404626,"wedge_ticks":0,"wedges":0,"longest_wedge_ms":0}},{"rg":49176,"recovery":{"write_seq":91,"retx_held":0,"retx_min_seq":0,"retx_max_seq":0,"retx_sent":8,"retx_skipped_missing":0,"retx_req_sack":0,"retx_req_hol":0,"retx_req_flush":0,"retx_send_errors":0,"send_window_waits":0,"send_window_timeouts":0,"tlp_probes":8,"sacks_recv":66,"last_sack_recv_ms_ago":4097.494401,"last_sack_recv_contig":90,"reorder_next_seq":721,"reorder_pending":0,"reorder_drops":0,"gap_age_ms":0,"sacks_sent":86,"sack_send_errors":0,"last_sack_sent_ms_ago":4097.361493,"wedge_ticks":0,"wedges":0,"longest_wedge_ms":0}},{"rg":49178,"recovery":{"write_seq":75,"retx_held":0,"retx_min_seq":0,"retx_max_seq":0,"retx_sent":15,"retx_skipped_missing":0,"retx_req_sack":0,"retx_req_hol":0,"retx_req_flush":0,"retx_send_errors":0,"send_window_waits":0,"send_window_timeouts":0,"tlp_probes":15,"sacks_recv":57,"last_sack_recv_ms_ago":3814.205892,"last_sack_recv_contig":74,"reorder_next_seq":75,"reorder_pending":0,"reorder_drops":0,"gap_age_ms":0,"sacks_sent":57,"sack_send_errors":0,"last_sack_sent_ms_ago":3814.053231,"wedge_ticks":0,"wedges":0,"longest_wedge_ms":0}},{"rg":49179,"recovery":{"write_seq":75,"retx_held":0,"retx_min_seq":0,"retx_max_seq":0,"retx_sent":4,"retx_skipped_missing":0,"retx_req_sack":0,"retx_req_hol":0,"retx_req_flush":0,"retx_send_errors":0,"send_window_waits":0,"send_window_timeouts":0,"tlp_probes":4,"sacks_recv":57,"last_sack_recv_ms_ago":3822.511658,"last_sack_recv_contig":74,"reorder_next_seq":75,"reorder_pending":0,"reorder_drops":0,"gap_age_ms":0,"sacks_sent":57,"sack_send_errors":0,"last_sack_sent_ms_ago":3823.810624,"wedge_ticks":0,"wedges":0,"longest_wedge_ms":0}},{"rg":49180,"recovery":{"write_seq":64,"retx_held":0,"retx_min_seq":0,"retx_max_seq":0,"retx_sent":2,"retx_skipped_missing":0,"retx_req_sack":0,"retx_req_hol":0,"retx_req_flush":0,"retx_send_errors":0,"send_window_waits":0,"send_window_timeouts":0,"tlp_probes":2,"sacks_recv":49,"last_sack_recv_ms_ago":3822.024908,"last_sack_recv_contig":63,"reorder_next_seq":64,"reorder_pending":0,"reorder_drops":0,"gap_age_ms":0,"sacks_sent":49,"sack_send_errors":0,"last_sack_sent_ms_ago":3803.695068,"wedge_ticks":0,"wedges":0,"longest_wedge_ms":0}},{"rg":49181,"recovery":{"write_seq":131,"retx_held":0,"retx_min_seq":0,"retx_max_seq":0,"retx_sent":2,"retx_skipped_missing":0,"retx_req_sack":0,"retx_req_hol":0,"retx_req_flush":0,"retx_send_errors":0,"send_window_waits":0,"send_window_timeouts":0,"tlp_probes":2,"sacks_recv":61,"last_sack_recv_ms_ago":4096.120466,"last_sack_recv_contig":130,"reorder_next_seq":326,"reorder_pending":0,"reorder_drops":0,"gap_age_ms":0,"sacks_sent":65,"sack_send_errors":0,"last_sack_sent_ms_ago":4096.013748,"wedge_ticks":0,"wedges":0,"longest_wedge_ms":0}},{"rg":49184,"recovery":{"write_seq":40,"retx_held":0,"retx_min_seq":0,"retx_max_seq":0,"retx_sent":21,"retx_skipped_missing":0,"retx_req_sack":0,"retx_req_hol":0,"retx_req_flush":0,"retx_send_errors":0,"send_window_waits":0,"send_window_timeouts":0,"tlp_probes":21,"sacks_recv":31,"last_sack_recv_ms_ago":509.024496,"last_sack_recv_contig":39,"reorder_next_seq":40,"reorder_pending":0,"reorder_drops":0,"gap_age_ms":0,"sacks_sent":31,"sack_send_errors":0,"last_sack_sent_ms_ago":1995.062353,"wedge_ticks":0,"wedges":0,"longest_wedge_ms":0}}]
16	[{"rg":49174,"recovery":{"write_seq":3581,"retx_held":1,"retx_min_seq":3580,"retx_max_seq":3580,"retx_sent":251,"retx_skipped_missing":0,"retx_req_sack":124,"retx_req_hol":125,"retx_req_flush":0,"retx_send_errors":0,"send_window_waits":66,"send_window_timeouts":5,"tlp_probes":9,"sacks_recv":695,"last_sack_recv_ms_ago":3626.874801,"last_sack_recv_contig":3579,"reorder_next_seq":16889,"reorder_pending":0,"reorder_drops":0,"gap_age_ms":0,"sacks_sent":804,"sack_send_errors":0,"last_sack_sent_ms_ago":3625.635153,"wedge_ticks":0,"wedges":0,"longest_wedge_ms":0}},{"rg":49175,"recovery":{"write_seq":868,"retx_held":14,"retx_min_seq":842,"retx_max_seq":867,"retx_sent":370,"retx_skipped_missing":0,"retx_req_sack":290,"retx_req_hol":73,"retx_req_flush":0,"retx_send_errors":0,"send_window_waits":52,"send_window_timeouts":25,"tlp_probes":15,"sacks_recv":444,"last_sack_recv_ms_ago":1.094154,"last_sack_recv_contig":841,"reorder_next_seq":3368,"reorder_pending":0,"reorder_drops":0,"gap_age_ms":0,"sacks_sent":504,"sack_send_errors":0,"last_sack_sent_ms_ago":2200.457232,"wedge_ticks":0,"wedges":0,"longest_wedge_ms":0}},{"rg":49176,"recovery":{"write_seq":200,"retx_held":1,"retx_min_seq":199,"retx_max_seq":199,"retx_sent":8,"retx_skipped_missing":0,"retx_req_sack":0,"retx_req_hol":0,"retx_req_flush":0,"retx_send_errors":0,"send_window_waits":0,"send_window_timeouts":0,"tlp_probes":8,"sacks_recv":86,"last_sack_recv_ms_ago":4977.311818,"last_sack_recv_contig":198,"reorder_next_seq":738,"reorder_pending":0,"reorder_drops":0,"gap_age_ms":0,"sacks_sent":96,"sack_send_errors":0,"last_sack_sent_ms_ago":4977.238896,"wedge_ticks":0,"wedges":0,"longest_wedge_ms":0}},{"rg":49178,"recovery":{"write_seq":84,"retx_held":1,"retx_min_seq":83,"retx_max_seq":83,"retx_sent":15,"retx_skipped_missing":0,"retx_req_sack":0,"retx_req_hol":0,"retx_req_flush":0,"retx_send_errors":0,"send_window_waits":0,"send_window_timeouts":0,"tlp_probes":15,"sacks_recv":64,"last_sack_recv_ms_ago":4816.988829,"last_sack_recv_contig":82,"reorder_next_seq":84,"reorder_pending":0,"reorder_drops":0,"gap_age_ms":0,"sacks_sent":64,"sack_send_errors":0,"last_sack_sent_ms_ago":4819.431704,"wedge_ticks":0,"wedges":0,"longest_wedge_ms":0}},{"rg":49179,"recovery":{"write_seq":84,"retx_held":1,"retx_min_seq":83,"retx_max_seq":83,"retx_sent":4,"retx_skipped_missing":0,"retx_req_sack":0,"retx_req_hol":0,"retx_req_flush":0,"retx_send_errors":0,"send_window_waits":0,"send_window_timeouts":0,"tlp_probes":4,"sacks_recv":64,"last_sack_recv_ms_ago":4703.819296,"last_sack_recv_contig":82,"reorder_next_seq":83,"reorder_pending":0,"reorder_drops":0,"gap_age_ms":0,"sacks_sent":64,"sack_send_errors":0,"last_sack_sent_ms_ago":4703.697866,"wedge_ticks":0,"wedges":0,"longest_wedge_ms":0}},{"rg":49180,"recovery":{"write_seq":73,"retx_held":1,"retx_min_seq":72,"retx_max_seq":72,"retx_sent":2,"retx_skipped_missing":0,"retx_req_sack":0,"retx_req_hol":0,"retx_req_flush":0,"retx_send_errors":0,"send_window_waits":0,"send_window_timeouts":0,"tlp_probes":2,"sacks_recv":55,"last_sack_recv_ms_ago":4719.272042,"last_sack_recv_contig":71,"reorder_next_seq":72,"reorder_pending":0,"reorder_drops":0,"gap_age_ms":0,"sacks_sent":55,"sack_send_errors":0,"last_sack_sent_ms_ago":4720.385495,"wedge_ticks":0,"wedges":0,"longest_wedge_ms":0}},{"rg":49181,"recovery":{"write_seq":140,"retx_held":1,"retx_min_seq":139,"retx_max_seq":139,"retx_sent":2,"retx_skipped_missing":0,"retx_req_sack":0,"retx_req_hol":0,"retx_req_flush":0,"retx_send_errors":0,"send_window_waits":0,"send_window_timeouts":0,"tlp_probes":2,"sacks_recv":67,"last_sack_recv_ms_ago":4977.362659,"last_sack_recv_contig":138,"reorder_next_seq":335,"reorder_pending":0,"reorder_drops":0,"gap_age_ms":0,"sacks_sent":71,"sack_send_errors":0,"last_sack_sent_ms_ago":4977.04756,"wedge_ticks":0,"wedges":0,"longest_wedge_ms":0}},{"rg":49184,"recovery":{"write_seq":49,"retx_held":1,"retx_min_seq":48,"retx_max_seq":48,"retx_sent":24,"retx_skipped_missing":0,"retx_req_sack":0,"retx_req_hol":0,"retx_req_flush":0,"retx_send_errors":0,"send_window_waits":0,"send_window_timeouts":0,"tlp_probes":24,"sacks_recv":37,"last_sack_recv_ms_ago":2487.933759,"last_sack_recv_contig":47,"reorder_next_seq":48,"reorder_pending":0,"reorder_drops":0,"gap_age_ms":0,"sacks_sent":38,"sack_send_errors":0,"last_sack_sent_ms_ago":3909.402127,"wedge_ticks":0,"wedges":0,"longest_wedge_ms":0}}]
17	[{"rg":49174,"recovery":{"write_seq":3643,"retx_held":0,"retx_min_seq":0,"retx_max_seq":0,"retx_sent":254,"retx_skipped_missing":0,"retx_req_sack":124,"retx_req_hol":126,"retx_req_flush":0,"retx_send_errors":0,"send_window_waits":66,"send_window_timeouts":5,"tlp_probes":11,"sacks_recv":720,"last_sack_recv_ms_ago":695.894289,"last_sack_recv_contig":3642,"reorder_next_seq":20163,"reorder_pending":0,"reorder_drops":0,"gap_age_ms":0,"sacks_sent":949,"sack_send_errors":0,"last_sack_sent_ms_ago":694.776683,"wedge_ticks":0,"wedges":0,"longest_wedge_ms":0}},{"rg":49175,"recovery":{"write_seq":924,"retx_held":0,"retx_min_seq":0,"retx_max_seq":0,"retx_sent":391,"retx_skipped_missing":0,"retx_req_sack":302,"retx_req_hol":82,"retx_req_flush":0,"retx_send_errors":0,"send_window_waits":52,"send_window_timeouts":25,"tlp_probes":16,"sacks_recv":490,"last_sack_recv_ms_ago":536.568067,"last_sack_recv_contig":923,"reorder_next_seq":6492,"reorder_pending":0,"reorder_drops":0,"gap_age_ms":0,"sacks_sent":673,"sack_send_errors":0,"last_sack_sent_ms_ago":536.500417,"wedge_ticks":0,"wedges":0,"longest_wedge_ms":0}},{"rg":49176,"recovery":{"write_seq":208,"retx_held":0,"retx_min_seq":0,"retx_max_seq":0,"retx_sent":10,"retx_skipped_missing":0,"retx_req_sack":0,"retx_req_hol":0,"retx_req_flush":0,"retx_send_errors":0,"send_window_waits":0,"send_window_timeouts":0,"tlp_probes":10,"sacks_recv":93,"last_sack_recv_ms_ago":701.606063,"last_sack_recv_contig":207,"reorder_next_seq":746,"reorder_pending":0,"reorder_drops":0,"gap_age_ms":0,"sacks_sent":103,"sack_send_errors":0,"last_sack_sent_ms_ago":701.528578,"wedge_ticks":0,"wedges":0,"longest_wedge_ms":0}},{"rg":49178,"recovery":{"write_seq":92,"retx_held":0,"retx_min_seq":0,"retx_max_seq":0,"retx_sent":18,"retx_skipped_missing":0,"retx_req_sack":0,"retx_req_hol":0,"retx_req_flush":0,"retx_send_errors":0,"send_window_waits":0,"send_window_timeouts":0,"tlp_probes":18,"sacks_recv":71,"last_sack_recv_ms_ago":680.300554,"last_sack_recv_contig":91,"reorder_next_seq":92,"reorder_pending":0,"reorder_drops":0,"gap_age_ms":0,"sacks_sent":71,"sack_send_errors":0,"last_sack_sent_ms_ago":687.433797,"wedge_ticks":0,"wedges":0,"longest_wedge_ms":0}},{"rg":49179,"recovery":{"write_seq":92,"retx_held":0,"retx_min_seq":0,"retx_max_seq":0,"retx_sent":4,"retx_skipped_missing":0,"retx_req_sack":0,"retx_req_hol":0,"retx_req_flush":0,"retx_send_errors":0,"send_window_waits":0,"send_window_timeouts":0,"tlp_probes":4,"sacks_recv":71,"last_sack_recv_ms_ago":427.193637,"last_sack_recv_contig":91,"reorder_next_seq":92,"reorder_pending":0,"reorder_drops":0,"gap_age_ms":0,"sacks_sent":71,"sack_send_errors":0,"last_sack_sent_ms_ago":427.291633,"wedge_ticks":0,"wedges":0,"longest_wedge_ms":0}},{"rg":49180,"recovery":{"write_seq":81,"retx_held":0,"retx_min_seq":0,"retx_max_seq":0,"retx_sent":2,"retx_skipped_missing":0,"retx_req_sack":0,"retx_req_hol":0,"retx_req_flush":0,"retx_send_errors":0,"send_window_waits":0,"send_window_timeouts":0,"tlp_probes":2,"sacks_recv":63,"last_sack_recv_ms_ago":430.674946,"last_sack_recv_contig":80,"reorder_next_seq":81,"reorder_pending":0,"reorder_drops":0,"gap_age_ms":0,"sacks_sent":63,"sack_send_errors":0,"last_sack_sent_ms_ago":442.055336,"wedge_ticks":0,"wedges":0,"longest_wedge_ms":0}},{"rg":49181,"recovery":{"write_seq":148,"retx_held":0,"retx_min_seq":0,"retx_max_seq":0,"retx_sent":2,"retx_skipped_missing":0,"retx_req_sack":0,"retx_req_hol":0,"retx_req_flush":0,"retx_send_errors":0,"send_window_waits":0,"send_window_timeouts":0,"tlp_probes":2,"sacks_recv":75,"last_sack_recv_ms_ago":701.171156,"last_sack_recv_contig":147,"reorder_next_seq":343,"reorder_pending":0,"reorder_drops":0,"gap_age_ms":0,"sacks_sent":79,"sack_send_errors":0,"last_sack_sent_ms_ago":701.585282,"wedge_ticks":0,"wedges":0,"longest_wedge_ms":0}},{"rg":49184,"recovery":{"write_seq":56,"retx_held":1,"retx_min_seq":55,"retx_max_seq":55,"retx_sent":28,"retx_skipped_missing":0,"retx_req_sack":0,"retx_req_hol":0,"retx_req_flush":0,"retx_send_errors":0,"send_window_waits":0,"send_window_timeouts":0,"tlp_probes":28,"sacks_recv":42,"last_sack_recv_ms_ago":3429.901884,"last_sack_recv_contig":54,"reorder_next_seq":55,"reorder_pending":0,"reorder_drops":0,"gap_age_ms":0,"sacks_sent":44,"sack_send_errors":0,"last_sack_sent_ms_ago":4954.969494,"wedge_ticks":0,"wedges":0,"longest_wedge_ms":0}}]
18	[{"rg":49174,"recovery":{"write_seq":3699,"retx_held":0,"retx_min_seq":0,"retx_max_seq":0,"retx_sent":255,"retx_skipped_missing":0,"retx_req_sack":124,"retx_req_hol":126,"retx_req_flush":0,"retx_send_errors":0,"send_window_waits":66,"send_window_timeouts":5,"tlp_probes":12,"sacks_recv":739,"last_sack_recv_ms_ago":3306.260913,"last_sack_recv_contig":3698,"reorder_next_seq":23321,"reorder_pending":0,"reorder_drops":0,"gap_age_ms":0,"sacks_sent":1166,"sack_send_errors":0,"last_sack_sent_ms_ago":3303.052897,"wedge_ticks":0,"wedges":0,"longest_wedge_ms":0}},{"rg":49175,"recovery":{"write_seq":982,"retx_held":0,"retx_min_seq":0,"retx_max_seq":0,"retx_sent":395,"retx_skipped_missing":0,"retx_req_sack":302,"retx_req_hol":82,"retx_req_flush":0,"retx_send_errors":0,"send_window_waits":52,"send_window_timeouts":25,"tlp_probes":20,"sacks_recv":512,"last_sack_recv_ms_ago":2924.69268,"last_sack_recv_contig":981,"reorder_next_seq":9538,"reorder_pending":0,"reorder_drops":0,"gap_age_ms":0,"sacks_sent":867,"sack_send_errors":0,"last_sack_sent_ms_ago":2924.64554,"wedge_ticks":0,"wedges":0,"longest_wedge_ms":0}},{"rg":49176,"recovery":{"write_seq":216,"retx_held":0,"retx_min_seq":0,"retx_max_seq":0,"retx_sent":12,"retx_skipped_missing":0,"retx_req_sack":0,"retx_req_hol":0,"retx_req_flush":0,"retx_send_errors":0,"send_window_waits":0,"send_window_timeouts":0,"tlp_probes":12,"sacks_recv":99,"last_sack_recv_ms_ago":3313.199027,"last_sack_recv_contig":215,"reorder_next_seq":754,"reorder_pending":0,"reorder_drops":0,"gap_age_ms":0,"sacks_sent":109,"sack_send_errors":0,"last_sack_sent_ms_ago":3313.506808,"wedge_ticks":0,"wedges":0,"longest_wedge_ms":0}},{"rg":49178,"recovery":{"write_seq":100,"retx_held":0,"retx_min_seq":0,"retx_max_seq":0,"retx_sent":21,"retx_skipped_missing":0,"retx_req_sack":0,"retx_req_hol":0,"retx_req_flush":0,"retx_send_errors":0,"send_window_waits":0,"send_window_timeouts":0,"tlp_probes":21,"sacks_recv":77,"last_sack_recv_ms_ago":3295.100836,"last_sack_recv_contig":99,"reorder_next_seq":100,"reorder_pending":0,"reorder_drops":0,"gap_age_ms":0,"sacks_sent":77,"sack_send_errors":0,"last_sack_sent_ms_ago":3276.644397,"wedge_ticks":0,"wedges":0,"longest_wedge_ms":0}},{"rg":49179,"recovery":{"write_seq":100,"retx_held":0,"retx_min_seq":0,"retx_max_seq":0,"retx_sent":4,"retx_skipped_missing":0,"retx_req_sack":0,"retx_req_hol":0,"retx_req_flush":0,"retx_send_errors":0,"send_window_waits":0,"send_window_timeouts":0,"tlp_probes":4,"sacks_recv":77,"last_sack_recv_ms_ago":3039.876783,"last_sack_recv_contig":99,"reorder_next_seq":100,"reorder_pending":0,"reorder_drops":0,"gap_age_ms":0,"sacks_sent":77,"sack_send_errors":0,"last_sack_sent_ms_ago":3040.055941,"wedge_ticks":0,"wedges":0,"longest_wedge_ms":0}},{"rg":49180,"recovery":{"write_seq":89,"retx_held":0,"retx_min_seq":0,"retx_max_seq":0,"retx_sent":2,"retx_skipped_missing":0,"retx_req_sack":0,"retx_req_hol":0,"retx_req_flush":0,"retx_send_errors":0,"send_window_waits":0,"send_window_timeouts":0,"tlp_probes":2,"sacks_recv":69,"last_sack_recv_ms_ago":3060.178466,"last_sack_recv_contig":88,"reorder_next_seq":89,"reorder_pending":0,"reorder_drops":0,"gap_age_ms":0,"sacks_sent":69,"sack_send_errors":0,"last_sack_sent_ms_ago":3062.486678,"wedge_ticks":0,"wedges":0,"longest_wedge_ms":0}},{"rg":49181,"recovery":{"write_seq":160,"retx_held":0,"retx_min_seq":0,"retx_max_seq":0,"retx_sent":4,"retx_skipped_missing":0,"retx_req_sack":0,"retx_req_hol":0,"retx_req_flush":0,"retx_send_errors":0,"send_window_waits":0,"send_window_timeouts":0,"tlp_probes":4,"sacks_recv":83,"last_sack_recv_ms_ago":3312.608179,"last_sack_recv_contig":159,"reorder_next_seq":607,"reorder_pending":0,"reorder_drops":0,"gap_age_ms":0,"sacks_sent":97,"sack_send_errors":0,"last_sack_sent_ms_ago":3313.179866,"wedge_ticks":0,"wedges":0,"longest_wedge_ms":0}},{"rg":49184,"recovery":{"write_seq":64,"retx_held":0,"retx_min_seq":0,"retx_max_seq":0,"retx_sent":29,"retx_skipped_missing":0,"retx_req_sack":0,"retx_req_hol":0,"retx_req_flush":0,"retx_send_errors":0,"send_window_waits":0,"send_window_timeouts":0,"tlp_probes":29,"sacks_recv":49,"last_sack_recv_ms_ago":2014.14428,"last_sack_recv_contig":63,"reorder_next_seq":64,"reorder_pending":0,"reorder_drops":0,"gap_age_ms":0,"sacks_sent":51,"sack_send_errors":0,"last_sack_sent_ms_ago":1913.258131,"wedge_ticks":0,"wedges":0,"longest_wedge_ms":0}}]
19	[{"rg":49174,"recovery":{"write_seq":3775,"retx_held":0,"retx_min_seq":0,"retx_max_seq":0,"retx_sent":255,"retx_skipped_missing":0,"retx_req_sack":124,"retx_req_hol":126,"retx_req_flush":0,"retx_send_errors":0,"send_window_waits":66,"send_window_timeouts":5,"tlp_probes":12,"sacks_recv":756,"last_sack_recv_ms_ago":1474.547336,"last_sack_recv_contig":3774,"reorder_next_seq":27853,"reorder_pending":0,"reorder_drops":0,"gap_age_ms":0,"sacks_sent":1361,"sack_send_errors":0,"last_sack_sent_ms_ago":1373.903915,"wedge_ticks":0,"wedges":0,"longest_wedge_ms":0}},{"rg":49175,"recovery":{"write_seq":1024,"retx_held":0,"retx_min_seq":0,"retx_max_seq":0,"retx_sent":395,"retx_skipped_missing":0,"retx_req_sack":302,"retx_req_hol":82,"retx_req_flush":0,"retx_send_errors":0,"send_window_waits":52,"send_window_timeouts":25,"tlp_probes":20,"sacks_recv":527,"last_sack_recv_ms_ago":1805.049156,"last_sack_recv_contig":1023,"reorder_next_seq":11536,"reorder_pending":0,"reorder_drops":0,"gap_age_ms":0,"sacks_sent":1016,"sack_send_errors":0,"last_sack_sent_ms_ago":1217.704319,"wedge_ticks":0,"wedges":0,"longest_wedge_ms":0}},{"rg":49176,"recovery":{"write_seq":224,"retx_held":0,"retx_min_seq":0,"retx_max_seq":0,"retx_sent":15,"retx_skipped_missing":0,"retx_req_sack":0,"retx_req_hol":0,"retx_req_flush":0,"retx_send_errors":0,"send_window_waits":0,"send_window_timeouts":0,"tlp_probes":15,"sacks_recv":105,"last_sack_recv_ms_ago":1319.011986,"last_sack_recv_contig":223,"reorder_next_seq":762,"reorder_pending":0,"reorder_drops":0,"gap_age_ms":0,"sacks_sent":115,"sack_send_errors":0,"last_sack_sent_ms_ago":1218.875228,"wedge_ticks":0,"wedges":0,"longest_wedge_ms":0}},{"rg":49178,"recovery":{"write_seq":108,"retx_held":0,"retx_min_seq":0,"retx_max_seq":0,"retx_sent":22,"retx_skipped_missing":0,"retx_req_sack":0,"retx_req_hol":0,"retx_req_flush":0,"retx_send_errors":0,"send_window_waits":0,"send_window_timeouts":0,"tlp_probes":22,"sacks_recv":83,"last_sack_recv_ms_ago":1474.845647,"last_sack_recv_contig":107,"reorder_next_seq":108,"reorder_pending":0,"reorder_drops":0,"gap_age_ms":0,"sacks_sent":83,"sack_send_errors":0,"last_sack_sent_ms_ago":1373.959258,"wedge_ticks":0,"wedges":0,"longest_wedge_ms":0}},{"rg":49179,"recovery":{"write_seq":108,"retx_held":0,"retx_min_seq":0,"retx_max_seq":0,"retx_sent":5,"retx_skipped_missing":0,"retx_req_sack":0,"retx_req_hol":0,"retx_req_flush":0,"retx_send_errors":0,"send_window_waits":0,"send_window_timeouts":0,"tlp_probes":5,"sacks_recv":83,"last_sack_recv_ms_ago":1805.328758,"last_sack_recv_contig":107,"reorder_next_seq":108,"reorder_pending":0,"reorder_drops":0,"gap_age_ms":0,"sacks_sent":83,"sack_send_errors":0,"last_sack_sent_ms_ago":1835.601623,"wedge_ticks":0,"wedges":0,"longest_wedge_ms":0}},{"rg":49180,"recovery":{"write_seq":97,"retx_held":0,"retx_min_seq":0,"retx_max_seq":0,"retx_sent":3,"retx_skipped_missing":0,"retx_req_sack":0,"retx_req_hol":0,"retx_req_flush":0,"retx_send_errors":0,"send_window_waits":0,"send_window_timeouts":0,"tlp_probes":3,"sacks_recv":75,"last_sack_recv_ms_ago":1823.101129,"last_sack_recv_contig":96,"reorder_next_seq":97,"reorder_pending":0,"reorder_drops":0,"gap_age_ms":0,"sacks_sent":75,"sack_send_errors":0,"last_sack_sent_ms_ago":1865.10594,"wedge_ticks":0,"wedges":0,"longest_wedge_ms":0}},{"rg":49181,"recovery":{"write_seq":168,"retx_held":0,"retx_min_seq":0,"retx_max_seq":0,"retx_sent":6,"retx_skipped_missing":0,"retx_req_sack":0,"retx_req_hol":0,"retx_req_flush":0,"retx_send_errors":0,"send_window_waits":0,"send_window_timeouts":0,"tlp_probes":6,"sacks_recv":89,"last_sack_recv_ms_ago":2113.06205,"last_sack_recv_contig":167,"reorder_next_seq":615,"reorder_pending":0,"reorder_drops":0,"gap_age_ms":0,"sacks_sent":103,"sack_send_errors":0,"last_sack_sent_ms_ago":2109.713848,"wedge_ticks":0,"wedges":0,"longest_wedge_ms":0}},{"rg":49184,"recovery":{"write_seq":71,"retx_held":0,"retx_min_seq":0,"retx_max_seq":0,"retx_sent":33,"retx_skipped_missing":0,"retx_req_sack":0,"retx_req_hol":0,"retx_req_flush":0,"retx_send_errors":0,"send_window_waits":0,"send_window_timeouts":0,"tlp_probes":33,"sacks_recv":54,"last_sack_recv_ms_ago":1493.296952,"last_sack_recv_contig":70,"reorder_next_seq":71,"reorder_pending":0,"reorder_drops":0,"gap_age_ms":0,"sacks_sent":56,"sack_send_errors":0,"last_sack_sent_ms_ago":1392.603355,"wedge_ticks":0,"wedges":0,"longest_wedge_ms":0}}]
20	[{"rg":49174,"recovery":{"write_seq":3845,"retx_held":0,"retx_min_seq":0,"retx_max_seq":0,"retx_sent":256,"retx_skipped_missing":0,"retx_req_sack":124,"retx_req_hol":126,"retx_req_flush":0,"retx_send_errors":0,"send_window_waits":66,"send_window_timeouts":5,"tlp_probes":13,"sacks_recv":779,"last_sack_recv_ms_ago":1709.270298,"last_sack_recv_contig":3844,"reorder_next_seq":31677,"reorder_pending":0,"reorder_drops":0,"gap_age_ms":0,"sacks_sent":1566,"sack_send_errors":0,"last_sack_sent_ms_ago":1720.296059,"wedge_ticks":0,"wedges":0,"longest_wedge_ms":0}},{"rg":49175,"recovery":{"write_seq":1068,"retx_held":0,"retx_min_seq":0,"retx_max_seq":0,"retx_sent":396,"retx_skipped_missing":0,"retx_req_sack":302,"retx_req_hol":82,"retx_req_flush":0,"retx_send_errors":0,"send_window_waits":52,"send_window_timeouts":25,"tlp_probes":21,"sacks_recv":544,"last_sack_recv_ms_ago":1560.244361,"last_sack_recv_contig":1067,"reorder_next_seq":13908,"reorder_pending":0,"reorder_drops":0,"gap_age_ms":0,"sacks_sent":1166,"sack_send_errors":0,"last_sack_sent_ms_ago":1558.031095,"wedge_ticks":0,"wedges":0,"longest_wedge_ms":0}},{"rg":49176,"recovery":{"write_seq":232,"retx_held":0,"retx_min_seq":0,"retx_max_seq":0,"retx_sent":18,"retx_skipped_missing":0,"retx_req_sack":0,"retx_req_hol":0,"retx_req_flush":0,"retx_send_errors":0,"send_window_waits":0,"send_window_timeouts":0,"tlp_probes":18,"sacks_recv":112,"last_sack_recv_ms_ago":578.306955,"last_sack_recv_contig":231,"reorder_next_seq":770,"reorder_pending":0,"reorder_drops":0,"gap_age_ms":0,"sacks_sent":122,"sack_send_errors":0,"last_sack_sent_ms_ago":577.151156,"wedge_ticks":0,"wedges":0,"longest_wedge_ms":0}},{"rg":49178,"recovery":{"write_seq":116,"retx_held":0,"retx_min_seq":0,"retx_max_seq":0,"retx_sent":25,"retx_skipped_missing":0,"retx_req_sack":0,"retx_req_hol":0,"retx_req_flush":0,"retx_send_errors":0,"send_window_waits":0,"send_window_timeouts":0,"tlp_probes":25,"sacks_recv":89,"last_sack_recv_ms_ago":1709.447612,"last_sack_recv_contig":115,"reorder_next_seq":116,"reorder_pending":0,"reorder_drops":0,"gap_age_ms":0,"sacks_sent":89,"sack_send_errors":0,"last_sack_sent_ms_ago":1710.994877,"wedge_ticks":0,"wedges":0,"longest_wedge_ms":0}},{"rg":49179,"recovery":{"write_seq":116,"retx_held":0,"retx_min_seq":0,"retx_max_seq":0,"retx_sent":5,"retx_skipped_missing":0,"retx_req_sack":0,"retx_req_hol":0,"retx_req_flush":0,"retx_send_errors":0,"send_window_waits":0,"send_window_timeouts":0,"tlp_probes":5,"sacks_recv":89,"last_sack_recv_ms_ago":1447.61107,"last_sack_recv_contig":115,"reorder_next_seq":116,"reorder_pending":0,"reorder_drops":0,"gap_age_ms":0,"sacks_sent":89,"sack_send_errors":0,"last_sack_sent_ms_ago":1450.591629,"wedge_ticks":0,"wedges":0,"longest_wedge_ms":0}},{"rg":49180,"recovery":{"write_seq":105,"retx_held":0,"retx_min_seq":0,"retx_max_seq":0,"retx_sent":3,"retx_skipped_missing":0,"retx_req_sack":0,"retx_req_hol":0,"retx_req_flush":0,"retx_send_errors":0,"send_window_waits":0,"send_window_timeouts":0,"tlp_probes":3,"sacks_recv":81,"last_sack_recv_ms_ago":1474.040298,"last_sack_recv_contig":104,"reorder_next_seq":105,"reorder_pending":0,"reorder_drops":0,"gap_age_ms":0,"sacks_sent":81,"sack_send_errors":0,"last_sack_sent_ms_ago":1474.63836,"wedge_ticks":0,"wedges":0,"longest_wedge_ms":0}},{"rg":49181,"recovery":{"write_seq":180,"retx_held":0,"retx_min_seq":0,"retx_max_seq":0,"retx_sent":7,"retx_skipped_missing":0,"retx_req_sack":0,"retx_req_hol":0,"retx_req_flush":0,"retx_send_errors":0,"send_window_waits":0,"send_window_timeouts":0,"tlp_probes":7,"sacks_recv":97,"last_sack_recv_ms_ago":1724.710758,"last_sack_recv_contig":179,"reorder_next_seq":879,"reorder_pending":0,"reorder_drops":0,"gap_age_ms":0,"sacks_sent":121,"sack_send_errors":0,"last_sack_sent_ms_ago":1724.708445,"wedge_ticks":0,"wedges":0,"longest_wedge_ms":0}},{"rg":49184,"recovery":{"write_seq":79,"retx_held":0,"retx_min_seq":0,"retx_max_seq":0,"retx_sent":33,"retx_skipped_missing":0,"retx_req_sack":0,"retx_req_hol":0,"retx_req_flush":0,"retx_send_errors":0,"send_window_waits":0,"send_window_timeouts":0,"tlp_probes":33,"sacks_recv":61,"last_sack_recv_ms_ago":1118.973102,"last_sack_recv_contig":78,"reorder_next_seq":79,"reorder_pending":0,"reorder_drops":0,"gap_age_ms":0,"sacks_sent":63,"sack_send_errors":0,"last_sack_sent_ms_ago":1144.325055,"wedge_ticks":0,"wedges":0,"longest_wedge_ms":0}}]
21	[{"rg":49174,"recovery":{"write_seq":3936,"retx_held":0,"retx_min_seq":0,"retx_max_seq":0,"retx_sent":257,"retx_skipped_missing":0,"retx_req_sack":124,"retx_req_hol":126,"retx_req_flush":0,"retx_send_errors":0,"send_window_waits":66,"send_window_timeouts":5,"tlp_probes":14,"sacks_recv":807,"last_sack_recv_ms_ago":4488.507739,"last_sack_recv_contig":3935,"reorder_next_seq":36796,"reorder_pending":0,"reorder_drops":0,"gap_age_ms":0,"sacks_sent":1776,"sack_send_errors":0,"last_sack_sent_ms_ago":4497.893024,"wedge_ticks":0,"wedges":0,"longest_wedge_ms":0}},{"rg":49175,"recovery":{"write_seq":1092,"retx_held":0,"retx_min_seq":0,"retx_max_seq":0,"retx_sent":405,"retx_skipped_missing":0,"retx_req_sack":309,"retx_req_hol":86,"retx_req_flush":0,"retx_send_errors":0,"send_window_waits":52,"send_window_timeouts":25,"tlp_probes":23,"sacks_recv":552,"last_sack_recv_ms_ago":4343.067484,"last_sack_recv_contig":1091,"reorder_next_seq":15080,"reorder_pending":0,"reorder_drops":0,"gap_age_ms":0,"sacks_sent":1281,"sack_send_errors":0,"last_sack_sent_ms_ago":4341.93199,"wedge_ticks":0,"wedges":1,"longest_wedge_ms":3493}},{"rg":49176,"recovery":{"write_seq":244,"retx_held":0,"retx_min_seq":0,"retx_max_seq":0,"retx_sent":23,"retx_skipped_missing":0,"retx_req_sack":0,"retx_req_hol":0,"retx_req_flush":0,"retx_send_errors":0,"send_window_waits":0,"send_window_timeouts":0,"tlp_probes":23,"sacks_recv":120,"last_sack_recv_ms_ago":4508.441661,"last_sack_recv_contig":243,"reorder_next_seq":1034,"reorder_pending":0,"reorder_drops":0,"gap_age_ms":0,"sacks_sent":171,"sack_send_errors":0,"last_sack_sent_ms_ago":4497.881497,"wedge_ticks":0,"wedges":0,"longest_wedge_ms":0}},{"rg":49178,"recovery":{"write_seq":125,"retx_held":0,"retx_min_seq":0,"retx_max_seq":0,"retx_sent":26,"retx_skipped_missing":0,"retx_req_sack":0,"retx_req_hol":0,"retx_req_flush":0,"retx_send_errors":0,"send_window_waits":0,"send_window_timeouts":0,"tlp_probes":26,"sacks_recv":97,"last_sack_recv_ms_ago":4488.579875,"last_sack_recv_contig":124,"reorder_next_seq":125,"reorder_pending":0,"reorder_drops":0,"gap_age_ms":0,"sacks_sent":97,"sack_send_errors":0,"last_sack_sent_ms_ago":4487.188656,"wedge_ticks":0,"wedges":0,"longest_wedge_ms":0}},{"rg":49179,"recovery":{"write_seq":125,"retx_held":0,"retx_min_seq":0,"retx_max_seq":0,"retx_sent":5,"retx_skipped_missing":0,"retx_req_sack":0,"retx_req_hol":0,"retx_req_flush":0,"retx_send_errors":0,"send_window_waits":0,"send_window_timeouts":0,"tlp_probes":5,"sacks_recv":97,"last_sack_recv_ms_ago":4229.973526,"last_sack_recv_contig":124,"reorder_next_seq":125,"reorder_pending":0,"reorder_drops":0,"gap_age_ms":0,"sacks_sent":97,"sack_send_errors":0,"last_sack_sent_ms_ago":4234.009661,"wedge_ticks":0,"wedges":0,"longest_wedge_ms":0}},{"rg":49180,"recovery":{"write_seq":114,"retx_held":0,"retx_min_seq":0,"retx_max_seq":0,"retx_sent":3,"retx_skipped_missing":0,"retx_req_sack":0,"retx_req_hol":0,"retx_req_flush":0,"retx_send_errors":0,"send_window_waits":0,"send_window_timeouts":0,"tlp_probes":3,"sacks_recv":88,"last_sack_recv_ms_ago":4255.245193,"last_sack_recv_contig":113,"reorder_next_seq":114,"reorder_pending":0,"reorder_drops":0,"gap_age_ms":0,"sacks_sent":88,"sack_send_errors":0,"last_sack_sent_ms_ago":4255.108657,"wedge_ticks":0,"wedges":0,"longest_wedge_ms":0}},{"rg":49181,"recovery":{"write_seq":189,"retx_held":0,"retx_min_seq":0,"retx_max_seq":0,"retx_sent":7,"retx_skipped_missing":0,"retx_req_sack":0,"retx_req_hol":0,"retx_req_flush":0,"retx_send_errors":0,"send_window_waits":0,"send_window_timeouts":0,"tlp_probes":7,"sacks_recv":104,"last_sack_recv_ms_ago":4507.408478,"last_sack_recv_contig":188,"reorder_next_seq":888,"reorder_pending":0,"reorder_drops":0,"gap_age_ms":0,"sacks_sent":128,"sack_send_errors":0,"last_sack_sent_ms_ago":4498.076818,"wedge_ticks":0,"wedges":0,"longest_wedge_ms":0}},{"rg":49184,"recovery":{"write_seq":88,"retx_held":0,"retx_min_seq":0,"retx_max_seq":0,"retx_sent":39,"retx_skipped_missing":0,"retx_req_sack":0,"retx_req_hol":0,"retx_req_flush":0,"retx_send_errors":0,"send_window_waits":0,"send_window_timeouts":0,"tlp_probes":39,"sacks_recv":68,"last_sack_recv_ms_ago":3003.430009,"last_sack_recv_contig":87,"reorder_next_seq":88,"reorder_pending":0,"reorder_drops":0,"gap_age_ms":0,"sacks_sent":70,"sack_send_errors":0,"last_sack_sent_ms_ago":3548.28917,"wedge_ticks":0,"wedges":0,"longest_wedge_ms":0}}]
# exit	[{"rg":49174,"recovery":{"write_seq":36799,"retx_held":1,"retx_min_seq":36798,"retx_max_seq":36798,"retx_sent":3678,"retx_skipped_missing":0,"retx_req_sack":3015,"retx_req_hol":729,"retx_req_flush":0,"retx_send_errors":0,"send_window_waits":233,"send_window_timeouts":42,"tlp_probes":6,"sacks_recv":1777,"last_sack_recv_ms_ago":4869.210004,"last_sack_recv_contig":36797,"reorder_next_seq":3939,"reorder_pending":0,"reorder_drops":0,"gap_age_ms":0,"sacks_sent":810,"sack_send_errors":0,"last_sack_sent_ms_ago":25.434972,"wedge_ticks":0,"wedges":0,"longest_wedge_ms":0},"legs":[{"tp":"7420f415","standby":false,"retransmits":2218,"dup_bytes":2762981,"ack_delay_ms":250.362186375,"sent_bytes":340778755,"sent_packets":22812,"recv_bytes":71078205,"recv_packets":2255},{"tp":"dc5330cf","standby":false,"retransmits":1460,"dup_bytes":9445807,"ack_delay_ms":0,"sent_bytes":265623865,"sent_packets":17655,"recv_bytes":73051126,"recv_packets":1929}]},{"rg":49175,"recovery":{"write_seq":15083,"retx_held":1,"retx_min_seq":15082,"retx_max_seq":15082,"retx_sent":1518,"retx_skipped_missing":0,"retx_req_sack":1233,"retx_req_hol":319,"retx_req_flush":0,"retx_send_errors":0,"send_window_waits":164,"send_window_timeouts":64,"tlp_probes":14,"sacks_recv":1282,"last_sack_recv_ms_ago":4728.741351,"last_sack_recv_contig":15081,"reorder_next_seq":1095,"reorder_pending":0,"reorder_drops":0,"gap_age_ms":0,"sacks_sent":554,"sack_send_errors":0,"last_sack_sent_ms_ago":30.614343,"wedge_ticks":0,"wedges":5,"longest_wedge_ms":2999},"legs":[{"tp":"38288b5a","standby":false,"retransmits":511,"dup_bytes":6003128,"ack_delay_ms":0,"sent_bytes":89278668,"sent_packets":5929,"recv_bytes":8500639,"recv_packets":261},{"tp":"57c570d9","standby":false,"retransmits":1007,"dup_bytes":11179941,"ack_delay_ms":402.527807,"sent_bytes":163670737,"sent_packets":10660,"recv_bytes":36043424,"recv_packets":1227}]},{"rg":49176,"recovery":{"write_seq":1037,"retx_held":1,"retx_min_seq":1036,"retx_max_seq":1036,"retx_sent":26,"retx_skipped_missing":0,"retx_req_sack":0,"retx_req_hol":0,"retx_req_flush":0,"retx_send_errors":0,"send_window_waits":0,"send_window_timeouts":0,"tlp_probes":26,"sacks_recv":172,"last_sack_recv_ms_ago":4898.879787,"last_sack_recv_contig":1035,"reorder_next_seq":247,"reorder_pending":0,"reorder_drops":0,"gap_age_ms":0,"sacks_sent":122,"sack_send_errors":0,"last_sack_sent_ms_ago":30.584882,"wedge_ticks":0,"wedges":0,"longest_wedge_ms":0},"legs":[{"tp":"57c570d9","standby":false,"retransmits":26,"dup_bytes":1188,"ack_delay_ms":4915.640407442325,"sent_bytes":14149710,"sent_packets":1063,"recv_bytes":4176147,"recv_packets":270}]},{"rg":49178,"recovery":{"write_seq":128,"retx_held":1,"retx_min_seq":127,"retx_max_seq":127,"retx_sent":24,"retx_skipped_missing":0,"retx_req_sack":0,"retx_req_hol":0,"retx_req_flush":0,"retx_send_errors":0,"send_window_waits":0,"send_window_timeouts":0,"tlp_probes":24,"sacks_recv":98,"last_sack_recv_ms_ago":4869.232965,"last_sack_recv_contig":126,"reorder_next_seq":128,"reorder_pending":0,"reorder_drops":0,"gap_age_ms":0,"sacks_sent":99,"sack_send_errors":0,"last_sack_sent_ms_ago":25.491253,"wedge_ticks":0,"wedges":0,"longest_wedge_ms":0},"legs":[{"tp":"7420f415","standby":false,"retransmits":24,"dup_bytes":312,"ack_delay_ms":818.621748090332,"sent_bytes":4864,"sent_packets":152,"recv_bytes":4928,"recv_packets":154}]},{"rg":49179,"recovery":{"write_seq":127,"retx_held":0,"retx_min_seq":0,"retx_max_seq":0,"retx_sent":8,"retx_skipped_missing":0,"retx_req_sack":0,"retx_req_hol":0,"retx_req_flush":0,"retx_send_errors":0,"send_window_waits":0,"send_window_timeouts":0,"tlp_probes":8,"sacks_recv":98,"last_sack_recv_ms_ago":4469.288795,"last_sack_recv_contig":126,"reorder_next_seq":127,"reorder_pending":0,"reorder_drops":0,"gap_age_ms":0,"sacks_sent":98,"sack_send_errors":0,"last_sack_sent_ms_ago":4881.157514,"wedge_ticks":0,"wedges":0,"longest_wedge_ms":0},"legs":[{"tp":"d0b47ec2","standby":false,"retransmits":8,"dup_bytes":60,"ack_delay_ms":510.561998125,"sent_bytes":4320,"sent_packets":135,"recv_bytes":4224,"recv_packets":132}]},{"rg":49180,"recovery":{"write_seq":116,"retx_held":0,"retx_min_seq":0,"retx_max_seq":0,"retx_sent":2,"retx_skipped_missing":0,"retx_req_sack":0,"retx_req_hol":0,"retx_req_flush":0,"retx_send_errors":0,"send_window_waits":0,"send_window_timeouts":0,"tlp_probes":2,"sacks_recv":89,"last_sack_recv_ms_ago":4460.845732,"last_sack_recv_contig":115,"reorder_next_seq":116,"reorder_pending":0,"reorder_drops":0,"gap_age_ms":0,"sacks_sent":89,"sack_send_errors":0,"last_sack_sent_ms_ago":4907.038551,"wedge_ticks":0,"wedges":0,"longest_wedge_ms":0},"legs":[{"tp":"3de424e0","standby":false,"retransmits":2,"dup_bytes":36,"ack_delay_ms":544.1207617499999,"sent_bytes":3776,"sent_packets":118,"recv_bytes":3808,"recv_packets":119}]},{"rg":49181,"recovery":{"write_seq":891,"retx_held":1,"retx_min_seq":890,"retx_max_seq":890,"retx_sent":2,"retx_skipped_missing":0,"retx_req_sack":0,"retx_req_hol":0,"retx_req_flush":0,"retx_send_errors":0,"send_window_waits":0,"send_window_timeouts":0,"tlp_probes":2,"sacks_recv":129,"last_sack_recv_ms_ago":4895.246542,"last_sack_recv_contig":889,"reorder_next_seq":192,"reorder_pending":0,"reorder_drops":0,"gap_age_ms":0,"sacks_sent":106,"sack_send_errors":0,"last_sack_sent_ms_ago":32.84197,"wedge_ticks":0,"wedges":0,"longest_wedge_ms":0},"legs":[{"tp":"b414796d","standby":false,"retransmits":2,"dup_bytes":694,"ack_delay_ms":296.81221375036625,"sent_bytes":12175885,"sent_packets":893,"recv_bytes":2507128,"recv_packets":199}]},{"rg":49184,"recovery":{"write_seq":90,"retx_held":0,"retx_min_seq":0,"retx_max_seq":0,"retx_sent":28,"retx_skipped_missing":0,"retx_req_sack":0,"retx_req_hol":0,"retx_req_flush":0,"retx_send_errors":0,"send_window_waits":0,"send_window_timeouts":0,"tlp_probes":28,"sacks_recv":71,"last_sack_recv_ms_ago":3577.768071,"last_sack_recv_contig":89,"reorder_next_seq":90,"reorder_pending":0,"reorder_drops":0,"gap_age_ms":0,"sacks_sent":69,"sack_send_errors":0,"last_sack_sent_ms_ago":4718.674324,"wedge_ticks":0,"wedges":0,"longest_wedge_ms":0},"legs":[{"tp":"49817e29","standby":false,"retransmits":28,"dup_bytes":468,"ack_delay_ms":1182.40392475,"sent_bytes":3776,"sent_packets":118,"recv_bytes":4128,"recv_packets":129}]}]
