[2026-04-22T12:32:58-05:00] DEBUG [proc:vpn-server:8cca0f59108046d1a160c1f1c2203543]: Calling app RunFunc
[2026-04-22T12:32:58-05:00] DEBUG [proc:vpn-server:8cca0f59108046d1a160c1f1c2203543]: Associated and serving proc conn.
[2026-04-22T12:32:58-05:00] DEBUG [proc:skychat:6f5dc1e39f47470c988670df10331632]: Calling app RunFunc
[2026-04-22T12:32:58-05:00] DEBUG [proc:skychat:6f5dc1e39f47470c988670df10331632]: Associated and serving proc conn.
[2026-04-22T12:32:58-05:00] INFO [proc:skychat:6f5dc1e39f47470c988670df10331632]: App skychat is Running
[2026-04-22T12:32:58-05:00] DEBUG Accept [proc:skychat:6f5dc1e39f47470c988670df10331632]: Getting listener...
[2026-04-22T12:32:58-05:00] DEBUG [proc:skysocks:5e2243e7f2ae4bce863a9e863f69e19c]: Calling app RunFunc
[2026-04-22T12:32:58-05:00] DEBUG Accept [proc:skychat:6f5dc1e39f47470c988670df10331632]: Getting listener...
[2026-04-22T12:32:58-05:00] DEBUG [proc:skysocks:5e2243e7f2ae4bce863a9e863f69e19c]: Associated and serving proc conn.
[2026-04-22T12:32:58-05:00] INFO [proc:skysocks:5e2243e7f2ae4bce863a9e863f69e19c]: App skysocks is Running
[2026-04-22T12:32:58-05:00] ERROR [proc:skychat:6f5dc1e39f47470c988670df10331632]: App RunFunc returned error error="listen tcp 127.0.0.1:8001: bind: address already in use"
[2026-04-22T12:32:58-05:00] DEBUG Accept [proc:skysocks:5e2243e7f2ae4bce863a9e863f69e19c]: Getting listener...
[2026-04-22T12:32:58-05:00] DEBUG Accept [proc:skysocks:5e2243e7f2ae4bce863a9e863f69e19c]: Reserving next ID...
[2026-04-22T12:32:58-05:00] DEBUG Accept [proc:skysocks:5e2243e7f2ae4bce863a9e863f69e19c]: Accepting conn...
[2026-04-22T12:33:15-05:00] ERROR [proc:vpn-server:8cca0f59108046d1a160c1f1c2203543]: App RunFunc returned error error="error getting iptables forward policy: error running command "pkexec sh -c iptables -L | grep "Chain FORWARD" | tr -d '()' | awk '{print $4}'": exit status 126: Error executing command as another user: Request dismissed
"
[2026-04-22T12:48:14-05:00] ERROR [proc:skysocks:5e2243e7f2ae4bce863a9e863f69e19c]: App RunFunc returned error error="connection is shut down"
[2026-04-22T13:05:09-05:00] INFO [visor:startup]: Begin startup. public_key=0282213369836321323dfaa492564ceb8a9a5e7e8ff044c46c92949a787ec51fb0
[2026-04-22T13:05:09-05:00] INFO [visor:startup]: main module set to hypervisor
[2026-04-22T13:05:09-05:00] DEBUG [hypervisor]: Starting
[2026-04-22T13:05:09-05:00] DEBUG [visor]: Starting
[2026-04-22T13:05:09-05:00] DEBUG [dht]: Starting
[2026-04-22T13:05:09-05:00] DEBUG [stcpr]: Starting
[2026-04-22T13:05:09-05:00] DEBUG [system_survey]: Starting
[2026-04-22T13:05:09-05:00] DEBUG [transports]: Starting
[2026-04-22T13:05:09-05:00] DEBUG [tpd_concurrency]: Starting
[2026-04-22T13:05:09-05:00] DEBUG [transportable]: Starting
[2026-04-22T13:05:09-05:00] DEBUG [transport]: Starting
[2026-04-22T13:05:09-05:00] DEBUG [dmsg_ctrl]: Starting
[2026-04-22T13:05:09-05:00] DEBUG [public_autoconnect]: Starting
[2026-04-22T13:05:09-05:00] DEBUG [dmsg]: Starting
[2026-04-22T13:05:09-05:00] DEBUG [dmsg_http]: Starting
[2026-04-22T13:05:09-05:00] DEBUG [dmsg_trackers]: Starting
[2026-04-22T13:05:09-05:00] DEBUG [embedded_tps]: Starting
[2026-04-22T13:05:09-05:00] DEBUG [embedded_route_setup]: Starting
[2026-04-22T13:05:09-05:00] DEBUG [sky_forward_conn]: Starting
[2026-04-22T13:05:09-05:00] DEBUG [address_resolver]: Starting
[2026-04-22T13:05:09-05:00] DEBUG [dmsg_pty]: Starting
[2026-04-22T13:05:09-05:00] DEBUG [router]: Starting
[2026-04-22T13:05:09-05:00] DEBUG [dmsghttp_logserver]: Starting
[2026-04-22T13:05:09-05:00] DEBUG [embedded_dmsgweb]: Starting
[2026-04-22T13:05:09-05:00] DEBUG [stcp]: Starting
[2026-04-22T13:05:09-05:00] DEBUG [uptime_tracker]: Starting
[2026-04-22T13:05:09-05:00] DEBUG [embedded_skynetweb]: Starting
[2026-04-22T13:05:09-05:00] DEBUG [ping]: Starting
[2026-04-22T13:05:09-05:00] DEBUG [ui_server]: Starting
[2026-04-22T13:05:09-05:00] DEBUG [node_health]: Starting
[2026-04-22T13:05:09-05:00] DEBUG [latency_probe]: Starting
[2026-04-22T13:05:09-05:00] DEBUG [self_probe]: Starting
[2026-04-22T13:05:09-05:00] DEBUG [discovery]: Starting
[2026-04-22T13:05:09-05:00] DEBUG [skynet_ports]: Starting
[2026-04-22T13:05:09-05:00] DEBUG [dmsg_server_latency]: Starting
[2026-04-22T13:05:09-05:00] DEBUG [public_visor]: Starting
[2026-04-22T13:05:09-05:00] DEBUG [stun_client]: Starting
[2026-04-22T13:05:09-05:00] DEBUG [hypervisors]: Starting
[2026-04-22T13:05:09-05:00] DEBUG [event_broadcaster]: Starting
[2026-04-22T13:05:09-05:00] DEBUG [event_broadcaster]: Initialized.
[2026-04-22T13:05:09-05:00] DEBUG [launcher]: Starting
[2026-04-22T13:05:09-05:00] DEBUG [transport_setup]: Starting
[2026-04-22T13:05:09-05:00] DEBUG [sudph]: Starting
[2026-04-22T13:05:09-05:00] DEBUG [cli]: Starting
[2026-04-22T13:05:09-05:00] DEBUG [dmsg_ping]: Starting
[2026-04-22T13:05:09-05:00] DEBUG direct.NewClient [dmsg_http:direct_client]: Created Direct client.
[2026-04-22T13:05:09-05:00] DEBUG [dmsg_http]: Initialized.
[2026-04-22T13:05:09-05:00] DEBUG disc.NewHTTP [dmsgC:disc]: Created HTTP client. addr="http://dmsgd.skywire.skycoin.com"
[2026-04-22T13:05:09-05:00] DEBUG [dmsg_http:dmsgDC]: Connecting to dmsg network...
 public_key=0282213369836321323dfaa492564ceb8a9a5e7e8ff044c46c92949a787ec51fb0
[2026-04-22T13:05:09-05:00] DEBUG [dmsgC]: Discovering dmsg servers...
[2026-04-22T13:05:09-05:00] DEBUG [dmsg_http:dmsgDC]: Discovering dmsg servers...
[2026-04-22T13:05:09-05:00] INFO [dmsg_http:dmsgDC]: Initial post entry succeeded
[2026-04-22T13:05:09-05:00] DEBUG [dmsg_http:dmsgDC]: Dialing session... remote_pk=03717576ada5b1744e395c66c2bb11cea73b0e23d0dcd54422139b1a7f12e962c4
[2026-04-22T13:05:09-05:00] INFO [dmsg_grpc]: No hypervisor PKs or dmsgpty whitelist configured; DMSG gRPC server disabled
[2026-04-22T13:05:09-05:00] DEBUG [cli]: Initialized.
[2026-04-22T13:05:09-05:00] INFO [cli_grpc]: CLI gRPC server listening on localhost:3436 (multiplexed)
[2026-04-22T13:05:09-05:00] INFO [cli_rpc]: CLI RPC server listening on localhost:3436 (max 50 concurrent connections, multiplexed)
[2026-04-22T13:05:09-05:00] INFO [dmsg_http:dmsgDC]: yamux stream session initial for 03717576ada5b1744e395c66c2bb11cea73b0e23d0dcd54422139b1a7f12e962c4
[2026-04-22T13:05:09-05:00] DEBUG [dmsg_http:dmsgDC]: Updating entry.
 entry=	version: 0.0.1
	sequence: 0
	registered at: 0
	static public key: 0282213369836321323dfaa492564ceb8a9a5e7e8ff044c46c92949a787ec51fb0
	signature: 
	entry is registered as client. Related info: 
		delegated servers: 
			03717576ada5b1744e395c66c2bb11cea73b0e23d0dcd54422139b1a7f12e962c4


[2026-04-22T13:05:09-05:00] DEBUG [dmsg_http:dmsgDC]: Dmsg network ready.
[2026-04-22T13:05:09-05:00] INFO [dmsg_http]: DMSG HTTP transport ready
[2026-04-22T13:05:09-05:00] DEBUG [dmsg_http:dmsgDC]: Serving session. remote_pk=03717576ada5b1744e395c66c2bb11cea73b0e23d0dcd54422139b1a7f12e962c4
[2026-04-22T13:05:10-05:00] DEBUG [uptime_tracker]: Initialized.
[2026-04-22T13:05:10-05:00] INFO [dmsgC]: Initial post entry succeeded
[2026-04-22T13:05:10-05:00] DEBUG [dmsgC]: Dialing session... remote_pk=02a2d4c346dabd165fd555dfdba4a7f4d18786fe7e055e562397cd5102bdd7f8dd
[2026-04-22T13:05:10-05:00] INFO [dmsgC]: yamux stream session initial for 02a2d4c346dabd165fd555dfdba4a7f4d18786fe7e055e562397cd5102bdd7f8dd
[2026-04-22T13:05:10-05:00] DEBUG [dmsgC]: Updating entry.
 entry=	version: 0.0.1
	sequence: 6
	registered at: 1776880738492779129
	static public key: 0282213369836321323dfaa492564ceb8a9a5e7e8ff044c46c92949a787ec51fb0
	signature: 200d6ac5ee3ca6e7c96d2a459f678404fff8f557c85dfbe83493beee153f31af5a78008dfc300c813a838829e48d0e06ca7744d9ddcdc213b7043861ff640d8a00
	entry is registered as client. Related info: 
		delegated servers: 
			02a2d4c346dabd165fd555dfdba4a7f4d18786fe7e055e562397cd5102bdd7f8dd


[2026-04-22T13:05:10-05:00] DEBUG [dmsgC]: Dialing session... remote_pk=0281a102c82820e811368c8d028cf11b1a985043b726b1bcdb8fce89b27384b2cb
[2026-04-22T13:05:10-05:00] INFO [dmsg]: DMSG client connected and ready.
[2026-04-22T13:05:10-05:00] DEBUG [dmsgC]: Serving session. remote_pk=02a2d4c346dabd165fd555dfdba4a7f4d18786fe7e055e562397cd5102bdd7f8dd
[2026-04-22T13:05:10-05:00] INFO [dmsg]: Seeded DMSG entry cache with deployment service PKs count=7
[2026-04-22T13:05:10-05:00] DEBUG [dmsg]: Initialized.
[2026-04-22T13:05:10-05:00] INFO [dmsg_ping]: Dmsg ping listener started port=8
[2026-04-22T13:05:10-05:00] DEBUG [dmsg_trackers]: Initialized.
[2026-04-22T13:05:10-05:00] DEBUG [dmsg_ping]: Initialized.
[2026-04-22T13:05:10-05:00] DEBUG [hypervisors]: Initialized.
[2026-04-22T13:05:10-05:00] DEBUG [embedded_dmsgweb]: dmsg_web section absent; not constructing resolver
[2026-04-22T13:05:10-05:00] DEBUG [embedded_dmsgweb]: Initialized.
[2026-04-22T13:05:10-05:00] DEBUG [dmsg_pty]: Initialized.
[2026-04-22T13:05:10-05:00] INFO [node_health]: Initializing node health tracker rsn_count=2 tps_count=10
[2026-04-22T13:05:10-05:00] DEBUG [embedded_route_setup]: No embedded route setup-node configured (route_setup_sk empty), skipping
[2026-04-22T13:05:10-05:00] INFO [node_health]: Node health tracking started
[2026-04-22T13:05:10-05:00] DEBUG [embedded_tps]: No embedded TPS configured (tps_sk empty), skipping
[2026-04-22T13:05:10-05:00] DEBUG [embedded_tps]: Initialized.
[2026-04-22T13:05:10-05:00] INFO [dmsg_server_latency]: DMSG server latency tracking started
[2026-04-22T13:05:10-05:00] DEBUG [node_health]: Initialized.
[2026-04-22T13:05:10-05:00] DEBUG [dmsg_server_latency]: Initialized.
[2026-04-22T13:05:10-05:00] DEBUG [embedded_route_setup]: Initialized.
[2026-04-22T13:05:11-05:00] INFO [dmsgC]: yamux stream session initial for 0281a102c82820e811368c8d028cf11b1a985043b726b1bcdb8fce89b27384b2cb
[2026-04-22T13:05:11-05:00] DEBUG [dmsgC]: Serving session. remote_pk=0281a102c82820e811368c8d028cf11b1a985043b726b1bcdb8fce89b27384b2cb
[2026-04-22T13:05:12-05:00] DEBUG [dmsgC]: Stream handshake failed, continuing. error="dmsg error 306 - request has no associated listener" session=02a2d4c346dabd165fd555dfdba4a7f4d18786fe7e055e562397cd5102bdd7f8dd
[2026-04-22T13:05:12-05:00] DEBUG [dmsgC]: Stream handshake failed, continuing. error="dmsg error 306 - request has no associated listener" session=0281a102c82820e811368c8d028cf11b1a985043b726b1bcdb8fce89b27384b2cb
[2026-04-22T13:05:12-05:00] DEBUG [dmsgC]: Stream handshake failed, continuing. error="dmsg error 306 - request has no associated listener" session=02a2d4c346dabd165fd555dfdba4a7f4d18786fe7e055e562397cd5102bdd7f8dd
[2026-04-22T13:05:12-05:00] DEBUG [dmsgC]: Stream handshake failed, continuing. error="dmsg error 306 - request has no associated listener" session=02a2d4c346dabd165fd555dfdba4a7f4d18786fe7e055e562397cd5102bdd7f8dd
[2026-04-22T13:05:13-05:00] DEBUG [dmsgC]: Stream handshake failed, continuing. error="dmsg error 306 - request has no associated listener" session=02a2d4c346dabd165fd555dfdba4a7f4d18786fe7e055e562397cd5102bdd7f8dd
[2026-04-22T13:05:13-05:00] DEBUG [dmsgC]: Stream handshake failed, continuing. error="dmsg error 306 - request has no associated listener" session=0281a102c82820e811368c8d028cf11b1a985043b726b1bcdb8fce89b27384b2cb
[2026-04-22T13:05:13-05:00] DEBUG [dmsgC]: Stream handshake failed, continuing. error="dmsg error 306 - request has no associated listener" session=0281a102c82820e811368c8d028cf11b1a985043b726b1bcdb8fce89b27384b2cb
[2026-04-22T13:05:13-05:00] DEBUG [dmsg_http:dmsgDC]: Stream handshake failed, continuing. error="dmsg error 306 - request has no associated listener" session=03717576ada5b1744e395c66c2bb11cea73b0e23d0dcd54422139b1a7f12e962c4
[2026-04-22T13:05:13-05:00] DEBUG [dmsgC]: Stream handshake failed, continuing. error="dmsg error 306 - request has no associated listener" session=02a2d4c346dabd165fd555dfdba4a7f4d18786fe7e055e562397cd5102bdd7f8dd
[2026-04-22T13:05:14-05:00] DEBUG [dmsgC]: Stream handshake failed, continuing. error="dmsg error 306 - request has no associated listener" session=02a2d4c346dabd165fd555dfdba4a7f4d18786fe7e055e562397cd5102bdd7f8dd
[2026-04-22T13:05:14-05:00] DEBUG [dmsg_http:dmsgDC]: Stream handshake failed, continuing. error="dmsg error 306 - request has no associated listener" session=03717576ada5b1744e395c66c2bb11cea73b0e23d0dcd54422139b1a7f12e962c4
[2026-04-22T13:05:14-05:00] DEBUG [dmsgC]: Stream handshake failed, continuing. error="dmsg error 306 - request has no associated listener" session=02a2d4c346dabd165fd555dfdba4a7f4d18786fe7e055e562397cd5102bdd7f8dd
[2026-04-22T13:05:14-05:00] DEBUG [dmsgC]: Stream handshake failed, continuing. error="dmsg error 306 - request has no associated listener" session=0281a102c82820e811368c8d028cf11b1a985043b726b1bcdb8fce89b27384b2cb
[2026-04-22T13:05:15-05:00] INFO [dmsg_server_latency]: Measuring DMSG server latencies via self-ping servers=2
[2026-04-22T13:05:16-05:00] DEBUG [dmsg_ping]: Accepted dmsg ping conn from 0282213369836321323dfaa492564ceb8a9a5e7e8ff044c46c92949a787ec51fb0:49153
[2026-04-22T13:05:16-05:00] DEBUG [dmsg_ping]: Echoed dmsg ping response
[2026-04-22T13:05:16-05:00] DEBUG [dmsgC]: Stream handshake failed, continuing. error="dmsg error 306 - request has no associated listener" session=02a2d4c346dabd165fd555dfdba4a7f4d18786fe7e055e562397cd5102bdd7f8dd
[2026-04-22T13:05:17-05:00] DEBUG [dmsgC]: Stream handshake failed, continuing. error="dmsg error 306 - request has no associated listener" session=02a2d4c346dabd165fd555dfdba4a7f4d18786fe7e055e562397cd5102bdd7f8dd
[2026-04-22T13:05:17-05:00] DEBUG [dmsg_ping]: Echoed dmsg ping response
[2026-04-22T13:05:17-05:00] DEBUG [dmsgC]: Stream handshake failed, continuing. error="dmsg error 306 - request has no associated listener" session=02a2d4c346dabd165fd555dfdba4a7f4d18786fe7e055e562397cd5102bdd7f8dd
[2026-04-22T13:05:17-05:00] DEBUG [dmsgC]: Stream handshake failed, continuing. error="dmsg error 306 - request has no associated listener" session=02a2d4c346dabd165fd555dfdba4a7f4d18786fe7e055e562397cd5102bdd7f8dd
[2026-04-22T13:05:17-05:00] DEBUG [dmsg_ping]: Echoed dmsg ping response
[2026-04-22T13:05:17-05:00] DEBUG [dmsgC]: Stream handshake failed, continuing. error="dmsg error 306 - request has no associated listener" session=02a2d4c346dabd165fd555dfdba4a7f4d18786fe7e055e562397cd5102bdd7f8dd
[2026-04-22T13:05:17-05:00] INFO [dmsg_server_latency]: Measured DMSG server latency elapsed=1.929s latency=548ms server=02a2d4c346dabd16...
[2026-04-22T13:05:17-05:00] DEBUG [dmsg_http:dmsgDC]: Stream handshake failed, continuing. error="dmsg error 306 - request has no associated listener" session=03717576ada5b1744e395c66c2bb11cea73b0e23d0dcd54422139b1a7f12e962c4
[2026-04-22T13:05:17-05:00] DEBUG [dmsg_http:dmsgDC]: Stream handshake failed, continuing. error="dmsg error 306 - request has no associated listener" session=03717576ada5b1744e395c66c2bb11cea73b0e23d0dcd54422139b1a7f12e962c4
[2026-04-22T13:05:18-05:00] DEBUG [dmsg_ping]: Accepted dmsg ping conn from 0282213369836321323dfaa492564ceb8a9a5e7e8ff044c46c92949a787ec51fb0:49154
[2026-04-22T13:05:18-05:00] DEBUG [dmsgC]: Stream handshake failed, continuing. error="dmsg error 306 - request has no associated listener" session=0281a102c82820e811368c8d028cf11b1a985043b726b1bcdb8fce89b27384b2cb
[2026-04-22T13:05:18-05:00] DEBUG [dmsg_ping]: Echoed dmsg ping response
[2026-04-22T13:05:18-05:00] DEBUG [dmsg_http:dmsgDC]: Stream handshake failed, continuing. error="dmsg error 306 - request has no associated listener" session=03717576ada5b1744e395c66c2bb11cea73b0e23d0dcd54422139b1a7f12e962c4
[2026-04-22T13:05:18-05:00] DEBUG [dmsgC]: Stream handshake failed, continuing. error="dmsg error 306 - request has no associated listener" session=02a2d4c346dabd165fd555dfdba4a7f4d18786fe7e055e562397cd5102bdd7f8dd
[2026-04-22T13:05:19-05:00] DEBUG [dmsg_ping]: Echoed dmsg ping response
[2026-04-22T13:05:19-05:00] DEBUG [dmsgC]: Stream handshake failed, continuing. error="dmsg error 306 - request has no associated listener" session=02a2d4c346dabd165fd555dfdba4a7f4d18786fe7e055e562397cd5102bdd7f8dd
[2026-04-22T13:05:19-05:00] DEBUG [dmsgC]: Stream handshake failed, continuing. error="dmsg error 306 - request has no associated listener" session=02a2d4c346dabd165fd555dfdba4a7f4d18786fe7e055e562397cd5102bdd7f8dd
[2026-04-22T13:05:19-05:00] DEBUG [dmsgC]: Stream handshake failed, continuing. error="dmsg error 306 - request has no associated listener" session=0281a102c82820e811368c8d028cf11b1a985043b726b1bcdb8fce89b27384b2cb
[2026-04-22T13:05:19-05:00] DEBUG [dmsg_ping]: Echoed dmsg ping response
[2026-04-22T13:05:19-05:00] INFO [dmsg_server_latency]: Measured DMSG server latency elapsed=1.95s latency=554ms server=0281a102c82820e8...
[2026-04-22T13:05:19-05:00] DEBUG [dmsg_http:dmsgDC]: Stream handshake failed, continuing. error="dmsg error 306 - request has no associated listener" session=03717576ada5b1744e395c66c2bb11cea73b0e23d0dcd54422139b1a7f12e962c4
[2026-04-22T13:05:20-05:00] DEBUG [dmsgC]: Stream handshake failed, continuing. error="dmsg error 306 - request has no associated listener" session=02a2d4c346dabd165fd555dfdba4a7f4d18786fe7e055e562397cd5102bdd7f8dd
[2026-04-22T13:05:20-05:00] DEBUG [dmsgC]: Stream handshake failed, continuing. error="dmsg error 306 - request has no associated listener" session=02a2d4c346dabd165fd555dfdba4a7f4d18786fe7e055e562397cd5102bdd7f8dd
[2026-04-22T13:05:20-05:00] DEBUG [dmsg_http:dmsgDC]: Stream handshake failed, continuing. error="dmsg error 306 - request has no associated listener" session=03717576ada5b1744e395c66c2bb11cea73b0e23d0dcd54422139b1a7f12e962c4
[2026-04-22T13:05:20-05:00] DEBUG [dmsgC]: Stream handshake failed, continuing. error="dmsg error 306 - request has no associated listener" session=02a2d4c346dabd165fd555dfdba4a7f4d18786fe7e055e562397cd5102bdd7f8dd
[2026-04-22T13:05:20-05:00] DEBUG [dmsgC]: Stream handshake failed, continuing. error="dmsg error 306 - request has no associated listener" session=02a2d4c346dabd165fd555dfdba4a7f4d18786fe7e055e562397cd5102bdd7f8dd
[2026-04-22T13:05:20-05:00] DEBUG [node_health]: Starting periodic health check of setup nodes
[2026-04-22T13:05:21-05:00] WARN [node_health]: TPS health check failed error="not in dmsg discovery: dmsg error 100 - entry is not found in discovery: entry of public key is not found" pk=030eb6967f6e23e81db0d214f925fc5ce3371e1b059fb8379ae3eb1edfc95e0b46
[2026-04-22T13:05:21-05:00] WARN [node_health]: TPS health check failed error="not in dmsg discovery: dmsg error 100 - entry is not found in discovery: entry of public key is not found" pk=02e582c0a5e5563aad47f561b272e4c3a9f7ac716258b58e58eb50afd83c286a7f
[2026-04-22T13:05:21-05:00] DEBUG [dmsg_http:dmsgDC]: Stream handshake failed, continuing. error="dmsg error 306 - request has no associated listener" session=03717576ada5b1744e395c66c2bb11cea73b0e23d0dcd54422139b1a7f12e962c4
[2026-04-22T13:05:21-05:00] WARN [node_health]: TPS health check failed error="not in dmsg discovery: dmsg error 100 - entry is not found in discovery: entry of public key is not found" pk=02ddc6c749d6ed067bb68df19c9bcb1a58b7587464043b1707398ffa26a9746b26
[2026-04-22T13:05:22-05:00] DEBUG [dmsgC]: Stream handshake failed, continuing. error="dmsg error 306 - request has no associated listener" session=02a2d4c346dabd165fd555dfdba4a7f4d18786fe7e055e562397cd5102bdd7f8dd
[2026-04-22T13:05:22-05:00] WARN [node_health]: TPS health check failed error="not in dmsg discovery: dmsg error 100 - entry is not found in discovery: entry of public key is not found" pk=03aa0b1c4e23616872058c11c6efba777c130a85eaf909945d697399a1eb08426d
[2026-04-22T13:05:22-05:00] DEBUG [dmsg_http:dmsgDC]: Stream handshake failed, continuing. error="dmsg error 306 - request has no associated listener" session=03717576ada5b1744e395c66c2bb11cea73b0e23d0dcd54422139b1a7f12e962c4
[2026-04-22T13:05:22-05:00] WARN [node_health]: TPS health check failed error="not in dmsg discovery: dmsg error 100 - entry is not found in discovery: entry of public key is not found" pk=03adb2c924987d8deef04d02bd95236c5ae172fe5dfe7273e0461d96bf4bc220be
[2026-04-22T13:05:22-05:00] DEBUG [dmsgC]: Stream handshake failed, continuing. error="dmsg error 306 - request has no associated listener" session=02a2d4c346dabd165fd555dfdba4a7f4d18786fe7e055e562397cd5102bdd7f8dd
[2026-04-22T13:05:22-05:00] WARN [node_health]: TPS health check failed error="not in dmsg discovery: dmsg error 100 - entry is not found in discovery: entry of public key is not found" pk=03530b786c670fc7f5ab9021478c7ec9cd06a03f3ea1416c50c4a8889ef5bba80e
[2026-04-22T13:05:22-05:00] INFO []: Closing with received signal. signal=interrupt
[2026-04-22T13:05:22-05:00] WARN [node_health]: TPS health check failed error="not in dmsg discovery: dmsg error 100 - entry is not found in discovery: Get "http://dmsgd.skywire.skycoin.com/dmsg-discovery/entry/03271c0de223b80400d9bd4b7722b536a245eb6c9c3176781ee41e7bac8f9bad21": context canceled" pk=03271c0de223b80400d9bd4b7722b536a245eb6c9c3176781ee41e7bac8f9bad21
[2026-04-22T13:05:22-05:00] INFO [visor:shutdown]: Begin shutdown.
[2026-04-22T13:05:22-05:00] DEBUG [10/10] [visor:shutdown:router.serve]: Shutting down module...
[2026-04-22T13:05:22-05:00] DEBUG [dmsg_pty:cli-server]: Cleanly stopped serving.
[2026-04-22T13:05:22-05:00] DEBUG [10/10] [visor:shutdown:router.serve]: Module stopped cleanly. elapsed=267.45µs
[2026-04-22T13:05:22-05:00] DEBUG [9/10] [visor:shutdown:router.serve]: Shutting down module...
[2026-04-22T13:05:22-05:00] DEBUG [dmsg_pty]: Serve() ended. error=<nil>
[2026-04-22T13:05:22-05:00] DEBUG [dmsg_pty]: Cleanly stopped serving. error="dmsg error 200 - local entity closed"
[2026-04-22T13:05:22-05:00] DEBUG [9/10] [visor:shutdown:router.serve]: Module stopped cleanly. elapsed=276.417µs
[2026-04-22T13:05:22-05:00] DEBUG [8/10] [visor:shutdown:dmsg_tracker_manager]: Shutting down module...
[2026-04-22T13:05:22-05:00] DEBUG [8/10] [visor:shutdown:dmsg_tracker_manager]: Module stopped cleanly. elapsed=135.364µs
[2026-04-22T13:05:22-05:00] DEBUG [7/10] [visor:shutdown:dmsg_ping]: Shutting down module...
[2026-04-22T13:05:22-05:00] DEBUG [7/10] [visor:shutdown:dmsg_ping]: Module stopped cleanly. elapsed=105.819µs
[2026-04-22T13:05:22-05:00] DEBUG [6/10] [visor:shutdown:uptime_tracker]: Shutting down module...
[2026-04-22T13:05:22-05:00] DEBUG [6/10] [visor:shutdown:uptime_tracker]: Module stopped cleanly. elapsed=53.798µs
[2026-04-22T13:05:22-05:00] ERROR [dmsg_ping]: Failed to accept dmsg ping conn error="dmsg error 200 - local entity closed"
[2026-04-22T13:05:22-05:00] DEBUG [5/10] [visor:shutdown:dmsg_http]: Shutting down module...
[2026-04-22T13:05:22-05:00] DEBUG [dmsg_http:dmsgDC]: Stopped serving client!
[2026-04-22T13:05:22-05:00] DEBUG [dmsg_http:dmsgDC]: Session shut down, stopping accept loop. error="session shutdown" session=03717576ada5b1744e395c66c2bb11cea73b0e23d0dcd54422139b1a7f12e962c4
[2026-04-22T13:05:22-05:00] DEBUG [dmsg_http:dmsgDC]: Session closed. error=<nil>
[2026-04-22T13:05:22-05:00] DEBUG [dmsg_http:dmsgDC]: All sessions closed.
[2026-04-22T13:05:22-05:00] DEBUG [dmsg_http:dmsgDC]: Deleting entry.
 entry=	version: 0.0.1
	sequence: 0
	registered at: 0
	static public key: 0282213369836321323dfaa492564ceb8a9a5e7e8ff044c46c92949a787ec51fb0
	signature: 
	entry is registered as client. Related info: 
		delegated servers: 
			03717576ada5b1744e395c66c2bb11cea73b0e23d0dcd54422139b1a7f12e962c4


[2026-04-22T13:05:22-05:00] DEBUG [dmsg_http:dmsgDC]: Entry Deleted successfully.
[2026-04-22T13:05:22-05:00] DEBUG [dmsg_http:dmsgDC]: Disconnected from dmsg network.
 error=<nil>
[2026-04-22T13:05:22-05:00] DEBUG [5/10] [visor:shutdown:dmsg_http]: Module stopped cleanly. elapsed=505.359µs
[2026-04-22T13:05:22-05:00] DEBUG [4/10] [visor:shutdown:cli.grpc]: Shutting down module...
[2026-04-22T13:05:22-05:00] WARN [cli_rpc]: CLI RPC accept error, continuing... error="mux: server closed"
[2026-04-22T13:05:22-05:00] DEBUG [cli_rpc]: CLI RPC listener closed
[2026-04-22T13:05:22-05:00] DEBUG [4/10] [visor:shutdown:cli.grpc]: Module stopped cleanly. elapsed=312.043µs
[2026-04-22T13:05:22-05:00] DEBUG [3/10] [visor:shutdown:cli.listener]: Shutting down module...
[2026-04-22T13:05:22-05:00] WARN [3/10] [visor:shutdown:cli.listener]: Module stopped with unexpected result. elapsed=172.07µs error="close tcp 127.0.0.1:3436: use of closed network connection"
[2026-04-22T13:05:22-05:00] DEBUG [2/10] [visor:shutdown:dmsg]: Shutting down module...
[2026-04-22T13:05:22-05:00] DEBUG [dmsgC]: Stopped serving client!
[2026-04-22T13:05:22-05:00] DEBUG [dmsgC]: Session shut down, stopping accept loop. error="session shutdown" session=02a2d4c346dabd165fd555dfdba4a7f4d18786fe7e055e562397cd5102bdd7f8dd
[2026-04-22T13:05:22-05:00] DEBUG [dmsgC]: Session closed. error=<nil>
[2026-04-22T13:05:22-05:00] DEBUG [dmsgC]: Session closed. error=<nil>
[2026-04-22T13:05:22-05:00] DEBUG [dmsgC]: All sessions closed.
[2026-04-22T13:05:22-05:00] DEBUG [dmsgC]: Session shut down, stopping accept loop. error="session shutdown" session=0281a102c82820e811368c8d028cf11b1a985043b726b1bcdb8fce89b27384b2cb
[2026-04-22T13:05:22-05:00] DEBUG [dmsgC]: Deleting entry.
 entry=	version: 0.0.1
	sequence: 7
	registered at: 1776881110714766404
	static public key: 0282213369836321323dfaa492564ceb8a9a5e7e8ff044c46c92949a787ec51fb0
	signature: cb920a1f7085e8e887aad87122d5550060fa6301faa123b78731bd461313dbaf414add73521af3db85473861bf7c1073b791bae78296d02065d45c83f7186bd301
	entry is registered as client. Related info: 
		delegated servers: 
			02a2d4c346dabd165fd555dfdba4a7f4d18786fe7e055e562397cd5102bdd7f8dd


[2026-04-22T13:05:23-05:00] DEBUG [dmsgC]: Entry Deleted successfully.
[2026-04-22T13:05:23-05:00] DEBUG [2/10] [visor:shutdown:dmsg]: Module stopped cleanly. elapsed=542.331728ms
[2026-04-22T13:05:23-05:00] DEBUG [1/10] [visor:shutdown:event_broadcaster]: Shutting down module...
[2026-04-22T13:05:23-05:00] DEBUG [1/10] [visor:shutdown:event_broadcaster]: Module stopped cleanly. elapsed=110.396µs
[2026-04-22T13:05:23-05:00] INFO [visor:shutdown]: Shutdown complete. Goodbye!
[2026-04-22T13:05:23-05:00] INFO []: Visor closed early.
[2026-04-22T13:07:07-05:00] INFO [visor:startup]: Begin startup. public_key=0282213369836321323dfaa492564ceb8a9a5e7e8ff044c46c92949a787ec51fb0
[2026-04-22T13:07:07-05:00] INFO [visor:startup]: main module set to hypervisor
[2026-04-22T13:07:07-05:00] DEBUG [hypervisor]: Starting
[2026-04-22T13:07:07-05:00] DEBUG [visor]: Starting
[2026-04-22T13:07:07-05:00] DEBUG [transports]: Starting
[2026-04-22T13:07:07-05:00] DEBUG [dht]: Starting
[2026-04-22T13:07:07-05:00] DEBUG [embedded_tps]: Starting
[2026-04-22T13:07:07-05:00] DEBUG [sky_forward_conn]: Starting
[2026-04-22T13:07:07-05:00] DEBUG [dmsg_ctrl]: Starting
[2026-04-22T13:07:07-05:00] DEBUG [dmsg_trackers]: Starting
[2026-04-22T13:07:07-05:00] DEBUG [dmsghttp_logserver]: Starting
[2026-04-22T13:07:07-05:00] DEBUG [event_broadcaster]: Starting
[2026-04-22T13:07:07-05:00] DEBUG [ui_server]: Starting
[2026-04-22T13:07:07-05:00] DEBUG [event_broadcaster]: Initialized.
[2026-04-22T13:07:07-05:00] DEBUG [sudph]: Starting
[2026-04-22T13:07:07-05:00] DEBUG [embedded_route_setup]: Starting
[2026-04-22T13:07:07-05:00] DEBUG [dmsg]: Starting
[2026-04-22T13:07:07-05:00] DEBUG [embedded_dmsgweb]: Starting
[2026-04-22T13:07:07-05:00] DEBUG [public_visor]: Starting
[2026-04-22T13:07:07-05:00] DEBUG [address_resolver]: Starting
[2026-04-22T13:07:07-05:00] DEBUG [dmsg_pty]: Starting
[2026-04-22T13:07:07-05:00] DEBUG [transport]: Starting
[2026-04-22T13:07:07-05:00] DEBUG [self_probe]: Starting
[2026-04-22T13:07:07-05:00] DEBUG [node_health]: Starting
[2026-04-22T13:07:07-05:00] DEBUG [router]: Starting
[2026-04-22T13:07:07-05:00] DEBUG [cli]: Starting
[2026-04-22T13:07:07-05:00] DEBUG [discovery]: Starting
[2026-04-22T13:07:07-05:00] DEBUG [public_autoconnect]: Starting
[2026-04-22T13:07:07-05:00] DEBUG [transport_setup]: Starting
[2026-04-22T13:07:07-05:00] DEBUG [embedded_skynetweb]: Starting
[2026-04-22T13:07:07-05:00] DEBUG [hypervisors]: Starting
[2026-04-22T13:07:07-05:00] DEBUG [dmsg_server_latency]: Starting
[2026-04-22T13:07:07-05:00] DEBUG [latency_probe]: Starting
[2026-04-22T13:07:07-05:00] DEBUG [uptime_tracker]: Starting
[2026-04-22T13:07:07-05:00] DEBUG [dmsg_http]: Starting
[2026-04-22T13:07:07-05:00] DEBUG [ping]: Starting
[2026-04-22T13:07:07-05:00] DEBUG [tpd_concurrency]: Starting
[2026-04-22T13:07:07-05:00] DEBUG [system_survey]: Starting
[2026-04-22T13:07:07-05:00] DEBUG [launcher]: Starting
[2026-04-22T13:07:07-05:00] DEBUG [skynet_ports]: Starting
[2026-04-22T13:07:07-05:00] DEBUG [transportable]: Starting
[2026-04-22T13:07:07-05:00] DEBUG [dmsg_ping]: Starting
[2026-04-22T13:07:07-05:00] DEBUG [stcp]: Starting
[2026-04-22T13:07:07-05:00] DEBUG [stun_client]: Starting
[2026-04-22T13:07:07-05:00] DEBUG [stcpr]: Starting
[2026-04-22T13:07:07-05:00] DEBUG direct.NewClient [dmsg_http:direct_client]: Created Direct client.
[2026-04-22T13:07:07-05:00] DEBUG [dmsg_http]: Initialized.
[2026-04-22T13:07:07-05:00] DEBUG disc.NewHTTP [dmsgC:disc]: Created HTTP client. addr="http://dmsgd.skywire.skycoin.com"
[2026-04-22T13:07:07-05:00] DEBUG [dmsg_http:dmsgDC]: Connecting to dmsg network...
 public_key=0282213369836321323dfaa492564ceb8a9a5e7e8ff044c46c92949a787ec51fb0
[2026-04-22T13:07:07-05:00] DEBUG [dmsgC]: Discovering dmsg servers...
[2026-04-22T13:07:07-05:00] INFO [dmsg_grpc]: No hypervisor PKs or dmsgpty whitelist configured; DMSG gRPC server disabled
[2026-04-22T13:07:07-05:00] DEBUG [cli]: Initialized.
[2026-04-22T13:07:07-05:00] DEBUG [dmsg_http:dmsgDC]: Discovering dmsg servers...
[2026-04-22T13:07:07-05:00] INFO [cli_grpc]: CLI gRPC server listening on localhost:3436 (multiplexed)
[2026-04-22T13:07:07-05:00] INFO [cli_rpc]: CLI RPC server listening on localhost:3436 (max 50 concurrent connections, multiplexed)
[2026-04-22T13:07:07-05:00] INFO [dmsg_http:dmsgDC]: Initial post entry succeeded
[2026-04-22T13:07:07-05:00] DEBUG [dmsg_http:dmsgDC]: Dialing session... remote_pk=03717576ada5b1744e395c66c2bb11cea73b0e23d0dcd54422139b1a7f12e962c4
[2026-04-22T13:07:07-05:00] INFO [dmsg_http:dmsgDC]: yamux stream session initial for 03717576ada5b1744e395c66c2bb11cea73b0e23d0dcd54422139b1a7f12e962c4
[2026-04-22T13:07:07-05:00] DEBUG [dmsg_http:dmsgDC]: Updating entry.
 entry=	version: 0.0.1
	sequence: 0
	registered at: 0
	static public key: 0282213369836321323dfaa492564ceb8a9a5e7e8ff044c46c92949a787ec51fb0
	signature: 
	entry is registered as client. Related info: 
		delegated servers: 
			03717576ada5b1744e395c66c2bb11cea73b0e23d0dcd54422139b1a7f12e962c4


[2026-04-22T13:07:07-05:00] DEBUG [dmsg_http:dmsgDC]: Serving session. remote_pk=03717576ada5b1744e395c66c2bb11cea73b0e23d0dcd54422139b1a7f12e962c4
[2026-04-22T13:07:07-05:00] DEBUG [dmsg_http:dmsgDC]: Dmsg network ready.
[2026-04-22T13:07:07-05:00] INFO [dmsg_http]: DMSG HTTP transport ready
[2026-04-22T13:07:07-05:00] DEBUG [uptime_tracker]: Initialized.
[2026-04-22T13:07:08-05:00] INFO [dmsgC]: Initial post entry succeeded
[2026-04-22T13:07:08-05:00] DEBUG [dmsgC]: Dialing session... remote_pk=02a2d4c346dabd165fd555dfdba4a7f4d18786fe7e055e562397cd5102bdd7f8dd
[2026-04-22T13:07:08-05:00] INFO [dmsgC]: yamux stream session initial for 02a2d4c346dabd165fd555dfdba4a7f4d18786fe7e055e562397cd5102bdd7f8dd
[2026-04-22T13:07:08-05:00] DEBUG [dmsgC]: Updating entry.
 entry=	version: 0.0.1
	sequence: 0
	registered at: 1776881227885784144
	static public key: 0282213369836321323dfaa492564ceb8a9a5e7e8ff044c46c92949a787ec51fb0
	signature: d2be6ac71f309522d00239662550393e9d615b596f824aaa7e3a3fac54563c9261c414ec1b25130564ef5c50e0db8ac9391b54474ef273d6daea5cdabcc6763600
	entry is registered as client. Related info: 
		delegated servers: 
			02a2d4c346dabd165fd555dfdba4a7f4d18786fe7e055e562397cd5102bdd7f8dd


[2026-04-22T13:07:08-05:00] DEBUG [dmsgC]: Dialing session... remote_pk=0326978f5a53aff537dbb47fed58b1f123af3b00132d365f1309a14db4168dcff7
[2026-04-22T13:07:08-05:00] INFO [dmsg]: DMSG client connected and ready.
[2026-04-22T13:07:08-05:00] DEBUG [dmsgC]: Serving session. remote_pk=02a2d4c346dabd165fd555dfdba4a7f4d18786fe7e055e562397cd5102bdd7f8dd
[2026-04-22T13:07:08-05:00] INFO [dmsg]: Seeded DMSG entry cache with deployment service PKs count=7
[2026-04-22T13:07:08-05:00] DEBUG [dmsg]: Initialized.
[2026-04-22T13:07:08-05:00] INFO [dmsg_ping]: Dmsg ping listener started port=8
[2026-04-22T13:07:08-05:00] DEBUG [dmsg_ping]: Initialized.
[2026-04-22T13:07:08-05:00] INFO [node_health]: Initializing node health tracker rsn_count=2 tps_count=10
[2026-04-22T13:07:08-05:00] DEBUG [dmsg_trackers]: Initialized.
[2026-04-22T13:07:08-05:00] DEBUG [embedded_tps]: No embedded TPS configured (tps_sk empty), skipping
[2026-04-22T13:07:08-05:00] DEBUG [embedded_tps]: Initialized.
[2026-04-22T13:07:08-05:00] DEBUG [embedded_route_setup]: No embedded route setup-node configured (route_setup_sk empty), skipping
[2026-04-22T13:07:08-05:00] DEBUG [hypervisors]: Initialized.
[2026-04-22T13:07:08-05:00] INFO [dmsg_server_latency]: DMSG server latency tracking started
[2026-04-22T13:07:08-05:00] DEBUG [dmsg_server_latency]: Initialized.
[2026-04-22T13:07:08-05:00] DEBUG [embedded_dmsgweb]: dmsg_web section absent; not constructing resolver
[2026-04-22T13:07:08-05:00] INFO [node_health]: Node health tracking started
[2026-04-22T13:07:08-05:00] DEBUG [embedded_dmsgweb]: Initialized.
[2026-04-22T13:07:08-05:00] DEBUG [dmsg_pty]: Initialized.
[2026-04-22T13:07:08-05:00] DEBUG [embedded_route_setup]: Initialized.
[2026-04-22T13:07:08-05:00] DEBUG [node_health]: Initialized.
[2026-04-22T13:07:08-05:00] INFO [dmsgC]: yamux stream session initial for 0326978f5a53aff537dbb47fed58b1f123af3b00132d365f1309a14db4168dcff7
[2026-04-22T13:07:08-05:00] DEBUG [dmsgC]: Serving session. remote_pk=0326978f5a53aff537dbb47fed58b1f123af3b00132d365f1309a14db4168dcff7
[2026-04-22T13:07:09-05:00] DEBUG [dmsgC]: Stream handshake failed, continuing. error="dmsg error 306 - request has no associated listener" session=02a2d4c346dabd165fd555dfdba4a7f4d18786fe7e055e562397cd5102bdd7f8dd
[2026-04-22T13:07:11-05:00] DEBUG [dmsgC]: Stream handshake failed, continuing. error="dmsg error 306 - request has no associated listener" session=02a2d4c346dabd165fd555dfdba4a7f4d18786fe7e055e562397cd5102bdd7f8dd
[2026-04-22T13:07:11-05:00] DEBUG [dmsg_http:dmsgDC]: Stream handshake failed, continuing. error="dmsg error 306 - request has no associated listener" session=03717576ada5b1744e395c66c2bb11cea73b0e23d0dcd54422139b1a7f12e962c4
[2026-04-22T13:07:12-05:00] DEBUG [dmsgC]: Stream handshake failed, continuing. error="dmsg error 306 - request has no associated listener" session=02a2d4c346dabd165fd555dfdba4a7f4d18786fe7e055e562397cd5102bdd7f8dd
[2026-04-22T13:07:12-05:00] DEBUG [dmsgC]: Stream handshake failed, continuing. error="dmsg error 306 - request has no associated listener" session=02a2d4c346dabd165fd555dfdba4a7f4d18786fe7e055e562397cd5102bdd7f8dd
[2026-04-22T13:07:13-05:00] DEBUG [dmsg_http:dmsgDC]: Stream handshake failed, continuing. error="dmsg error 306 - request has no associated listener" session=03717576ada5b1744e395c66c2bb11cea73b0e23d0dcd54422139b1a7f12e962c4
[2026-04-22T13:07:13-05:00] DEBUG [dmsgC]: Stream handshake failed, continuing. error="dmsg error 306 - request has no associated listener" session=02a2d4c346dabd165fd555dfdba4a7f4d18786fe7e055e562397cd5102bdd7f8dd
[2026-04-22T13:07:13-05:00] INFO [dmsg_server_latency]: Measuring DMSG server latencies via self-ping servers=2
[2026-04-22T13:07:14-05:00] DEBUG [dmsgC]: Stream handshake failed, continuing. error="dmsg error 306 - request has no associated listener" session=0326978f5a53aff537dbb47fed58b1f123af3b00132d365f1309a14db4168dcff7
[2026-04-22T13:07:14-05:00] DEBUG [dmsg_ping]: Accepted dmsg ping conn from 0282213369836321323dfaa492564ceb8a9a5e7e8ff044c46c92949a787ec51fb0:49153
[2026-04-22T13:07:14-05:00] DEBUG [dmsgC]: Stream handshake failed, continuing. error="dmsg error 306 - request has no associated listener" session=0326978f5a53aff537dbb47fed58b1f123af3b00132d365f1309a14db4168dcff7
[2026-04-22T13:07:14-05:00] DEBUG [dmsg_http:dmsgDC]: Stream handshake failed, continuing. error="dmsg error 306 - request has no associated listener" session=03717576ada5b1744e395c66c2bb11cea73b0e23d0dcd54422139b1a7f12e962c4
[2026-04-22T13:07:14-05:00] DEBUG [dmsg_ping]: Echoed dmsg ping response
[2026-04-22T13:07:14-05:00] DEBUG [dmsgC]: Stream handshake failed, continuing. error="dmsg error 306 - request has no associated listener" session=02a2d4c346dabd165fd555dfdba4a7f4d18786fe7e055e562397cd5102bdd7f8dd
[2026-04-22T13:07:15-05:00] DEBUG [dmsg_ping]: Echoed dmsg ping response
[2026-04-22T13:07:15-05:00] DEBUG [dmsgC]: Stream handshake failed, continuing. error="dmsg error 306 - request has no associated listener" session=02a2d4c346dabd165fd555dfdba4a7f4d18786fe7e055e562397cd5102bdd7f8dd
[2026-04-22T13:07:15-05:00] DEBUG [dmsg_ping]: Echoed dmsg ping response
[2026-04-22T13:07:15-05:00] DEBUG [dmsgC]: Stream handshake failed, continuing. error="dmsg error 306 - request has no associated listener" session=02a2d4c346dabd165fd555dfdba4a7f4d18786fe7e055e562397cd5102bdd7f8dd
[2026-04-22T13:07:15-05:00] INFO [dmsg_server_latency]: Measured DMSG server latency elapsed=1.973s latency=560ms server=02a2d4c346dabd16...
[2026-04-22T13:07:15-05:00] DEBUG [dmsg_ping]: Accepted dmsg ping conn from 0282213369836321323dfaa492564ceb8a9a5e7e8ff044c46c92949a787ec51fb0:49154
[2026-04-22T13:07:15-05:00] DEBUG [dmsg_ping]: Echoed dmsg ping response
[2026-04-22T13:07:15-05:00] DEBUG [dmsg_ping]: Echoed dmsg ping response
[2026-04-22T13:07:15-05:00] DEBUG [dmsg_ping]: Echoed dmsg ping response
[2026-04-22T13:07:15-05:00] INFO [dmsg_server_latency]: Measured DMSG server latency elapsed=21ms latency=4ms server=0326978f5a53aff5...
[2026-04-22T13:07:16-05:00] DEBUG [dmsgC]: Stream handshake failed, continuing. error="dmsg error 306 - request has no associated listener" session=02a2d4c346dabd165fd555dfdba4a7f4d18786fe7e055e562397cd5102bdd7f8dd
[2026-04-22T13:07:16-05:00] DEBUG [dmsgC]: Stream handshake failed, continuing. error="dmsg error 306 - request has no associated listener" session=02a2d4c346dabd165fd555dfdba4a7f4d18786fe7e055e562397cd5102bdd7f8dd
[2026-04-22T13:07:16-05:00] DEBUG [dmsgC]: Stream handshake failed, continuing. error="dmsg error 306 - request has no associated listener" session=0326978f5a53aff537dbb47fed58b1f123af3b00132d365f1309a14db4168dcff7
[2026-04-22T13:07:16-05:00] DEBUG [dmsgC]: Stream handshake failed, continuing. error="dmsg error 306 - request has no associated listener" session=0326978f5a53aff537dbb47fed58b1f123af3b00132d365f1309a14db4168dcff7
[2026-04-22T13:07:16-05:00] DEBUG [dmsgC]: Stream handshake failed, continuing. error="dmsg error 306 - request has no associated listener" session=02a2d4c346dabd165fd555dfdba4a7f4d18786fe7e055e562397cd5102bdd7f8dd
[2026-04-22T13:07:17-05:00] DEBUG [dmsgC]: Stream handshake failed, continuing. error="dmsg error 306 - request has no associated listener" session=0326978f5a53aff537dbb47fed58b1f123af3b00132d365f1309a14db4168dcff7
[2026-04-22T13:07:18-05:00] DEBUG [dmsgC]: Stream handshake failed, continuing. error="dmsg error 306 - request has no associated listener" session=0326978f5a53aff537dbb47fed58b1f123af3b00132d365f1309a14db4168dcff7
[2026-04-22T13:07:18-05:00] DEBUG [dmsgC]: Stream handshake failed, continuing. error="dmsg error 306 - request has no associated listener" session=0326978f5a53aff537dbb47fed58b1f123af3b00132d365f1309a14db4168dcff7
[2026-04-22T13:07:18-05:00] DEBUG [dmsgC]: Stream handshake failed, continuing. error="dmsg error 306 - request has no associated listener" session=02a2d4c346dabd165fd555dfdba4a7f4d18786fe7e055e562397cd5102bdd7f8dd
[2026-04-22T13:07:18-05:00] DEBUG [node_health]: Starting periodic health check of setup nodes
[2026-04-22T13:07:19-05:00] DEBUG [dmsg_http:dmsgDC]: Stream handshake failed, continuing. error="dmsg error 306 - request has no associated listener" session=03717576ada5b1744e395c66c2bb11cea73b0e23d0dcd54422139b1a7f12e962c4
[2026-04-22T13:07:19-05:00] DEBUG [dmsgC]: Stream handshake failed, continuing. error="dmsg error 306 - request has no associated listener" session=02a2d4c346dabd165fd555dfdba4a7f4d18786fe7e055e562397cd5102bdd7f8dd
[2026-04-22T13:07:19-05:00] DEBUG [dmsgC]: Stream handshake failed, continuing. error="dmsg error 306 - request has no associated listener" session=0326978f5a53aff537dbb47fed58b1f123af3b00132d365f1309a14db4168dcff7
[2026-04-22T13:07:19-05:00] DEBUG [dmsgC]: Stream handshake failed, continuing. error="dmsg error 306 - request has no associated listener" session=0326978f5a53aff537dbb47fed58b1f123af3b00132d365f1309a14db4168dcff7
[2026-04-22T13:07:19-05:00] DEBUG [dmsg_http:dmsgDC]: Stream handshake failed, continuing. error="dmsg error 306 - request has no associated listener" session=03717576ada5b1744e395c66c2bb11cea73b0e23d0dcd54422139b1a7f12e962c4
[2026-04-22T13:07:20-05:00] DEBUG [dmsgC]: Stream handshake failed, continuing. error="dmsg error 306 - request has no associated listener" session=02a2d4c346dabd165fd555dfdba4a7f4d18786fe7e055e562397cd5102bdd7f8dd
[2026-04-22T13:07:20-05:00] DEBUG [node_health]: TPS health check passed latency=1.095943717s pk=03271c0de223b80400d9bd4b7722b536a245eb6c9c3176781ee41e7bac8f9bad21
[2026-04-22T13:07:20-05:00] DEBUG [dmsgC]: Stream handshake failed, continuing. error="dmsg error 306 - request has no associated listener" session=0326978f5a53aff537dbb47fed58b1f123af3b00132d365f1309a14db4168dcff7
[2026-04-22T13:07:20-05:00] WARN [node_health]: TPS health check failed error="not in dmsg discovery: dmsg error 100 - entry is not found in discovery: entry of public key is not found" pk=03a792e6d960c88c6fb2184ee4f16714c58b55f0746840617a19f7dd6e021699d9
[2026-04-22T13:07:20-05:00] WARN [node_health]: TPS health check failed error="not in dmsg discovery: dmsg error 100 - entry is not found in discovery: entry of public key is not found" pk=0313efedc579f57f05d4f5bc3fbf0261f31e51cdcfde7e568169acf92c78868926
[2026-04-22T13:07:20-05:00] DEBUG [dmsgC]: Stream handshake failed, continuing. error="dmsg error 306 - request has no associated listener" session=02a2d4c346dabd165fd555dfdba4a7f4d18786fe7e055e562397cd5102bdd7f8dd
[2026-04-22T13:07:20-05:00] WARN [node_health]: TPS health check failed error="not in dmsg discovery: dmsg error 100 - entry is not found in discovery: entry of public key is not found" pk=02e582c0a5e5563aad47f561b272e4c3a9f7ac716258b58e58eb50afd83c286a7f
[2026-04-22T13:07:21-05:00] DEBUG [dmsgC]: Stream handshake failed, continuing. error="dmsg error 306 - request has no associated listener" session=02a2d4c346dabd165fd555dfdba4a7f4d18786fe7e055e562397cd5102bdd7f8dd
[2026-04-22T13:07:21-05:00] WARN [node_health]: TPS health check failed error="not in dmsg discovery: dmsg error 100 - entry is not found in discovery: entry of public key is not found" pk=03aa0b1c4e23616872058c11c6efba777c130a85eaf909945d697399a1eb08426d
[2026-04-22T13:07:21-05:00] DEBUG [dmsgC]: Stream handshake failed, continuing. error="dmsg error 306 - request has no associated listener" session=02a2d4c346dabd165fd555dfdba4a7f4d18786fe7e055e562397cd5102bdd7f8dd
[2026-04-22T13:07:21-05:00] WARN [node_health]: TPS health check failed error="not in dmsg discovery: dmsg error 100 - entry is not found in discovery: entry of public key is not found" pk=03adb2c924987d8deef04d02bd95236c5ae172fe5dfe7273e0461d96bf4bc220be
[2026-04-22T13:07:21-05:00] DEBUG [dmsgC]: Stream handshake failed, continuing. error="dmsg error 306 - request has no associated listener" session=0326978f5a53aff537dbb47fed58b1f123af3b00132d365f1309a14db4168dcff7
[2026-04-22T13:07:21-05:00] WARN [node_health]: TPS health check failed error="not in dmsg discovery: dmsg error 100 - entry is not found in discovery: entry of public key is not found" pk=03530b786c670fc7f5ab9021478c7ec9cd06a03f3ea1416c50c4a8889ef5bba80e
[2026-04-22T13:07:21-05:00] WARN [node_health]: TPS health check failed error="not in dmsg discovery: dmsg error 100 - entry is not found in discovery: entry of public key is not found" pk=025c7bbf23e3441a36d7e8a1e9d717921e2a49a2ce035680fec4808a048d244c8a
[2026-04-22T13:07:22-05:00] DEBUG [dmsgC]: Stream handshake failed, continuing. error="dmsg error 306 - request has no associated listener" session=02a2d4c346dabd165fd555dfdba4a7f4d18786fe7e055e562397cd5102bdd7f8dd
[2026-04-22T13:07:22-05:00] WARN [node_health]: TPS health check failed error="not in dmsg discovery: dmsg error 100 - entry is not found in discovery: entry of public key is not found" pk=030eb6967f6e23e81db0d214f925fc5ce3371e1b059fb8379ae3eb1edfc95e0b46
[2026-04-22T13:07:22-05:00] DEBUG [dmsgC]: Stream handshake failed, continuing. error="dmsg error 306 - request has no associated listener" session=02a2d4c346dabd165fd555dfdba4a7f4d18786fe7e055e562397cd5102bdd7f8dd
[2026-04-22T13:07:22-05:00] WARN [node_health]: TPS health check failed error="not in dmsg discovery: dmsg error 100 - entry is not found in discovery: entry of public key is not found" pk=02ddc6c749d6ed067bb68df19c9bcb1a58b7587464043b1707398ffa26a9746b26
[2026-04-22T13:07:22-05:00] DEBUG [dmsgC]: Stream handshake failed, continuing. error="dmsg error 306 - request has no associated listener" session=0326978f5a53aff537dbb47fed58b1f123af3b00132d365f1309a14db4168dcff7
[2026-04-22T13:07:22-05:00] DEBUG [dmsgC]: Stream handshake failed, continuing. error="dmsg error 306 - request has no associated listener" session=0326978f5a53aff537dbb47fed58b1f123af3b00132d365f1309a14db4168dcff7
[2026-04-22T13:07:23-05:00] DEBUG [node_health]: RSN health check passed latency=1.128983151s pk=024fbd3997d4260f731b01abcfce60b8967a6d4c6a11d1008812810ea1437ce438
[2026-04-22T13:07:23-05:00] DEBUG [dmsg_http:dmsgDC]: Stream handshake failed, continuing. error="dmsg error 306 - request has no associated listener" session=03717576ada5b1744e395c66c2bb11cea73b0e23d0dcd54422139b1a7f12e962c4
[2026-04-22T13:07:24-05:00] DEBUG [dmsgC]: Stream handshake failed, continuing. error="dmsg error 306 - request has no associated listener" session=02a2d4c346dabd165fd555dfdba4a7f4d18786fe7e055e562397cd5102bdd7f8dd
[2026-04-22T13:07:24-05:00] DEBUG [dmsgC]: Stream handshake failed, continuing. error="dmsg error 306 - request has no associated listener" session=0326978f5a53aff537dbb47fed58b1f123af3b00132d365f1309a14db4168dcff7
[2026-04-22T13:07:24-05:00] DEBUG [node_health]: RSN health check passed latency=828.168951ms pk=0324579f003e6b4048bae2def4365e634d8e0e3054a20fc7af49daf2a179658557
[2026-04-22T13:07:24-05:00] DEBUG [node_health]: Completed periodic health check of setup nodes
[2026-04-22T13:07:24-05:00] DEBUG [dmsgC]: Stream handshake failed, continuing. error="dmsg error 306 - request has no associated listener" session=02a2d4c346dabd165fd555dfdba4a7f4d18786fe7e055e562397cd5102bdd7f8dd
[2026-04-22T13:07:25-05:00] DEBUG [dmsgC]: Stream handshake failed, continuing. error="dmsg error 306 - request has no associated listener" session=0326978f5a53aff537dbb47fed58b1f123af3b00132d365f1309a14db4168dcff7
[2026-04-22T13:07:26-05:00] DEBUG [dmsg_http:dmsgDC]: Stream handshake failed, continuing. error="dmsg error 306 - request has no associated listener" session=03717576ada5b1744e395c66c2bb11cea73b0e23d0dcd54422139b1a7f12e962c4
[2026-04-22T13:07:26-05:00] INFO [stun_client]: NAT Type: Port restricted NAT
[2026-04-22T13:07:26-05:00] INFO [stun_client]: Public IP: 70.121.13.123:41586
[2026-04-22T13:07:26-05:00] DEBUG [stun_client]: Initialized.
[2026-04-22T13:07:26-05:00] INFO [address_resolver]: Using DMSG-HTTP for address resolver
[2026-04-22T13:07:26-05:00] DEBUG [dmsgC]: Stream handshake failed, continuing. error="dmsg error 306 - request has no associated listener" session=02a2d4c346dabd165fd555dfdba4a7f4d18786fe7e055e562397cd5102bdd7f8dd
[2026-04-22T13:07:26-05:00] DEBUG [dmsgC]: Stream handshake failed, continuing. error="dmsg error 306 - request has no associated listener" session=0326978f5a53aff537dbb47fed58b1f123af3b00132d365f1309a14db4168dcff7
[2026-04-22T13:07:26-05:00] DEBUG [dmsgC]: Stream handshake failed, continuing. error="dmsg error 306 - request has no associated listener" session=02a2d4c346dabd165fd555dfdba4a7f4d18786fe7e055e562397cd5102bdd7f8dd
[2026-04-22T13:07:27-05:00] DEBUG [app_discovery]: Got public IP from dmsg server for service discovery public_ip=70.121.13.123
[2026-04-22T13:07:27-05:00] DEBUG [discovery]: Initialized.
[2026-04-22T13:07:27-05:00] DEBUG [address_resolver]: Got public IP from dmsg server public_ip=70.121.13.123
[2026-04-22T13:07:27-05:00] DEBUG [address_resolver]: Got geolocation from GeoIP country=US
[2026-04-22T13:07:27-05:00] DEBUG [address_resolver]: Remote UDP server: "03234b2ee4128d1f78c180d06911102906c80795dfe41bd6253f2619c8b6252a02:80"
[2026-04-22T13:07:27-05:00] DEBUG [address_resolver]: Initialized.
[2026-04-22T13:07:27-05:00] DEBUG [dmsgC]: Stream handshake failed, continuing. error="dmsg error 306 - request has no associated listener" session=02a2d4c346dabd165fd555dfdba4a7f4d18786fe7e055e562397cd5102bdd7f8dd
[2026-04-22T13:07:27-05:00] DEBUG [dmsgC]: Stream handshake failed, continuing. error="dmsg error 306 - request has no associated listener" session=0326978f5a53aff537dbb47fed58b1f123af3b00132d365f1309a14db4168dcff7
[2026-04-22T13:07:27-05:00] INFO [transport_manager]: Connected to transport discovery via DMSG-HTTP
[2026-04-22T13:07:27-05:00] DEBUG [transport]: Initialized.
[2026-04-22T13:07:27-05:00] DEBUG [ui_server]: UI server not configured or disabled, skipping
[2026-04-22T13:07:27-05:00] DEBUG [ui_server]: Initialized.
[2026-04-22T13:07:27-05:00] DEBUG [transport_manager]: Serving stcp network
[2026-04-22T13:07:27-05:00] DEBUG [transport_manager]: Serving stcpr network
[2026-04-22T13:07:27-05:00] DEBUG [transport_manager]: listening on network: stcp
[2026-04-22T13:07:27-05:00] DEBUG [transport_manager]: transport manager is serving.
[2026-04-22T13:07:27-05:00] DEBUG [dmsgC]: Initializing DMSG transport client...
[2026-04-22T13:07:27-05:00] DEBUG [transport_manager]: Serving dmsg network
[2026-04-22T13:07:27-05:00] DEBUG [public_autoconnect]: Initialized.
[2026-04-22T13:07:27-05:00] DEBUG [transport_manager]: Serving sudph network
[2026-04-22T13:07:27-05:00] DEBUG [transport_manager]: listening on network: sudph
[2026-04-22T13:07:27-05:00] DEBUG [transport_setup]: Connecting to the dmsg network. local_pk=0282213369836321323dfaa492564ceb8a9a5e7e8ff044c46c92949a787ec51fb0
[2026-04-22T13:07:27-05:00] DEBUG [stcp]: Initialized.
[2026-04-22T13:07:27-05:00] DEBUG [sudph]: Binding
[2026-04-22T13:07:27-05:00] DEBUG [router]: Starting router
[2026-04-22T13:07:27-05:00] DEBUG httpClient.BindSUDPR [address_resolver]: BindSUDPR: Address resolver is not ready yet, waiting...
[2026-04-22T13:07:27-05:00] DEBUG [router]: Cascade handler registered trusted_rsns=2
[2026-04-22T13:07:27-05:00] DEBUG [router]: Initialized.
[2026-04-22T13:07:27-05:00] DEBUG [embedded_skynetweb]: skynet_web section absent; not constructing resolver
[2026-04-22T13:07:27-05:00] DEBUG [embedded_skynetweb]: Initialized.
[2026-04-22T13:07:27-05:00] DEBUG [transport_manager]: listening on network: stcpr
[2026-04-22T13:07:27-05:00] DEBUG [stcpr]: Initialized.
[2026-04-22T13:07:27-05:00] DEBUG [transport_setup]: Initialized.
[2026-04-22T13:07:27-05:00] INFO [dmsghttp_logserver]: Registered log server in service registry port=80
[2026-04-22T13:07:27-05:00] DEBUG [stcpr]: Binding
[2026-04-22T13:07:27-05:00] DEBUG httpClient.BindSTCPR [address_resolver]: Address resolver is not ready yet, waiting...
[2026-04-22T13:07:27-05:00] DEBUG [transport_manager]: listening on network: dmsg
[2026-04-22T13:07:27-05:00] DEBUG [sudph]: Initialized.
[2026-04-22T13:07:27-05:00] DEBUG [stcp]: listening on addr: [::]:7778
[2026-04-22T13:07:27-05:00] DEBUG [address_resolver]: Connected to address resolver. STCPR/SUDPH services are available.
[2026-04-22T13:07:27-05:00] DEBUG httpClient.BindSUDPR [address_resolver]: BindSUDPR: Address resolver became ready, binding
[2026-04-22T13:07:27-05:00] DEBUG [transport_setup]: Connected! local_pk=0282213369836321323dfaa492564ceb8a9a5e7e8ff044c46c92949a787ec51fb0
[2026-04-22T13:07:27-05:00] DEBUG [transport_setup]: starting listener dmsg_port=47
[2026-04-22T13:07:27-05:00] DEBUG [launcher]: Initialized.
[2026-04-22T13:07:27-05:00] DEBUG [transport_setup]: Accepting dmsg streams. dmsg_port=47
[2026-04-22T13:07:27-05:00] DEBUG [dmsghttp_logserver]: Serving... dmsg_addr="dmsg://0282213369836321323dfaa492564ceb8a9a5e7e8ff044c46c92949a787ec51fb0:80"
[2026-04-22T13:07:27-05:00] ERROR [sudph]: Failed to listen on port: lookup 03234b2ee4128d1f78c180d06911102906c80795dfe41bd6253f2619c8b6252a02: no such host
[2026-04-22T13:07:27-05:00] INFO [dmsghttp_logserver]: Starting localhost log server local_addr="localhost:0"
[2026-04-22T13:07:27-05:00] DEBUG [dmsg_ctrl]: Initialized.
[2026-04-22T13:07:27-05:00] DEBUG httpClient.BindSTCPR [address_resolver]: Address resolver became ready, binding
[2026-04-22T13:07:27-05:00] DEBUG serveRouteGroup [launcher]: Awaiting to accept route group... _=skynet
[2026-04-22T13:07:27-05:00] DEBUG [sky_forward_conn]: Initialized.
[2026-04-22T13:07:27-05:00] DEBUG [sky_forward_conn]: Accepting sky forwarding conn...
[2026-04-22T13:07:27-05:00] DEBUG httpClient.BindSTCPR [address_resolver]: Address resolver binding with: [192.168.1.118 70.121.13.123]
[2026-04-22T13:07:27-05:00] INFO [dmsghttp_logserver]: Localhost log server bound bound_addr="127.0.0.1:44693"
[2026-04-22T13:07:27-05:00] INFO [dmsghttp_logserver]: Log server port registered for skynet forwarding port=44693
[2026-04-22T13:07:27-05:00] INFO [dmsghttp_logserver]: Localhost log server started local_addr="localhost:0"
[2026-04-22T13:07:27-05:00] DEBUG [dmsghttp_logserver]: Initialized.
[2026-04-22T13:07:27-05:00] DEBUG [transports]: Initialized.
[2026-04-22T13:07:27-05:00] DEBUG [skynet_ports]: Initialized.
[2026-04-22T13:07:27-05:00] DEBUG [system_survey]: Initialized.
[2026-04-22T13:07:27-05:00] DEBUG [ping]: Initialized.
[2026-04-22T13:07:27-05:00] DEBUG [self_probe]: Initialized.
[2026-04-22T13:07:27-05:00] DEBUG [ping]: Accepting sky ping conn...
[2026-04-22T13:07:27-05:00] DEBUG [tpd_concurrency]: Initialized.
[2026-04-22T13:07:27-05:00] DEBUG [system_survey]: No reward address set — survey not generated
[2026-04-22T13:07:27-05:00] DEBUG [transportable]: Initialized.
[2026-04-22T13:07:27-05:00] INFO [visor]: DMSG forwarder started dmsg_fwd=9090 local=9090
[2026-04-22T13:07:27-05:00] DEBUG [latency_probe]: Initialized.
[2026-04-22T13:07:27-05:00] DEBUG [latency_probe]: Accepting latency probe conn...
[2026-04-22T13:07:27-05:00] INFO [dht]: DHT store rehydrated from backend items_loaded=49
[2026-04-22T13:07:27-05:00] INFO [dht]: DHT: extra transport listener started
[2026-04-22T13:07:27-05:00] INFO [dht]: DHT: transport-layer sync enabled (route ID 0)
[2026-04-22T13:07:27-05:00] INFO [dht]: DHT node started bootstrap_peers=12 full_node=false id=3f767d1e934db748
[2026-04-22T13:07:27-05:00] INFO [dht]: DMSG discovery: DHT-first reads enabled (HTTP fallback)
[2026-04-22T13:07:27-05:00] INFO [dht]: Transport discovery: DHT-first reads enabled (HTTP fallback)
[2026-04-22T13:07:27-05:00] DEBUG [dht]: Initialized.
[2026-04-22T13:07:27-05:00] DEBUG [tpd_concurrency]: TPD query returned client error (4xx), not retrying error="404 Not Found: {"error":"transport not found"}"
[2026-04-22T13:07:27-05:00] DEBUG [stcpr]: Successfully bound stcpr to port 42779
[2026-04-22T13:07:27-05:00] DEBUG [stcpr]: listening on addr: [::]:42779
[2026-04-22T13:07:28-05:00] DEBUG [app_discovery]: Entry deleted successfully entry={"address":"0282213369836321323dfaa492564ceb8a9a5e7e8ff044c46c92949a787ec51fb0:0","type":"visor","version":"v1.3.47-0.-7449eead5bbf+dirty"}
[2026-04-22T13:07:28-05:00] DEBUG [public_visor]: Initialized.
[2026-04-22T13:07:28-05:00] DEBUG [visor]: Initialized.
[2026-04-22T13:07:28-05:00] DEBUG [dmsg_http:dmsgDC]: Stream handshake failed, continuing. error="dmsg error 306 - request has no associated listener" session=03717576ada5b1744e395c66c2bb11cea73b0e23d0dcd54422139b1a7f12e962c4
[2026-04-22T13:07:30-05:00] DEBUG [dmsg_http:dmsgDC]: Stream handshake failed, continuing. error="dmsg error 306 - request has no associated listener" session=03717576ada5b1744e395c66c2bb11cea73b0e23d0dcd54422139b1a7f12e962c4
[2026-04-22T13:07:32-05:00] DEBUG [dmsg_http:dmsgDC]: Stream handshake failed, continuing. error="dmsg error 306 - request has no associated listener" session=03717576ada5b1744e395c66c2bb11cea73b0e23d0dcd54422139b1a7f12e962c4
[2026-04-22T13:07:32-05:00] DEBUG ClientSession.DialStream [dmsgC]: Stream closed on failure. close_error=<nil> dst_addr=022e607e0914d6e7ccda7587f95790c09e126bbd506cc476a1eda852325aadd1aa:100 error="i/o deadline reached" ports_reserved=10 session=02a2d4c346dabd165fd555dfdba4a7f4d18786fe7e055e562397cd5102bdd7f8dd
[2026-04-22T13:07:32-05:00] DEBUG [dmsgC]: DialStream failed, trying next session error="i/o deadline reached" server=02a2d4c346dabd165fd555dfdba4a7f4d18786fe7e055e562397cd5102bdd7f8dd
[2026-04-22T13:07:34-05:00] DEBUG [dmsg_http:dmsgDC]: Stream handshake failed, continuing. error="dmsg error 306 - request has no associated listener" session=03717576ada5b1744e395c66c2bb11cea73b0e23d0dcd54422139b1a7f12e962c4
[2026-04-22T13:07:34-05:00] DEBUG [dmsg_http:dmsgDC]: Stream handshake failed, continuing. error="dmsg error 306 - request has no associated listener" session=03717576ada5b1744e395c66c2bb11cea73b0e23d0dcd54422139b1a7f12e962c4
[2026-04-22T13:07:37-05:00] INFO [transport_manager]: Transport registration via DHT — skipping TPD HTTP re-registration
[2026-04-22T13:07:37-05:00] DEBUG ClientSession.DialStream [dmsgC]: Stream closed on failure. close_error=<nil> dst_addr=022e607e0914d6e7ccda7587f95790c09e126bbd506cc476a1eda852325aadd1aa:100 error="i/o deadline reached" ports_reserved=10 session=0326978f5a53aff537dbb47fed58b1f123af3b00132d365f1309a14db4168dcff7
[2026-04-22T13:07:37-05:00] DEBUG [dmsgC]: DialStream failed, trying next session error="i/o deadline reached" server=0326978f5a53aff537dbb47fed58b1f123af3b00132d365f1309a14db4168dcff7
[2026-04-22T13:07:37-05:00] DEBUG [dht]: Bootstrap ping failed error="dht dmsg dial 022e607e: dmsg error 202 - cannot connect to delegated server" pk=022e607e
[2026-04-22T13:07:39-05:00] DEBUG [dmsg_http:dmsgDC]: Stream handshake failed, continuing. error="dmsg error 306 - request has no associated listener" session=03717576ada5b1744e395c66c2bb11cea73b0e23d0dcd54422139b1a7f12e962c4
[2026-04-22T13:07:42-05:00] DEBUG ClientSession.DialStream [dmsgC]: Stream closed on failure. close_error=<nil> dst_addr=02b307aee5c8ce1666c63891f8af25ad2f0a47a243914c963942b3ba35b9d095ae:100 error="i/o deadline reached" ports_reserved=11 session=02a2d4c346dabd165fd555dfdba4a7f4d18786fe7e055e562397cd5102bdd7f8dd
[2026-04-22T13:07:42-05:00] DEBUG [dmsgC]: DialStream failed, trying next session error="i/o deadline reached" server=02a2d4c346dabd165fd555dfdba4a7f4d18786fe7e055e562397cd5102bdd7f8dd
[2026-04-22T13:07:45-05:00] DEBUG [cli_rpc]: CLI RPC conn #1 accepted from 127.0.0.1:47948 (active: 1)
[2026-04-22T13:07:45-05:00] DEBUG [cli_rpc]: CLI RPC conn #1 closed after 7ms (active: 0)
[2026-04-22T13:07:47-05:00] DEBUG ClientSession.DialStream [dmsgC]: Stream closed on failure. close_error=<nil> dst_addr=02b307aee5c8ce1666c63891f8af25ad2f0a47a243914c963942b3ba35b9d095ae:100 error="i/o deadline reached" ports_reserved=11 session=0326978f5a53aff537dbb47fed58b1f123af3b00132d365f1309a14db4168dcff7
[2026-04-22T13:07:47-05:00] DEBUG [dmsgC]: DialStream failed, trying next session error="i/o deadline reached" server=0326978f5a53aff537dbb47fed58b1f123af3b00132d365f1309a14db4168dcff7
[2026-04-22T13:07:47-05:00] DEBUG [dht]: Bootstrap ping failed error="dht dmsg dial 02b307ae: dmsg error 202 - cannot connect to delegated server" pk=02b307ae
[2026-04-22T13:07:52-05:00] DEBUG ClientSession.DialStream [dmsgC]: Stream closed on failure. close_error=<nil> dst_addr=03234b2ee4128d1f78c180d06911102906c80795dfe41bd6253f2619c8b6252a02:100 error="i/o deadline reached" ports_reserved=13 session=02a2d4c346dabd165fd555dfdba4a7f4d18786fe7e055e562397cd5102bdd7f8dd
[2026-04-22T13:07:52-05:00] DEBUG [dmsgC]: DialStream failed, trying next session error="i/o deadline reached" server=02a2d4c346dabd165fd555dfdba4a7f4d18786fe7e055e562397cd5102bdd7f8dd
[2026-04-22T13:07:56-05:00] DEBUG ClientSession.DialStream [dmsgC]: Stream closed on failure. close_error=<nil> dst_addr=0315597da585c5577bba8bd7f2c31d79ebecb255067d5bc32f6596b7fa0b710b9e:100 error="i/o deadline reached" ports_reserved=14 session=0326978f5a53aff537dbb47fed58b1f123af3b00132d365f1309a14db4168dcff7
[2026-04-22T13:07:56-05:00] DEBUG [dmsgC]: DialStream failed, trying next session error="i/o deadline reached" server=0326978f5a53aff537dbb47fed58b1f123af3b00132d365f1309a14db4168dcff7
[2026-04-22T13:07:57-05:00] DEBUG ClientSession.DialStream [dmsgC]: Stream closed on failure. close_error=<nil> dst_addr=03234b2ee4128d1f78c180d06911102906c80795dfe41bd6253f2619c8b6252a02:100 error="i/o deadline reached" ports_reserved=14 session=0326978f5a53aff537dbb47fed58b1f123af3b00132d365f1309a14db4168dcff7
[2026-04-22T13:07:57-05:00] DEBUG [dmsgC]: DialStream failed, trying next session error="i/o deadline reached" server=0326978f5a53aff537dbb47fed58b1f123af3b00132d365f1309a14db4168dcff7
[2026-04-22T13:07:57-05:00] DEBUG [dht]: Bootstrap ping failed error="dht dmsg dial 03234b2e: dmsg error 202 - cannot connect to delegated server" pk=03234b2e
[2026-04-22T13:07:57-05:00] DEBUG [dht]: PutValue failed error="dht: remote rejected put: dht: sequence number must increase" peer=03ce6a7b
[2026-04-22T13:07:58-05:00] DEBUG [dht]: PutValue failed error="dht: remote rejected put: dht: sequence number must increase" peer=0358ee2d
[2026-04-22T13:07:58-05:00] DEBUG [dht]: PutValue failed error="dht: remote rejected put: dht: sequence number must increase" peer=0334eb10
[2026-04-22T13:07:59-05:00] DEBUG [dht]: PutValue failed error="dht: remote rejected put: dht: sequence number must increase" peer=03797347
[2026-04-22T13:08:00-05:00] DEBUG [dht]: PutValue failed error="dht: remote rejected put: dht: sequence number must increase" peer=03abd117
[2026-04-22T13:08:00-05:00] DEBUG [dht]: PutValue failed error="dht: remote rejected put: dht: sequence number must increase" peer=0259e2df
[2026-04-22T13:08:01-05:00] DEBUG [dht]: PutValue failed error="dht: remote rejected put: dht: sequence number must increase" peer=02e8ecb5
[2026-04-22T13:08:01-05:00] DEBUG [dht]: PutValue failed error="dht dmsg dial 02864d02: dmsg error 100 - entry is not found in discovery: entry of public key is not found" peer=02864d02
[2026-04-22T13:08:02-05:00] DEBUG [dht]: PutValue failed error="dht: remote rejected put: dht: sequence number must increase" peer=0371f571
[2026-04-22T13:08:02-05:00] DEBUG ClientSession.DialStream [dmsgC]: Stream closed on failure. close_error=<nil> dst_addr=039d89c5eedfda4a28b0c58b0b643eff949f08e4f68c8357278081d26f5a592d74:100 error="i/o deadline reached" ports_reserved=15 session=02a2d4c346dabd165fd555dfdba4a7f4d18786fe7e055e562397cd5102bdd7f8dd
[2026-04-22T13:08:02-05:00] DEBUG [dmsgC]: DialStream failed, trying next session error="i/o deadline reached" server=02a2d4c346dabd165fd555dfdba4a7f4d18786fe7e055e562397cd5102bdd7f8dd
[2026-04-22T13:08:02-05:00] DEBUG [dht]: PutValue failed error="dht: remote rejected put: dht: sequence number must increase" peer=03b647bc
[2026-04-22T13:08:03-05:00] DEBUG [dht]: PutValue failed error="dht: remote rejected put: dht: sequence number must increase" peer=03b9ca7b
[2026-04-22T13:08:04-05:00] DEBUG [dmsg_http:dmsgDC]: Stream handshake failed, continuing. error="dmsg error 306 - request has no associated listener" session=03717576ada5b1744e395c66c2bb11cea73b0e23d0dcd54422139b1a7f12e962c4
[2026-04-22T13:08:07-05:00] DEBUG [cli_rpc]: CLI RPC stats: active=0, total=1, errors=0, peak=1
[2026-04-22T13:08:07-05:00] DEBUG ClientSession.DialStream [dmsgC]: Stream closed on failure. close_error=<nil> dst_addr=039d89c5eedfda4a28b0c58b0b643eff949f08e4f68c8357278081d26f5a592d74:100 error="i/o deadline reached" ports_reserved=15 session=0326978f5a53aff537dbb47fed58b1f123af3b00132d365f1309a14db4168dcff7
[2026-04-22T13:08:07-05:00] DEBUG [dmsgC]: DialStream failed, trying next session error="i/o deadline reached" server=0326978f5a53aff537dbb47fed58b1f123af3b00132d365f1309a14db4168dcff7
[2026-04-22T13:08:07-05:00] DEBUG [dht]: Bootstrap ping failed error="dht dmsg dial 039d89c5: dmsg error 202 - cannot connect to delegated server" pk=039d89c5
[2026-04-22T13:08:08-05:00] DEBUG ClientSession.DialStream [dmsgC]: Stream closed on failure. close_error=<nil> dst_addr=0215593fad3817adea95dfcedac271ba0050297bd48740bc8566bbcecfe65c3dce:100 error="i/o deadline reached" ports_reserved=16 session=02a2d4c346dabd165fd555dfdba4a7f4d18786fe7e055e562397cd5102bdd7f8dd
[2026-04-22T13:08:08-05:00] DEBUG [dmsgC]: DialStream failed via cached route, evicting error="i/o deadline reached" server=02a2d4c346dabd165fd555dfdba4a7f4d18786fe7e055e562397cd5102bdd7f8dd
[2026-04-22T13:08:12-05:00] DEBUG ClientSession.DialStream [dmsgC]: Stream closed on failure. close_error=<nil> dst_addr=022c424caa6239ba7d1d9d8f7dab56cd5ec6ae2ea9ad97bb94ad4b48f62a540d3f:100 error="i/o deadline reached" ports_reserved=17 session=02a2d4c346dabd165fd555dfdba4a7f4d18786fe7e055e562397cd5102bdd7f8dd
[2026-04-22T13:08:12-05:00] DEBUG [dmsgC]: DialStream failed, trying next session error="i/o deadline reached" server=02a2d4c346dabd165fd555dfdba4a7f4d18786fe7e055e562397cd5102bdd7f8dd
[2026-04-22T13:08:13-05:00] DEBUG [dmsg_http:dmsgDC]: Stream handshake failed, continuing. error="dmsg error 306 - request has no associated listener" session=03717576ada5b1744e395c66c2bb11cea73b0e23d0dcd54422139b1a7f12e962c4
[2026-04-22T13:08:13-05:00] DEBUG ClientSession.DialStream [dmsgC]: Stream closed on failure. close_error=<nil> dst_addr=0215593fad3817adea95dfcedac271ba0050297bd48740bc8566bbcecfe65c3dce:100 error="i/o deadline reached" ports_reserved=18 session=02a2d4c346dabd165fd555dfdba4a7f4d18786fe7e055e562397cd5102bdd7f8dd
[2026-04-22T13:08:13-05:00] DEBUG [dmsgC]: DialStream failed, trying next session error="i/o deadline reached" server=02a2d4c346dabd165fd555dfdba4a7f4d18786fe7e055e562397cd5102bdd7f8dd
[2026-04-22T13:08:13-05:00] DEBUG [dht]: PutValue failed error="dht dmsg dial 0215593f: dmsg error 202 - cannot connect to delegated server" peer=0215593f
[2026-04-22T13:08:14-05:00] DEBUG [dht]: PutValue failed error="dht: remote rejected put: dht: sequence number must increase" peer=0336c02f
[2026-04-22T13:08:15-05:00] DEBUG [dht]: PutValue failed error="dht: remote rejected put: dht: sequence number must increase" peer=03b5a284
[2026-04-22T13:08:15-05:00] DEBUG [dht]: PutValue failed error="dht: remote rejected put: dht: sequence number must increase" peer=032a07b9
[2026-04-22T13:08:16-05:00] DEBUG [dht]: PutValue failed error="dht: remote rejected put: dht: sequence number must increase" peer=025c9a88
[2026-04-22T13:08:17-05:00] DEBUG [dht]: PutValue failed error="dht: remote rejected put: dht: sequence number must increase" peer=035c27a3
[2026-04-22T13:08:17-05:00] DEBUG [dmsg_http:dmsgDC]: Stream handshake failed, continuing. error="dmsg error 306 - request has no associated listener" session=03717576ada5b1744e395c66c2bb11cea73b0e23d0dcd54422139b1a7f12e962c4
[2026-04-22T13:08:17-05:00] DEBUG [dmsg_http:dmsgDC]: Stream handshake failed, continuing. error="dmsg error 306 - request has no associated listener" session=03717576ada5b1744e395c66c2bb11cea73b0e23d0dcd54422139b1a7f12e962c4
[2026-04-22T13:08:17-05:00] DEBUG ClientSession.DialStream [dmsgC]: Stream closed on failure. close_error=<nil> dst_addr=022c424caa6239ba7d1d9d8f7dab56cd5ec6ae2ea9ad97bb94ad4b48f62a540d3f:100 error="i/o deadline reached" ports_reserved=18 session=0326978f5a53aff537dbb47fed58b1f123af3b00132d365f1309a14db4168dcff7
[2026-04-22T13:08:17-05:00] DEBUG [dmsgC]: DialStream failed, trying next session error="i/o deadline reached" server=0326978f5a53aff537dbb47fed58b1f123af3b00132d365f1309a14db4168dcff7
[2026-04-22T13:08:17-05:00] DEBUG [dht]: Bootstrap ping failed error="dht dmsg dial 022c424c: dmsg error 202 - cannot connect to delegated server" pk=022c424c
[2026-04-22T13:08:17-05:00] DEBUG [dht]: PutValue failed error="dht: remote rejected put: dht: sequence number must increase" peer=02df744c
[2026-04-22T13:08:18-05:00] DEBUG [dmsg_http:dmsgDC]: Stream handshake failed, continuing. error="dmsg error 306 - request has no associated listener" session=03717576ada5b1744e395c66c2bb11cea73b0e23d0dcd54422139b1a7f12e962c4
[2026-04-22T13:08:18-05:00] DEBUG [dht]: PutValue failed error="dht: remote rejected put: dht: sequence number must increase" peer=023d00ea
[2026-04-22T13:08:19-05:00] DEBUG [dht]: PutValue failed error="dht: remote rejected put: dht: sequence number must increase" peer=0315597d
[2026-04-22T13:08:22-05:00] DEBUG ClientSession.DialStream [dmsgC]: Stream closed on failure. close_error=<nil> dst_addr=0204890f9def4f9a5448c2e824c6a4afc85fd1f877322320898fafdf407cc6fef7:100 error="i/o deadline reached" ports_reserved=18 session=02a2d4c346dabd165fd555dfdba4a7f4d18786fe7e055e562397cd5102bdd7f8dd
[2026-04-22T13:08:22-05:00] DEBUG [dmsgC]: DialStream failed, trying next session error="i/o deadline reached" server=02a2d4c346dabd165fd555dfdba4a7f4d18786fe7e055e562397cd5102bdd7f8dd
[2026-04-22T13:08:23-05:00] DEBUG [dmsg_http:dmsgDC]: Stream handshake failed, continuing. error="dmsg error 306 - request has no associated listener" session=03717576ada5b1744e395c66c2bb11cea73b0e23d0dcd54422139b1a7f12e962c4
[2026-04-22T13:08:27-05:00] DEBUG [visor]: Saving transport to 0282213369836321323dfaa492564ceb8a9a5e7e8ff044c46c92949a787ec51fb0 via dmsg with label skycoin
[2026-04-22T13:08:27-05:00] DEBUG [transport_manager]: Initializing TP with ID 0c9ecea4-f8f8-0af5-8d92-8e0dca975f9f
[2026-04-22T13:08:27-05:00] DEBUG [transport_manager]: Using no-op discovery client for self-transport
[2026-04-22T13:08:27-05:00] DEBUG [transport_manager]: Dialing transport to 0282213369836321323dfaa492564ceb8a9a5e7e8ff044c46c92949a787ec51fb0 via dmsg
[2026-04-22T13:08:27-05:00] DEBUG ClientSession.DialStream [dmsgC]: Stream closed on failure. close_error=<nil> dst_addr=0204890f9def4f9a5448c2e824c6a4afc85fd1f877322320898fafdf407cc6fef7:100 error="i/o deadline reached" ports_reserved=18 session=0326978f5a53aff537dbb47fed58b1f123af3b00132d365f1309a14db4168dcff7
[2026-04-22T13:08:27-05:00] DEBUG [dmsgC]: DialStream failed, trying next session error="i/o deadline reached" server=0326978f5a53aff537dbb47fed58b1f123af3b00132d365f1309a14db4168dcff7
[2026-04-22T13:08:27-05:00] DEBUG [dht]: Bootstrap ping failed error="dht dmsg dial 0204890f: dmsg error 202 - cannot connect to delegated server" pk=0204890f
[2026-04-22T13:08:27-05:00] DEBUG [dht]: Bootstrap ping failed error="dht dmsg dial 0281a102: dmsg error 102 - entry is not of client in discovery" pk=0281a102
[2026-04-22T13:08:28-05:00] DEBUG [transport_manager]: recv transport request: type(dmsg) remote(0282213369836321323dfaa492564ceb8a9a5e7e8ff044c46c92949a787ec51fb0)
[2026-04-22T13:08:28-05:00] DEBUG [transport_manager]: No TP found, creating new one
[2026-04-22T13:08:28-05:00] DEBUG [transport_manager]: Using no-op discovery client for self-transport (accept)
[2026-04-22T13:08:28-05:00] DEBUG [tp:028221]: Skipping settlement handshake for self-connection (noop discovery client)
[2026-04-22T13:08:28-05:00] DEBUG [tp:028221]: Serving. remote_pk=0282213369836321323dfaa492564ceb8a9a5e7e8ff044c46c92949a787ec51fb0 tp_id=0c9ecea4-f8f8-0af5-8d92-8e0dca975f9f tp_index=1
[2026-04-22T13:08:28-05:00] DEBUG [tp:028221]: Setting underlying transport...
[2026-04-22T13:08:28-05:00] DEBUG [tp:028221]: Sent signal to 'mt.transportCh'.
[2026-04-22T13:08:28-05:00] DEBUG [transport_manager]: accepted tp: type(dmsg) remote(0282213369836321323dfaa492564ceb8a9a5e7e8ff044c46c92949a787ec51fb0) tpID(0c9ecea4-f8f8-0af5-8d92-8e0dca975f9f) new(true)
[2026-04-22T13:08:28-05:00] DEBUG [transport_manager]: Registration nudge received, debouncing...
[2026-04-22T13:08:28-05:00] DEBUG [dht]: Bootstrap ping failed error="dht dmsg dial 0371ab4b: dmsg error 102 - entry is not of client in discovery" pk=0371ab4b
[2026-04-22T13:08:28-05:00] DEBUG [tp:028221]: Skipping settlement handshake for self-connection (noop discovery client)
[2026-04-22T13:08:28-05:00] DEBUG [tp:028221]: Sent signal to 'mt.transportCh'.
[2026-04-22T13:08:28-05:00] DEBUG [transport_manager]: saved transport: remote(0282213369836321323dfaa492564ceb8a9a5e7e8ff044c46c92949a787ec51fb0) type(dmsg) tpID(0c9ecea4-f8f8-0af5-8d92-8e0dca975f9f)
[2026-04-22T13:08:28-05:00] DEBUG [tp:028221]: Serving. remote_pk=0282213369836321323dfaa492564ceb8a9a5e7e8ff044c46c92949a787ec51fb0 tp_id=0c9ecea4-f8f8-0af5-8d92-8e0dca975f9f tp_index=2
[2026-04-22T13:08:28-05:00] DEBUG [visor]: Saved transport to 0282213369836321323dfaa492564ceb8a9a5e7e8ff044c46c92949a787ec51fb0 via dmsg, label skycoin
[2026-04-22T13:08:28-05:00] DEBUG [transportable]: Visor transportability check passed
[2026-04-22T13:08:28-05:00] DEBUG [transport_manager]: Deletion nudge received, debouncing...
[2026-04-22T13:08:28-05:00] DEBUG [tp:028221]: Stopped log loop
[2026-04-22T13:08:28-05:00] DEBUG [tp:028221]: Stopped serving. remaining_tps=1 remote_pk=0282213369836321323dfaa492564ceb8a9a5e7e8ff044c46c92949a787ec51fb0 tp_id=0c9ecea4-f8f8-0af5-8d92-8e0dca975f9f tp_index=2
[2026-04-22T13:08:28-05:00] WARN [tp:028221]: Failed to read packet, closing transport error="transport is no longer being served" src="read_loop"
[2026-04-22T13:08:28-05:00] DEBUG readPacket [tp:028221]: Failed to read packet header. error=EOF
[2026-04-22T13:08:28-05:00] DEBUG [tp:028221]: Transport closed, stopping read loop error=EOF src="read_loop"
[2026-04-22T13:08:28-05:00] DEBUG [tp:028221]: Stopped log loop
[2026-04-22T13:08:28-05:00] DEBUG [tp:028221]: Stopped serving. remaining_tps=0 remote_pk=0282213369836321323dfaa492564ceb8a9a5e7e8ff044c46c92949a787ec51fb0 tp_id=0c9ecea4-f8f8-0af5-8d92-8e0dca975f9f tp_index=1
[2026-04-22T13:08:28-05:00] DEBUG [dht]: Bootstrap ping failed error="dht dmsg dial 02a49bc0: dmsg error 102 - entry is not of client in discovery" pk=02a49bc0
[2026-04-22T13:08:30-05:00] DEBUG [dmsg_http:dmsgDC]: Stream handshake failed, continuing. error="dmsg error 306 - request has no associated listener" session=03717576ada5b1744e395c66c2bb11cea73b0e23d0dcd54422139b1a7f12e962c4
[2026-04-22T13:08:31-05:00] DEBUG [dmsg_http:dmsgDC]: Stream handshake failed, continuing. error="dmsg error 306 - request has no associated listener" session=03717576ada5b1744e395c66c2bb11cea73b0e23d0dcd54422139b1a7f12e962c4
[2026-04-22T13:08:33-05:00] DEBUG [transport_manager]: Batch deleting 2 transports from TPD
[2026-04-22T13:08:33-05:00] DEBUG [transport_manager]: Batch deleted 0/2 transports from TPD
[2026-04-22T13:08:33-05:00] DEBUG ClientSession.DialStream [dmsgC]: Stream closed on failure. close_error=<nil> dst_addr=0326978f5a53aff537dbb47fed58b1f123af3b00132d365f1309a14db4168dcff7:100 error="i/o deadline reached" ports_reserved=19 session=0326978f5a53aff537dbb47fed58b1f123af3b00132d365f1309a14db4168dcff7
[2026-04-22T13:08:33-05:00] DEBUG [dht]: Bootstrap ping failed error="dht dmsg dial 0326978f: dmsg error 102 - entry is not of client in discovery" pk=0326978f
[2026-04-22T13:08:34-05:00] DEBUG [dht]: Bootstrap ping failed error="dht dmsg dial 03717576: dmsg error 102 - entry is not of client in discovery" pk=03717576
[2026-04-22T13:08:34-05:00] INFO [dht]: DHT bootstrap succeeded peers=1
[2026-04-22T13:08:36-05:00] DEBUG [dmsg_http:dmsgDC]: Stream handshake failed, continuing. error="dmsg error 306 - request has no associated listener" session=03717576ada5b1744e395c66c2bb11cea73b0e23d0dcd54422139b1a7f12e962c4
[2026-04-22T13:08:37-05:00] DEBUG [cli_rpc]: CLI RPC stats: active=0, total=1, errors=0, peak=1
[2026-04-22T13:08:37-05:00] WARN [router]: closing conn from untrusted setup node: <nil>
[2026-04-22T13:08:38-05:00] WARN [self_probe]: Self-probe FAILED: dmsg listener unreachable (transient?) consecutive_failures=1 port=80
[2026-04-22T13:08:39-05:00] DEBUG [dmsg_http:dmsgDC]: Stream handshake failed, continuing. error="dmsg error 306 - request has no associated listener" session=03717576ada5b1744e395c66c2bb11cea73b0e23d0dcd54422139b1a7f12e962c4
[2026-04-22T13:08:40-05:00] DEBUG ClientSession.DialStream [dmsgC]: Stream closed on failure. close_error=<nil> dst_addr=039371572294797b5a98ca9025dea570d55cbc267f42922a0b43493dc252c10a6f:100 error="i/o deadline reached" ports_reserved=20 session=02a2d4c346dabd165fd555dfdba4a7f4d18786fe7e055e562397cd5102bdd7f8dd
[2026-04-22T13:08:40-05:00] DEBUG [dmsgC]: DialStream failed, trying next session error="i/o deadline reached" server=02a2d4c346dabd165fd555dfdba4a7f4d18786fe7e055e562397cd5102bdd7f8dd
[2026-04-22T13:08:42-05:00] DEBUG [dmsg_http:dmsgDC]: Stream handshake failed, continuing. error="dmsg error 306 - request has no associated listener" session=03717576ada5b1744e395c66c2bb11cea73b0e23d0dcd54422139b1a7f12e962c4
[2026-04-22T13:08:45-05:00] DEBUG ClientSession.DialStream [dmsgC]: Stream closed on failure. close_error=<nil> dst_addr=039371572294797b5a98ca9025dea570d55cbc267f42922a0b43493dc252c10a6f:100 error="i/o deadline reached" ports_reserved=20 session=0326978f5a53aff537dbb47fed58b1f123af3b00132d365f1309a14db4168dcff7
[2026-04-22T13:08:45-05:00] DEBUG [dmsgC]: DialStream failed, trying next session error="i/o deadline reached" server=0326978f5a53aff537dbb47fed58b1f123af3b00132d365f1309a14db4168dcff7
[2026-04-22T13:08:51-05:00] DEBUG ClientSession.DialStream [dmsgC]: Stream closed on failure. close_error=<nil> dst_addr=0215593fad3817adea95dfcedac271ba0050297bd48740bc8566bbcecfe65c3dce:100 error="i/o deadline reached" ports_reserved=23 session=02a2d4c346dabd165fd555dfdba4a7f4d18786fe7e055e562397cd5102bdd7f8dd
[2026-04-22T13:08:51-05:00] DEBUG [dmsgC]: DialStream failed, trying next session error="i/o deadline reached" server=02a2d4c346dabd165fd555dfdba4a7f4d18786fe7e055e562397cd5102bdd7f8dd
[2026-04-22T13:08:51-05:00] DEBUG [dmsg_http:dmsgDC]: Stream handshake failed, continuing. error="dmsg error 306 - request has no associated listener" session=03717576ada5b1744e395c66c2bb11cea73b0e23d0dcd54422139b1a7f12e962c4
[2026-04-22T13:08:51-05:00] DEBUG [dmsg_http:dmsgDC]: Stream handshake failed, continuing. error="dmsg error 306 - request has no associated listener" session=03717576ada5b1744e395c66c2bb11cea73b0e23d0dcd54422139b1a7f12e962c4
[2026-04-22T13:08:56-05:00] DEBUG ClientSession.DialStream [dmsgC]: Stream closed on failure. close_error=<nil> dst_addr=0215593fad3817adea95dfcedac271ba0050297bd48740bc8566bbcecfe65c3dce:100 error="i/o deadline reached" ports_reserved=21 session=0326978f5a53aff537dbb47fed58b1f123af3b00132d365f1309a14db4168dcff7
[2026-04-22T13:08:56-05:00] DEBUG [dmsgC]: DialStream failed, trying next session error="i/o deadline reached" server=0326978f5a53aff537dbb47fed58b1f123af3b00132d365f1309a14db4168dcff7
[2026-04-22T13:08:57-05:00] DEBUG [stcpr]: Re-registering STCPR with address resolver
[2026-04-22T13:08:57-05:00] DEBUG httpClient.BindSTCPR [address_resolver]: Address resolver binding with: [192.168.1.118 70.121.13.123]
[2026-04-22T13:08:58-05:00] DEBUG [stcpr]: Successfully re-registered STCPR
[2026-04-22T13:09:01-05:00] DEBUG [dht]: PutValue failed error="dht: remote rejected put: dht: sequence number must increase" peer=03ce6a7b
[2026-04-22T13:09:01-05:00] DEBUG [dht]: PutValue failed error="dht: remote rejected put: dht: sequence number must increase" peer=0358ee2d
[2026-04-22T13:09:02-05:00] DEBUG [dht]: PutValue failed error="dht: remote rejected put: dht: sequence number must increase" peer=0334eb10
[2026-04-22T13:09:02-05:00] DEBUG [dht]: PutValue failed error="dht: remote rejected put: dht: sequence number must increase" peer=03797347
[2026-04-22T13:09:03-05:00] DEBUG [dht]: PutValue failed error="dht: remote rejected put: dht: sequence number must increase" peer=03abd117
[2026-04-22T13:09:04-05:00] DEBUG [dht]: PutValue failed error="dht: remote rejected put: dht: sequence number must increase" peer=0259e2df
[2026-04-22T13:09:04-05:00] DEBUG [dht]: PutValue failed error="dht: remote rejected put: dht: sequence number must increase" peer=02e8ecb5
[2026-04-22T13:09:05-05:00] DEBUG [dht]: PutValue failed error="dht dmsg dial 02864d02: dmsg error 100 - entry is not found in discovery: entry of public key is not found" peer=02864d02
[2026-04-22T13:09:05-05:00] DEBUG [dht]: PutValue failed error="dht: remote rejected put: dht: sequence number must increase" peer=0371f571
[2026-04-22T13:09:06-05:00] DEBUG [dht]: PutValue failed error="dht: remote rejected put: dht: sequence number must increase" peer=03b647bc
[2026-04-22T13:09:07-05:00] DEBUG [cli_rpc]: CLI RPC stats: active=0, total=1, errors=0, peak=1
[2026-04-22T13:09:11-05:00] DEBUG ClientSession.DialStream [dmsgC]: Stream closed on failure. close_error=<nil> dst_addr=03b9ca7bef87eec4d5943de54f261ed03c69b5441f8c24967d8196756912952a6d:100 error="i/o deadline reached" ports_reserved=22 session=02a2d4c346dabd165fd555dfdba4a7f4d18786fe7e055e562397cd5102bdd7f8dd
[2026-04-22T13:09:11-05:00] DEBUG [dmsgC]: DialStream failed via cached route, evicting error="i/o deadline reached" server=02a2d4c346dabd165fd555dfdba4a7f4d18786fe7e055e562397cd5102bdd7f8dd
[2026-04-22T13:09:16-05:00] DEBUG ClientSession.DialStream [dmsgC]: Stream closed on failure. close_error=<nil> dst_addr=03b9ca7bef87eec4d5943de54f261ed03c69b5441f8c24967d8196756912952a6d:100 error="i/o deadline reached" ports_reserved=23 session=02a2d4c346dabd165fd555dfdba4a7f4d18786fe7e055e562397cd5102bdd7f8dd
[2026-04-22T13:09:16-05:00] DEBUG [dmsgC]: DialStream failed, trying next session error="i/o deadline reached" server=02a2d4c346dabd165fd555dfdba4a7f4d18786fe7e055e562397cd5102bdd7f8dd
[2026-04-22T13:09:16-05:00] DEBUG [dht]: PutValue failed error="dht dmsg dial 03b9ca7b: dmsg error 202 - cannot connect to delegated server" peer=03b9ca7b
[2026-04-22T13:09:19-05:00] DEBUG [dmsg_http:dmsgDC]: Stream handshake failed, continuing. error="dmsg error 306 - request has no associated listener" session=03717576ada5b1744e395c66c2bb11cea73b0e23d0dcd54422139b1a7f12e962c4
[2026-04-22T13:09:21-05:00] DEBUG ClientSession.DialStream [dmsgC]: Stream closed on failure. close_error=<nil> dst_addr=0215593fad3817adea95dfcedac271ba0050297bd48740bc8566bbcecfe65c3dce:100 error="i/o deadline reached" ports_reserved=24 session=0326978f5a53aff537dbb47fed58b1f123af3b00132d365f1309a14db4168dcff7
[2026-04-22T13:09:21-05:00] DEBUG [dmsgC]: DialStream failed, trying next session error="i/o deadline reached" server=0326978f5a53aff537dbb47fed58b1f123af3b00132d365f1309a14db4168dcff7
[2026-04-22T13:09:22-05:00] DEBUG [dmsg_http:dmsgDC]: Stream handshake failed, continuing. error="dmsg error 306 - request has no associated listener" session=03717576ada5b1744e395c66c2bb11cea73b0e23d0dcd54422139b1a7f12e962c4
[2026-04-22T13:09:26-05:00] DEBUG ClientSession.DialStream [dmsgC]: Stream closed on failure. close_error=<nil> dst_addr=0215593fad3817adea95dfcedac271ba0050297bd48740bc8566bbcecfe65c3dce:100 error="i/o deadline reached" ports_reserved=24 session=02a2d4c346dabd165fd555dfdba4a7f4d18786fe7e055e562397cd5102bdd7f8dd
[2026-04-22T13:09:26-05:00] DEBUG [dmsgC]: DialStream failed, trying next session error="i/o deadline reached" server=02a2d4c346dabd165fd555dfdba4a7f4d18786fe7e055e562397cd5102bdd7f8dd
[2026-04-22T13:09:26-05:00] DEBUG [dht]: PutValue failed error="dht dmsg dial 0215593f: dmsg error 202 - cannot connect to delegated server" peer=0215593f
[2026-04-22T13:09:28-05:00] DEBUG [dht]: PutValue failed error="dht: remote rejected put: dht: sequence number must increase" peer=0336c02f
[2026-04-22T13:09:29-05:00] DEBUG [dht]: PutValue failed error="dht: remote rejected put: dht: sequence number must increase" peer=03b5a284
[2026-04-22T13:09:29-05:00] DEBUG [dht]: PutValue failed error="dht: remote rejected put: dht: sequence number must increase" peer=032a07b9
[2026-04-22T13:09:30-05:00] DEBUG [dht]: PutValue failed error="dht: remote rejected put: dht: sequence number must increase" peer=025c9a88
[2026-04-22T13:09:31-05:00] DEBUG [dht]: PutValue failed error="dht: remote rejected put: dht: sequence number must increase" peer=035c27a3
[2026-04-22T13:09:36-05:00] DEBUG ClientSession.DialStream [dmsgC]: Stream closed on failure. close_error=<nil> dst_addr=02df744c491f4a0ec5a26b4817f47763145fb02bcf71ac547415babefef2dbaa65:100 error="i/o deadline reached" ports_reserved=25 session=02a2d4c346dabd165fd555dfdba4a7f4d18786fe7e055e562397cd5102bdd7f8dd
[2026-04-22T13:09:36-05:00] DEBUG [dmsgC]: DialStream failed via cached route, evicting error="i/o deadline reached" server=02a2d4c346dabd165fd555dfdba4a7f4d18786fe7e055e562397cd5102bdd7f8dd
[2026-04-22T13:09:37-05:00] DEBUG [cli_rpc]: CLI RPC stats: active=0, total=1, errors=0, peak=1
[2026-04-22T13:09:37-05:00] DEBUG [dht]: PutValue failed error="dht: remote rejected put: dht: sequence number must increase" peer=02df744c
[2026-04-22T13:09:38-05:00] WARN [router]: closing conn from untrusted setup node: <nil>
[2026-04-22T13:09:38-05:00] DEBUG [dht]: PutValue failed error="dht: remote rejected put: dht: sequence number must increase" peer=023d00ea
[2026-04-22T13:09:38-05:00] WARN [self_probe]: Self-probe FAILED: dmsg listener unreachable (persistent) consecutive_failures=2 port=80
[2026-04-22T13:09:38-05:00] DEBUG [dmsgC]: Session shut down, stopping accept loop. error="session shutdown" session=02a2d4c346dabd165fd555dfdba4a7f4d18786fe7e055e562397cd5102bdd7f8dd
[2026-04-22T13:09:38-05:00] WARN [self_probe]: Self-probe recovery: forced DMSG session reconnect; reconnect loop will re-dial within 15s sessions_closed=2
[2026-04-22T13:09:38-05:00] DEBUG [dmsgC]: Session shut down, stopping accept loop. error="session shutdown" session=0326978f5a53aff537dbb47fed58b1f123af3b00132d365f1309a14db4168dcff7
[2026-04-22T13:09:38-05:00] DEBUG [dmsgC]: Session stopped. error="failed to serve dialed session to 02a2d4c346dabd165fd555dfdba4a7f4d18786fe7e055e562397cd5102bdd7f8dd: session shutdown"
[2026-04-22T13:09:38-05:00] DEBUG [dmsgC]: Dialing session... remote_pk=0281a102c82820e811368c8d028cf11b1a985043b726b1bcdb8fce89b27384b2cb
[2026-04-22T13:09:39-05:00] INFO [dmsgC]: yamux stream session initial for 0281a102c82820e811368c8d028cf11b1a985043b726b1bcdb8fce89b27384b2cb
[2026-04-22T13:09:39-05:00] DEBUG [dmsgC]: Dialing session... remote_pk=0371ab4bcff7b121f4b91f6856d6740c6f9dc1fe716977850aeb5d84378b300a13
[2026-04-22T13:09:39-05:00] DEBUG [dmsgC]: Serving session. remote_pk=0281a102c82820e811368c8d028cf11b1a985043b726b1bcdb8fce89b27384b2cb
[2026-04-22T13:09:39-05:00] INFO [dmsgC]: yamux stream session initial for 0371ab4bcff7b121f4b91f6856d6740c6f9dc1fe716977850aeb5d84378b300a13
[2026-04-22T13:09:39-05:00] DEBUG [dmsgC]: Session stopped. error="failed to serve dialed session to 0326978f5a53aff537dbb47fed58b1f123af3b00132d365f1309a14db4168dcff7: session shutdown"
[2026-04-22T13:09:39-05:00] DEBUG [dmsgC]: Serving session. remote_pk=0371ab4bcff7b121f4b91f6856d6740c6f9dc1fe716977850aeb5d84378b300a13
[2026-04-22T13:09:39-05:00] DEBUG [dmsgC]: Dialing session... remote_pk=02a2d4c346dabd165fd555dfdba4a7f4d18786fe7e055e562397cd5102bdd7f8dd
[2026-04-22T13:09:39-05:00] INFO [dmsgC]: yamux stream session initial for 02a2d4c346dabd165fd555dfdba4a7f4d18786fe7e055e562397cd5102bdd7f8dd
[2026-04-22T13:09:39-05:00] DEBUG [dmsgC]: Serving session. remote_pk=02a2d4c346dabd165fd555dfdba4a7f4d18786fe7e055e562397cd5102bdd7f8dd
[2026-04-22T13:09:39-05:00] DEBUG [dmsgC]: Dialing session... remote_pk=02a49bc0aa1b5b78f638e9189be4ed095bac5d6839c828465a8350f80ac07629c0
[2026-04-22T13:09:40-05:00] DEBUG [dmsgC]: Session shut down, stopping accept loop. error=EOF session=02a2d4c346dabd165fd555dfdba4a7f4d18786fe7e055e562397cd5102bdd7f8dd
[2026-04-22T13:09:40-05:00] DEBUG ClientSession.DialStream [dmsgC]: Stream closed on failure. close_error=<nil> dst_addr=0315597da585c5577bba8bd7f2c31d79ebecb255067d5bc32f6596b7fa0b710b9e:100 error=EOF ports_reserved=10 session=02a2d4c346dabd165fd555dfdba4a7f4d18786fe7e055e562397cd5102bdd7f8dd
[2026-04-22T13:09:40-05:00] DEBUG [dmsgC]: DialStream failed via new session, trying next server error=EOF server=02a2d4c346dabd165fd555dfdba4a7f4d18786fe7e055e562397cd5102bdd7f8dd
[2026-04-22T13:09:40-05:00] INFO [dmsgC]: yamux stream session initial for 02a49bc0aa1b5b78f638e9189be4ed095bac5d6839c828465a8350f80ac07629c0
[2026-04-22T13:09:40-05:00] DEBUG [dmsgC]: Serving session. remote_pk=02a49bc0aa1b5b78f638e9189be4ed095bac5d6839c828465a8350f80ac07629c0
[2026-04-22T13:09:40-05:00] DEBUG [dmsgC]: Session stopped. error="failed to serve dialed session to 02a2d4c346dabd165fd555dfdba4a7f4d18786fe7e055e562397cd5102bdd7f8dd: EOF"
[2026-04-22T13:09:40-05:00] DEBUG [dmsgC]: Dialing session... remote_pk=03717576ada5b1744e395c66c2bb11cea73b0e23d0dcd54422139b1a7f12e962c4
[2026-04-22T13:09:40-05:00] DEBUG [dmsg_http:dmsgDC]: Stream handshake failed, continuing. error="dmsg error 306 - request has no associated listener" session=03717576ada5b1744e395c66c2bb11cea73b0e23d0dcd54422139b1a7f12e962c4
[2026-04-22T13:09:40-05:00] INFO [dmsgC]: yamux stream session initial for 03717576ada5b1744e395c66c2bb11cea73b0e23d0dcd54422139b1a7f12e962c4
[2026-04-22T13:09:40-05:00] DEBUG [dmsgC]: Discovering dmsg servers...
[2026-04-22T13:09:40-05:00] DEBUG [dmsgC]: Serving session. remote_pk=03717576ada5b1744e395c66c2bb11cea73b0e23d0dcd54422139b1a7f12e962c4
[2026-04-22T13:09:40-05:00] DEBUG [dmsgC]: Session shut down, stopping accept loop. error=EOF session=03717576ada5b1744e395c66c2bb11cea73b0e23d0dcd54422139b1a7f12e962c4
[2026-04-22T13:09:40-05:00] DEBUG [dmsgC]: Session stopped. error="failed to serve dialed session to 03717576ada5b1744e395c66c2bb11cea73b0e23d0dcd54422139b1a7f12e962c4: EOF"
[2026-04-22T13:09:40-05:00] DEBUG [dmsgC]: Session already exists... remote_pk=0281a102c82820e811368c8d028cf11b1a985043b726b1bcdb8fce89b27384b2cb
[2026-04-22T13:09:40-05:00] DEBUG [dmsgC]: Session ping failed consecutive_fails=1 error="session shutdown" server=03717576ada5b1744e395c66c2bb11cea73b0e23d0dcd54422139b1a7f12e962c4
[2026-04-22T13:09:40-05:00] DEBUG [dht]: PutValue failed error="dht: remote rejected put: dht: sequence number must increase" peer=0315597d
[2026-04-22T13:09:41-05:00] DEBUG [dmsgC]: Updating entry.
 entry=	version: 0.0.1
	sequence: 1
	registered at: 1776881228718805742
	static public key: 0282213369836321323dfaa492564ceb8a9a5e7e8ff044c46c92949a787ec51fb0
	signature: f0e8517a28dd76c0104402fd0c4457ae0bc1c8c234a3a7867452e86aab5a0f9421812a424f1afa3c0e162e837752deebf255384b4126d36a5427d84e78e23c7d01
	entry is registered as client. Related info: 
		delegated servers: 
			0281a102c82820e811368c8d028cf11b1a985043b726b1bcdb8fce89b27384b2cb
			0371ab4bcff7b121f4b91f6856d6740c6f9dc1fe716977850aeb5d84378b300a13
			02a49bc0aa1b5b78f638e9189be4ed095bac5d6839c828465a8350f80ac07629c0


[2026-04-22T13:09:49-05:00] DEBUG ClientSession.DialStream [dmsgC]: Stream closed on failure. close_error=<nil> dst_addr=02e8ecb5c32a510f32967be997eeaab549e45a5c0d01ca49061f7c1b8e707a01e6:100 error="i/o deadline reached" ports_reserved=10 session=0371ab4bcff7b121f4b91f6856d6740c6f9dc1fe716977850aeb5d84378b300a13
[2026-04-22T13:09:49-05:00] DEBUG [dmsgC]: DialStream failed, trying next session error="i/o deadline reached" server=0371ab4bcff7b121f4b91f6856d6740c6f9dc1fe716977850aeb5d84378b300a13
[2026-04-22T13:09:54-05:00] DEBUG ClientSession.DialStream [dmsgC]: Stream closed on failure. close_error=<nil> dst_addr=02e8ecb5c32a510f32967be997eeaab549e45a5c0d01ca49061f7c1b8e707a01e6:100 error="i/o deadline reached" ports_reserved=10 session=02a49bc0aa1b5b78f638e9189be4ed095bac5d6839c828465a8350f80ac07629c0
[2026-04-22T13:09:54-05:00] DEBUG [dmsgC]: DialStream failed, trying next session error="i/o deadline reached" server=02a49bc0aa1b5b78f638e9189be4ed095bac5d6839c828465a8350f80ac07629c0
[2026-04-22T13:09:54-05:00] DEBUG ClientSession.DialStream [dmsgC]: Stream closed on failure. close_error=<nil> dst_addr=02e8ecb5c32a510f32967be997eeaab549e45a5c0d01ca49061f7c1b8e707a01e6:100 error="context deadline exceeded" ports_reserved=10 session=0371ab4bcff7b121f4b91f6856d6740c6f9dc1fe716977850aeb5d84378b300a13
[2026-04-22T13:09:54-05:00] DEBUG [dmsgC]: DialStream failed via new session, trying next server error="context deadline exceeded" server=0371ab4bcff7b121f4b91f6856d6740c6f9dc1fe716977850aeb5d84378b300a13
[2026-04-22T13:10:02-05:00] DEBUG ClientSession.DialStream [dmsgC]: Stream closed on failure. close_error=<nil> dst_addr=02df744c491f4a0ec5a26b4817f47763145fb02bcf71ac547415babefef2dbaa65:100 error="i/o deadline reached" ports_reserved=11 session=0371ab4bcff7b121f4b91f6856d6740c6f9dc1fe716977850aeb5d84378b300a13
[2026-04-22T13:10:02-05:00] DEBUG [dmsgC]: DialStream failed, trying next session error="i/o deadline reached" server=0371ab4bcff7b121f4b91f6856d6740c6f9dc1fe716977850aeb5d84378b300a13
[2026-04-22T13:10:07-05:00] DEBUG [cli_rpc]: CLI RPC stats: active=0, total=1, errors=0, peak=1
[2026-04-22T13:10:07-05:00] DEBUG ClientSession.DialStream [dmsgC]: Stream closed on failure. close_error=<nil> dst_addr=02df744c491f4a0ec5a26b4817f47763145fb02bcf71ac547415babefef2dbaa65:100 error="i/o deadline reached" ports_reserved=11 session=02a49bc0aa1b5b78f638e9189be4ed095bac5d6839c828465a8350f80ac07629c0
[2026-04-22T13:10:07-05:00] DEBUG [dmsgC]: DialStream failed, trying next session error="i/o deadline reached" server=02a49bc0aa1b5b78f638e9189be4ed095bac5d6839c828465a8350f80ac07629c0
[2026-04-22T13:10:07-05:00] DEBUG ClientSession.DialStream [dmsgC]: Stream closed on failure. close_error=<nil> dst_addr=02df744c491f4a0ec5a26b4817f47763145fb02bcf71ac547415babefef2dbaa65:100 error="context deadline exceeded" ports_reserved=11 session=0371ab4bcff7b121f4b91f6856d6740c6f9dc1fe716977850aeb5d84378b300a13
[2026-04-22T13:10:07-05:00] DEBUG [dmsgC]: DialStream failed via new session, trying next server error="context deadline exceeded" server=0371ab4bcff7b121f4b91f6856d6740c6f9dc1fe716977850aeb5d84378b300a13
[2026-04-22T13:10:12-05:00] DEBUG ClientSession.DialStream [dmsgC]: Stream closed on failure. close_error=<nil> dst_addr=023d00ea6c2542ab046abe7cba30e95dd85f0772e07873ad44c54e177ee504dc6d:100 error="i/o deadline reached" ports_reserved=12 session=02a49bc0aa1b5b78f638e9189be4ed095bac5d6839c828465a8350f80ac07629c0
[2026-04-22T13:10:12-05:00] DEBUG [dmsgC]: DialStream failed, trying next session error="i/o deadline reached" server=02a49bc0aa1b5b78f638e9189be4ed095bac5d6839c828465a8350f80ac07629c0
[2026-04-22T13:10:17-05:00] DEBUG ClientSession.DialStream [dmsgC]: Stream closed on failure. close_error=<nil> dst_addr=023d00ea6c2542ab046abe7cba30e95dd85f0772e07873ad44c54e177ee504dc6d:100 error="i/o deadline reached" ports_reserved=12 session=0281a102c82820e811368c8d028cf11b1a985043b726b1bcdb8fce89b27384b2cb
[2026-04-22T13:10:17-05:00] DEBUG [dmsgC]: DialStream failed, trying next session error="i/o deadline reached" server=0281a102c82820e811368c8d028cf11b1a985043b726b1bcdb8fce89b27384b2cb
[2026-04-22T13:10:18-05:00] DEBUG [dht]: PutValue failed error="dht: remote rejected put: dht: sequence number must increase" peer=03ce6a7b
[2026-04-22T13:10:19-05:00] DEBUG [dht]: PutValue failed error="dht: remote rejected put: dht: sequence number must increase" peer=0358ee2d
[2026-04-22T13:10:20-05:00] DEBUG [dht]: PutValue failed error="dht: remote rejected put: dht: sequence number must increase" peer=0334eb10
[2026-04-22T13:10:21-05:00] DEBUG [dht]: PutValue failed error="dht: remote rejected put: dht: sequence number must increase" peer=03797347
[2026-04-22T13:10:22-05:00] DEBUG [dht]: PutValue failed error="dht: remote rejected put: dht: sequence number must increase" peer=03abd117
[2026-04-22T13:10:23-05:00] DEBUG [dht]: PutValue failed error="dht: remote rejected put: dht: sequence number must increase" peer=0259e2df
[2026-04-22T13:10:27-05:00] DEBUG [stcpr]: Re-registering STCPR with address resolver
[2026-04-22T13:10:27-05:00] DEBUG httpClient.BindSTCPR [address_resolver]: Address resolver binding with: [192.168.1.118 70.121.13.123]
[2026-04-22T13:10:28-05:00] DEBUG [stcpr]: Successfully re-registered STCPR
[2026-04-22T13:10:28-05:00] DEBUG ClientSession.DialStream [dmsgC]: Stream closed on failure. close_error=<nil> dst_addr=02e8ecb5c32a510f32967be997eeaab549e45a5c0d01ca49061f7c1b8e707a01e6:100 error="i/o deadline reached" ports_reserved=13 session=0371ab4bcff7b121f4b91f6856d6740c6f9dc1fe716977850aeb5d84378b300a13
[2026-04-22T13:10:28-05:00] DEBUG [dmsgC]: DialStream failed, trying next session error="i/o deadline reached" server=0371ab4bcff7b121f4b91f6856d6740c6f9dc1fe716977850aeb5d84378b300a13
[2026-04-22T13:10:33-05:00] DEBUG ClientSession.DialStream [dmsgC]: Stream closed on failure. close_error=<nil> dst_addr=02e8ecb5c32a510f32967be997eeaab549e45a5c0d01ca49061f7c1b8e707a01e6:100 error="i/o deadline reached" ports_reserved=13 session=02a49bc0aa1b5b78f638e9189be4ed095bac5d6839c828465a8350f80ac07629c0
[2026-04-22T13:10:33-05:00] DEBUG [dmsgC]: DialStream failed, trying next session error="i/o deadline reached" server=02a49bc0aa1b5b78f638e9189be4ed095bac5d6839c828465a8350f80ac07629c0
[2026-04-22T13:10:33-05:00] DEBUG ClientSession.DialStream [dmsgC]: Stream closed on failure. close_error=<nil> dst_addr=02e8ecb5c32a510f32967be997eeaab549e45a5c0d01ca49061f7c1b8e707a01e6:100 error="context deadline exceeded" ports_reserved=13 session=0371ab4bcff7b121f4b91f6856d6740c6f9dc1fe716977850aeb5d84378b300a13
[2026-04-22T13:10:33-05:00] DEBUG [dmsgC]: DialStream failed via new session, trying next server error="context deadline exceeded" server=0371ab4bcff7b121f4b91f6856d6740c6f9dc1fe716977850aeb5d84378b300a13
[2026-04-22T13:10:33-05:00] DEBUG [dht]: PutValue failed error="dht dmsg dial 02e8ecb5: dmsg error 202 - cannot connect to delegated server" peer=02e8ecb5
[2026-04-22T13:10:34-05:00] DEBUG [dht]: PutValue failed error="dht dmsg dial 02864d02: dmsg error 100 - entry is not found in discovery: entry of public key is not found" peer=02864d02
[2026-04-22T13:10:34-05:00] DEBUG [dht]: PutValue failed error="dht: remote rejected put: dht: sequence number must increase" peer=0371f571
[2026-04-22T13:10:35-05:00] DEBUG [dht]: PutValue failed error="dht: remote rejected put: dht: sequence number must increase" peer=03b647bc
[2026-04-22T13:10:35-05:00] DEBUG [cli_rpc]: CLI RPC conn #2 accepted from 127.0.0.1:59674 (active: 1)
[2026-04-22T13:10:35-05:00] INFO [visor:shutdown]: Begin shutdown.
[2026-04-22T13:10:35-05:00] DEBUG [25/25] [visor:shutdown:dht]: Shutting down module...
[2026-04-22T13:10:36-05:00] DEBUG [dmsgC]: Stream handshake failed, continuing. error="dmsg error 306 - request has no associated listener" session=0281a102c82820e811368c8d028cf11b1a985043b726b1bcdb8fce89b27384b2cb
[2026-04-22T13:10:36-05:00] DEBUG [dht]: PutValue failed error="dht: remote rejected put: dht: sequence number must increase" peer=03b9ca7b
[2026-04-22T13:10:36-05:00] DEBUG [dmsgC]: Stream handshake failed, continuing. error="dmsg error 306 - request has no associated listener" session=0281a102c82820e811368c8d028cf11b1a985043b726b1bcdb8fce89b27384b2cb
[2026-04-22T13:10:37-05:00] DEBUG [dht]: PutValue failed error="dht: remote rejected put: dht: sequence number must increase" peer=0215593f
[2026-04-22T13:10:37-05:00] DEBUG [cli_rpc]: CLI RPC stats: active=1, total=2, errors=0, peak=1
[2026-04-22T13:10:38-05:00] WARN [router]: closing conn from untrusted setup node: <nil>
[2026-04-22T13:10:38-05:00] WARN [self_probe]: Self-probe FAILED: dmsg listener unreachable (persistent) consecutive_failures=3 cooldown_remaining=4m0s port=80
[2026-04-22T13:10:38-05:00] DEBUG [dmsgC]: Stream handshake failed, continuing. error="dmsg error 306 - request has no associated listener" session=0281a102c82820e811368c8d028cf11b1a985043b726b1bcdb8fce89b27384b2cb
[2026-04-22T13:10:38-05:00] DEBUG [dmsgC]: Stream handshake failed, continuing. error="dmsg error 306 - request has no associated listener" session=0281a102c82820e811368c8d028cf11b1a985043b726b1bcdb8fce89b27384b2cb
[2026-04-22T13:10:39-05:00] DEBUG [dht]: PutValue failed error="dht: remote rejected put: dht: sequence number must increase" peer=0336c02f
[2026-04-22T13:10:39-05:00] DEBUG [dmsgC]: Stream handshake failed, continuing. error="dmsg error 306 - request has no associated listener" session=0281a102c82820e811368c8d028cf11b1a985043b726b1bcdb8fce89b27384b2cb
[2026-04-22T13:10:39-05:00] ERROR [25/25] [visor:shutdown:dht]: Module timed out. elapsed=4.000451365s
[2026-04-22T13:10:39-05:00] DEBUG [24/25] [visor:shutdown:tpd_concurrency]: Shutting down module...
[2026-04-22T13:10:39-05:00] DEBUG [24/25] [visor:shutdown:tpd_concurrency]: Module stopped cleanly. elapsed=42.597µs
[2026-04-22T13:10:39-05:00] DEBUG [23/25] [visor:shutdown:latency_probe]: Shutting down module...
[2026-04-22T13:10:39-05:00] DEBUG [23/25] [visor:shutdown:latency_probe]: Module stopped cleanly. elapsed=35.645µs
[2026-04-22T13:10:39-05:00] DEBUG [22/25] [visor:shutdown:skywire_ping]: Shutting down module...
[2026-04-22T13:10:39-05:00] DEBUG [22/25] [visor:shutdown:skywire_ping]: Module stopped cleanly. elapsed=27.379µs
[2026-04-22T13:10:39-05:00] DEBUG [21/25] [visor:shutdown:transportable]: Shutting down module...
[2026-04-22T13:10:39-05:00] DEBUG [21/25] [visor:shutdown:transportable]: Module stopped cleanly. elapsed=24.697µs
[2026-04-22T13:10:39-05:00] DEBUG [20/25] [visor:shutdown:localhost.logserver]: Shutting down module...
[2026-04-22T13:10:39-05:00] DEBUG [20/25] [visor:shutdown:localhost.logserver]: Module stopped cleanly. elapsed=97.522µs
[2026-04-22T13:10:39-05:00] DEBUG [19/25] [visor:shutdown:sky_forwarding]: Shutting down module...
[2026-04-22T13:10:39-05:00] DEBUG [19/25] [visor:shutdown:sky_forwarding]: Module stopped cleanly. elapsed=27.116µs
[2026-04-22T13:10:39-05:00] DEBUG [18/25] [visor:shutdown:dmsghttp.logserver]: Shutting down module...
[2026-04-22T13:10:39-05:00] DEBUG serveRouteGroup [launcher]: Stopped accepting routes. _=skynet error="context canceled"
[2026-04-22T13:10:39-05:00] ERROR [launcher]: serveRouteGroup stopped unexpectedly. _=skynet error="context canceled"
[2026-04-22T13:10:39-05:00] DEBUG [18/25] [visor:shutdown:dmsghttp.logserver]: Module stopped cleanly. elapsed=53.67µs
[2026-04-22T13:10:39-05:00] DEBUG [17/25] [visor:shutdown:launcher.proc_manager]: Shutting down module...
[2026-04-22T13:10:39-05:00] DEBUG [17/25] [visor:shutdown:launcher.proc_manager]: Module stopped cleanly. elapsed=92.798µs
[2026-04-22T13:10:39-05:00] DEBUG [16/25] [visor:shutdown:dmsgctrl]: Shutting down module...
[2026-04-22T13:10:39-05:00] DEBUG [16/25] [visor:shutdown:dmsgctrl]: Module stopped cleanly. elapsed=45.504µs
[2026-04-22T13:10:39-05:00] DEBUG [15/25] [visor:shutdown:router.serve]: Shutting down module...
[2026-04-22T13:10:39-05:00] DEBUG [router]: Closing all App connections and RouteGroups
[2026-04-22T13:10:39-05:00] DEBUG [15/25] [visor:shutdown:router.serve]: Module stopped cleanly. elapsed=530.715µs
[2026-04-22T13:10:39-05:00] DEBUG [14/25] [visor:shutdown:transport_setup.rpc]: Shutting down module...
[2026-04-22T13:10:39-05:00] DEBUG [router]: Setup client stopped serving. error="dmsg error 200 - local entity closed"
[2026-04-22T13:10:39-05:00] DEBUG [transport_setup]: Dmsg client stopped serving. error="dmsg error 200 - local entity closed"
[2026-04-22T13:10:39-05:00] DEBUG [14/25] [visor:shutdown:transport_setup.rpc]: Module stopped cleanly. elapsed=44.09µs
[2026-04-22T13:10:39-05:00] DEBUG [13/25] [visor:shutdown:public_autoconnect]: Shutting down module...
[2026-04-22T13:10:39-05:00] DEBUG [13/25] [visor:shutdown:public_autoconnect]: Module stopped cleanly. elapsed=42.089µs
[2026-04-22T13:10:39-05:00] DEBUG [12/25] [visor:shutdown:transport.manager]: Shutting down module...
[2026-04-22T13:10:39-05:00] DEBUG [stcp]: Cleanly stopped serving.
[2026-04-22T13:10:39-05:00] DEBUG [stcpr]: Stopping STCPR re-registration loop
[2026-04-22T13:10:39-05:00] DEBUG [stcpr]: Cleanly stopped serving.
[2026-04-22T13:10:39-05:00] DEBUG httpClient.delBindSTCPR [address_resolver]: Deleting the binding pk: 0282213369836321323dfaa492564ceb8a9a5e7e8ff044c46c92949a787ec51fb0 from Address resolver
[2026-04-22T13:10:40-05:00] DEBUG httpClient.delBindSTCPR [address_resolver]: Deleted bind pk: 0282213369836321323dfaa492564ceb8a9a5e7e8ff044c46c92949a787ec51fb0 from Address resolver successfully
[2026-04-22T13:10:40-05:00] DEBUG [12/25] [visor:shutdown:transport.manager]: Module stopped cleanly. elapsed=324.852682ms
[2026-04-22T13:10:40-05:00] DEBUG [router]: Stopped reading packets error="transport is no longer being served"
[2026-04-22T13:10:40-05:00] DEBUG [11/25] [visor:shutdown:address_resolver]: Shutting down module...
[2026-04-22T13:10:40-05:00] DEBUG [11/25] [visor:shutdown:address_resolver]: Module stopped cleanly. elapsed=71.839µs
[2026-04-22T13:10:40-05:00] DEBUG [10/25] [visor:shutdown:router.serve]: Shutting down module...
[2026-04-22T13:10:40-05:00] DEBUG [dmsg_pty:cli-server]: Cleanly stopped serving.
[2026-04-22T13:10:40-05:00] DEBUG [10/25] [visor:shutdown:router.serve]: Module stopped cleanly. elapsed=102.964µs
[2026-04-22T13:10:40-05:00] DEBUG [9/25] [visor:shutdown:router.serve]: Shutting down module...
[2026-04-22T13:10:40-05:00] DEBUG [dmsg_pty]: Serve() ended. error=<nil>
[2026-04-22T13:10:40-05:00] DEBUG [dmsg_pty]: Cleanly stopped serving. error="dmsg error 200 - local entity closed"
[2026-04-22T13:10:40-05:00] DEBUG [9/25] [visor:shutdown:router.serve]: Module stopped cleanly. elapsed=114.614µs
[2026-04-22T13:10:40-05:00] DEBUG [8/25] [visor:shutdown:dmsg_tracker_manager]: Shutting down module...
[2026-04-22T13:10:40-05:00] DEBUG [8/25] [visor:shutdown:dmsg_tracker_manager]: Module stopped cleanly. elapsed=36.803µs
[2026-04-22T13:10:40-05:00] DEBUG [7/25] [visor:shutdown:dmsg_ping]: Shutting down module...
[2026-04-22T13:10:40-05:00] DEBUG [7/25] [visor:shutdown:dmsg_ping]: Module stopped cleanly. elapsed=26.403µs
[2026-04-22T13:10:40-05:00] ERROR [dmsg_ping]: Failed to accept dmsg ping conn error="dmsg error 200 - local entity closed"
[2026-04-22T13:10:40-05:00] DEBUG [6/25] [visor:shutdown:uptime_tracker]: Shutting down module...
[2026-04-22T13:10:40-05:00] DEBUG [6/25] [visor:shutdown:uptime_tracker]: Module stopped cleanly. elapsed=77.868µs
[2026-04-22T13:10:40-05:00] DEBUG [5/25] [visor:shutdown:dmsg_http]: Shutting down module...
[2026-04-22T13:10:40-05:00] DEBUG [dmsg_http:dmsgDC]: Stopped serving client!
[2026-04-22T13:10:40-05:00] DEBUG [dmsg_http:dmsgDC]: Session shut down, stopping accept loop. error="session shutdown" session=03717576ada5b1744e395c66c2bb11cea73b0e23d0dcd54422139b1a7f12e962c4
[2026-04-22T13:10:40-05:00] DEBUG [dmsg_http:dmsgDC]: Session closed. error=<nil>
[2026-04-22T13:10:40-05:00] DEBUG [dmsg_http:dmsgDC]: All sessions closed.
[2026-04-22T13:10:40-05:00] DEBUG [dmsg_http:dmsgDC]: Deleting entry.
 entry=	version: 0.0.1
	sequence: 0
	registered at: 0
	static public key: 0282213369836321323dfaa492564ceb8a9a5e7e8ff044c46c92949a787ec51fb0
	signature: 
	entry is registered as client. Related info: 
		delegated servers: 
			03717576ada5b1744e395c66c2bb11cea73b0e23d0dcd54422139b1a7f12e962c4


[2026-04-22T13:10:40-05:00] DEBUG [dmsg_http:dmsgDC]: Entry Deleted successfully.
[2026-04-22T13:10:40-05:00] DEBUG [dmsg_http:dmsgDC]: Disconnected from dmsg network.
 error=<nil>
[2026-04-22T13:10:40-05:00] DEBUG [5/25] [visor:shutdown:dmsg_http]: Module stopped cleanly. elapsed=302.287µs
[2026-04-22T13:10:40-05:00] DEBUG [4/25] [visor:shutdown:cli.grpc]: Shutting down module...
[2026-04-22T13:10:40-05:00] WARN [cli_rpc]: CLI RPC accept error, continuing... error="mux: server closed"
[2026-04-22T13:10:40-05:00] DEBUG [cli_rpc]: CLI RPC listener closed
[2026-04-22T13:10:40-05:00] DEBUG [4/25] [visor:shutdown:cli.grpc]: Module stopped cleanly. elapsed=141.44µs
[2026-04-22T13:10:40-05:00] DEBUG [3/25] [visor:shutdown:dmsg]: Shutting down module...
[2026-04-22T13:10:40-05:00] DEBUG [dmsgC]: Stopped serving client!
[2026-04-22T13:10:40-05:00] DEBUG [dmsgC]: Session shut down, stopping accept loop. error="session shutdown" session=0281a102c82820e811368c8d028cf11b1a985043b726b1bcdb8fce89b27384b2cb
[2026-04-22T13:10:40-05:00] DEBUG [dmsgC]: Session closed. error=<nil>
[2026-04-22T13:10:40-05:00] DEBUG [dmsgC]: Session shut down, stopping accept loop. error="session shutdown" session=0371ab4bcff7b121f4b91f6856d6740c6f9dc1fe716977850aeb5d84378b300a13
[2026-04-22T13:10:40-05:00] DEBUG [dmsgC]: Session closed. error=<nil>
[2026-04-22T13:10:40-05:00] DEBUG [dmsgC]: Session shut down, stopping accept loop. error="session shutdown" session=02a49bc0aa1b5b78f638e9189be4ed095bac5d6839c828465a8350f80ac07629c0
[2026-04-22T13:10:40-05:00] DEBUG [dht]: PutValue failed error="dht rpc read: EOF" peer=03b5a284
[2026-04-22T13:10:40-05:00] DEBUG [dmsgC]: Session closed. error=<nil>
[2026-04-22T13:10:40-05:00] DEBUG [dmsgC]: All sessions closed.
[2026-04-22T13:10:40-05:00] DEBUG [transport_manager]: Dmsg client stopped serving. error="dmsg error 200 - local entity closed"
[2026-04-22T13:10:40-05:00] DEBUG [visor]: DMSG forwarder accept error dmsg_fwd=9090 error="dmsg error 200 - local entity closed"
[2026-04-22T13:10:40-05:00] DEBUG [dmsgC]: Deleting entry.
 entry=	version: 0.0.1
	sequence: 2
	registered at: 1776881381794292823
	static public key: 0282213369836321323dfaa492564ceb8a9a5e7e8ff044c46c92949a787ec51fb0
	signature: e9a9e50cf4dd44fc8f06d3a0e2ea7970e509b614f5d8c66a9449befa9fe8e3726d7dc545cc6126acffcfeb6a9f4f463cb4cdeb542c03e96dc1bd888dcd6a868f01
	entry is registered as client. Related info: 
		delegated servers: 
			0281a102c82820e811368c8d028cf11b1a985043b726b1bcdb8fce89b27384b2cb
			0371ab4bcff7b121f4b91f6856d6740c6f9dc1fe716977850aeb5d84378b300a13
			02a49bc0aa1b5b78f638e9189be4ed095bac5d6839c828465a8350f80ac07629c0


[2026-04-22T13:10:40-05:00] DEBUG [dmsgC]: Dialing session... remote_pk=02a2d4c346dabd165fd555dfdba4a7f4d18786fe7e055e562397cd5102bdd7f8dd
[2026-04-22T13:10:40-05:00] DEBUG [dmsgC]: Entry Deleted successfully.
[2026-04-22T13:10:40-05:00] DEBUG [3/25] [visor:shutdown:dmsg]: Module stopped cleanly. elapsed=553.380377ms
[2026-04-22T13:10:40-05:00] DEBUG [2/25] [visor:shutdown:cli.listener]: Shutting down module...
[2026-04-22T13:10:40-05:00] WARN [2/25] [visor:shutdown:cli.listener]: Module stopped with unexpected result. elapsed=74.229µs error="close tcp 127.0.0.1:3436: use of closed network connection"
[2026-04-22T13:10:40-05:00] DEBUG [1/25] [visor:shutdown:event_broadcaster]: Shutting down module...
[2026-04-22T13:10:40-05:00] DEBUG [1/25] [visor:shutdown:event_broadcaster]: Module stopped cleanly. elapsed=83.895µs
[2026-04-22T13:10:40-05:00] INFO [visor:shutdown]: Shutdown complete. Goodbye!
[2026-04-22T13:10:45-05:00] INFO [visor:startup]: Begin startup. public_key=0282213369836321323dfaa492564ceb8a9a5e7e8ff044c46c92949a787ec51fb0
[2026-04-22T13:10:45-05:00] INFO [visor:startup]: main module set to hypervisor
[2026-04-22T13:10:45-05:00] DEBUG [hypervisor]: Starting
[2026-04-22T13:10:45-05:00] DEBUG [visor]: Starting
[2026-04-22T13:10:45-05:00] DEBUG [transports]: Starting
[2026-04-22T13:10:45-05:00] DEBUG [transport]: Starting
[2026-04-22T13:10:45-05:00] DEBUG [stcp]: Starting
[2026-04-22T13:10:45-05:00] DEBUG [dmsg_trackers]: Starting
[2026-04-22T13:10:45-05:00] DEBUG [embedded_tps]: Starting
[2026-04-22T13:10:45-05:00] DEBUG [stun_client]: Starting
[2026-04-22T13:10:45-05:00] DEBUG [public_autoconnect]: Starting
[2026-04-22T13:10:45-05:00] DEBUG [ui_server]: Starting
[2026-04-22T13:10:45-05:00] DEBUG [dmsghttp_logserver]: Starting
[2026-04-22T13:10:45-05:00] DEBUG [cli]: Starting
[2026-04-22T13:10:45-05:00] DEBUG [latency_probe]: Starting
[2026-04-22T13:10:45-05:00] DEBUG [transport_setup]: Starting
[2026-04-22T13:10:45-05:00] DEBUG [dmsg_ping]: Starting
[2026-04-22T13:10:45-05:00] DEBUG [event_broadcaster]: Starting
[2026-04-22T13:10:45-05:00] DEBUG [event_broadcaster]: Initialized.
[2026-04-22T13:10:45-05:00] DEBUG [uptime_tracker]: Starting
[2026-04-22T13:10:45-05:00] DEBUG [address_resolver]: Starting
[2026-04-22T13:10:45-05:00] DEBUG [tpd_concurrency]: Starting
[2026-04-22T13:10:45-05:00] DEBUG [router]: Starting
[2026-04-22T13:10:45-05:00] DEBUG [embedded_skynetweb]: Starting
[2026-04-22T13:10:45-05:00] DEBUG [launcher]: Starting
[2026-04-22T13:10:45-05:00] DEBUG [skynet_ports]: Starting
[2026-04-22T13:10:45-05:00] DEBUG [dmsg]: Starting
[2026-04-22T13:10:45-05:00] DEBUG [sky_forward_conn]: Starting
[2026-04-22T13:10:45-05:00] DEBUG [public_visor]: Starting
[2026-04-22T13:10:45-05:00] DEBUG [ping]: Starting
[2026-04-22T13:10:45-05:00] DEBUG [dmsg_server_latency]: Starting
[2026-04-22T13:10:45-05:00] DEBUG [sudph]: Starting
[2026-04-22T13:10:45-05:00] DEBUG [system_survey]: Starting
[2026-04-22T13:10:45-05:00] DEBUG [dmsg_ctrl]: Starting
[2026-04-22T13:10:45-05:00] DEBUG [transportable]: Starting
[2026-04-22T13:10:45-05:00] DEBUG [dmsg_http]: Starting
[2026-04-22T13:10:45-05:00] DEBUG [cli]: Initialized.
[2026-04-22T13:10:45-05:00] DEBUG [hypervisors]: Starting
[2026-04-22T13:10:45-05:00] DEBUG [dht]: Starting
[2026-04-22T13:10:45-05:00] DEBUG [stcpr]: Starting
[2026-04-22T13:10:45-05:00] DEBUG [discovery]: Starting
[2026-04-22T13:10:45-05:00] DEBUG [self_probe]: Starting
[2026-04-22T13:10:45-05:00] DEBUG [dmsg_pty]: Starting
[2026-04-22T13:10:45-05:00] DEBUG [embedded_dmsgweb]: Starting
[2026-04-22T13:10:45-05:00] DEBUG [node_health]: Starting
[2026-04-22T13:10:45-05:00] DEBUG [embedded_route_setup]: Starting
[2026-04-22T13:10:45-05:00] INFO [cli_grpc]: CLI gRPC server listening on localhost:3436 (multiplexed)
[2026-04-22T13:10:45-05:00] INFO [cli_rpc]: CLI RPC server listening on localhost:3436 (max 50 concurrent connections, multiplexed)
[2026-04-22T13:10:45-05:00] DEBUG direct.NewClient [dmsg_http:direct_client]: Created Direct client.
[2026-04-22T13:10:45-05:00] DEBUG [dmsg_http]: Initialized.
[2026-04-22T13:10:45-05:00] DEBUG [dmsg_http:dmsgDC]: Connecting to dmsg network...
 public_key=0282213369836321323dfaa492564ceb8a9a5e7e8ff044c46c92949a787ec51fb0
[2026-04-22T13:10:45-05:00] DEBUG disc.NewHTTP [dmsgC:disc]: Created HTTP client. addr="http://dmsgd.skywire.skycoin.com"
[2026-04-22T13:10:45-05:00] DEBUG [dmsg_http:dmsgDC]: Discovering dmsg servers...
[2026-04-22T13:10:45-05:00] DEBUG [dmsgC]: Discovering dmsg servers...
[2026-04-22T13:10:45-05:00] INFO [dmsg_http:dmsgDC]: Initial post entry succeeded
[2026-04-22T13:10:45-05:00] DEBUG [dmsg_http:dmsgDC]: Dialing session... remote_pk=0326978f5a53aff537dbb47fed58b1f123af3b00132d365f1309a14db4168dcff7
[2026-04-22T13:10:46-05:00] INFO [dmsg_http:dmsgDC]: yamux stream session initial for 0326978f5a53aff537dbb47fed58b1f123af3b00132d365f1309a14db4168dcff7
[2026-04-22T13:10:46-05:00] DEBUG [dmsg_http:dmsgDC]: Updating entry.
 entry=	version: 0.0.1
	sequence: 0
	registered at: 0
	static public key: 0282213369836321323dfaa492564ceb8a9a5e7e8ff044c46c92949a787ec51fb0
	signature: 
	entry is registered as client. Related info: 
		delegated servers: 
			0326978f5a53aff537dbb47fed58b1f123af3b00132d365f1309a14db4168dcff7


[2026-04-22T13:10:46-05:00] DEBUG [dmsg_http:dmsgDC]: Dmsg network ready.
[2026-04-22T13:10:46-05:00] INFO [dmsg_http]: DMSG HTTP transport ready
[2026-04-22T13:10:46-05:00] DEBUG [dmsg_http:dmsgDC]: Serving session. remote_pk=0326978f5a53aff537dbb47fed58b1f123af3b00132d365f1309a14db4168dcff7
[2026-04-22T13:10:46-05:00] DEBUG [uptime_tracker]: Initialized.
[2026-04-22T13:10:46-05:00] DEBUG [dmsg_http:dmsgDC]: Stream handshake failed, continuing. error="dmsg error 306 - request has no associated listener" session=0326978f5a53aff537dbb47fed58b1f123af3b00132d365f1309a14db4168dcff7
[2026-04-22T13:10:47-05:00] INFO [dmsgC]: Initial post entry succeeded
[2026-04-22T13:10:47-05:00] DEBUG [dmsgC]: Dialing session... remote_pk=03717576ada5b1744e395c66c2bb11cea73b0e23d0dcd54422139b1a7f12e962c4
[2026-04-22T13:10:47-05:00] INFO [dmsgC]: yamux stream session initial for 03717576ada5b1744e395c66c2bb11cea73b0e23d0dcd54422139b1a7f12e962c4
[2026-04-22T13:10:48-05:00] DEBUG [dmsgC]: Updating entry.
 entry=	version: 0.0.1
	sequence: 0
	registered at: 1776881446624350994
	static public key: 0282213369836321323dfaa492564ceb8a9a5e7e8ff044c46c92949a787ec51fb0
	signature: 9889cadcf59ae1cc6b38cc84f1778910233215f4a9d5655ac1f0c72f0f5a844b1aa13607623aded41517172c2ed2ea98482ed60e65d2fc1bac38ccb214d8526401
	entry is registered as client. Related info: 
		delegated servers: 
			03717576ada5b1744e395c66c2bb11cea73b0e23d0dcd54422139b1a7f12e962c4


[2026-04-22T13:10:48-05:00] DEBUG [dmsg_http:dmsgDC]: Stream handshake failed, continuing. error="dmsg error 306 - request has no associated listener" session=0326978f5a53aff537dbb47fed58b1f123af3b00132d365f1309a14db4168dcff7
[2026-04-22T13:10:49-05:00] DEBUG [dmsgC]: Dialing session... remote_pk=0326978f5a53aff537dbb47fed58b1f123af3b00132d365f1309a14db4168dcff7
[2026-04-22T13:10:49-05:00] DEBUG [dmsgC]: Serving session. remote_pk=03717576ada5b1744e395c66c2bb11cea73b0e23d0dcd54422139b1a7f12e962c4
[2026-04-22T13:10:49-05:00] INFO [dmsg]: DMSG client connected and ready.
[2026-04-22T13:10:49-05:00] INFO [dmsg]: Seeded DMSG entry cache with deployment service PKs count=7
[2026-04-22T13:10:49-05:00] DEBUG [dmsg]: Initialized.
[2026-04-22T13:10:49-05:00] DEBUG [dmsg_trackers]: Initialized.
[2026-04-22T13:10:49-05:00] DEBUG [embedded_route_setup]: No embedded route setup-node configured (route_setup_sk empty), skipping
[2026-04-22T13:10:49-05:00] DEBUG [hypervisors]: Initialized.
[2026-04-22T13:10:49-05:00] DEBUG [embedded_route_setup]: Initialized.
[2026-04-22T13:10:49-05:00] DEBUG [dmsg_pty]: Initialized.
[2026-04-22T13:10:49-05:00] DEBUG [embedded_dmsgweb]: dmsg_web section absent; not constructing resolver
[2026-04-22T13:10:49-05:00] INFO [dmsg_ping]: Dmsg ping listener started port=8
[2026-04-22T13:10:49-05:00] DEBUG [dmsg_ping]: Initialized.
[2026-04-22T13:10:49-05:00] INFO [node_health]: Initializing node health tracker rsn_count=2 tps_count=10
[2026-04-22T13:10:49-05:00] INFO [node_health]: Node health tracking started
[2026-04-22T13:10:49-05:00] DEBUG [node_health]: Initialized.
[2026-04-22T13:10:49-05:00] DEBUG [embedded_tps]: No embedded TPS configured (tps_sk empty), skipping
[2026-04-22T13:10:49-05:00] DEBUG [embedded_tps]: Initialized.
[2026-04-22T13:10:49-05:00] DEBUG [embedded_dmsgweb]: Initialized.
[2026-04-22T13:10:49-05:00] INFO [dmsg_server_latency]: DMSG server latency tracking started
[2026-04-22T13:10:49-05:00] DEBUG [dmsg_server_latency]: Initialized.
[2026-04-22T13:10:49-05:00] DEBUG [dmsgC]: Stream handshake failed, continuing. error="dmsg error 306 - request has no associated listener" session=03717576ada5b1744e395c66c2bb11cea73b0e23d0dcd54422139b1a7f12e962c4
[2026-04-22T13:10:49-05:00] DEBUG [dmsgC]: Stream handshake failed, continuing. error="dmsg error 306 - request has no associated listener" session=03717576ada5b1744e395c66c2bb11cea73b0e23d0dcd54422139b1a7f12e962c4
[2026-04-22T13:10:49-05:00] INFO [dmsgC]: yamux stream session initial for 0326978f5a53aff537dbb47fed58b1f123af3b00132d365f1309a14db4168dcff7
[2026-04-22T13:10:49-05:00] DEBUG [dmsgC]: Serving session. remote_pk=0326978f5a53aff537dbb47fed58b1f123af3b00132d365f1309a14db4168dcff7
[2026-04-22T13:10:49-05:00] DEBUG [dmsgC]: Session shut down, stopping accept loop. error=EOF session=0326978f5a53aff537dbb47fed58b1f123af3b00132d365f1309a14db4168dcff7
[2026-04-22T13:10:49-05:00] DEBUG [dmsgC]: Session stopped. error="failed to serve dialed session to 0326978f5a53aff537dbb47fed58b1f123af3b00132d365f1309a14db4168dcff7: EOF"
[2026-04-22T13:10:49-05:00] DEBUG [dmsgC]: Dialing session... remote_pk=02a2d4c346dabd165fd555dfdba4a7f4d18786fe7e055e562397cd5102bdd7f8dd
[2026-04-22T13:10:49-05:00] DEBUG [dmsgC]: Stream handshake failed, continuing. error="dmsg error 306 - request has no associated listener" session=03717576ada5b1744e395c66c2bb11cea73b0e23d0dcd54422139b1a7f12e962c4
[2026-04-22T13:10:49-05:00] INFO [dmsgC]: yamux stream session initial for 02a2d4c346dabd165fd555dfdba4a7f4d18786fe7e055e562397cd5102bdd7f8dd
[2026-04-22T13:10:49-05:00] DEBUG [dmsgC]: Serving session. remote_pk=02a2d4c346dabd165fd555dfdba4a7f4d18786fe7e055e562397cd5102bdd7f8dd
[2026-04-22T13:10:52-05:00] DEBUG [dmsgC]: Stream handshake failed, continuing. error="dmsg error 306 - request has no associated listener" session=03717576ada5b1744e395c66c2bb11cea73b0e23d0dcd54422139b1a7f12e962c4
[2026-04-22T13:10:52-05:00] DEBUG [dmsgC]: Stream handshake failed, continuing. error="dmsg error 306 - request has no associated listener" session=02a2d4c346dabd165fd555dfdba4a7f4d18786fe7e055e562397cd5102bdd7f8dd
[2026-04-22T13:10:53-05:00] DEBUG [dmsgC]: Stream handshake failed, continuing. error="dmsg error 306 - request has no associated listener" session=03717576ada5b1744e395c66c2bb11cea73b0e23d0dcd54422139b1a7f12e962c4
[2026-04-22T13:10:53-05:00] DEBUG [dmsgC]: Stream handshake failed, continuing. error="dmsg error 306 - request has no associated listener" session=03717576ada5b1744e395c66c2bb11cea73b0e23d0dcd54422139b1a7f12e962c4
[2026-04-22T13:10:53-05:00] DEBUG [dmsgC]: Stream handshake failed, continuing. error="dmsg error 306 - request has no associated listener" session=02a2d4c346dabd165fd555dfdba4a7f4d18786fe7e055e562397cd5102bdd7f8dd
[2026-04-22T13:10:53-05:00] DEBUG [dmsgC]: Stream handshake failed, continuing. error="dmsg error 306 - request has no associated listener" session=02a2d4c346dabd165fd555dfdba4a7f4d18786fe7e055e562397cd5102bdd7f8dd
[2026-04-22T13:10:54-05:00] DEBUG [dmsgC]: Stream handshake failed, continuing. error="dmsg error 306 - request has no associated listener" session=03717576ada5b1744e395c66c2bb11cea73b0e23d0dcd54422139b1a7f12e962c4
[2026-04-22T13:10:54-05:00] INFO [dmsg_server_latency]: Measuring DMSG server latencies via self-ping servers=2
[2026-04-22T13:10:54-05:00] DEBUG [dmsgC]: Stream handshake failed, continuing. error="dmsg error 306 - request has no associated listener" session=02a2d4c346dabd165fd555dfdba4a7f4d18786fe7e055e562397cd5102bdd7f8dd
[2026-04-22T13:10:54-05:00] DEBUG [dmsg_ping]: Accepted dmsg ping conn from 0282213369836321323dfaa492564ceb8a9a5e7e8ff044c46c92949a787ec51fb0:49153
[2026-04-22T13:10:54-05:00] DEBUG [dmsgC]: Stream handshake failed, continuing. error="dmsg error 306 - request has no associated listener" session=03717576ada5b1744e395c66c2bb11cea73b0e23d0dcd54422139b1a7f12e962c4
[2026-04-22T13:10:54-05:00] DEBUG [dmsg_ping]: Echoed dmsg ping response
[2026-04-22T13:10:55-05:00] DEBUG [dmsgC]: Stream handshake failed, continuing. error="dmsg error 306 - request has no associated listener" session=03717576ada5b1744e395c66c2bb11cea73b0e23d0dcd54422139b1a7f12e962c4
[2026-04-22T13:10:55-05:00] DEBUG [dmsg_ping]: Echoed dmsg ping response
[2026-04-22T13:10:55-05:00] DEBUG [dmsgC]: Stream handshake failed, continuing. error="dmsg error 306 - request has no associated listener" session=02a2d4c346dabd165fd555dfdba4a7f4d18786fe7e055e562397cd5102bdd7f8dd
[2026-04-22T13:10:55-05:00] DEBUG [dmsgC]: Stream handshake failed, continuing. error="dmsg error 306 - request has no associated listener" session=02a2d4c346dabd165fd555dfdba4a7f4d18786fe7e055e562397cd5102bdd7f8dd
[2026-04-22T13:10:55-05:00] DEBUG [dmsgC]: Stream handshake failed, continuing. error="dmsg error 306 - request has no associated listener" session=02a2d4c346dabd165fd555dfdba4a7f4d18786fe7e055e562397cd5102bdd7f8dd
[2026-04-22T13:10:55-05:00] DEBUG [dmsg_ping]: Echoed dmsg ping response
[2026-04-22T13:10:56-05:00] INFO [dmsg_server_latency]: Measured DMSG server latency elapsed=1.935s latency=553ms server=03717576ada5b174...
[2026-04-22T13:10:56-05:00] DEBUG [dmsg_ping]: Accepted dmsg ping conn from 0282213369836321323dfaa492564ceb8a9a5e7e8ff044c46c92949a787ec51fb0:49154
[2026-04-22T13:10:56-05:00] DEBUG [dmsg_ping]: Echoed dmsg ping response
[2026-04-22T13:10:57-05:00] DEBUG [dmsgC]: Stream handshake failed, continuing. error="dmsg error 306 - request has no associated listener" session=03717576ada5b1744e395c66c2bb11cea73b0e23d0dcd54422139b1a7f12e962c4
[2026-04-22T13:10:57-05:00] DEBUG [dmsgC]: Stream handshake failed, continuing. error="dmsg error 306 - request has no associated listener" session=03717576ada5b1744e395c66c2bb11cea73b0e23d0dcd54422139b1a7f12e962c4
[2026-04-22T13:10:57-05:00] DEBUG [dmsg_ping]: Echoed dmsg ping response
[2026-04-22T13:10:57-05:00] DEBUG [dmsgC]: Stream handshake failed, continuing. error="dmsg error 306 - request has no associated listener" session=03717576ada5b1744e395c66c2bb11cea73b0e23d0dcd54422139b1a7f12e962c4
[2026-04-22T13:10:57-05:00] DEBUG [dmsg_ping]: Echoed dmsg ping response
[2026-04-22T13:10:58-05:00] INFO [dmsg_server_latency]: Measured DMSG server latency elapsed=1.941s latency=553ms server=02a2d4c346dabd16...
[2026-04-22T13:10:58-05:00] DEBUG [dmsgC]: Stream handshake failed, continuing. error="dmsg error 306 - request has no associated listener" session=02a2d4c346dabd165fd555dfdba4a7f4d18786fe7e055e562397cd5102bdd7f8dd
[2026-04-22T13:10:59-05:00] DEBUG [node_health]: Starting periodic health check of setup nodes
[2026-04-22T13:10:59-05:00] DEBUG [dmsgC]: Stream handshake failed, continuing. error="dmsg error 306 - request has no associated listener" session=02a2d4c346dabd165fd555dfdba4a7f4d18786fe7e055e562397cd5102bdd7f8dd
[2026-04-22T13:10:59-05:00] DEBUG [dmsgC]: Stream handshake failed, continuing. error="dmsg error 306 - request has no associated listener" session=02a2d4c346dabd165fd555dfdba4a7f4d18786fe7e055e562397cd5102bdd7f8dd
[2026-04-22T13:11:00-05:00] DEBUG [dmsgC]: Stream handshake failed, continuing. error="dmsg error 306 - request has no associated listener" session=03717576ada5b1744e395c66c2bb11cea73b0e23d0dcd54422139b1a7f12e962c4
[2026-04-22T13:11:00-05:00] DEBUG [node_health]: TPS health check passed latency=1.120517228s pk=03271c0de223b80400d9bd4b7722b536a245eb6c9c3176781ee41e7bac8f9bad21
[2026-04-22T13:11:00-05:00] DEBUG [dmsgC]: Stream handshake failed, continuing. error="dmsg error 306 - request has no associated listener" session=03717576ada5b1744e395c66c2bb11cea73b0e23d0dcd54422139b1a7f12e962c4
[2026-04-22T13:11:00-05:00] DEBUG [dmsgC]: Stream handshake failed, continuing. error="dmsg error 306 - request has no associated listener" session=02a2d4c346dabd165fd555dfdba4a7f4d18786fe7e055e562397cd5102bdd7f8dd
[2026-04-22T13:11:00-05:00] WARN [node_health]: TPS health check failed error="not in dmsg discovery: dmsg error 100 - entry is not found in discovery: entry of public key is not found" pk=03a792e6d960c88c6fb2184ee4f16714c58b55f0746840617a19f7dd6e021699d9
[2026-04-22T13:11:00-05:00] DEBUG [dmsgC]: Stream handshake failed, continuing. error="dmsg error 306 - request has no associated listener" session=03717576ada5b1744e395c66c2bb11cea73b0e23d0dcd54422139b1a7f12e962c4
[2026-04-22T13:11:00-05:00] WARN [node_health]: TPS health check failed error="not in dmsg discovery: dmsg error 100 - entry is not found in discovery: entry of public key is not found" pk=0313efedc579f57f05d4f5bc3fbf0261f31e51cdcfde7e568169acf92c78868926
[2026-04-22T13:11:01-05:00] WARN [node_health]: TPS health check failed error="not in dmsg discovery: dmsg error 100 - entry is not found in discovery: entry of public key is not found" pk=02ddc6c749d6ed067bb68df19c9bcb1a58b7587464043b1707398ffa26a9746b26
[2026-04-22T13:11:01-05:00] DEBUG [dmsgC]: Stream handshake failed, continuing. error="dmsg error 306 - request has no associated listener" session=02a2d4c346dabd165fd555dfdba4a7f4d18786fe7e055e562397cd5102bdd7f8dd
[2026-04-22T13:11:01-05:00] DEBUG [dmsgC]: Stream handshake failed, continuing. error="dmsg error 306 - request has no associated listener" session=02a2d4c346dabd165fd555dfdba4a7f4d18786fe7e055e562397cd5102bdd7f8dd
[2026-04-22T13:11:01-05:00] DEBUG [dmsgC]: Stream handshake failed, continuing. error="dmsg error 306 - request has no associated listener" session=03717576ada5b1744e395c66c2bb11cea73b0e23d0dcd54422139b1a7f12e962c4
[2026-04-22T13:11:01-05:00] WARN [node_health]: TPS health check failed error="not in dmsg discovery: dmsg error 100 - entry is not found in discovery: entry of public key is not found" pk=03adb2c924987d8deef04d02bd95236c5ae172fe5dfe7273e0461d96bf4bc220be
[2026-04-22T13:11:01-05:00] WARN [node_health]: TPS health check failed error="not in dmsg discovery: dmsg error 100 - entry is not found in discovery: entry of public key is not found" pk=03530b786c670fc7f5ab9021478c7ec9cd06a03f3ea1416c50c4a8889ef5bba80e
[2026-04-22T13:11:01-05:00] WARN [node_health]: TPS health check failed error="not in dmsg discovery: dmsg error 100 - entry is not found in discovery: entry of public key is not found" pk=025c7bbf23e3441a36d7e8a1e9d717921e2a49a2ce035680fec4808a048d244c8a
[2026-04-22T13:11:01-05:00] DEBUG [dmsgC]: Stream handshake failed, continuing. error="dmsg error 306 - request has no associated listener" session=02a2d4c346dabd165fd555dfdba4a7f4d18786fe7e055e562397cd5102bdd7f8dd
[2026-04-22T13:11:02-05:00] WARN [node_health]: TPS health check failed error="not in dmsg discovery: dmsg error 100 - entry is not found in discovery: entry of public key is not found" pk=030eb6967f6e23e81db0d214f925fc5ce3371e1b059fb8379ae3eb1edfc95e0b46
[2026-04-22T13:11:02-05:00] WARN [node_health]: TPS health check failed error="not in dmsg discovery: dmsg error 100 - entry is not found in discovery: entry of public key is not found" pk=02e582c0a5e5563aad47f561b272e4c3a9f7ac716258b58e58eb50afd83c286a7f
[2026-04-22T13:11:02-05:00] WARN [node_health]: TPS health check failed error="not in dmsg discovery: dmsg error 100 - entry is not found in discovery: entry of public key is not found" pk=03aa0b1c4e23616872058c11c6efba777c130a85eaf909945d697399a1eb08426d
[2026-04-22T13:11:02-05:00] DEBUG [dmsgC]: Stream handshake failed, continuing. error="dmsg error 306 - request has no associated listener" session=02a2d4c346dabd165fd555dfdba4a7f4d18786fe7e055e562397cd5102bdd7f8dd
[2026-04-22T13:11:03-05:00] DEBUG [dmsgC]: Stream handshake failed, continuing. error="dmsg error 306 - request has no associated listener" session=03717576ada5b1744e395c66c2bb11cea73b0e23d0dcd54422139b1a7f12e962c4
[2026-04-22T13:11:03-05:00] DEBUG [dmsgC]: Stream handshake failed, continuing. error="dmsg error 306 - request has no associated listener" session=02a2d4c346dabd165fd555dfdba4a7f4d18786fe7e055e562397cd5102bdd7f8dd
[2026-04-22T13:11:03-05:00] DEBUG [node_health]: RSN health check passed latency=1.095715597s pk=024fbd3997d4260f731b01abcfce60b8967a6d4c6a11d1008812810ea1437ce438
[2026-04-22T13:11:04-05:00] DEBUG [dmsgC]: Stream handshake failed, continuing. error="dmsg error 306 - request has no associated listener" session=02a2d4c346dabd165fd555dfdba4a7f4d18786fe7e055e562397cd5102bdd7f8dd
[2026-04-22T13:11:04-05:00] DEBUG [node_health]: RSN health check passed latency=840.195775ms pk=0324579f003e6b4048bae2def4365e634d8e0e3054a20fc7af49daf2a179658557
[2026-04-22T13:11:04-05:00] DEBUG [node_health]: Completed periodic health check of setup nodes
[2026-04-22T13:11:05-05:00] INFO [stun_client]: NAT Type: Port restricted NAT
[2026-04-22T13:11:05-05:00] INFO [stun_client]: Public IP: 70.121.13.123:48721
[2026-04-22T13:11:05-05:00] DEBUG [stun_client]: Initialized.
[2026-04-22T13:11:05-05:00] INFO [address_resolver]: Using DMSG-HTTP for address resolver
[2026-04-22T13:11:05-05:00] DEBUG [dmsgC]: Stream handshake failed, continuing. error="dmsg error 306 - request has no associated listener" session=03717576ada5b1744e395c66c2bb11cea73b0e23d0dcd54422139b1a7f12e962c4
[2026-04-22T13:11:05-05:00] DEBUG [dmsgC]: Stream handshake failed, continuing. error="dmsg error 306 - request has no associated listener" session=02a2d4c346dabd165fd555dfdba4a7f4d18786fe7e055e562397cd5102bdd7f8dd
[2026-04-22T13:11:05-05:00] DEBUG [app_discovery]: Got public IP from dmsg server for service discovery public_ip=70.121.13.123
[2026-04-22T13:11:05-05:00] DEBUG [discovery]: Initialized.
[2026-04-22T13:11:05-05:00] DEBUG [address_resolver]: Got public IP from dmsg server public_ip=70.121.13.123
[2026-04-22T13:11:06-05:00] DEBUG [address_resolver]: Got geolocation from GeoIP country=US
[2026-04-22T13:11:06-05:00] DEBUG [address_resolver]: Remote UDP server: "03234b2ee4128d1f78c180d06911102906c80795dfe41bd6253f2619c8b6252a02:80"
[2026-04-22T13:11:06-05:00] DEBUG [address_resolver]: Initialized.
[2026-04-22T13:11:06-05:00] DEBUG [dmsgC]: Stream handshake failed, continuing. error="dmsg error 306 - request has no associated listener" session=02a2d4c346dabd165fd555dfdba4a7f4d18786fe7e055e562397cd5102bdd7f8dd
[2026-04-22T13:11:06-05:00] INFO [transport_manager]: Connected to transport discovery via DMSG-HTTP
[2026-04-22T13:11:06-05:00] DEBUG [transport]: Initialized.
[2026-04-22T13:11:06-05:00] INFO [dmsghttp_logserver]: Registered log server in service registry port=80
[2026-04-22T13:11:06-05:00] DEBUG [transport_setup]: Connecting to the dmsg network. local_pk=0282213369836321323dfaa492564ceb8a9a5e7e8ff044c46c92949a787ec51fb0
[2026-04-22T13:11:06-05:00] DEBUG [dmsghttp_logserver]: Serving... dmsg_addr="dmsg://0282213369836321323dfaa492564ceb8a9a5e7e8ff044c46c92949a787ec51fb0:80"
[2026-04-22T13:11:06-05:00] DEBUG [dmsgC]: Initializing DMSG transport client...
[2026-04-22T13:11:06-05:00] DEBUG [router]: Starting router
[2026-04-22T13:11:06-05:00] DEBUG [transport_manager]: Serving stcp network
[2026-04-22T13:11:06-05:00] DEBUG [ui_server]: UI server not configured or disabled, skipping
[2026-04-22T13:11:06-05:00] DEBUG [transport_manager]: listening on network: stcp
[2026-04-22T13:11:06-05:00] DEBUG [ui_server]: Initialized.
[2026-04-22T13:11:06-05:00] DEBUG [router]: Cascade handler registered trusted_rsns=2
[2026-04-22T13:11:06-05:00] DEBUG [stcp]: Initialized.
[2026-04-22T13:11:06-05:00] DEBUG [public_autoconnect]: Initialized.
[2026-04-22T13:11:06-05:00] DEBUG [router]: Initialized.
[2026-04-22T13:11:06-05:00] DEBUG [transport_manager]: transport manager is serving.
[2026-04-22T13:11:06-05:00] DEBUG [stcp]: listening on addr: [::]:7778
[2026-04-22T13:11:06-05:00] DEBUG [transport_setup]: Initialized.
[2026-04-22T13:11:06-05:00] DEBUG [embedded_skynetweb]: skynet_web section absent; not constructing resolver
[2026-04-22T13:11:06-05:00] DEBUG [embedded_skynetweb]: Initialized.
[2026-04-22T13:11:06-05:00] INFO [dmsghttp_logserver]: Starting localhost log server local_addr="localhost:0"
[2026-04-22T13:11:06-05:00] DEBUG [transport_manager]: Serving dmsg network
[2026-04-22T13:11:06-05:00] DEBUG [transport_manager]: Serving sudph network
[2026-04-22T13:11:06-05:00] DEBUG [transport_manager]: listening on network: dmsg
[2026-04-22T13:11:06-05:00] DEBUG [transport_setup]: Connected! local_pk=0282213369836321323dfaa492564ceb8a9a5e7e8ff044c46c92949a787ec51fb0
[2026-04-22T13:11:06-05:00] INFO [dmsghttp_logserver]: Localhost log server bound bound_addr="127.0.0.1:43573"
[2026-04-22T13:11:06-05:00] DEBUG [transport_manager]: Serving stcpr network
[2026-04-22T13:11:06-05:00] DEBUG [transport_manager]: listening on network: sudph
[2026-04-22T13:11:06-05:00] DEBUG [transport_setup]: starting listener dmsg_port=47
[2026-04-22T13:11:06-05:00] DEBUG [dmsg_ctrl]: Initialized.
[2026-04-22T13:11:06-05:00] INFO [dmsghttp_logserver]: Log server port registered for skynet forwarding port=43573
[2026-04-22T13:11:06-05:00] DEBUG [sudph]: Binding
[2026-04-22T13:11:06-05:00] DEBUG [launcher]: Initialized.
[2026-04-22T13:11:06-05:00] DEBUG httpClient.BindSUDPR [address_resolver]: BindSUDPR: Address resolver is not ready yet, waiting...
[2026-04-22T13:11:06-05:00] DEBUG [transport_manager]: listening on network: stcpr
[2026-04-22T13:11:06-05:00] DEBUG [sudph]: Initialized.
[2026-04-22T13:11:06-05:00] DEBUG [transport_setup]: Accepting dmsg streams. dmsg_port=47
[2026-04-22T13:11:06-05:00] DEBUG [stcpr]: Binding
[2026-04-22T13:11:06-05:00] INFO [dmsghttp_logserver]: Localhost log server started local_addr="localhost:0"
[2026-04-22T13:11:06-05:00] DEBUG [stcpr]: Initialized.
[2026-04-22T13:11:06-05:00] DEBUG [sky_forward_conn]: Accepting sky forwarding conn...
[2026-04-22T13:11:06-05:00] DEBUG [sky_forward_conn]: Initialized.
[2026-04-22T13:11:06-05:00] DEBUG serveRouteGroup [launcher]: Awaiting to accept route group... _=skynet
[2026-04-22T13:11:06-05:00] DEBUG httpClient.BindSTCPR [address_resolver]: Address resolver is not ready yet, waiting...
[2026-04-22T13:11:06-05:00] DEBUG [dmsghttp_logserver]: Initialized.
[2026-04-22T13:11:06-05:00] DEBUG [system_survey]: Initialized.
[2026-04-22T13:11:06-05:00] DEBUG [self_probe]: Initialized.
[2026-04-22T13:11:06-05:00] DEBUG [transports]: Initialized.
[2026-04-22T13:11:06-05:00] DEBUG [skynet_ports]: Initialized.
[2026-04-22T13:11:06-05:00] INFO [visor]: DMSG forwarder started dmsg_fwd=9090 local=9090
[2026-04-22T13:11:06-05:00] DEBUG [latency_probe]: Initialized.
[2026-04-22T13:11:06-05:00] DEBUG [system_survey]: No reward address set — survey not generated
[2026-04-22T13:11:06-05:00] DEBUG [tpd_concurrency]: Initialized.
[2026-04-22T13:11:06-05:00] DEBUG [transportable]: Initialized.
[2026-04-22T13:11:06-05:00] DEBUG [latency_probe]: Accepting latency probe conn...
[2026-04-22T13:11:06-05:00] DEBUG [ping]: Initialized.
[2026-04-22T13:11:06-05:00] DEBUG [ping]: Accepting sky ping conn...
[2026-04-22T13:11:06-05:00] INFO [dht]: DHT store rehydrated from backend items_loaded=50
[2026-04-22T13:11:06-05:00] INFO [dht]: DHT: extra transport listener started
[2026-04-22T13:11:06-05:00] INFO [dht]: DHT: transport-layer sync enabled (route ID 0)
[2026-04-22T13:11:06-05:00] INFO [dht]: DHT node started bootstrap_peers=6 full_node=false id=3f767d1e934db748
[2026-04-22T13:11:06-05:00] INFO [dht]: DMSG discovery: DHT-first reads enabled (HTTP fallback)
[2026-04-22T13:11:06-05:00] INFO [dht]: Transport discovery: DHT-first reads enabled (HTTP fallback)
[2026-04-22T13:11:06-05:00] DEBUG [dht]: Initialized.
[2026-04-22T13:11:06-05:00] DEBUG [address_resolver]: Connected to address resolver. STCPR/SUDPH services are available.
[2026-04-22T13:11:06-05:00] DEBUG httpClient.BindSUDPR [address_resolver]: BindSUDPR: Address resolver became ready, binding
[2026-04-22T13:11:06-05:00] DEBUG httpClient.BindSTCPR [address_resolver]: Address resolver became ready, binding
[2026-04-22T13:11:06-05:00] ERROR [sudph]: Failed to listen on port: lookup 03234b2ee4128d1f78c180d06911102906c80795dfe41bd6253f2619c8b6252a02: no such host
[2026-04-22T13:11:06-05:00] DEBUG httpClient.BindSTCPR [address_resolver]: Address resolver binding with: [192.168.1.118 70.121.13.123]
[2026-04-22T13:11:06-05:00] DEBUG [dht]: Bootstrap ping failed error="dht dmsg dial 0281a102: dmsg error 102 - entry is not of client in discovery" pk=0281a102
[2026-04-22T13:11:06-05:00] DEBUG [tpd_concurrency]: TPD query returned client error (4xx), not retrying error="404 Not Found: {"error":"transport not found"}"
[2026-04-22T13:11:06-05:00] DEBUG [stcpr]: Successfully bound stcpr to port 37799
[2026-04-22T13:11:06-05:00] DEBUG [stcpr]: listening on addr: [::]:37799
[2026-04-22T13:11:06-05:00] DEBUG [app_discovery]: Entry deleted successfully entry={"address":"0282213369836321323dfaa492564ceb8a9a5e7e8ff044c46c92949a787ec51fb0:0","type":"visor","version":"v1.3.47-0.-7449eead5bbf+dirty"}
[2026-04-22T13:11:06-05:00] DEBUG [public_visor]: Initialized.
[2026-04-22T13:11:06-05:00] DEBUG [visor]: Initialized.
[2026-04-22T13:11:06-05:00] DEBUG [dht]: Bootstrap ping failed error="dht dmsg dial 0371ab4b: dmsg error 102 - entry is not of client in discovery" pk=0371ab4b
[2026-04-22T13:11:07-05:00] DEBUG [dht]: Bootstrap ping failed error="dht dmsg dial 02a49bc0: dmsg error 102 - entry is not of client in discovery" pk=02a49bc0
[2026-04-22T13:11:07-05:00] DEBUG [dht]: Bootstrap ping failed error="dht dmsg dial 0326978f: dmsg error 102 - entry is not of client in discovery" pk=0326978f
[2026-04-22T13:11:13-05:00] DEBUG ClientSession.DialStream [dmsgC]: Stream closed on failure. close_error=<nil> dst_addr=03717576ada5b1744e395c66c2bb11cea73b0e23d0dcd54422139b1a7f12e962c4:100 error="i/o deadline reached" ports_reserved=10 session=03717576ada5b1744e395c66c2bb11cea73b0e23d0dcd54422139b1a7f12e962c4
[2026-04-22T13:11:13-05:00] DEBUG [dht]: Bootstrap ping failed error="dht dmsg dial 03717576: dmsg error 102 - entry is not of client in discovery" pk=03717576
[2026-04-22T13:11:13-05:00] INFO [dht]: DHT bootstrap succeeded peers=1
[2026-04-22T13:11:16-05:00] INFO [transport_manager]: Transport registration via DHT — skipping TPD HTTP re-registration
[2026-04-22T13:11:18-05:00] DEBUG ClientSession.DialStream [dmsgC]: Stream closed on failure. close_error=<nil> dst_addr=027087fe40d97f7f0be4a0dc768462ddbb371d4b9e7679d4f11f117d757b9856ed:100 error="i/o deadline reached" ports_reserved=11 session=03717576ada5b1744e395c66c2bb11cea73b0e23d0dcd54422139b1a7f12e962c4
[2026-04-22T13:11:18-05:00] DEBUG [dmsgC]: DialStream failed, trying next session error="i/o deadline reached" server=03717576ada5b1744e395c66c2bb11cea73b0e23d0dcd54422139b1a7f12e962c4
[2026-04-22T13:11:27-05:00] DEBUG ClientSession.DialStream [dmsgC]: Stream closed on failure. close_error=<nil> dst_addr=031ddd767de5ecd094e57d6a4d39ead153c1d7d85b6f492f9e7c72cc83bcd9f6aa:100 error="i/o deadline reached" ports_reserved=12 session=03717576ada5b1744e395c66c2bb11cea73b0e23d0dcd54422139b1a7f12e962c4
[2026-04-22T13:11:27-05:00] DEBUG [dmsgC]: DialStream failed, trying next session error="i/o deadline reached" server=03717576ada5b1744e395c66c2bb11cea73b0e23d0dcd54422139b1a7f12e962c4
[2026-04-22T13:11:32-05:00] DEBUG ClientSession.DialStream [dmsgC]: Stream closed on failure. close_error=<nil> dst_addr=031ddd767de5ecd094e57d6a4d39ead153c1d7d85b6f492f9e7c72cc83bcd9f6aa:100 error="i/o deadline reached" ports_reserved=13 session=02a2d4c346dabd165fd555dfdba4a7f4d18786fe7e055e562397cd5102bdd7f8dd
[2026-04-22T13:11:32-05:00] DEBUG [dmsgC]: DialStream failed, trying next session error="i/o deadline reached" server=02a2d4c346dabd165fd555dfdba4a7f4d18786fe7e055e562397cd5102bdd7f8dd
[2026-04-22T13:11:32-05:00] DEBUG ClientSession.DialStream [dmsgC]: Stream closed on failure. close_error=<nil> dst_addr=03b5a2848c732aa6cccd2eae61f9d3991be050389433beddcef05a8cb85d70a3e0:100 error="i/o deadline reached" ports_reserved=13 session=03717576ada5b1744e395c66c2bb11cea73b0e23d0dcd54422139b1a7f12e962c4
[2026-04-22T13:11:32-05:00] DEBUG [dmsgC]: DialStream failed, trying next session error="i/o deadline reached" server=03717576ada5b1744e395c66c2bb11cea73b0e23d0dcd54422139b1a7f12e962c4
[2026-04-22T13:11:37-05:00] DEBUG ClientSession.DialStream [dmsgC]: Stream closed on failure. close_error=<nil> dst_addr=03b5a2848c732aa6cccd2eae61f9d3991be050389433beddcef05a8cb85d70a3e0:100 error="i/o deadline reached" ports_reserved=13 session=02a2d4c346dabd165fd555dfdba4a7f4d18786fe7e055e562397cd5102bdd7f8dd
[2026-04-22T13:11:37-05:00] DEBUG [dmsgC]: DialStream failed, trying next session error="i/o deadline reached" server=02a2d4c346dabd165fd555dfdba4a7f4d18786fe7e055e562397cd5102bdd7f8dd
[2026-04-22T13:11:42-05:00] DEBUG ClientSession.DialStream [dmsgC]: Stream closed on failure. close_error=<nil> dst_addr=02df744c491f4a0ec5a26b4817f47763145fb02bcf71ac547415babefef2dbaa65:100 error="i/o deadline reached" ports_reserved=14 session=02a2d4c346dabd165fd555dfdba4a7f4d18786fe7e055e562397cd5102bdd7f8dd
[2026-04-22T13:11:42-05:00] DEBUG [dmsgC]: DialStream failed, trying next session error="i/o deadline reached" server=02a2d4c346dabd165fd555dfdba4a7f4d18786fe7e055e562397cd5102bdd7f8dd
[2026-04-22T13:11:47-05:00] DEBUG ClientSession.DialStream [dmsgC]: Stream closed on failure. close_error=<nil> dst_addr=02df744c491f4a0ec5a26b4817f47763145fb02bcf71ac547415babefef2dbaa65:100 error="i/o deadline reached" ports_reserved=14 session=03717576ada5b1744e395c66c2bb11cea73b0e23d0dcd54422139b1a7f12e962c4
[2026-04-22T13:11:47-05:00] DEBUG [dmsgC]: DialStream failed, trying next session error="i/o deadline reached" server=03717576ada5b1744e395c66c2bb11cea73b0e23d0dcd54422139b1a7f12e962c4
[2026-04-22T13:11:49-05:00] DEBUG [dht]: PutValue failed error="dht: remote rejected put: dht: sequence number must increase" peer=03ce6a7b
[2026-04-22T13:11:50-05:00] DEBUG [dht]: PutValue failed error="dht: remote rejected put: dht: sequence number must increase" peer=0358ee2d
[2026-04-22T13:11:50-05:00] DEBUG [dht]: PutValue failed error="dht: remote rejected put: dht: sequence number must increase" peer=0334eb10
[2026-04-22T13:11:51-05:00] DEBUG [dht]: PutValue failed error="dht: remote rejected put: dht: sequence number must increase" peer=03797347
[2026-04-22T13:11:52-05:00] DEBUG [dht]: PutValue failed error="dht: remote rejected put: dht: sequence number must increase" peer=03abd117
[2026-04-22T13:11:52-05:00] DEBUG [dht]: PutValue failed error="dht: remote rejected put: dht: sequence number must increase" peer=0259e2df
[2026-04-22T13:11:53-05:00] DEBUG [dht]: PutValue failed error="dht: remote rejected put: dht: sequence number must increase" peer=02e8ecb5
[2026-04-22T13:11:54-05:00] DEBUG [dht]: PutValue failed error="dht dmsg dial 02864d02: dmsg error 100 - entry is not found in discovery: entry of public key is not found" peer=02864d02
[2026-04-22T13:11:54-05:00] DEBUG [dht]: PutValue failed error="dht: remote rejected put: dht: sequence number must increase" peer=0371f571
[2026-04-22T13:11:55-05:00] DEBUG [dht]: PutValue failed error="dht: remote rejected put: dht: sequence number must increase" peer=03b647bc
[2026-04-22T13:11:55-05:00] DEBUG [dht]: PutValue failed error="dht: remote rejected put: dht: sequence number must increase" peer=03b9ca7b
[2026-04-22T13:11:56-05:00] DEBUG [dht]: PutValue failed error="dht: remote rejected put: dht: sequence number must increase" peer=0215593f
[2026-04-22T13:11:58-05:00] DEBUG [dht]: PutValue failed error="dht: remote rejected put: dht: sequence number must increase" peer=0336c02f
[2026-04-22T13:12:03-05:00] DEBUG ClientSession.DialStream [dmsgC]: Stream closed on failure. close_error=<nil> dst_addr=03b5a2848c732aa6cccd2eae61f9d3991be050389433beddcef05a8cb85d70a3e0:100 error="i/o deadline reached" ports_reserved=15 session=03717576ada5b1744e395c66c2bb11cea73b0e23d0dcd54422139b1a7f12e962c4
[2026-04-22T13:12:03-05:00] DEBUG [dmsgC]: DialStream failed, trying next session error="i/o deadline reached" server=03717576ada5b1744e395c66c2bb11cea73b0e23d0dcd54422139b1a7f12e962c4
[2026-04-22T13:12:06-05:00] DEBUG [visor]: Saving transport to 0282213369836321323dfaa492564ceb8a9a5e7e8ff044c46c92949a787ec51fb0 via dmsg with label skycoin
[2026-04-22T13:12:06-05:00] DEBUG [transport_manager]: Initializing TP with ID 0c9ecea4-f8f8-0af5-8d92-8e0dca975f9f
[2026-04-22T13:12:06-05:00] DEBUG [transport_manager]: Using no-op discovery client for self-transport
[2026-04-22T13:12:06-05:00] DEBUG [transport_manager]: Dialing transport to 0282213369836321323dfaa492564ceb8a9a5e7e8ff044c46c92949a787ec51fb0 via dmsg
[2026-04-22T13:12:06-05:00] DEBUG [transport_manager]: recv transport request: type(dmsg) remote(0282213369836321323dfaa492564ceb8a9a5e7e8ff044c46c92949a787ec51fb0)
[2026-04-22T13:12:06-05:00] DEBUG [transport_manager]: No TP found, creating new one
[2026-04-22T13:12:06-05:00] DEBUG [transport_manager]: Using no-op discovery client for self-transport (accept)
[2026-04-22T13:12:06-05:00] DEBUG [tp:028221]: Skipping settlement handshake for self-connection (noop discovery client)
[2026-04-22T13:12:06-05:00] DEBUG [tp:028221]: Serving. remote_pk=0282213369836321323dfaa492564ceb8a9a5e7e8ff044c46c92949a787ec51fb0 tp_id=0c9ecea4-f8f8-0af5-8d92-8e0dca975f9f tp_index=1
[2026-04-22T13:12:06-05:00] DEBUG [tp:028221]: Setting underlying transport...
[2026-04-22T13:12:06-05:00] DEBUG [tp:028221]: Sent signal to 'mt.transportCh'.
[2026-04-22T13:12:06-05:00] DEBUG [transport_manager]: accepted tp: type(dmsg) remote(0282213369836321323dfaa492564ceb8a9a5e7e8ff044c46c92949a787ec51fb0) tpID(0c9ecea4-f8f8-0af5-8d92-8e0dca975f9f) new(true)
[2026-04-22T13:12:06-05:00] DEBUG [transport_manager]: Registration nudge received, debouncing...
[2026-04-22T13:12:06-05:00] DEBUG [tp:028221]: Skipping settlement handshake for self-connection (noop discovery client)
[2026-04-22T13:12:06-05:00] DEBUG [tp:028221]: Sent signal to 'mt.transportCh'.
[2026-04-22T13:12:06-05:00] DEBUG [transport_manager]: saved transport: remote(0282213369836321323dfaa492564ceb8a9a5e7e8ff044c46c92949a787ec51fb0) type(dmsg) tpID(0c9ecea4-f8f8-0af5-8d92-8e0dca975f9f)
[2026-04-22T13:12:06-05:00] DEBUG [tp:028221]: Serving. remote_pk=0282213369836321323dfaa492564ceb8a9a5e7e8ff044c46c92949a787ec51fb0 tp_id=0c9ecea4-f8f8-0af5-8d92-8e0dca975f9f tp_index=2
[2026-04-22T13:12:06-05:00] DEBUG [visor]: Saved transport to 0282213369836321323dfaa492564ceb8a9a5e7e8ff044c46c92949a787ec51fb0 via dmsg, label skycoin
[2026-04-22T13:12:06-05:00] DEBUG [transportable]: Visor transportability check passed
[2026-04-22T13:12:06-05:00] WARN [tp:028221]: Failed to read packet, closing transport error="transport is no longer being served" src="read_loop"
[2026-04-22T13:12:06-05:00] DEBUG [transport_manager]: Deletion nudge received, debouncing...
[2026-04-22T13:12:06-05:00] DEBUG [tp:028221]: Stopped log loop
[2026-04-22T13:12:06-05:00] DEBUG [tp:028221]: Stopped serving. remaining_tps=1 remote_pk=0282213369836321323dfaa492564ceb8a9a5e7e8ff044c46c92949a787ec51fb0 tp_id=0c9ecea4-f8f8-0af5-8d92-8e0dca975f9f tp_index=2
[2026-04-22T13:12:07-05:00] DEBUG readPacket [tp:028221]: Failed to read packet header. error=EOF
[2026-04-22T13:12:07-05:00] DEBUG [tp:028221]: Transport closed, stopping read loop error=EOF src="read_loop"
[2026-04-22T13:12:07-05:00] DEBUG [tp:028221]: Stopped log loop
[2026-04-22T13:12:07-05:00] DEBUG [tp:028221]: Stopped serving. remaining_tps=0 remote_pk=0282213369836321323dfaa492564ceb8a9a5e7e8ff044c46c92949a787ec51fb0 tp_id=0c9ecea4-f8f8-0af5-8d92-8e0dca975f9f tp_index=1
[2026-04-22T13:12:08-05:00] DEBUG ClientSession.DialStream [dmsgC]: Stream closed on failure. close_error=<nil> dst_addr=03b5a2848c732aa6cccd2eae61f9d3991be050389433beddcef05a8cb85d70a3e0:100 error="i/o deadline reached" ports_reserved=15 session=02a2d4c346dabd165fd555dfdba4a7f4d18786fe7e055e562397cd5102bdd7f8dd
[2026-04-22T13:12:08-05:00] DEBUG [dmsgC]: DialStream failed, trying next session error="i/o deadline reached" server=02a2d4c346dabd165fd555dfdba4a7f4d18786fe7e055e562397cd5102bdd7f8dd
[2026-04-22T13:12:08-05:00] DEBUG [dht]: PutValue failed error="dht dmsg dial 03b5a284: dmsg error 202 - cannot connect to delegated server" peer=03b5a284
[2026-04-22T13:12:09-05:00] DEBUG [dht]: PutValue failed error="dht: remote rejected put: dht: sequence number must increase" peer=032a07b9
[2026-04-22T13:12:09-05:00] DEBUG [cli_rpc]: CLI RPC conn #1 accepted from 127.0.0.1:52870 (active: 1)
[2026-04-22T13:12:09-05:00] DEBUG [cli_rpc]: CLI RPC conn #1 closed after 12ms (active: 0)
[2026-04-22T13:12:11-05:00] DEBUG [transport_manager]: Batch deleting 2 transports from TPD
[2026-04-22T13:12:12-05:00] DEBUG [transport_manager]: Batch deleted 0/2 transports from TPD
[2026-04-22T13:12:14-05:00] DEBUG ClientSession.DialStream [dmsgC]: Stream closed on failure. close_error=<nil> dst_addr=025c9a88815cf837c44d9043a522ebdc2a77fa521e8678d58e115795731af498dc:100 error="i/o deadline reached" ports_reserved=16 session=02a2d4c346dabd165fd555dfdba4a7f4d18786fe7e055e562397cd5102bdd7f8dd
[2026-04-22T13:12:14-05:00] DEBUG [dmsgC]: DialStream failed via cached route, evicting error="i/o deadline reached" server=02a2d4c346dabd165fd555dfdba4a7f4d18786fe7e055e562397cd5102bdd7f8dd
[2026-04-22T13:12:16-05:00] DEBUG [cli_rpc]: CLI RPC stats: active=0, total=1, errors=0, peak=1
[2026-04-22T13:12:16-05:00] WARN [router]: closing conn from untrusted setup node: <nil>
[2026-04-22T13:12:17-05:00] WARN [self_probe]: Self-probe FAILED: dmsg listener unreachable (transient?) consecutive_failures=1 port=80
[2026-04-22T13:12:19-05:00] DEBUG ClientSession.DialStream [dmsgC]: Stream closed on failure. close_error=<nil> dst_addr=025c9a88815cf837c44d9043a522ebdc2a77fa521e8678d58e115795731af498dc:100 error="i/o deadline reached" ports_reserved=16 session=02a2d4c346dabd165fd555dfdba4a7f4d18786fe7e055e562397cd5102bdd7f8dd
[2026-04-22T13:12:19-05:00] DEBUG [dmsgC]: DialStream failed, trying next session error="i/o deadline reached" server=02a2d4c346dabd165fd555dfdba4a7f4d18786fe7e055e562397cd5102bdd7f8dd
[2026-04-22T13:12:19-05:00] DEBUG [dht]: PutValue failed error="dht dmsg dial 025c9a88: dmsg error 202 - cannot connect to delegated server" peer=025c9a88
[2026-04-22T13:12:20-05:00] DEBUG [dht]: PutValue failed error="dht: remote rejected put: dht: sequence number must increase" peer=035c27a3
[2026-04-22T13:12:25-05:00] DEBUG ClientSession.DialStream [dmsgC]: Stream closed on failure. close_error=<nil> dst_addr=02df744c491f4a0ec5a26b4817f47763145fb02bcf71ac547415babefef2dbaa65:100 error="i/o deadline reached" ports_reserved=17 session=03717576ada5b1744e395c66c2bb11cea73b0e23d0dcd54422139b1a7f12e962c4
[2026-04-22T13:12:25-05:00] DEBUG [dmsgC]: DialStream failed, trying next session error="i/o deadline reached" server=03717576ada5b1744e395c66c2bb11cea73b0e23d0dcd54422139b1a7f12e962c4
[2026-04-22T13:12:30-05:00] DEBUG ClientSession.DialStream [dmsgC]: Stream closed on failure. close_error=<nil> dst_addr=02df744c491f4a0ec5a26b4817f47763145fb02bcf71ac547415babefef2dbaa65:100 error="i/o deadline reached" ports_reserved=17 session=02a2d4c346dabd165fd555dfdba4a7f4d18786fe7e055e562397cd5102bdd7f8dd
[2026-04-22T13:12:30-05:00] DEBUG [dmsgC]: DialStream failed, trying next session error="i/o deadline reached" server=02a2d4c346dabd165fd555dfdba4a7f4d18786fe7e055e562397cd5102bdd7f8dd
[2026-04-22T13:12:30-05:00] DEBUG [dht]: PutValue failed error="dht dmsg dial 02df744c: dmsg error 202 - cannot connect to delegated server" peer=02df744c
[2026-04-22T13:12:35-05:00] DEBUG ClientSession.DialStream [dmsgC]: Stream closed on failure. close_error=<nil> dst_addr=023d00ea6c2542ab046abe7cba30e95dd85f0772e07873ad44c54e177ee504dc6d:100 error="i/o deadline reached" ports_reserved=18 session=02a2d4c346dabd165fd555dfdba4a7f4d18786fe7e055e562397cd5102bdd7f8dd
[2026-04-22T13:12:35-05:00] DEBUG [dmsgC]: DialStream failed via cached route, evicting error="i/o deadline reached" server=02a2d4c346dabd165fd555dfdba4a7f4d18786fe7e055e562397cd5102bdd7f8dd
[2026-04-22T13:12:36-05:00] DEBUG [stcpr]: Re-registering STCPR with address resolver
[2026-04-22T13:12:36-05:00] DEBUG httpClient.BindSTCPR [address_resolver]: Address resolver binding with: [192.168.1.118 70.121.13.123]
[2026-04-22T13:12:37-05:00] DEBUG [stcpr]: Successfully re-registered STCPR
[2026-04-22T13:12:40-05:00] DEBUG ClientSession.DialStream [dmsgC]: Stream closed on failure. close_error=<nil> dst_addr=023d00ea6c2542ab046abe7cba30e95dd85f0772e07873ad44c54e177ee504dc6d:100 error="i/o deadline reached" ports_reserved=18 session=03717576ada5b1744e395c66c2bb11cea73b0e23d0dcd54422139b1a7f12e962c4
[2026-04-22T13:12:40-05:00] DEBUG [dmsgC]: DialStream failed, trying next session error="i/o deadline reached" server=03717576ada5b1744e395c66c2bb11cea73b0e23d0dcd54422139b1a7f12e962c4
[2026-04-22T13:12:40-05:00] DEBUG [dht]: PutValue failed error="dht dmsg dial 023d00ea: dmsg error 202 - cannot connect to delegated server" peer=023d00ea
[2026-04-22T13:12:41-05:00] DEBUG [dht]: PutValue failed error="dht: remote rejected put: dht: sequence number must increase" peer=0315597d
[2026-04-22T13:12:46-05:00] DEBUG [cli_rpc]: CLI RPC stats: active=0, total=1, errors=0, peak=1
[2026-04-22T13:12:53-05:00] DEBUG ClientSession.DialStream [dmsgC]: Stream closed on failure. close_error=<nil> dst_addr=02df744c491f4a0ec5a26b4817f47763145fb02bcf71ac547415babefef2dbaa65:100 error="i/o deadline reached" ports_reserved=19 session=03717576ada5b1744e395c66c2bb11cea73b0e23d0dcd54422139b1a7f12e962c4
[2026-04-22T13:12:53-05:00] DEBUG [dmsgC]: DialStream failed, trying next session error="i/o deadline reached" server=03717576ada5b1744e395c66c2bb11cea73b0e23d0dcd54422139b1a7f12e962c4
[2026-04-22T13:12:58-05:00] DEBUG ClientSession.DialStream [dmsgC]: Stream closed on failure. close_error=<nil> dst_addr=02df744c491f4a0ec5a26b4817f47763145fb02bcf71ac547415babefef2dbaa65:100 error="i/o deadline reached" ports_reserved=19 session=02a2d4c346dabd165fd555dfdba4a7f4d18786fe7e055e562397cd5102bdd7f8dd
[2026-04-22T13:12:58-05:00] DEBUG [dmsgC]: DialStream failed, trying next session error="i/o deadline reached" server=02a2d4c346dabd165fd555dfdba4a7f4d18786fe7e055e562397cd5102bdd7f8dd
[2026-04-22T13:13:03-05:00] DEBUG ClientSession.DialStream [dmsgC]: Stream closed on failure. close_error=<nil> dst_addr=0315597da585c5577bba8bd7f2c31d79ebecb255067d5bc32f6596b7fa0b710b9e:100 error="i/o deadline reached" ports_reserved=21 session=03717576ada5b1744e395c66c2bb11cea73b0e23d0dcd54422139b1a7f12e962c4
[2026-04-22T13:13:03-05:00] DEBUG ClientSession.DialStream [dmsgC]: Stream closed on failure. close_error=<nil> dst_addr=023d00ea6c2542ab046abe7cba30e95dd85f0772e07873ad44c54e177ee504dc6d:100 error="i/o deadline reached" ports_reserved=21 session=03717576ada5b1744e395c66c2bb11cea73b0e23d0dcd54422139b1a7f12e962c4
[2026-04-22T13:13:03-05:00] DEBUG [dmsgC]: DialStream failed via cached route, evicting error="i/o deadline reached" server=03717576ada5b1744e395c66c2bb11cea73b0e23d0dcd54422139b1a7f12e962c4
[2026-04-22T13:13:03-05:00] DEBUG [dmsgC]: DialStream failed, trying next session error="i/o deadline reached" server=03717576ada5b1744e395c66c2bb11cea73b0e23d0dcd54422139b1a7f12e962c4
[2026-04-22T13:13:08-05:00] DEBUG ClientSession.DialStream [dmsgC]: Stream closed on failure. close_error=<nil> dst_addr=0315597da585c5577bba8bd7f2c31d79ebecb255067d5bc32f6596b7fa0b710b9e:100 error="i/o deadline reached" ports_reserved=21 session=02a2d4c346dabd165fd555dfdba4a7f4d18786fe7e055e562397cd5102bdd7f8dd
[2026-04-22T13:13:08-05:00] DEBUG ClientSession.DialStream [dmsgC]: Stream closed on failure. close_error=<nil> dst_addr=023d00ea6c2542ab046abe7cba30e95dd85f0772e07873ad44c54e177ee504dc6d:100 error="i/o deadline reached" ports_reserved=21 session=02a2d4c346dabd165fd555dfdba4a7f4d18786fe7e055e562397cd5102bdd7f8dd
[2026-04-22T13:13:08-05:00] DEBUG [dmsgC]: DialStream failed, trying next session error="i/o deadline reached" server=02a2d4c346dabd165fd555dfdba4a7f4d18786fe7e055e562397cd5102bdd7f8dd
[2026-04-22T13:13:08-05:00] DEBUG [dmsgC]: DialStream failed, trying next session error="i/o deadline reached" server=02a2d4c346dabd165fd555dfdba4a7f4d18786fe7e055e562397cd5102bdd7f8dd
[2026-04-22T13:13:09-05:00] DEBUG [dht]: PutValue failed error="dht: remote rejected put: dht: sequence number must increase" peer=03ce6a7b
[2026-04-22T13:13:09-05:00] DEBUG [dht]: PutValue failed error="dht: remote rejected put: dht: sequence number must increase" peer=0358ee2d
[2026-04-22T13:13:10-05:00] DEBUG [dht]: PutValue failed error="dht: remote rejected put: dht: sequence number must increase" peer=0334eb10
[2026-04-22T13:13:11-05:00] DEBUG [dht]: PutValue failed error="dht: remote rejected put: dht: sequence number must increase" peer=03797347
[2026-04-22T13:13:12-05:00] DEBUG [dht]: PutValue failed error="dht: remote rejected put: dht: sequence number must increase" peer=03abd117
[2026-04-22T13:13:13-05:00] DEBUG [dht]: PutValue failed error="dht: remote rejected put: dht: sequence number must increase" peer=0259e2df
[2026-04-22T13:13:14-05:00] DEBUG [dht]: PutValue failed error="dht: remote rejected put: dht: sequence number must increase" peer=02e8ecb5
[2026-04-22T13:13:14-05:00] DEBUG [dht]: PutValue failed error="dht dmsg dial 02864d02: dmsg error 100 - entry is not found in discovery: entry of public key is not found" peer=02864d02
[2026-04-22T13:13:15-05:00] DEBUG [dht]: PutValue failed error="dht: remote rejected put: dht: sequence number must increase" peer=0371f571
[2026-04-22T13:13:15-05:00] DEBUG [dht]: PutValue failed error="dht: remote rejected put: dht: sequence number must increase" peer=03b647bc
[2026-04-22T13:13:16-05:00] DEBUG [cli_rpc]: CLI RPC stats: active=0, total=1, errors=0, peak=1
[2026-04-22T13:13:16-05:00] DEBUG [dht]: PutValue failed error="dht: remote rejected put: dht: sequence number must increase" peer=03b9ca7b
[2026-04-22T13:13:16-05:00] WARN [router]: closing conn from untrusted setup node: <nil>
[2026-04-22T13:13:17-05:00] WARN [self_probe]: Self-probe FAILED: dmsg listener unreachable (persistent) consecutive_failures=2 port=80
[2026-04-22T13:13:17-05:00] DEBUG [dmsgC]: Session shut down, stopping accept loop. error="session shutdown" session=02a2d4c346dabd165fd555dfdba4a7f4d18786fe7e055e562397cd5102bdd7f8dd
[2026-04-22T13:13:17-05:00] DEBUG ClientSession.DialStream [dmsgC]: Stream closed on failure. close_error=<nil> dst_addr=0215593fad3817adea95dfcedac271ba0050297bd48740bc8566bbcecfe65c3dce:100 error=EOF ports_reserved=9 session=03717576ada5b1744e395c66c2bb11cea73b0e23d0dcd54422139b1a7f12e962c4
[2026-04-22T13:13:17-05:00] WARN [self_probe]: Self-probe recovery: forced DMSG session reconnect; reconnect loop will re-dial within 15s sessions_closed=2
[2026-04-22T13:13:17-05:00] DEBUG [dmsgC]: Session shut down, stopping accept loop. error="session shutdown" session=03717576ada5b1744e395c66c2bb11cea73b0e23d0dcd54422139b1a7f12e962c4
[2026-04-22T13:13:17-05:00] DEBUG [dmsgC]: DialStream failed via cached route, evicting error=EOF server=03717576ada5b1744e395c66c2bb11cea73b0e23d0dcd54422139b1a7f12e962c4
[2026-04-22T13:13:17-05:00] DEBUG [dmsgC]: Session stopped. error="failed to serve dialed session to 02a2d4c346dabd165fd555dfdba4a7f4d18786fe7e055e562397cd5102bdd7f8dd: session shutdown"
[2026-04-22T13:13:17-05:00] DEBUG [dmsgC]: DialStream failed, trying next session error="session shutdown" server=03717576ada5b1744e395c66c2bb11cea73b0e23d0dcd54422139b1a7f12e962c4
[2026-04-22T13:13:17-05:00] DEBUG [dmsgC]: Dialing session... remote_pk=0371ab4bcff7b121f4b91f6856d6740c6f9dc1fe716977850aeb5d84378b300a13
[2026-04-22T13:13:17-05:00] INFO [dmsgC]: yamux stream session initial for 0371ab4bcff7b121f4b91f6856d6740c6f9dc1fe716977850aeb5d84378b300a13
[2026-04-22T13:13:17-05:00] DEBUG [dmsgC]: Dialing session... remote_pk=02a49bc0aa1b5b78f638e9189be4ed095bac5d6839c828465a8350f80ac07629c0
[2026-04-22T13:13:17-05:00] DEBUG [dmsgC]: Serving session. remote_pk=0371ab4bcff7b121f4b91f6856d6740c6f9dc1fe716977850aeb5d84378b300a13
[2026-04-22T13:13:18-05:00] INFO [dmsgC]: yamux stream session initial for 02a49bc0aa1b5b78f638e9189be4ed095bac5d6839c828465a8350f80ac07629c0
[2026-04-22T13:13:18-05:00] DEBUG [dmsgC]: Serving session. remote_pk=02a49bc0aa1b5b78f638e9189be4ed095bac5d6839c828465a8350f80ac07629c0
[2026-04-22T13:13:18-05:00] DEBUG [dmsgC]: Session stopped. error="failed to serve dialed session to 03717576ada5b1744e395c66c2bb11cea73b0e23d0dcd54422139b1a7f12e962c4: session shutdown"
[2026-04-22T13:13:18-05:00] DEBUG [dmsgC]: Dialing session... remote_pk=0281a102c82820e811368c8d028cf11b1a985043b726b1bcdb8fce89b27384b2cb
[2026-04-22T13:13:18-05:00] INFO [dmsgC]: yamux stream session initial for 0281a102c82820e811368c8d028cf11b1a985043b726b1bcdb8fce89b27384b2cb
[2026-04-22T13:13:18-05:00] DEBUG [dmsgC]: Session already exists... remote_pk=0281a102c82820e811368c8d028cf11b1a985043b726b1bcdb8fce89b27384b2cb
[2026-04-22T13:13:18-05:00] DEBUG [dmsgC]: Discovering dmsg servers...
[2026-04-22T13:13:18-05:00] DEBUG [dmsgC]: Serving session. remote_pk=0281a102c82820e811368c8d028cf11b1a985043b726b1bcdb8fce89b27384b2cb
[2026-04-22T13:13:18-05:00] DEBUG [dmsgC]: Session shut down, stopping accept loop. error=EOF session=0281a102c82820e811368c8d028cf11b1a985043b726b1bcdb8fce89b27384b2cb
[2026-04-22T13:13:18-05:00] DEBUG ClientSession.DialStream [dmsgC]: Stream closed on failure. close_error=<nil> dst_addr=0215593fad3817adea95dfcedac271ba0050297bd48740bc8566bbcecfe65c3dce:100 error=EOF ports_reserved=10 session=0281a102c82820e811368c8d028cf11b1a985043b726b1bcdb8fce89b27384b2cb
[2026-04-22T13:13:18-05:00] DEBUG [dmsgC]: DialStream failed via new session, trying next server error=EOF server=0281a102c82820e811368c8d028cf11b1a985043b726b1bcdb8fce89b27384b2cb
[2026-04-22T13:13:18-05:00] DEBUG [dmsgC]: Session stopped. error="failed to serve dialed session to 0281a102c82820e811368c8d028cf11b1a985043b726b1bcdb8fce89b27384b2cb: EOF"
[2026-04-22T13:13:18-05:00] DEBUG [dmsgC]: Session ping failed consecutive_fails=1 error="session shutdown" server=0281a102c82820e811368c8d028cf11b1a985043b726b1bcdb8fce89b27384b2cb
[2026-04-22T13:13:19-05:00] DEBUG [dmsgC]: Dialing session... remote_pk=0326978f5a53aff537dbb47fed58b1f123af3b00132d365f1309a14db4168dcff7
[2026-04-22T13:13:19-05:00] INFO [dmsgC]: yamux stream session initial for 0326978f5a53aff537dbb47fed58b1f123af3b00132d365f1309a14db4168dcff7
[2026-04-22T13:13:19-05:00] DEBUG [dmsgC]: Session already exists... remote_pk=02a49bc0aa1b5b78f638e9189be4ed095bac5d6839c828465a8350f80ac07629c0
[2026-04-22T13:13:19-05:00] DEBUG [dmsgC]: Serving session. remote_pk=0326978f5a53aff537dbb47fed58b1f123af3b00132d365f1309a14db4168dcff7
[2026-04-22T13:13:19-05:00] DEBUG [dht]: PutValue failed error="dht: remote rejected put: dht: sequence number must increase" peer=0215593f
[2026-04-22T13:13:20-05:00] DEBUG [dmsgC]: Updating entry.
 entry=	version: 0.0.1
	sequence: 1
	registered at: 1776881448141314494
	static public key: 0282213369836321323dfaa492564ceb8a9a5e7e8ff044c46c92949a787ec51fb0
	signature: 1be35ff188a2f68c42819e597481b4f893860b31063b1f706bced85c942933b478090a8b68c8e5d3d2799375e8825283f49de2e544c3eadea3aa1c87bfda02bd01
	entry is registered as client. Related info: 
		delegated servers: 
			0371ab4bcff7b121f4b91f6856d6740c6f9dc1fe716977850aeb5d84378b300a13
			02a49bc0aa1b5b78f638e9189be4ed095bac5d6839c828465a8350f80ac07629c0
			0326978f5a53aff537dbb47fed58b1f123af3b00132d365f1309a14db4168dcff7


[2026-04-22T13:13:22-05:00] DEBUG [dht]: PutValue failed error="dht: remote rejected put: dht: sequence number must increase" peer=0336c02f
[2026-04-22T13:13:28-05:00] DEBUG ClientSession.DialStream [dmsgC]: Stream closed on failure. close_error=<nil> dst_addr=03b5a2848c732aa6cccd2eae61f9d3991be050389433beddcef05a8cb85d70a3e0:100 error="i/o deadline reached" ports_reserved=10 session=0371ab4bcff7b121f4b91f6856d6740c6f9dc1fe716977850aeb5d84378b300a13
[2026-04-22T13:13:28-05:00] DEBUG [dmsgC]: DialStream failed, trying next session error="i/o deadline reached" server=0371ab4bcff7b121f4b91f6856d6740c6f9dc1fe716977850aeb5d84378b300a13
[2026-04-22T13:13:28-05:00] DEBUG [dht]: PutValue failed error="dht: remote rejected put: dht: sequence number must increase" peer=03b5a284
[2026-04-22T13:13:29-05:00] DEBUG [dht]: PutValue failed error="dht: remote rejected put: dht: sequence number must increase" peer=032a07b9
[2026-04-22T13:13:30-05:00] DEBUG [dht]: PutValue failed error="dht: remote rejected put: dht: sequence number must increase" peer=025c9a88
[2026-04-22T13:13:31-05:00] DEBUG [dht]: PutValue failed error="dht: remote rejected put: dht: sequence number must increase" peer=035c27a3
[2026-04-22T13:13:36-05:00] DEBUG ClientSession.DialStream [dmsgC]: Stream closed on failure. close_error=<nil> dst_addr=02df744c491f4a0ec5a26b4817f47763145fb02bcf71ac547415babefef2dbaa65:100 error="i/o deadline reached" ports_reserved=11 session=0371ab4bcff7b121f4b91f6856d6740c6f9dc1fe716977850aeb5d84378b300a13
[2026-04-22T13:13:36-05:00] DEBUG [dmsgC]: DialStream failed, trying next session error="i/o deadline reached" server=0371ab4bcff7b121f4b91f6856d6740c6f9dc1fe716977850aeb5d84378b300a13
[2026-04-22T13:13:37-05:00] DEBUG [dht]: PutValue failed error="dht: remote rejected put: dht: sequence number must increase" peer=02df744c
[2026-04-22T13:13:42-05:00] DEBUG ClientSession.DialStream [dmsgC]: Stream closed on failure. close_error=<nil> dst_addr=023d00ea6c2542ab046abe7cba30e95dd85f0772e07873ad44c54e177ee504dc6d:100 error="i/o deadline reached" ports_reserved=12 session=0371ab4bcff7b121f4b91f6856d6740c6f9dc1fe716977850aeb5d84378b300a13
[2026-04-22T13:13:42-05:00] DEBUG [dmsgC]: DialStream failed, trying next session error="i/o deadline reached" server=0371ab4bcff7b121f4b91f6856d6740c6f9dc1fe716977850aeb5d84378b300a13
[2026-04-22T13:13:46-05:00] DEBUG [cli_rpc]: CLI RPC stats: active=0, total=1, errors=0, peak=1
[2026-04-22T13:13:47-05:00] DEBUG ClientSession.DialStream [dmsgC]: Stream closed on failure. close_error=<nil> dst_addr=023d00ea6c2542ab046abe7cba30e95dd85f0772e07873ad44c54e177ee504dc6d:100 error="i/o deadline reached" ports_reserved=12 session=02a49bc0aa1b5b78f638e9189be4ed095bac5d6839c828465a8350f80ac07629c0
[2026-04-22T13:13:47-05:00] DEBUG [dmsgC]: DialStream failed, trying next session error="i/o deadline reached" server=02a49bc0aa1b5b78f638e9189be4ed095bac5d6839c828465a8350f80ac07629c0
[2026-04-22T13:13:47-05:00] DEBUG ClientSession.DialStream [dmsgC]: Stream closed on failure. close_error=<nil> dst_addr=023d00ea6c2542ab046abe7cba30e95dd85f0772e07873ad44c54e177ee504dc6d:100 error="context deadline exceeded" ports_reserved=12 session=0371ab4bcff7b121f4b91f6856d6740c6f9dc1fe716977850aeb5d84378b300a13
[2026-04-22T13:13:47-05:00] DEBUG [dmsgC]: DialStream failed via new session, trying next server error="context deadline exceeded" server=0371ab4bcff7b121f4b91f6856d6740c6f9dc1fe716977850aeb5d84378b300a13
[2026-04-22T13:13:47-05:00] DEBUG [dht]: PutValue failed error="dht dmsg dial 023d00ea: dmsg error 202 - cannot connect to delegated server" peer=023d00ea
[2026-04-22T13:13:47-05:00] DEBUG [dht]: PutValue failed error="dht dmsg dial 0315597d: dmsg error 103 - client entry in discovery has no delegated servers" peer=0315597d
[2026-04-22T13:13:53-05:00] DEBUG ClientSession.DialStream [dmsgC]: Stream closed on failure. close_error=<nil> dst_addr=03ce6a7b52b66fdc3c6a32a6bf90277ef1a678281a985babd27021e2d070f5678c:100 error="i/o deadline reached" ports_reserved=13 session=0371ab4bcff7b121f4b91f6856d6740c6f9dc1fe716977850aeb5d84378b300a13
[2026-04-22T13:13:53-05:00] DEBUG [dmsgC]: DialStream failed, trying next session error="i/o deadline reached" server=0371ab4bcff7b121f4b91f6856d6740c6f9dc1fe716977850aeb5d84378b300a13
[2026-04-22T13:14:01-05:00] DEBUG ClientSession.DialStream [dmsgC]: Stream closed on failure. close_error=<nil> dst_addr=03b9ca7bef87eec4d5943de54f261ed03c69b5441f8c24967d8196756912952a6d:100 error="i/o deadline reached" ports_reserved=14 session=0371ab4bcff7b121f4b91f6856d6740c6f9dc1fe716977850aeb5d84378b300a13
[2026-04-22T13:14:01-05:00] DEBUG [dmsgC]: DialStream failed, trying next session error="i/o deadline reached" server=0371ab4bcff7b121f4b91f6856d6740c6f9dc1fe716977850aeb5d84378b300a13
[2026-04-22T13:14:06-05:00] DEBUG [stcpr]: Re-registering STCPR with address resolver
[2026-04-22T13:14:06-05:00] DEBUG httpClient.BindSTCPR [address_resolver]: Address resolver binding with: [192.168.1.118 70.121.13.123]
[2026-04-22T13:14:07-05:00] DEBUG [stcpr]: Successfully re-registered STCPR
[2026-04-22T13:14:10-05:00] DEBUG ClientSession.DialStream [dmsgC]: Stream closed on failure. close_error=<nil> dst_addr=023d00ea6c2542ab046abe7cba30e95dd85f0772e07873ad44c54e177ee504dc6d:100 error="i/o deadline reached" ports_reserved=15 session=0371ab4bcff7b121f4b91f6856d6740c6f9dc1fe716977850aeb5d84378b300a13
[2026-04-22T13:14:10-05:00] DEBUG [dmsgC]: DialStream failed, trying next session error="i/o deadline reached" server=0371ab4bcff7b121f4b91f6856d6740c6f9dc1fe716977850aeb5d84378b300a13
[2026-04-22T13:14:11-05:00] DEBUG [dht]: PutValue failed error="dht: remote rejected put: dht: sequence number must increase" peer=03ce6a7b
[2026-04-22T13:14:12-05:00] DEBUG [dht]: PutValue failed error="dht: remote rejected put: dht: sequence number must increase" peer=0358ee2d
[2026-04-22T13:14:12-05:00] DEBUG [dht]: PutValue failed error="dht: remote rejected put: dht: sequence number must increase" peer=0334eb10
[2026-04-22T13:14:13-05:00] DEBUG [dht]: PutValue failed error="dht: remote rejected put: dht: sequence number must increase" peer=03797347
[2026-04-22T13:14:14-05:00] DEBUG [dht]: PutValue failed error="dht: remote rejected put: dht: sequence number must increase" peer=03abd117
[2026-04-22T13:14:14-05:00] DEBUG [dht]: PutValue failed error="dht: remote rejected put: dht: sequence number must increase" peer=0259e2df
[2026-04-22T13:14:15-05:00] DEBUG [dht]: PutValue failed error="dht: remote rejected put: dht: sequence number must increase" peer=02e8ecb5
[2026-04-22T13:14:15-05:00] DEBUG [dht]: PutValue failed error="dht dmsg dial 02864d02: dmsg error 100 - entry is not found in discovery: entry of public key is not found" peer=02864d02
[2026-04-22T13:14:16-05:00] DEBUG [cli_rpc]: CLI RPC stats: active=0, total=1, errors=0, peak=1
[2026-04-22T13:14:16-05:00] DEBUG [dht]: PutValue failed error="dht: remote rejected put: dht: sequence number must increase" peer=0371f571
[2026-04-22T13:14:16-05:00] WARN [router]: closing conn from untrusted setup node: <nil>
[2026-04-22T13:14:16-05:00] DEBUG [dht]: PutValue failed error="dht: remote rejected put: dht: sequence number must increase" peer=03b647bc
[2026-04-22T13:14:17-05:00] DEBUG [dht]: PutValue failed error="dht: remote rejected put: dht: sequence number must increase" peer=03b9ca7b
[2026-04-22T13:14:17-05:00] WARN [self_probe]: Self-probe FAILED: dmsg listener unreachable (persistent) consecutive_failures=3 cooldown_remaining=4m0s port=80
[2026-04-22T13:14:17-05:00] DEBUG [dht]: PutValue failed error="dht: remote rejected put: dht: sequence number must increase" peer=0215593f
[2026-04-22T13:14:19-05:00] DEBUG [dht]: PutValue failed error="dht: remote rejected put: dht: sequence number must increase" peer=0336c02f
[2026-04-22T13:14:20-05:00] DEBUG [dht]: PutValue failed error="dht: remote rejected put: dht: sequence number must increase" peer=03b5a284
[2026-04-22T13:14:20-05:00] DEBUG [dht]: PutValue failed error="dht: remote rejected put: dht: sequence number must increase" peer=032a07b9
[2026-04-22T13:14:21-05:00] DEBUG [dht]: PutValue failed error="dht: remote rejected put: dht: sequence number must increase" peer=025c9a88
[2026-04-22T13:14:21-05:00] DEBUG [dmsgC]: Updating entry.
 entry=	version: 0.0.1
	sequence: 2
	registered at: 1776881600053417046
	static public key: 0282213369836321323dfaa492564ceb8a9a5e7e8ff044c46c92949a787ec51fb0
	signature: eac457fcd0dd7151c09fd563c4585faff9666e41164da84b59a9330771c349356014cb4a19f1fe26890b054c0ea4d962030b95faa5ba25fb3193bf0a5074e1a800
	entry is registered as client. Related info: 
		delegated servers: 
			0371ab4bcff7b121f4b91f6856d6740c6f9dc1fe716977850aeb5d84378b300a13
			02a49bc0aa1b5b78f638e9189be4ed095bac5d6839c828465a8350f80ac07629c0
			0326978f5a53aff537dbb47fed58b1f123af3b00132d365f1309a14db4168dcff7


[2026-04-22T13:14:22-05:00] DEBUG [dht]: PutValue failed error="dht: remote rejected put: dht: sequence number must increase" peer=035c27a3
[2026-04-22T13:14:23-05:00] DEBUG [dht]: PutValue failed error="dht: remote rejected put: dht: sequence number must increase" peer=02df744c
[2026-04-22T13:14:25-05:00] DEBUG [cli_rpc]: CLI RPC conn #2 accepted from 127.0.0.1:59960 (active: 1)
[2026-04-22T13:14:25-05:00] DEBUG [cli_rpc]: CLI RPC conn #2 closed after 2ms (active: 0)
[2026-04-22T13:14:28-05:00] DEBUG ClientSession.DialStream [dmsgC]: Stream closed on failure. close_error=<nil> dst_addr=023d00ea6c2542ab046abe7cba30e95dd85f0772e07873ad44c54e177ee504dc6d:100 error="i/o deadline reached" ports_reserved=16 session=02a49bc0aa1b5b78f638e9189be4ed095bac5d6839c828465a8350f80ac07629c0
[2026-04-22T13:14:28-05:00] DEBUG [dmsgC]: DialStream failed via cached route, evicting error="i/o deadline reached" server=02a49bc0aa1b5b78f638e9189be4ed095bac5d6839c828465a8350f80ac07629c0
[2026-04-22T13:14:33-05:00] DEBUG ClientSession.DialStream [dmsgC]: Stream closed on failure. close_error=<nil> dst_addr=023d00ea6c2542ab046abe7cba30e95dd85f0772e07873ad44c54e177ee504dc6d:100 error="i/o deadline reached" ports_reserved=16 session=0371ab4bcff7b121f4b91f6856d6740c6f9dc1fe716977850aeb5d84378b300a13
[2026-04-22T13:14:33-05:00] DEBUG [dmsgC]: DialStream failed, trying next session error="i/o deadline reached" server=0371ab4bcff7b121f4b91f6856d6740c6f9dc1fe716977850aeb5d84378b300a13
[2026-04-22T13:14:33-05:00] DEBUG ClientSession.DialStream [dmsgC]: Stream closed on failure. close_error=<nil> dst_addr=023d00ea6c2542ab046abe7cba30e95dd85f0772e07873ad44c54e177ee504dc6d:100 error="context deadline exceeded" ports_reserved=16 session=0371ab4bcff7b121f4b91f6856d6740c6f9dc1fe716977850aeb5d84378b300a13
[2026-04-22T13:14:33-05:00] DEBUG [dmsgC]: DialStream failed via new session, trying next server error="context deadline exceeded" server=0371ab4bcff7b121f4b91f6856d6740c6f9dc1fe716977850aeb5d84378b300a13
[2026-04-22T13:14:33-05:00] DEBUG [dht]: PutValue failed error="dht dmsg dial 023d00ea: dmsg error 202 - cannot connect to delegated server" peer=023d00ea
[2026-04-22T13:14:34-05:00] DEBUG [dht]: PutValue failed error="dht: remote rejected put: dht: sequence number must increase" peer=0315597d
[2026-04-22T13:14:46-05:00] DEBUG [cli_rpc]: CLI RPC stats: active=0, total=2, errors=0, peak=1
[2026-04-22T13:14:46-05:00] DEBUG ClientSession.DialStream [dmsgC]: Stream closed on failure. close_error=<nil> dst_addr=023d00ea6c2542ab046abe7cba30e95dd85f0772e07873ad44c54e177ee504dc6d:100 error="i/o deadline reached" ports_reserved=17 session=0371ab4bcff7b121f4b91f6856d6740c6f9dc1fe716977850aeb5d84378b300a13
[2026-04-22T13:14:46-05:00] DEBUG [dmsgC]: DialStream failed, trying next session error="i/o deadline reached" server=0371ab4bcff7b121f4b91f6856d6740c6f9dc1fe716977850aeb5d84378b300a13
[2026-04-22T13:14:51-05:00] DEBUG ClientSession.DialStream [dmsgC]: Stream closed on failure. close_error=<nil> dst_addr=023d00ea6c2542ab046abe7cba30e95dd85f0772e07873ad44c54e177ee504dc6d:100 error="i/o deadline reached" ports_reserved=17 session=0326978f5a53aff537dbb47fed58b1f123af3b00132d365f1309a14db4168dcff7
[2026-04-22T13:14:51-05:00] DEBUG [dmsgC]: DialStream failed, trying next session error="i/o deadline reached" server=0326978f5a53aff537dbb47fed58b1f123af3b00132d365f1309a14db4168dcff7
[2026-04-22T13:14:51-05:00] DEBUG ClientSession.DialStream [dmsgC]: Stream closed on failure. close_error=<nil> dst_addr=023d00ea6c2542ab046abe7cba30e95dd85f0772e07873ad44c54e177ee504dc6d:100 error="context deadline exceeded" ports_reserved=17 session=0371ab4bcff7b121f4b91f6856d6740c6f9dc1fe716977850aeb5d84378b300a13
[2026-04-22T13:14:51-05:00] DEBUG [dmsgC]: DialStream failed via new session, trying next server error="context deadline exceeded" server=0371ab4bcff7b121f4b91f6856d6740c6f9dc1fe716977850aeb5d84378b300a13
[2026-04-22T13:14:52-05:00] DEBUG [dht]: PutValue failed error="dht: remote rejected put: dht: sequence number must increase" peer=03ce6a7b
[2026-04-22T13:14:53-05:00] DEBUG [dht]: PutValue failed error="dht: remote rejected put: dht: sequence number must increase" peer=0358ee2d
[2026-04-22T13:14:53-05:00] DEBUG [dht]: PutValue failed error="dht: remote rejected put: dht: sequence number must increase" peer=0334eb10
[2026-04-22T13:14:54-05:00] DEBUG [dht]: PutValue failed error="dht: remote rejected put: dht: sequence number must increase" peer=03797347
[2026-04-22T13:14:55-05:00] DEBUG [dht]: PutValue failed error="dht: remote rejected put: dht: sequence number must increase" peer=03abd117
[2026-04-22T13:15:00-05:00] DEBUG ClientSession.DialStream [dmsgC]: Stream closed on failure. close_error=<nil> dst_addr=0259e2df61c7916d1d22a88647786e96cb157778e865a386d7560802c6160de612:100 error="i/o deadline reached" ports_reserved=18 session=02a49bc0aa1b5b78f638e9189be4ed095bac5d6839c828465a8350f80ac07629c0
[2026-04-22T13:15:00-05:00] DEBUG [dmsgC]: DialStream failed via cached route, evicting error="i/o deadline reached" server=02a49bc0aa1b5b78f638e9189be4ed095bac5d6839c828465a8350f80ac07629c0
[2026-04-22T13:15:00-05:00] DEBUG [dht]: PutValue failed error="dht: remote rejected put: dht: sequence number must increase" peer=0259e2df
[2026-04-22T13:15:01-05:00] DEBUG [dht]: PutValue failed error="dht: remote rejected put: dht: sequence number must increase" peer=02e8ecb5
[2026-04-22T13:15:01-05:00] DEBUG [dht]: PutValue failed error="dht dmsg dial 02864d02: dmsg error 100 - entry is not found in discovery: entry of public key is not found" peer=02864d02
[2026-04-22T13:15:02-05:00] DEBUG [dht]: PutValue failed error="dht: remote rejected put: dht: sequence number must increase" peer=0371f571
[2026-04-22T13:15:02-05:00] DEBUG [dht]: PutValue failed error="dht: remote rejected put: dht: sequence number must increase" peer=03b647bc
[2026-04-22T13:15:03-05:00] DEBUG [dht]: PutValue failed error="dht: remote rejected put: dht: sequence number must increase" peer=03b9ca7b
[2026-04-22T13:15:03-05:00] DEBUG [dht]: PutValue failed error="dht: remote rejected put: dht: sequence number must increase" peer=0215593f
[2026-04-22T13:15:05-05:00] DEBUG [dht]: PutValue failed error="dht: remote rejected put: dht: sequence number must increase" peer=0336c02f
[2026-04-22T13:15:05-05:00] DEBUG [dht]: PutValue failed error="dht: remote rejected put: dht: sequence number must increase" peer=03b5a284
[2026-04-22T13:15:06-05:00] DEBUG [dht]: PutValue failed error="dht: remote rejected put: dht: sequence number must increase" peer=032a07b9
[2026-04-22T13:15:06-05:00] DEBUG [dht]: PutValue failed error="dht: remote rejected put: dht: sequence number must increase" peer=025c9a88
[2026-04-22T13:15:07-05:00] DEBUG [dht]: PutValue failed error="dht: remote rejected put: dht: sequence number must increase" peer=035c27a3
[2026-04-22T13:15:08-05:00] DEBUG [dht]: PutValue failed error="dht: remote rejected put: dht: sequence number must increase" peer=02df744c
[2026-04-22T13:15:13-05:00] DEBUG ClientSession.DialStream [dmsgC]: Stream closed on failure. close_error=<nil> dst_addr=023d00ea6c2542ab046abe7cba30e95dd85f0772e07873ad44c54e177ee504dc6d:100 error="i/o deadline reached" ports_reserved=19 session=0371ab4bcff7b121f4b91f6856d6740c6f9dc1fe716977850aeb5d84378b300a13
[2026-04-22T13:15:13-05:00] DEBUG [dmsgC]: DialStream failed, trying next session error="i/o deadline reached" server=0371ab4bcff7b121f4b91f6856d6740c6f9dc1fe716977850aeb5d84378b300a13
[2026-04-22T13:15:16-05:00] DEBUG [cli_rpc]: CLI RPC stats: active=0, total=2, errors=0, peak=1
[2026-04-22T13:15:16-05:00] WARN [router]: closing conn from untrusted setup node: <nil>
[2026-04-22T13:15:17-05:00] WARN [self_probe]: Self-probe FAILED: dmsg listener unreachable (persistent) consecutive_failures=4 cooldown_remaining=3m0s port=80
[2026-04-22T13:15:18-05:00] DEBUG ClientSession.DialStream [dmsgC]: Stream closed on failure. close_error=<nil> dst_addr=023d00ea6c2542ab046abe7cba30e95dd85f0772e07873ad44c54e177ee504dc6d:100 error="i/o deadline reached" ports_reserved=19 session=0326978f5a53aff537dbb47fed58b1f123af3b00132d365f1309a14db4168dcff7
[2026-04-22T13:15:18-05:00] DEBUG [dmsgC]: DialStream failed, trying next session error="i/o deadline reached" server=0326978f5a53aff537dbb47fed58b1f123af3b00132d365f1309a14db4168dcff7
[2026-04-22T13:15:18-05:00] DEBUG ClientSession.DialStream [dmsgC]: Stream closed on failure. close_error=<nil> dst_addr=023d00ea6c2542ab046abe7cba30e95dd85f0772e07873ad44c54e177ee504dc6d:100 error="context deadline exceeded" ports_reserved=19 session=0371ab4bcff7b121f4b91f6856d6740c6f9dc1fe716977850aeb5d84378b300a13
[2026-04-22T13:15:18-05:00] DEBUG [dmsgC]: DialStream failed via new session, trying next server error="context deadline exceeded" server=0371ab4bcff7b121f4b91f6856d6740c6f9dc1fe716977850aeb5d84378b300a13
[2026-04-22T13:15:18-05:00] DEBUG [dht]: PutValue failed error="dht dmsg dial 023d00ea: dmsg error 202 - cannot connect to delegated server" peer=023d00ea
[2026-04-22T13:15:19-05:00] DEBUG [dht]: PutValue failed error="dht: remote rejected put: dht: sequence number must increase" peer=0315597d
[2026-04-22T13:15:22-05:00] DEBUG [dmsgC]: Updating entry.
 entry=	version: 0.0.1
	sequence: 3
	registered at: 1776881661363124827
	static public key: 0282213369836321323dfaa492564ceb8a9a5e7e8ff044c46c92949a787ec51fb0
	signature: e8061d96611dc05fb8c17518a3bac716a4305efa839fe8b3f1335b2036ccc5ac507cf4c9e7e01be18eb131c7f2c050f1f8fbf0cc90520fb4b1e3c8e93324841201
	entry is registered as client. Related info: 
		delegated servers: 
			0371ab4bcff7b121f4b91f6856d6740c6f9dc1fe716977850aeb5d84378b300a13
			02a49bc0aa1b5b78f638e9189be4ed095bac5d6839c828465a8350f80ac07629c0
			0326978f5a53aff537dbb47fed58b1f123af3b00132d365f1309a14db4168dcff7


[2026-04-22T13:15:29-05:00] DEBUG ClientSession.DialStream [dmsgC]: Stream closed on failure. close_error=<nil> dst_addr=03b9ca7bef87eec4d5943de54f261ed03c69b5441f8c24967d8196756912952a6d:100 error="i/o deadline reached" ports_reserved=20 session=0326978f5a53aff537dbb47fed58b1f123af3b00132d365f1309a14db4168dcff7
[2026-04-22T13:15:29-05:00] DEBUG [dmsgC]: DialStream failed via cached route, evicting error="i/o deadline reached" server=0326978f5a53aff537dbb47fed58b1f123af3b00132d365f1309a14db4168dcff7
[2026-04-22T13:15:36-05:00] DEBUG [stcpr]: Re-registering STCPR with address resolver
[2026-04-22T13:15:36-05:00] DEBUG httpClient.BindSTCPR [address_resolver]: Address resolver binding with: [192.168.1.118 70.121.13.123]
[2026-04-22T13:15:37-05:00] DEBUG [stcpr]: Successfully re-registered STCPR
[2026-04-22T13:15:37-05:00] DEBUG ClientSession.DialStream [dmsgC]: Stream closed on failure. close_error=<nil> dst_addr=02df744c491f4a0ec5a26b4817f47763145fb02bcf71ac547415babefef2dbaa65:100 error="i/o deadline reached" ports_reserved=21 session=0326978f5a53aff537dbb47fed58b1f123af3b00132d365f1309a14db4168dcff7
[2026-04-22T13:15:37-05:00] DEBUG [dmsgC]: DialStream failed via cached route, evicting error="i/o deadline reached" server=0326978f5a53aff537dbb47fed58b1f123af3b00132d365f1309a14db4168dcff7
[2026-04-22T13:15:43-05:00] DEBUG ClientSession.DialStream [dmsgC]: Stream closed on failure. close_error=<nil> dst_addr=023d00ea6c2542ab046abe7cba30e95dd85f0772e07873ad44c54e177ee504dc6d:100 error="i/o deadline reached" ports_reserved=22 session=0371ab4bcff7b121f4b91f6856d6740c6f9dc1fe716977850aeb5d84378b300a13
[2026-04-22T13:15:43-05:00] DEBUG [dmsgC]: DialStream failed, trying next session error="i/o deadline reached" server=0371ab4bcff7b121f4b91f6856d6740c6f9dc1fe716977850aeb5d84378b300a13
[2026-04-22T13:15:46-05:00] DEBUG [cli_rpc]: CLI RPC stats: active=0, total=2, errors=0, peak=1
[2026-04-22T13:15:48-05:00] DEBUG ClientSession.DialStream [dmsgC]: Stream closed on failure. close_error=<nil> dst_addr=023d00ea6c2542ab046abe7cba30e95dd85f0772e07873ad44c54e177ee504dc6d:100 error="i/o deadline reached" ports_reserved=22 session=0326978f5a53aff537dbb47fed58b1f123af3b00132d365f1309a14db4168dcff7
[2026-04-22T13:15:48-05:00] DEBUG [dmsgC]: DialStream failed, trying next session error="i/o deadline reached" server=0326978f5a53aff537dbb47fed58b1f123af3b00132d365f1309a14db4168dcff7
[2026-04-22T13:15:48-05:00] DEBUG ClientSession.DialStream [dmsgC]: Stream closed on failure. close_error=<nil> dst_addr=023d00ea6c2542ab046abe7cba30e95dd85f0772e07873ad44c54e177ee504dc6d:100 error="context deadline exceeded" ports_reserved=22 session=0371ab4bcff7b121f4b91f6856d6740c6f9dc1fe716977850aeb5d84378b300a13
[2026-04-22T13:15:48-05:00] DEBUG [dmsgC]: DialStream failed via new session, trying next server error="context deadline exceeded" server=0371ab4bcff7b121f4b91f6856d6740c6f9dc1fe716977850aeb5d84378b300a13
[2026-04-22T13:15:49-05:00] DEBUG [dht]: PutValue failed error="dht: remote rejected put: dht: sequence number must increase" peer=03ce6a7b
[2026-04-22T13:15:49-05:00] DEBUG [dht]: PutValue failed error="dht: remote rejected put: dht: sequence number must increase" peer=0358ee2d
[2026-04-22T13:15:50-05:00] DEBUG [dht]: PutValue failed error="dht: remote rejected put: dht: sequence number must increase" peer=0334eb10
[2026-04-22T13:15:51-05:00] DEBUG [dht]: PutValue failed error="dht: remote rejected put: dht: sequence number must increase" peer=03797347
[2026-04-22T13:15:51-05:00] DEBUG [dht]: PutValue failed error="dht: remote rejected put: dht: sequence number must increase" peer=03abd117
[2026-04-22T13:15:52-05:00] DEBUG [dht]: PutValue failed error="dht: remote rejected put: dht: sequence number must increase" peer=0259e2df
[2026-04-22T13:15:53-05:00] DEBUG [dht]: PutValue failed error="dht: remote rejected put: dht: sequence number must increase" peer=02e8ecb5
[2026-04-22T13:15:53-05:00] DEBUG [dht]: PutValue failed error="dht dmsg dial 02864d02: dmsg error 100 - entry is not found in discovery: entry of public key is not found" peer=02864d02
[2026-04-22T13:15:54-05:00] DEBUG [dht]: PutValue failed error="dht: remote rejected put: dht: sequence number must increase" peer=0371f571
[2026-04-22T13:15:54-05:00] DEBUG [dht]: PutValue failed error="dht: remote rejected put: dht: sequence number must increase" peer=03b647bc
[2026-04-22T13:15:55-05:00] DEBUG [dht]: PutValue failed error="dht: remote rejected put: dht: sequence number must increase" peer=03b9ca7b
[2026-04-22T13:15:55-05:00] DEBUG [dht]: PutValue failed error="dht: remote rejected put: dht: sequence number must increase" peer=0215593f
[2026-04-22T13:15:57-05:00] DEBUG [dht]: PutValue failed error="dht: remote rejected put: dht: sequence number must increase" peer=0336c02f
[2026-04-22T13:15:57-05:00] DEBUG [dht]: PutValue failed error="dht: remote rejected put: dht: sequence number must increase" peer=03b5a284
[2026-04-22T13:15:58-05:00] DEBUG [dht]: PutValue failed error="dht: remote rejected put: dht: sequence number must increase" peer=032a07b9
[2026-04-22T13:15:58-05:00] DEBUG [dht]: PutValue failed error="dht: remote rejected put: dht: sequence number must increase" peer=025c9a88
[2026-04-22T13:15:59-05:00] DEBUG [dht]: PutValue failed error="dht: remote rejected put: dht: sequence number must increase" peer=035c27a3
[2026-04-22T13:16:00-05:00] DEBUG [dht]: PutValue failed error="dht: remote rejected put: dht: sequence number must increase" peer=02df744c
[2026-04-22T13:16:06-05:00] DEBUG ClientSession.DialStream [dmsgC]: Stream closed on failure. close_error=<nil> dst_addr=023d00ea6c2542ab046abe7cba30e95dd85f0772e07873ad44c54e177ee504dc6d:100 error="i/o deadline reached" ports_reserved=23 session=0371ab4bcff7b121f4b91f6856d6740c6f9dc1fe716977850aeb5d84378b300a13
[2026-04-22T13:16:06-05:00] DEBUG [dmsgC]: DialStream failed, trying next session error="i/o deadline reached" server=0371ab4bcff7b121f4b91f6856d6740c6f9dc1fe716977850aeb5d84378b300a13
[2026-04-22T13:16:06-05:00] INFO [public_autoconnect]: Fetching public visors
[2026-04-22T13:16:06-05:00] DEBUG [public_autoconnect]: Found public visors=3
[2026-04-22T13:16:06-05:00] DEBUG [public_autoconnect]: Fetching all transport discovery data for caching
[2026-04-22T13:16:07-05:00] DEBUG [tpd_concurrency]: TPD query returned client error (4xx), not retrying error="404 Not Found: {"error":"transport not found"}"
[2026-04-22T13:16:08-05:00] DEBUG [public_autoconnect]: Successfully cached transport discovery data cached_keys=940
[2026-04-22T13:16:08-05:00] DEBUG [public_autoconnect]: Found visors to connect to total=432
[2026-04-22T13:16:10-05:00] DEBUG [public_autoconnect]: Cached SUDPH-capable visors from address resolver count=326
[2026-04-22T13:16:10-05:00] DEBUG [public_autoconnect]: Phase 1: Connecting to public visors via SUDPH
[2026-04-22T13:16:10-05:00] DEBUG [public_autoconnect]: Phase 2: Connecting to public visors via STCPR
[2026-04-22T13:16:10-05:00] DEBUG [public_autoconnect]: Trying to add transport pk=02859d5aacdf74f20f4058d55613d232b512ef1b8e219ba42f57a8cfc76f661f7c type=stcpr
[2026-04-22T13:16:10-05:00] DEBUG [transport_manager]: Initializing TP with ID 2cba831c-e519-0bb4-b6a0-b9f363754029
[2026-04-22T13:16:10-05:00] DEBUG [transport_manager]: Dialing transport to 02859d5aacdf74f20f4058d55613d232b512ef1b8e219ba42f57a8cfc76f661f7c via stcpr
[2026-04-22T13:16:10-05:00] DEBUG [stcpr]: Dialing PK 02859d5aacdf74f20f4058d55613d232b512ef1b8e219ba42f57a8cfc76f661f7c
[2026-04-22T13:16:11-05:00] DEBUG ClientSession.DialStream [dmsgC]: Stream closed on failure. close_error=<nil> dst_addr=023d00ea6c2542ab046abe7cba30e95dd85f0772e07873ad44c54e177ee504dc6d:100 error="i/o deadline reached" ports_reserved=23 session=0326978f5a53aff537dbb47fed58b1f123af3b00132d365f1309a14db4168dcff7
[2026-04-22T13:16:11-05:00] DEBUG [dmsgC]: DialStream failed, trying next session error="i/o deadline reached" server=0326978f5a53aff537dbb47fed58b1f123af3b00132d365f1309a14db4168dcff7
[2026-04-22T13:16:11-05:00] DEBUG ClientSession.DialStream [dmsgC]: Stream closed on failure. close_error=<nil> dst_addr=023d00ea6c2542ab046abe7cba30e95dd85f0772e07873ad44c54e177ee504dc6d:100 error="context deadline exceeded" ports_reserved=23 session=0371ab4bcff7b121f4b91f6856d6740c6f9dc1fe716977850aeb5d84378b300a13
[2026-04-22T13:16:11-05:00] DEBUG [dmsgC]: DialStream failed via new session, trying next server error="context deadline exceeded" server=0371ab4bcff7b121f4b91f6856d6740c6f9dc1fe716977850aeb5d84378b300a13
[2026-04-22T13:16:11-05:00] DEBUG [dht]: PutValue failed error="dht dmsg dial 023d00ea: dmsg error 202 - cannot connect to delegated server" peer=023d00ea
[2026-04-22T13:16:11-05:00] DEBUG [stcpr]: Resolved PK 02859d5aacdf74f20f4058d55613d232b512ef1b8e219ba42f57a8cfc76f661f7c to visor data {60.53.232.95 false {23461 [192.168.88.3 fddd::324b:cc3c:f322:bd9d 2001:e68:540f:4cd7:8f55:455d:350:d7ea 192.168.240.1 10.182.1.1 10.182.2.1 10.182.0.1 60.53.232.95]}}
[2026-04-22T13:16:11-05:00] DEBUG [stcpr]: Dialing public address: 60.53.232.95:23461
[2026-04-22T13:16:11-05:00] DEBUG [stcpr]: Performing handshake with 60.53.232.95:23461
[2026-04-22T13:16:11-05:00] DEBUG [dht]: PutValue failed error="dht: remote rejected put: dht: sequence number must increase" peer=0315597d
[2026-04-22T13:16:12-05:00] DEBUG [stcpr]: Sent handshake to 60.53.232.95:23461, local addr 0282213369836321323dfaa492564ceb8a9a5e7e8ff044c46c92949a787ec51fb0:49153, remote addr 02859d5aacdf74f20f4058d55613d232b512ef1b8e219ba42f57a8cfc76f661f7c:45
[2026-04-22T13:16:13-05:00] DEBUG [tp:02859d]: Sent signal to 'mt.transportCh'.
[2026-04-22T13:16:13-05:00] DEBUG [transport_manager]: saved transport: remote(02859d5aacdf74f20f4058d55613d232b512ef1b8e219ba42f57a8cfc76f661f7c) type(stcpr) tpID(2cba831c-e519-0bb4-b6a0-b9f363754029)
[2026-04-22T13:16:13-05:00] DEBUG [public_autoconnect]: Added transport to visor pk=02859d5aacdf74f20f4058d55613d232b512ef1b8e219ba42f57a8cfc76f661f7c type=stcpr
[2026-04-22T13:16:13-05:00] DEBUG [public_autoconnect]: Trying to add transport pk=027087fe40d97f7f0be4a0dc768462ddbb371d4b9e7679d4f11f117d757b9856ed type=stcpr
[2026-04-22T13:16:13-05:00] DEBUG [transport_manager]: Initializing TP with ID e3dce7a6-1689-0ca2-832a-788378cd1121
[2026-04-22T13:16:13-05:00] DEBUG [tp:02859d]: Serving. remote_pk=02859d5aacdf74f20f4058d55613d232b512ef1b8e219ba42f57a8cfc76f661f7c tp_id=2cba831c-e519-0bb4-b6a0-b9f363754029 tp_index=1
[2026-04-22T13:16:13-05:00] DEBUG [transport_manager]: Dialing transport to 027087fe40d97f7f0be4a0dc768462ddbb371d4b9e7679d4f11f117d757b9856ed via stcpr
[2026-04-22T13:16:13-05:00] DEBUG [stcpr]: Dialing PK 027087fe40d97f7f0be4a0dc768462ddbb371d4b9e7679d4f11f117d757b9856ed
[2026-04-22T13:16:13-05:00] DEBUG [stcpr]: Resolved PK 027087fe40d97f7f0be4a0dc768462ddbb371d4b9e7679d4f11f117d757b9856ed to visor data {70.121.13.123 false {7778 [192.168.1.117 70.121.13.123]}}
[2026-04-22T13:16:13-05:00] DEBUG [stcpr]: Remote visor shares same public IP (70.121.13.123), trying LAN addresses first
[2026-04-22T13:16:13-05:00] DEBUG [stcpr]: Trying LAN address: 192.168.1.117:7778
[2026-04-22T13:16:13-05:00] DEBUG [stcpr]: Successfully connected via LAN address: 192.168.1.117:7778
[2026-04-22T13:16:13-05:00] DEBUG [stcpr]: Performing handshake with 192.168.1.117:7778
[2026-04-22T13:16:16-05:00] DEBUG [cli_rpc]: CLI RPC stats: active=0, total=2, errors=0, peak=1
[2026-04-22T13:16:16-05:00] DEBUG [stcpr]: Sent handshake to 192.168.1.117:7778, local addr 0282213369836321323dfaa492564ceb8a9a5e7e8ff044c46c92949a787ec51fb0:49154, remote addr 027087fe40d97f7f0be4a0dc768462ddbb371d4b9e7679d4f11f117d757b9856ed:45
[2026-04-22T13:16:16-05:00] WARN [router]: closing conn from untrusted setup node: <nil>
[2026-04-22T13:16:17-05:00] WARN [self_probe]: Self-probe FAILED: dmsg listener unreachable (persistent) consecutive_failures=5 cooldown_remaining=2m0s port=80
[2026-04-22T13:16:18-05:00] DEBUG [tp:027087]: Sent signal to 'mt.transportCh'.
[2026-04-22T13:16:18-05:00] DEBUG [transport_manager]: saved transport: remote(027087fe40d97f7f0be4a0dc768462ddbb371d4b9e7679d4f11f117d757b9856ed) type(stcpr) tpID(e3dce7a6-1689-0ca2-832a-788378cd1121)
[2026-04-22T13:16:18-05:00] DEBUG [tp:027087]: Serving. remote_pk=027087fe40d97f7f0be4a0dc768462ddbb371d4b9e7679d4f11f117d757b9856ed tp_id=e3dce7a6-1689-0ca2-832a-788378cd1121 tp_index=2
[2026-04-22T13:16:18-05:00] DEBUG [public_autoconnect]: Added transport to visor pk=027087fe40d97f7f0be4a0dc768462ddbb371d4b9e7679d4f11f117d757b9856ed type=stcpr
[2026-04-22T13:16:18-05:00] DEBUG [public_autoconnect]: Trying to add transport pk=03d1d78e7323e1dc63a6cbbf79e52974791e3cd7b5aaab77f045d72a21b066ee8c type=stcpr
[2026-04-22T13:16:18-05:00] DEBUG [transport_manager]: Initializing TP with ID b29f7b76-34c6-0ed7-bb7a-0bd96f872a9e
[2026-04-22T13:16:18-05:00] DEBUG [transport_manager]: Dialing transport to 03d1d78e7323e1dc63a6cbbf79e52974791e3cd7b5aaab77f045d72a21b066ee8c via stcpr
[2026-04-22T13:16:18-05:00] DEBUG [stcpr]: Dialing PK 03d1d78e7323e1dc63a6cbbf79e52974791e3cd7b5aaab77f045d72a21b066ee8c
[2026-04-22T13:16:18-05:00] DEBUG [stcpr]: Resolved PK 03d1d78e7323e1dc63a6cbbf79e52974791e3cd7b5aaab77f045d72a21b066ee8c to visor data {45.79.213.251 false {38553 [45.79.213.251 2600:3c02::f03c:95ff:fe5d:70f0]}}
[2026-04-22T13:16:18-05:00] DEBUG [stcpr]: Dialing public address: 45.79.213.251:38553
[2026-04-22T13:16:19-05:00] DEBUG [stcpr]: Performing handshake with 45.79.213.251:38553
[2026-04-22T13:16:19-05:00] DEBUG [stcpr]: Sent handshake to 45.79.213.251:38553, local addr 0282213369836321323dfaa492564ceb8a9a5e7e8ff044c46c92949a787ec51fb0:49155, remote addr 03d1d78e7323e1dc63a6cbbf79e52974791e3cd7b5aaab77f045d72a21b066ee8c:45
[2026-04-22T13:16:19-05:00] DEBUG [tp:03d1d7]: Sent signal to 'mt.transportCh'.
[2026-04-22T13:16:19-05:00] DEBUG [transport_manager]: saved transport: remote(03d1d78e7323e1dc63a6cbbf79e52974791e3cd7b5aaab77f045d72a21b066ee8c) type(stcpr) tpID(b29f7b76-34c6-0ed7-bb7a-0bd96f872a9e)
[2026-04-22T13:16:19-05:00] DEBUG [tp:03d1d7]: Serving. remote_pk=03d1d78e7323e1dc63a6cbbf79e52974791e3cd7b5aaab77f045d72a21b066ee8c tp_id=b29f7b76-34c6-0ed7-bb7a-0bd96f872a9e tp_index=3
[2026-04-22T13:16:19-05:00] DEBUG [public_autoconnect]: Added transport to visor pk=03d1d78e7323e1dc63a6cbbf79e52974791e3cd7b5aaab77f045d72a21b066ee8c type=stcpr
[2026-04-22T13:16:19-05:00] DEBUG [public_autoconnect]: Phase 3: Connecting to other visors via SUDPH
[2026-04-22T13:16:22-05:00] DEBUG [dmsgC]: Updating entry.
 entry=	version: 0.0.1
	sequence: 4
	registered at: 1776881722295018734
	static public key: 0282213369836321323dfaa492564ceb8a9a5e7e8ff044c46c92949a787ec51fb0
	signature: b8e423fc7af1d7b4bbeb09d2fe1cae8f76bf3d3a6a5fc66608802744312e45da597612a12b8f5216fcfa03b5f4bec0c208ec0b10846fb951c97c5a252225c85201
	entry is registered as client. Related info: 
		delegated servers: 
			0371ab4bcff7b121f4b91f6856d6740c6f9dc1fe716977850aeb5d84378b300a13
			02a49bc0aa1b5b78f638e9189be4ed095bac5d6839c828465a8350f80ac07629c0
			0326978f5a53aff537dbb47fed58b1f123af3b00132d365f1309a14db4168dcff7


[2026-04-22T13:16:24-05:00] DEBUG ClientSession.DialStream [dmsgC]: Stream closed on failure. close_error=<nil> dst_addr=03b8eb4e729c26540ca0e56956fec9fe1d6ad4faf17113c401dad8f098d19eb206:136 error="i/o deadline reached" ports_reserved=24 session=0371ab4bcff7b121f4b91f6856d6740c6f9dc1fe716977850aeb5d84378b300a13
[2026-04-22T13:16:24-05:00] DEBUG [dmsgC]: DialStream failed, trying next session error="i/o deadline reached" server=0371ab4bcff7b121f4b91f6856d6740c6f9dc1fe716977850aeb5d84378b300a13
[2026-04-22T13:16:24-05:00] DEBUG ClientSession.DialStream [dmsgC]: Stream closed on failure. close_error=<nil> dst_addr=03b8eb4e729c26540ca0e56956fec9fe1d6ad4faf17113c401dad8f098d19eb206:136 error="context deadline exceeded" ports_reserved=24 session=0371ab4bcff7b121f4b91f6856d6740c6f9dc1fe716977850aeb5d84378b300a13
[2026-04-22T13:16:24-05:00] DEBUG [dmsgC]: DialStream failed via new session, trying next server error="context deadline exceeded" server=0371ab4bcff7b121f4b91f6856d6740c6f9dc1fe716977850aeb5d84378b300a13
[2026-04-22T13:16:24-05:00] DEBUG [public_autoconnect]: Skipping visor: dmsg probe failed (unreachable) pk=03b8eb4e729c26540ca0e56956fec9fe1d6ad4faf17113c401dad8f098d19eb206 type=sudph
[2026-04-22T13:16:25-05:00] DEBUG [public_autoconnect]: Trying to add transport pk=0232004ec69b023aedd2a251aed73d79a44acbd253478e2a7d804a136fe9494f9f type=sudph
[2026-04-22T13:16:25-05:00] DEBUG [transport_manager]: Initializing TP with ID fbf3d3a6-2703-06d3-8290-1e99ea3c776d
[2026-04-22T13:16:25-05:00] DEBUG [transport_manager]: Dialing transport to 0232004ec69b023aedd2a251aed73d79a44acbd253478e2a7d804a136fe9494f9f via sudph
[2026-04-22T13:16:25-05:00] DEBUG [sudph]: Resolved PK 0232004ec69b023aedd2a251aed73d79a44acbd253478e2a7d804a136fe9494f9f to visor data {123.50.139.49:48927 false {48927 [127.0.0.1 192.168.0.3 ::1]}}
[2026-04-22T13:16:25-05:00] DEBUG [sudph]: Dialing public address: 123.50.139.49:48927
[2026-04-22T13:16:25-05:00] DEBUG [sudph]: Dialing 123.50.139.49:48927
[2026-04-22T13:16:25-05:00] DEBUG [sudph]: Dialed 123.50.139.49:48927
[2026-04-22T13:16:25-05:00] DEBUG [sudph]: Performing handshake with 123.50.139.49:48927
[2026-04-22T13:16:33-05:00] DEBUG ClientSession.DialStream [dmsgC]: Stream closed on failure. close_error=<nil> dst_addr=023d00ea6c2542ab046abe7cba30e95dd85f0772e07873ad44c54e177ee504dc6d:100 error="i/o deadline reached" ports_reserved=24 session=0371ab4bcff7b121f4b91f6856d6740c6f9dc1fe716977850aeb5d84378b300a13
[2026-04-22T13:16:33-05:00] DEBUG [dmsgC]: DialStream failed, trying next session error="i/o deadline reached" server=0371ab4bcff7b121f4b91f6856d6740c6f9dc1fe716977850aeb5d84378b300a13
[2026-04-22T13:16:35-05:00] DEBUG [transport_manager]: Error dialing transport to 0232004ec69b023aedd2a251aed73d79a44acbd253478e2a7d804a136fe9494f9f via sudph: mt.client.Dial: handshake failed: timeout

[2026-04-22T13:16:35-05:00] WARN [public_autoconnect]: Failed to add transport error="save transport: mt.client.Dial: handshake failed: timeout
" pk=0232004ec69b023aedd2a251aed73d79a44acbd253478e2a7d804a136fe9494f9f type=sudph
[2026-04-22T13:16:36-05:00] DEBUG [dht]: Bootstrap ping failed error="dht dmsg dial 0281a102: dmsg error 102 - entry is not of client in discovery" pk=0281a102
[2026-04-22T13:16:36-05:00] DEBUG [public_autoconnect]: Trying to add transport pk=02115765cd328289ec3a9d6d3395eebcb43ea9ee849427fb382230c908692855c4 type=sudph
[2026-04-22T13:16:36-05:00] DEBUG [transport_manager]: Initializing TP with ID 6a018cfd-6cd5-0572-9656-975a467ea96f
[2026-04-22T13:16:36-05:00] DEBUG [transport_manager]: Dialing transport to 02115765cd328289ec3a9d6d3395eebcb43ea9ee849427fb382230c908692855c4 via sudph
[2026-04-22T13:16:37-05:00] DEBUG [sudph]: Resolved PK 02115765cd328289ec3a9d6d3395eebcb43ea9ee849427fb382230c908692855c4 to visor data {125.160.190.28:39313 false {39313 [127.0.0.1 192.168.1.15 172.17.0.1 192.168.60.199 ::1 2001:448a:2022:90f2:6641:2508:81d0:7ba8]}}
[2026-04-22T13:16:37-05:00] DEBUG [sudph]: Dialing public address: 125.160.190.28:39313
[2026-04-22T13:16:37-05:00] DEBUG [sudph]: Dialing 125.160.190.28:39313
[2026-04-22T13:16:37-05:00] DEBUG [sudph]: Dialed 125.160.190.28:39313
[2026-04-22T13:16:37-05:00] DEBUG [sudph]: Performing handshake with 125.160.190.28:39313
[2026-04-22T13:16:38-05:00] DEBUG ClientSession.DialStream [dmsgC]: Stream closed on failure. close_error=<nil> dst_addr=023d00ea6c2542ab046abe7cba30e95dd85f0772e07873ad44c54e177ee504dc6d:100 error="i/o deadline reached" ports_reserved=25 session=0326978f5a53aff537dbb47fed58b1f123af3b00132d365f1309a14db4168dcff7
[2026-04-22T13:16:38-05:00] DEBUG [dmsgC]: DialStream failed, trying next session error="i/o deadline reached" server=0326978f5a53aff537dbb47fed58b1f123af3b00132d365f1309a14db4168dcff7
[2026-04-22T13:16:38-05:00] DEBUG ClientSession.DialStream [dmsgC]: Stream closed on failure. close_error=<nil> dst_addr=023d00ea6c2542ab046abe7cba30e95dd85f0772e07873ad44c54e177ee504dc6d:100 error="context deadline exceeded" ports_reserved=25 session=0371ab4bcff7b121f4b91f6856d6740c6f9dc1fe716977850aeb5d84378b300a13
[2026-04-22T13:16:38-05:00] DEBUG [dmsgC]: DialStream failed via new session, trying next server error="context deadline exceeded" server=0371ab4bcff7b121f4b91f6856d6740c6f9dc1fe716977850aeb5d84378b300a13
[2026-04-22T13:16:39-05:00] DEBUG [dht]: PutValue failed error="dht: remote rejected put: dht: sequence number must increase" peer=03ce6a7b
[2026-04-22T13:16:40-05:00] DEBUG [dht]: PutValue failed error="dht: remote rejected put: dht: sequence number must increase" peer=0358ee2d
[2026-04-22T13:16:41-05:00] DEBUG [dht]: PutValue failed error="dht: remote rejected put: dht: sequence number must increase" peer=0334eb10
[2026-04-22T13:16:41-05:00] DEBUG ClientSession.DialStream [dmsgC]: Stream closed on failure. close_error=<nil> dst_addr=0371ab4bcff7b121f4b91f6856d6740c6f9dc1fe716977850aeb5d84378b300a13:100 error="i/o deadline reached" ports_reserved=26 session=0371ab4bcff7b121f4b91f6856d6740c6f9dc1fe716977850aeb5d84378b300a13
[2026-04-22T13:16:41-05:00] DEBUG [dht]: Bootstrap ping failed error="dht dmsg dial 0371ab4b: dmsg error 102 - entry is not of client in discovery" pk=0371ab4b
[2026-04-22T13:16:41-05:00] DEBUG [dht]: PutValue failed error="dht: remote rejected put: dht: sequence number must increase" peer=03797347
[2026-04-22T13:16:42-05:00] DEBUG [dht]: PutValue failed error="dht: remote rejected put: dht: sequence number must increase" peer=03abd117
[2026-04-22T13:16:42-05:00] DEBUG [dht]: PutValue failed error="dht: remote rejected put: dht: sequence number must increase" peer=0259e2df
[2026-04-22T13:16:43-05:00] DEBUG [dht]: PutValue failed error="dht: remote rejected put: dht: sequence number must increase" peer=02e8ecb5
[2026-04-22T13:16:44-05:00] DEBUG [dht]: PutValue failed error="dht dmsg dial 02864d02: dmsg error 100 - entry is not found in discovery: entry of public key is not found" peer=02864d02
[2026-04-22T13:16:44-05:00] DEBUG [dht]: PutValue failed error="dht: remote rejected put: dht: sequence number must increase" peer=0371f571
[2026-04-22T13:16:45-05:00] DEBUG [dht]: PutValue failed error="dht: remote rejected put: dht: sequence number must increase" peer=03b647bc
[2026-04-22T13:16:45-05:00] DEBUG [dht]: PutValue failed error="dht: remote rejected put: dht: sequence number must increase" peer=03b9ca7b
[2026-04-22T13:16:45-05:00] DEBUG [cli_rpc]: CLI RPC stats: active=0, total=2, errors=0, peak=1
[2026-04-22T13:16:46-05:00] DEBUG [dht]: PutValue failed error="dht: remote rejected put: dht: sequence number must increase" peer=0215593f
[2026-04-22T13:16:47-05:00] DEBUG [transport_manager]: Error dialing transport to 02115765cd328289ec3a9d6d3395eebcb43ea9ee849427fb382230c908692855c4 via sudph: mt.client.Dial: handshake failed: timeout

[2026-04-22T13:16:47-05:00] WARN [public_autoconnect]: Failed to add transport error="save transport: mt.client.Dial: handshake failed: timeout
" pk=02115765cd328289ec3a9d6d3395eebcb43ea9ee849427fb382230c908692855c4 type=sudph
[2026-04-22T13:16:47-05:00] DEBUG ClientSession.DialStream [dmsgC]: Stream closed on failure. close_error=<nil> dst_addr=0326978f5a53aff537dbb47fed58b1f123af3b00132d365f1309a14db4168dcff7:100 error="i/o deadline reached" ports_reserved=27 session=0326978f5a53aff537dbb47fed58b1f123af3b00132d365f1309a14db4168dcff7
[2026-04-22T13:16:47-05:00] DEBUG [dht]: Bootstrap ping failed error="dht dmsg dial 0326978f: dmsg error 102 - entry is not of client in discovery" pk=0326978f
[2026-04-22T13:16:47-05:00] DEBUG [dht]: Bootstrap ping failed error="dht dmsg dial 02a2d4c3: dmsg error 102 - entry is not of client in discovery" pk=02a2d4c3
[2026-04-22T13:16:47-05:00] DEBUG [public_autoconnect]: Trying to add transport pk=02ea98a2030761577c81455bc8072cac6c1bef3a3d59e32b448480b0f13fae0381 type=sudph
[2026-04-22T13:16:47-05:00] DEBUG [transport_manager]: Initializing TP with ID 515d5ca0-84a2-0d37-8bc5-692a94e2a315
[2026-04-22T13:16:47-05:00] DEBUG [transport_manager]: Dialing transport to 02ea98a2030761577c81455bc8072cac6c1bef3a3d59e32b448480b0f13fae0381 via sudph
[2026-04-22T13:16:47-05:00] DEBUG [dht]: Bootstrap ping failed error="dht dmsg dial 03717576: dmsg error 102 - entry is not of client in discovery" pk=03717576
[2026-04-22T13:16:47-05:00] INFO [dht]: DHT bootstrap succeeded peers=1
[2026-04-22T13:16:47-05:00] DEBUG [dht]: PutValue failed error="dht: remote rejected put: dht: sequence number must increase" peer=0336c02f
[2026-04-22T13:16:48-05:00] DEBUG [dht]: PutValue failed error="dht: remote rejected put: dht: sequence number must increase" peer=03b5a284
[2026-04-22T13:16:48-05:00] DEBUG [dht]: PutValue failed error="dht: remote rejected put: dht: sequence number must increase" peer=032a07b9
[2026-04-22T13:16:49-05:00] DEBUG [sudph]: Resolved PK 02ea98a2030761577c81455bc8072cac6c1bef3a3d59e32b448480b0f13fae0381 to visor data {202.65.236.91:43106 false {33928 [127.0.0.1 192.168.110.8 192.168.60.104 172.17.0.1 ::1]}}
[2026-04-22T13:16:49-05:00] DEBUG [sudph]: Dialing public address: 202.65.236.91:43106
[2026-04-22T13:16:49-05:00] DEBUG [sudph]: Dialing 202.65.236.91:43106
[2026-04-22T13:16:49-05:00] DEBUG [sudph]: Dialed 202.65.236.91:43106
[2026-04-22T13:16:49-05:00] DEBUG [sudph]: Performing handshake with 202.65.236.91:43106
[2026-04-22T13:16:49-05:00] DEBUG [dht]: PutValue failed error="dht: remote rejected put: dht: sequence number must increase" peer=025c9a88
[2026-04-22T13:16:50-05:00] DEBUG [dht]: PutValue failed error="dht: remote rejected put: dht: sequence number must increase" peer=035c27a3
[2026-04-22T13:16:50-05:00] DEBUG [dht]: PutValue failed error="dht: remote rejected put: dht: sequence number must increase" peer=02df744c
[2026-04-22T13:16:56-05:00] DEBUG ClientSession.DialStream [dmsgC]: Stream closed on failure. close_error=<nil> dst_addr=023d00ea6c2542ab046abe7cba30e95dd85f0772e07873ad44c54e177ee504dc6d:100 error="i/o deadline reached" ports_reserved=28 session=0371ab4bcff7b121f4b91f6856d6740c6f9dc1fe716977850aeb5d84378b300a13
[2026-04-22T13:16:56-05:00] DEBUG [dmsgC]: DialStream failed, trying next session error="i/o deadline reached" server=0371ab4bcff7b121f4b91f6856d6740c6f9dc1fe716977850aeb5d84378b300a13
[2026-04-22T13:16:57-05:00] DEBUG ClientSession.DialStream [dmsgC]: Stream closed on failure. close_error=<nil> dst_addr=03bb00c19fee296277da40338ff98ebb78ae615ab3af805aa2f54e0bee0b8a4b64:100 error="i/o deadline reached" ports_reserved=29 session=0371ab4bcff7b121f4b91f6856d6740c6f9dc1fe716977850aeb5d84378b300a13
[2026-04-22T13:16:57-05:00] DEBUG [dmsgC]: DialStream failed, trying next session error="i/o deadline reached" server=0371ab4bcff7b121f4b91f6856d6740c6f9dc1fe716977850aeb5d84378b300a13
[2026-04-22T13:16:59-05:00] DEBUG [transport_manager]: Error dialing transport to 02ea98a2030761577c81455bc8072cac6c1bef3a3d59e32b448480b0f13fae0381 via sudph: mt.client.Dial: handshake failed: timeout

[2026-04-22T13:16:59-05:00] WARN [public_autoconnect]: Failed to add transport error="save transport: mt.client.Dial: handshake failed: timeout
" pk=02ea98a2030761577c81455bc8072cac6c1bef3a3d59e32b448480b0f13fae0381 type=sudph
[2026-04-22T13:16:59-05:00] DEBUG [public_autoconnect]: Trying to add transport pk=035aff36439180108de31ecb84d41a90a20cde302db630c25cf5708aad57f5f3bd type=sudph
[2026-04-22T13:16:59-05:00] DEBUG [transport_manager]: Initializing TP with ID 22cfd481-acea-0eef-ba82-a69616aae9b2
[2026-04-22T13:16:59-05:00] DEBUG [transport_manager]: Dialing transport to 035aff36439180108de31ecb84d41a90a20cde302db630c25cf5708aad57f5f3bd via sudph
[2026-04-22T13:17:00-05:00] DEBUG [sudph]: Resolved PK 035aff36439180108de31ecb84d41a90a20cde302db630c25cf5708aad57f5f3bd to visor data {103.189.207.232:59563 false {59563 [127.0.0.1 192.168.18.67 172.17.0.1 192.168.60.28 ::1]}}
[2026-04-22T13:17:00-05:00] DEBUG [sudph]: Dialing public address: 103.189.207.232:59563
[2026-04-22T13:17:00-05:00] DEBUG [sudph]: Dialing 103.189.207.232:59563
[2026-04-22T13:17:00-05:00] DEBUG [sudph]: Dialed 103.189.207.232:59563
[2026-04-22T13:17:00-05:00] DEBUG [sudph]: Performing handshake with 103.189.207.232:59563
[2026-04-22T13:17:01-05:00] DEBUG ClientSession.DialStream [dmsgC]: Stream closed on failure. close_error=<nil> dst_addr=023d00ea6c2542ab046abe7cba30e95dd85f0772e07873ad44c54e177ee504dc6d:100 error="i/o deadline reached" ports_reserved=29 session=0326978f5a53aff537dbb47fed58b1f123af3b00132d365f1309a14db4168dcff7
[2026-04-22T13:17:01-05:00] DEBUG [dmsgC]: DialStream failed, trying next session error="i/o deadline reached" server=0326978f5a53aff537dbb47fed58b1f123af3b00132d365f1309a14db4168dcff7
[2026-04-22T13:17:01-05:00] DEBUG ClientSession.DialStream [dmsgC]: Stream closed on failure. close_error=<nil> dst_addr=023d00ea6c2542ab046abe7cba30e95dd85f0772e07873ad44c54e177ee504dc6d:100 error="context deadline exceeded" ports_reserved=29 session=0371ab4bcff7b121f4b91f6856d6740c6f9dc1fe716977850aeb5d84378b300a13
[2026-04-22T13:17:01-05:00] DEBUG [dmsgC]: DialStream failed via new session, trying next server error="context deadline exceeded" server=0371ab4bcff7b121f4b91f6856d6740c6f9dc1fe716977850aeb5d84378b300a13
[2026-04-22T13:17:01-05:00] DEBUG [dht]: PutValue failed error="dht dmsg dial 023d00ea: dmsg error 202 - cannot connect to delegated server" peer=023d00ea
[2026-04-22T13:17:02-05:00] DEBUG [dht]: PutValue failed error="dht: remote rejected put: dht: sequence number must increase" peer=0315597d
[2026-04-22T13:17:02-05:00] DEBUG ClientSession.DialStream [dmsgC]: Stream closed on failure. close_error=<nil> dst_addr=03bb00c19fee296277da40338ff98ebb78ae615ab3af805aa2f54e0bee0b8a4b64:100 error="i/o deadline reached" ports_reserved=29 session=0326978f5a53aff537dbb47fed58b1f123af3b00132d365f1309a14db4168dcff7
[2026-04-22T13:17:02-05:00] DEBUG [dmsgC]: DialStream failed, trying next session error="i/o deadline reached" server=0326978f5a53aff537dbb47fed58b1f123af3b00132d365f1309a14db4168dcff7
[2026-04-22T13:17:02-05:00] DEBUG ClientSession.DialStream [dmsgC]: Stream closed on failure. close_error=<nil> dst_addr=03bb00c19fee296277da40338ff98ebb78ae615ab3af805aa2f54e0bee0b8a4b64:100 error="context deadline exceeded" ports_reserved=29 session=0371ab4bcff7b121f4b91f6856d6740c6f9dc1fe716977850aeb5d84378b300a13
[2026-04-22T13:17:02-05:00] DEBUG [dmsgC]: DialStream failed via new session, trying next server error="context deadline exceeded" server=0371ab4bcff7b121f4b91f6856d6740c6f9dc1fe716977850aeb5d84378b300a13
[2026-04-22T13:17:06-05:00] DEBUG [stcpr]: Re-registering STCPR with address resolver
[2026-04-22T13:17:06-05:00] DEBUG httpClient.BindSTCPR [address_resolver]: Address resolver binding with: [192.168.1.118 70.121.13.123]
[2026-04-22T13:17:06-05:00] DEBUG [visor]: Saving transport to 0282213369836321323dfaa492564ceb8a9a5e7e8ff044c46c92949a787ec51fb0 via dmsg with label skycoin
[2026-04-22T13:17:06-05:00] DEBUG [transport_manager]: Initializing TP with ID 0c9ecea4-f8f8-0af5-8d92-8e0dca975f9f
[2026-04-22T13:17:06-05:00] DEBUG [transport_manager]: Using no-op discovery client for self-transport
[2026-04-22T13:17:06-05:00] DEBUG [transport_manager]: Dialing transport to 0282213369836321323dfaa492564ceb8a9a5e7e8ff044c46c92949a787ec51fb0 via dmsg
[2026-04-22T13:17:07-05:00] DEBUG [transport_manager]: recv transport request: type(dmsg) remote(0282213369836321323dfaa492564ceb8a9a5e7e8ff044c46c92949a787ec51fb0)
[2026-04-22T13:17:07-05:00] DEBUG [transport_manager]: No TP found, creating new one
[2026-04-22T13:17:07-05:00] DEBUG [transport_manager]: Using no-op discovery client for self-transport (accept)
[2026-04-22T13:17:07-05:00] DEBUG [tp:028221]: Skipping settlement handshake for self-connection (noop discovery client)
[2026-04-22T13:17:07-05:00] DEBUG [tp:028221]: Setting underlying transport...
[2026-04-22T13:17:07-05:00] DEBUG [tp:028221]: Sent signal to 'mt.transportCh'.
[2026-04-22T13:17:07-05:00] DEBUG [transport_manager]: accepted tp: type(dmsg) remote(0282213369836321323dfaa492564ceb8a9a5e7e8ff044c46c92949a787ec51fb0) tpID(0c9ecea4-f8f8-0af5-8d92-8e0dca975f9f) new(true)
[2026-04-22T13:17:07-05:00] DEBUG [tp:028221]: Serving. remote_pk=0282213369836321323dfaa492564ceb8a9a5e7e8ff044c46c92949a787ec51fb0 tp_id=0c9ecea4-f8f8-0af5-8d92-8e0dca975f9f tp_index=4
[2026-04-22T13:17:07-05:00] DEBUG [transport_manager]: Registration nudge received, debouncing...
[2026-04-22T13:17:07-05:00] DEBUG [tp:028221]: Skipping settlement handshake for self-connection (noop discovery client)
[2026-04-22T13:17:07-05:00] DEBUG [tp:028221]: Sent signal to 'mt.transportCh'.
[2026-04-22T13:17:07-05:00] DEBUG [transport_manager]: saved transport: remote(0282213369836321323dfaa492564ceb8a9a5e7e8ff044c46c92949a787ec51fb0) type(dmsg) tpID(0c9ecea4-f8f8-0af5-8d92-8e0dca975f9f)
[2026-04-22T13:17:07-05:00] DEBUG [visor]: Saved transport to 0282213369836321323dfaa492564ceb8a9a5e7e8ff044c46c92949a787ec51fb0 via dmsg, label skycoin
[2026-04-22T13:17:07-05:00] DEBUG [tp:028221]: Serving. remote_pk=0282213369836321323dfaa492564ceb8a9a5e7e8ff044c46c92949a787ec51fb0 tp_id=0c9ecea4-f8f8-0af5-8d92-8e0dca975f9f tp_index=5
[2026-04-22T13:17:07-05:00] DEBUG [transport_manager]: Deletion nudge received, debouncing...
[2026-04-22T13:17:07-05:00] DEBUG [transportable]: Visor transportability check passed
[2026-04-22T13:17:07-05:00] DEBUG [tp:028221]: Stopped log loop
[2026-04-22T13:17:07-05:00] WARN [tp:028221]: Failed to read packet, closing transport error="transport is no longer being served" src="read_loop"
[2026-04-22T13:17:07-05:00] DEBUG [tp:028221]: Stopped serving. remaining_tps=4 remote_pk=0282213369836321323dfaa492564ceb8a9a5e7e8ff044c46c92949a787ec51fb0 tp_id=0c9ecea4-f8f8-0af5-8d92-8e0dca975f9f tp_index=5
[2026-04-22T13:17:07-05:00] DEBUG [stcpr]: Successfully re-registered STCPR
[2026-04-22T13:17:07-05:00] DEBUG readPacket [tp:028221]: Failed to read packet header. error=EOF
[2026-04-22T13:17:07-05:00] DEBUG [tp:028221]: Transport closed, stopping read loop error=EOF src="read_loop"
[2026-04-22T13:17:07-05:00] DEBUG [tp:028221]: Stopped log loop
[2026-04-22T13:17:07-05:00] DEBUG [tp:028221]: Stopped serving. remaining_tps=3 remote_pk=0282213369836321323dfaa492564ceb8a9a5e7e8ff044c46c92949a787ec51fb0 tp_id=0c9ecea4-f8f8-0af5-8d92-8e0dca975f9f tp_index=4
[2026-04-22T13:17:08-05:00] DEBUG ClientSession.DialStream [dmsgC]: Stream closed on failure. close_error=<nil> dst_addr=024635f39c281e7b8a92d732064d93a7877dd68653263c3c955ed733078c73c181:100 error="i/o deadline reached" ports_reserved=30 session=0371ab4bcff7b121f4b91f6856d6740c6f9dc1fe716977850aeb5d84378b300a13
[2026-04-22T13:17:08-05:00] DEBUG [dmsgC]: DialStream failed, trying next session error="i/o deadline reached" server=0371ab4bcff7b121f4b91f6856d6740c6f9dc1fe716977850aeb5d84378b300a13
[2026-04-22T13:17:10-05:00] DEBUG ClientSession.DialStream [dmsgC]: Stream closed on failure. close_error=<nil> dst_addr=0246834bf9cf11972cdd17bc0389076ab2d1c405f95437ef95e7d5ee860229ea8b:100 error="i/o deadline reached" ports_reserved=31 session=02a49bc0aa1b5b78f638e9189be4ed095bac5d6839c828465a8350f80ac07629c0
[2026-04-22T13:17:10-05:00] DEBUG [dmsgC]: DialStream failed, trying next session error="i/o deadline reached" server=02a49bc0aa1b5b78f638e9189be4ed095bac5d6839c828465a8350f80ac07629c0
[2026-04-22T13:17:10-05:00] DEBUG [transport_manager]: Error dialing transport to 035aff36439180108de31ecb84d41a90a20cde302db630c25cf5708aad57f5f3bd via sudph: mt.client.Dial: handshake failed: timeout

[2026-04-22T13:17:10-05:00] WARN [public_autoconnect]: Failed to add transport error="save transport: mt.client.Dial: handshake failed: timeout
" pk=035aff36439180108de31ecb84d41a90a20cde302db630c25cf5708aad57f5f3bd type=sudph
[2026-04-22T13:17:10-05:00] DEBUG [public_autoconnect]: Trying to add transport pk=039439186e7e355029e237e922f0198857dd1aa4ba61ae65856f7cd2f141af010a type=sudph
[2026-04-22T13:17:10-05:00] DEBUG [transport_manager]: Initializing TP with ID 566a7548-78c8-0c07-9a39-10eee0f079f9
[2026-04-22T13:17:10-05:00] DEBUG [transport_manager]: Dialing transport to 039439186e7e355029e237e922f0198857dd1aa4ba61ae65856f7cd2f141af010a via sudph
[2026-04-22T13:17:11-05:00] DEBUG [sudph]: Resolved PK 039439186e7e355029e237e922f0198857dd1aa4ba61ae65856f7cd2f141af010a to visor data {88.146.116.113:53516 false {53516 [127.0.0.1 192.168.88.107 ::1]}}
[2026-04-22T13:17:11-05:00] DEBUG [sudph]: Dialing public address: 88.146.116.113:53516
[2026-04-22T13:17:11-05:00] DEBUG [sudph]: Dialing 88.146.116.113:53516
[2026-04-22T13:17:11-05:00] DEBUG [sudph]: Dialed 88.146.116.113:53516
[2026-04-22T13:17:11-05:00] DEBUG [sudph]: Performing handshake with 88.146.116.113:53516
[2026-04-22T13:17:12-05:00] DEBUG [transport_manager]: Batch deleting 2 transports from TPD
[2026-04-22T13:17:13-05:00] DEBUG ClientSession.DialStream [dmsgC]: Stream closed on failure. close_error=<nil> dst_addr=024635f39c281e7b8a92d732064d93a7877dd68653263c3c955ed733078c73c181:100 error="i/o deadline reached" ports_reserved=31 session=0326978f5a53aff537dbb47fed58b1f123af3b00132d365f1309a14db4168dcff7
[2026-04-22T13:17:13-05:00] DEBUG [dmsgC]: DialStream failed, trying next session error="i/o deadline reached" server=0326978f5a53aff537dbb47fed58b1f123af3b00132d365f1309a14db4168dcff7
[2026-04-22T13:17:13-05:00] DEBUG ClientSession.DialStream [dmsgC]: Stream closed on failure. close_error=<nil> dst_addr=024635f39c281e7b8a92d732064d93a7877dd68653263c3c955ed733078c73c181:100 error="context deadline exceeded" ports_reserved=31 session=0371ab4bcff7b121f4b91f6856d6740c6f9dc1fe716977850aeb5d84378b300a13
[2026-04-22T13:17:13-05:00] DEBUG [dmsgC]: DialStream failed via new session, trying next server error="context deadline exceeded" server=0371ab4bcff7b121f4b91f6856d6740c6f9dc1fe716977850aeb5d84378b300a13
[2026-04-22T13:17:13-05:00] DEBUG [transport_manager]: Batch deleted 0/2 transports from TPD
[2026-04-22T13:17:15-05:00] DEBUG ClientSession.DialStream [dmsgC]: Stream closed on failure. close_error=<nil> dst_addr=0246834bf9cf11972cdd17bc0389076ab2d1c405f95437ef95e7d5ee860229ea8b:100 error="i/o deadline reached" ports_reserved=30 session=0371ab4bcff7b121f4b91f6856d6740c6f9dc1fe716977850aeb5d84378b300a13
[2026-04-22T13:17:15-05:00] DEBUG [dmsgC]: DialStream failed, trying next session error="i/o deadline reached" server=0371ab4bcff7b121f4b91f6856d6740c6f9dc1fe716977850aeb5d84378b300a13
[2026-04-22T13:17:15-05:00] DEBUG ClientSession.DialStream [dmsgC]: Stream closed on failure. close_error=<nil> dst_addr=0246834bf9cf11972cdd17bc0389076ab2d1c405f95437ef95e7d5ee860229ea8b:100 error="context deadline exceeded" ports_reserved=30 session=02a49bc0aa1b5b78f638e9189be4ed095bac5d6839c828465a8350f80ac07629c0
[2026-04-22T13:17:15-05:00] DEBUG [dmsgC]: DialStream failed via new session, trying next server error="context deadline exceeded" server=02a49bc0aa1b5b78f638e9189be4ed095bac5d6839c828465a8350f80ac07629c0
[2026-04-22T13:17:16-05:00] DEBUG [cli_rpc]: CLI RPC stats: active=0, total=2, errors=0, peak=1
[2026-04-22T13:17:16-05:00] WARN [router]: closing conn from untrusted setup node: <nil>
[2026-04-22T13:17:17-05:00] WARN [self_probe]: Self-probe FAILED: dmsg listener unreachable (persistent) consecutive_failures=6 cooldown_remaining=1m0s port=80
[2026-04-22T13:17:18-05:00] DEBUG [dht]: PutValue failed error="dht: remote rejected put: dht: sequence number must increase" peer=02f10e04
[2026-04-22T13:17:19-05:00] DEBUG [dht]: PutValue failed error="dht: remote rejected put: dht: sequence number must increase" peer=032f1e09
[2026-04-22T13:17:20-05:00] DEBUG [dht]: PutValue failed error="dht: remote rejected put: dht: sequence number must increase" peer=0207abc2
[2026-04-22T13:17:20-05:00] DEBUG [dht]: PutValue failed error="dht: remote rejected put: dht: sequence number must increase" peer=03415ebc
[2026-04-22T13:17:21-05:00] DEBUG [transport_manager]: Error dialing transport to 039439186e7e355029e237e922f0198857dd1aa4ba61ae65856f7cd2f141af010a via sudph: mt.client.Dial: handshake failed: timeout

[2026-04-22T13:17:21-05:00] WARN [public_autoconnect]: Failed to add transport error="save transport: mt.client.Dial: handshake failed: timeout
" pk=039439186e7e355029e237e922f0198857dd1aa4ba61ae65856f7cd2f141af010a type=sudph
[2026-04-22T13:17:22-05:00] DEBUG [dht]: PutValue failed error="dht: remote rejected put: dht: sequence number must increase" peer=03021f2f
[2026-04-22T13:17:22-05:00] DEBUG [dht]: PutValue failed error="dht dmsg dial 0281a102: dmsg error 102 - entry is not of client in discovery" peer=0281a102
[2026-04-22T13:17:23-05:00] DEBUG [dht]: PutValue failed error="dht: remote rejected put: dht: sequence number must increase" peer=0324d126
[2026-04-22T13:17:23-05:00] DEBUG [dmsgC]: Updating entry.
 entry=	version: 0.0.1
	sequence: 5
	registered at: 1776881782825340688
	static public key: 0282213369836321323dfaa492564ceb8a9a5e7e8ff044c46c92949a787ec51fb0
	signature: 4143d0deb71c3a4f9840b945634755231c782eb4bb9e32fe34b053d340c7513d7f4795fd157f6690d0546245067e79b98acdda3933c50afff63ebaa72beb5a2100
	entry is registered as client. Related info: 
		delegated servers: 
			0371ab4bcff7b121f4b91f6856d6740c6f9dc1fe716977850aeb5d84378b300a13
			02a49bc0aa1b5b78f638e9189be4ed095bac5d6839c828465a8350f80ac07629c0
			0326978f5a53aff537dbb47fed58b1f123af3b00132d365f1309a14db4168dcff7


[2026-04-22T13:17:26-05:00] DEBUG ClientSession.DialStream [dmsgC]: Stream closed on failure. close_error=<nil> dst_addr=02a4703d00508f93f9c0416ff860cd67fa0c141755cafabdca79f1e83dbc0c687a:136 error="i/o deadline reached" ports_reserved=31 session=0326978f5a53aff537dbb47fed58b1f123af3b00132d365f1309a14db4168dcff7
[2026-04-22T13:17:26-05:00] DEBUG [dmsgC]: DialStream failed, trying next session error="i/o deadline reached" server=0326978f5a53aff537dbb47fed58b1f123af3b00132d365f1309a14db4168dcff7
[2026-04-22T13:17:26-05:00] DEBUG ClientSession.DialStream [dmsgC]: Stream closed on failure. close_error=<nil> dst_addr=02a4703d00508f93f9c0416ff860cd67fa0c141755cafabdca79f1e83dbc0c687a:136 error="context deadline exceeded" ports_reserved=31 session=0326978f5a53aff537dbb47fed58b1f123af3b00132d365f1309a14db4168dcff7
[2026-04-22T13:17:26-05:00] DEBUG [dmsgC]: DialStream failed via new session, trying next server error="context deadline exceeded" server=0326978f5a53aff537dbb47fed58b1f123af3b00132d365f1309a14db4168dcff7
[2026-04-22T13:17:26-05:00] DEBUG ClientSession.DialStream [dmsgC]: Stream closed on failure. close_error=<nil> dst_addr=02a4703d00508f93f9c0416ff860cd67fa0c141755cafabdca79f1e83dbc0c687a:136 error="context deadline exceeded" ports_reserved=31 session=0371ab4bcff7b121f4b91f6856d6740c6f9dc1fe716977850aeb5d84378b300a13
[2026-04-22T13:17:26-05:00] DEBUG [dmsgC]: DialStream failed via new session, trying next server error="context deadline exceeded" server=0371ab4bcff7b121f4b91f6856d6740c6f9dc1fe716977850aeb5d84378b300a13
[2026-04-22T13:17:26-05:00] DEBUG [public_autoconnect]: Skipping visor: dmsg probe failed (unreachable) pk=02a4703d00508f93f9c0416ff860cd67fa0c141755cafabdca79f1e83dbc0c687a type=sudph
[2026-04-22T13:17:27-05:00] DEBUG [public_autoconnect]: Trying to add transport pk=020f66a62bfca204e055c515f3cefcc9f207d785df76d868ff0fda9a18a3665901 type=sudph
[2026-04-22T13:17:27-05:00] DEBUG [transport_manager]: Initializing TP with ID 12ade5fc-88a0-04cf-a4af-e354b49e1481
[2026-04-22T13:17:27-05:00] DEBUG [transport_manager]: Dialing transport to 020f66a62bfca204e055c515f3cefcc9f207d785df76d868ff0fda9a18a3665901 via sudph
[2026-04-22T13:17:28-05:00] DEBUG ClientSession.DialStream [dmsgC]: Stream closed on failure. close_error=<nil> dst_addr=0246834bf9cf11972cdd17bc0389076ab2d1c405f95437ef95e7d5ee860229ea8b:100 error="i/o deadline reached" ports_reserved=31 session=02a49bc0aa1b5b78f638e9189be4ed095bac5d6839c828465a8350f80ac07629c0
[2026-04-22T13:17:28-05:00] DEBUG [dmsgC]: DialStream failed, trying next session error="i/o deadline reached" server=02a49bc0aa1b5b78f638e9189be4ed095bac5d6839c828465a8350f80ac07629c0
[2026-04-22T13:17:28-05:00] DEBUG [sudph]: Resolved PK 020f66a62bfca204e055c515f3cefcc9f207d785df76d868ff0fda9a18a3665901 to visor data {103.167.4.142:48067 false {48067 [127.0.0.1 192.168.7.237 ::1]}}
[2026-04-22T13:17:28-05:00] DEBUG [sudph]: Dialing public address: 103.167.4.142:48067
[2026-04-22T13:17:28-05:00] DEBUG [sudph]: Dialing 103.167.4.142:48067
[2026-04-22T13:17:28-05:00] DEBUG [sudph]: Dialed 103.167.4.142:48067
[2026-04-22T13:17:28-05:00] DEBUG [sudph]: Performing handshake with 103.167.4.142:48067
[2026-04-22T13:17:33-05:00] DEBUG ClientSession.DialStream [dmsgC]: Stream closed on failure. close_error=<nil> dst_addr=0246834bf9cf11972cdd17bc0389076ab2d1c405f95437ef95e7d5ee860229ea8b:100 error="i/o deadline reached" ports_reserved=31 session=0371ab4bcff7b121f4b91f6856d6740c6f9dc1fe716977850aeb5d84378b300a13
[2026-04-22T13:17:33-05:00] DEBUG [dmsgC]: DialStream failed, trying next session error="i/o deadline reached" server=0371ab4bcff7b121f4b91f6856d6740c6f9dc1fe716977850aeb5d84378b300a13
[2026-04-22T13:17:33-05:00] DEBUG ClientSession.DialStream [dmsgC]: Stream closed on failure. close_error=<nil> dst_addr=0246834bf9cf11972cdd17bc0389076ab2d1c405f95437ef95e7d5ee860229ea8b:100 error="context deadline exceeded" ports_reserved=31 session=02a49bc0aa1b5b78f638e9189be4ed095bac5d6839c828465a8350f80ac07629c0
[2026-04-22T13:17:33-05:00] DEBUG [dmsgC]: DialStream failed via new session, trying next server error="context deadline exceeded" server=02a49bc0aa1b5b78f638e9189be4ed095bac5d6839c828465a8350f80ac07629c0
[2026-04-22T13:17:33-05:00] DEBUG [dht]: PutValue failed error="dht dmsg dial 0246834b: dmsg error 202 - cannot connect to delegated server" peer=0246834b
[2026-04-22T13:17:33-05:00] DEBUG [dht]: PutValue failed error="dht: remote rejected put: dht: sequence number must increase" peer=03cf0b00
[2026-04-22T13:17:34-05:00] DEBUG [dht]: PutValue failed error="dht: remote rejected put: dht: sequence number must increase" peer=0280df7c
[2026-04-22T13:17:34-05:00] DEBUG [dht]: PutValue failed error="dht: remote rejected put: dht: sequence number must increase" peer=02bc5f24
[2026-04-22T13:17:34-05:00] DEBUG [dht]: PutValue failed error="dht: remote rejected put: dht: sequence number must increase" peer=02986fcf
[2026-04-22T13:17:35-05:00] DEBUG [dht]: PutValue failed error="dht: remote rejected put: dht: sequence number must increase" peer=031b5196
[2026-04-22T13:17:35-05:00] DEBUG [dht]: PutValue failed error="dht: remote rejected put: dht: sequence number must increase" peer=022d2909
[2026-04-22T13:17:36-05:00] DEBUG [dht]: PutValue failed error="dht: remote rejected put: dht: sequence number must increase" peer=02d40845
[2026-04-22T13:17:36-05:00] DEBUG [dht]: PutValue failed error="dht: remote rejected put: dht: sequence number must increase" peer=036df68c
[2026-04-22T13:17:36-05:00] DEBUG [dht]: PutValue failed error="dht: remote rejected put: dht: sequence number must increase" peer=02379bac
[2026-04-22T13:17:37-05:00] DEBUG [dht]: PutValue failed error="dht dmsg dial 02a2d4c3: dmsg error 102 - entry is not of client in discovery" peer=02a2d4c3
[2026-04-22T13:17:37-05:00] DEBUG [dht]: PutValue failed error="dht: remote rejected put: dht: sequence number must increase" peer=02d5c4e5
[2026-04-22T13:17:38-05:00] DEBUG [transport_manager]: Error dialing transport to 020f66a62bfca204e055c515f3cefcc9f207d785df76d868ff0fda9a18a3665901 via sudph: mt.client.Dial: handshake failed: timeout

[2026-04-22T13:17:38-05:00] WARN [public_autoconnect]: Failed to add transport error="save transport: mt.client.Dial: handshake failed: timeout
" pk=020f66a62bfca204e055c515f3cefcc9f207d785df76d868ff0fda9a18a3665901 type=sudph
[2026-04-22T13:17:38-05:00] DEBUG [public_autoconnect]: Skipping visor: dmsg probe failed (unreachable) pk=02864d02a205708990db700c65cdaead2a9dac6d499bf02b40dba13a51dc0e5a9d type=sudph
[2026-04-22T13:17:39-05:00] DEBUG [public_autoconnect]: Trying to add transport pk=020b5b6ba5422d38e466009ccf78853bc4028e9a0bcbcdfa13d8ea3da61bd23c47 type=sudph
[2026-04-22T13:17:39-05:00] DEBUG [transport_manager]: Initializing TP with ID 0238757e-f2fe-051d-ac80-41bb4172a082
[2026-04-22T13:17:39-05:00] DEBUG [transport_manager]: Dialing transport to 020b5b6ba5422d38e466009ccf78853bc4028e9a0bcbcdfa13d8ea3da61bd23c47 via sudph
[2026-04-22T13:17:40-05:00] DEBUG [sudph]: Resolved PK 020b5b6ba5422d38e466009ccf78853bc4028e9a0bcbcdfa13d8ea3da61bd23c47 to visor data {104.136.22.124:55360 false {55360 [127.0.0.1 192.168.0.3 ::1]}}
[2026-04-22T13:17:40-05:00] DEBUG [sudph]: Dialing public address: 104.136.22.124:55360
[2026-04-22T13:17:40-05:00] DEBUG [sudph]: Dialing 104.136.22.124:55360
[2026-04-22T13:17:40-05:00] DEBUG [sudph]: Dialed 104.136.22.124:55360
[2026-04-22T13:17:40-05:00] DEBUG [sudph]: Performing handshake with 104.136.22.124:55360
[2026-04-22T13:17:43-05:00] DEBUG ClientSession.DialStream [dmsgC]: Stream closed on failure. close_error=<nil> dst_addr=0334eb10c1c55c25637083c0dca63a56108b04ddc6da6bde879b665367e17967b6:100 error="i/o deadline reached" ports_reserved=32 session=02a49bc0aa1b5b78f638e9189be4ed095bac5d6839c828465a8350f80ac07629c0
[2026-04-22T13:17:43-05:00] DEBUG [dmsgC]: DialStream failed via cached route, evicting error="i/o deadline reached" server=02a49bc0aa1b5b78f638e9189be4ed095bac5d6839c828465a8350f80ac07629c0
[2026-04-22T13:17:45-05:00] DEBUG [cli_rpc]: CLI RPC stats: active=0, total=2, errors=0, peak=1
[2026-04-22T13:17:48-05:00] DEBUG ClientSession.DialStream [dmsgC]: Stream closed on failure. close_error=<nil> dst_addr=0334eb10c1c55c25637083c0dca63a56108b04ddc6da6bde879b665367e17967b6:100 error="i/o deadline reached" ports_reserved=32 session=0371ab4bcff7b121f4b91f6856d6740c6f9dc1fe716977850aeb5d84378b300a13
[2026-04-22T13:17:48-05:00] DEBUG [dmsgC]: DialStream failed, trying next session error="i/o deadline reached" server=0371ab4bcff7b121f4b91f6856d6740c6f9dc1fe716977850aeb5d84378b300a13
[2026-04-22T13:17:48-05:00] DEBUG ClientSession.DialStream [dmsgC]: Stream closed on failure. close_error=<nil> dst_addr=0334eb10c1c55c25637083c0dca63a56108b04ddc6da6bde879b665367e17967b6:100 error="context deadline exceeded" ports_reserved=32 session=0371ab4bcff7b121f4b91f6856d6740c6f9dc1fe716977850aeb5d84378b300a13
[2026-04-22T13:17:48-05:00] DEBUG [dmsgC]: DialStream failed via new session, trying next server error="context deadline exceeded" server=0371ab4bcff7b121f4b91f6856d6740c6f9dc1fe716977850aeb5d84378b300a13
[2026-04-22T13:17:50-05:00] DEBUG [transport_manager]: Error dialing transport to 020b5b6ba5422d38e466009ccf78853bc4028e9a0bcbcdfa13d8ea3da61bd23c47 via sudph: mt.client.Dial: handshake failed: timeout

[2026-04-22T13:17:50-05:00] WARN [public_autoconnect]: Failed to add transport error="save transport: mt.client.Dial: handshake failed: timeout
" pk=020b5b6ba5422d38e466009ccf78853bc4028e9a0bcbcdfa13d8ea3da61bd23c47 type=sudph
[2026-04-22T13:17:51-05:00] DEBUG [public_autoconnect]: Trying to add transport pk=0312761f684fafd2dc2ece3d70805239d9773bc305b4d6d2b0e02d968e6a863330 type=sudph
[2026-04-22T13:17:51-05:00] DEBUG [transport_manager]: Initializing TP with ID 15e09c55-413d-0eca-955f-c86943a60bdd
[2026-04-22T13:17:51-05:00] DEBUG [transport_manager]: Dialing transport to 0312761f684fafd2dc2ece3d70805239d9773bc305b4d6d2b0e02d968e6a863330 via sudph
[2026-04-22T13:17:52-05:00] DEBUG [sudph]: Resolved PK 0312761f684fafd2dc2ece3d70805239d9773bc305b4d6d2b0e02d968e6a863330 to visor data {103.167.4.142:43595 false {43595 [127.0.0.1 192.168.7.236 ::1]}}
[2026-04-22T13:17:52-05:00] DEBUG [sudph]: Dialing public address: 103.167.4.142:43595
[2026-04-22T13:17:52-05:00] DEBUG [sudph]: Dialing 103.167.4.142:43595
[2026-04-22T13:17:52-05:00] DEBUG [sudph]: Dialed 103.167.4.142:43595
[2026-04-22T13:17:52-05:00] DEBUG [sudph]: Performing handshake with 103.167.4.142:43595
[2026-04-22T13:17:57-05:00] DEBUG ClientSession.DialStream [dmsgC]: Stream closed on failure. close_error=<nil> dst_addr=0215593fad3817adea95dfcedac271ba0050297bd48740bc8566bbcecfe65c3dce:100 error="i/o deadline reached" ports_reserved=33 session=0326978f5a53aff537dbb47fed58b1f123af3b00132d365f1309a14db4168dcff7
[2026-04-22T13:17:57-05:00] DEBUG [dmsgC]: DialStream failed via cached route, evicting error="i/o deadline reached" server=0326978f5a53aff537dbb47fed58b1f123af3b00132d365f1309a14db4168dcff7
[2026-04-22T13:18:02-05:00] DEBUG [transport_manager]: Error dialing transport to 0312761f684fafd2dc2ece3d70805239d9773bc305b4d6d2b0e02d968e6a863330 via sudph: mt.client.Dial: handshake failed: timeout

[2026-04-22T13:18:02-05:00] WARN [public_autoconnect]: Failed to add transport error="save transport: mt.client.Dial: handshake failed: timeout
" pk=0312761f684fafd2dc2ece3d70805239d9773bc305b4d6d2b0e02d968e6a863330 type=sudph
[2026-04-22T13:18:02-05:00] DEBUG ClientSession.DialStream [dmsgC]: Stream closed on failure. close_error=<nil> dst_addr=0336c02fb94f1fac308bf9a374d36b744bf3ba50378f486d17cac3168aed46b9cd:100 error="i/o deadline reached" ports_reserved=34 session=0326978f5a53aff537dbb47fed58b1f123af3b00132d365f1309a14db4168dcff7
[2026-04-22T13:18:02-05:00] DEBUG [dmsgC]: DialStream failed via cached route, evicting error="i/o deadline reached" server=0326978f5a53aff537dbb47fed58b1f123af3b00132d365f1309a14db4168dcff7
[2026-04-22T13:18:03-05:00] DEBUG [public_autoconnect]: Trying to add transport pk=029b5159ea31d1cec3bd3fa1ad9b5e07f83dab0c631624a45fbd6531093c5b02c4 type=sudph
[2026-04-22T13:18:03-05:00] DEBUG [transport_manager]: Initializing TP with ID 40011f75-db21-0714-bbf8-191ab2488210
[2026-04-22T13:18:03-05:00] DEBUG [transport_manager]: Dialing transport to 029b5159ea31d1cec3bd3fa1ad9b5e07f83dab0c631624a45fbd6531093c5b02c4 via sudph
[2026-04-22T13:18:04-05:00] DEBUG [sudph]: Resolved PK 029b5159ea31d1cec3bd3fa1ad9b5e07f83dab0c631624a45fbd6531093c5b02c4 to visor data {39.194.2.105:4399 false {57181 [127.0.0.1 192.168.2.104 172.17.0.1 192.168.60.120 ::1]}}
[2026-04-22T13:18:04-05:00] DEBUG [sudph]: Dialing public address: 39.194.2.105:4399
[2026-04-22T13:18:04-05:00] DEBUG [sudph]: Dialing 39.194.2.105:4399
[2026-04-22T13:18:04-05:00] DEBUG [sudph]: Dialed 39.194.2.105:4399
[2026-04-22T13:18:04-05:00] DEBUG [sudph]: Performing handshake with 39.194.2.105:4399
[2026-04-22T13:18:07-05:00] DEBUG [dht]: PutValue failed error="dht: remote rejected put: dht: sequence number must increase" peer=03ce6a7b
[2026-04-22T13:18:08-05:00] DEBUG [dht]: PutValue failed error="dht: remote rejected put: dht: sequence number must increase" peer=0358ee2d
[2026-04-22T13:18:13-05:00] DEBUG ClientSession.DialStream [dmsgC]: Stream closed on failure. close_error=<nil> dst_addr=0334eb10c1c55c25637083c0dca63a56108b04ddc6da6bde879b665367e17967b6:100 error="i/o deadline reached" ports_reserved=35 session=0371ab4bcff7b121f4b91f6856d6740c6f9dc1fe716977850aeb5d84378b300a13
[2026-04-22T13:18:13-05:00] DEBUG [dmsgC]: DialStream failed, trying next session error="i/o deadline reached" server=0371ab4bcff7b121f4b91f6856d6740c6f9dc1fe716977850aeb5d84378b300a13
[2026-04-22T13:18:14-05:00] DEBUG [transport_manager]: Error dialing transport to 029b5159ea31d1cec3bd3fa1ad9b5e07f83dab0c631624a45fbd6531093c5b02c4 via sudph: mt.client.Dial: handshake failed: timeout

[2026-04-22T13:18:14-05:00] WARN [public_autoconnect]: Failed to add transport error="save transport: mt.client.Dial: handshake failed: timeout
" pk=029b5159ea31d1cec3bd3fa1ad9b5e07f83dab0c631624a45fbd6531093c5b02c4 type=sudph
[2026-04-22T13:18:14-05:00] DEBUG [public_autoconnect]: Skipping visor: dmsg probe failed (unreachable) pk=02da9031d2713b54d13e2d3615bf6356a314a3e74a0b6e8b872c321bd3c8b3c779 type=sudph
[2026-04-22T13:18:16-05:00] DEBUG [cli_rpc]: CLI RPC stats: active=0, total=2, errors=0, peak=1
[2026-04-22T13:18:16-05:00] WARN [router]: closing conn from untrusted setup node: <nil>
[2026-04-22T13:18:16-05:00] DEBUG [public_autoconnect]: Trying to add transport pk=0398853f181ea1ac75e1696a0b695584fe37e14bc0b4de2d3c9d6176e4982e2eb4 type=sudph
[2026-04-22T13:18:16-05:00] DEBUG [transport_manager]: Initializing TP with ID 485c9e73-267d-0ff9-bfca-c6b2cfe8271b
[2026-04-22T13:18:16-05:00] DEBUG [transport_manager]: Dialing transport to 0398853f181ea1ac75e1696a0b695584fe37e14bc0b4de2d3c9d6176e4982e2eb4 via sudph
[2026-04-22T13:18:17-05:00] WARN [self_probe]: Self-probe FAILED: dmsg listener unreachable (persistent) consecutive_failures=7 cooldown_remaining=0s port=80
[2026-04-22T13:18:17-05:00] DEBUG [sudph]: Resolved PK 0398853f181ea1ac75e1696a0b695584fe37e14bc0b4de2d3c9d6176e4982e2eb4 to visor data {114.10.74.34:6889 false {60119 [127.0.0.1 192.168.4.109 172.17.0.1 192.168.60.91 ::1]}}
[2026-04-22T13:18:17-05:00] DEBUG [sudph]: Dialing public address: 114.10.74.34:6889
[2026-04-22T13:18:17-05:00] DEBUG [sudph]: Dialing 114.10.74.34:6889
[2026-04-22T13:18:17-05:00] DEBUG [sudph]: Dialed 114.10.74.34:6889
[2026-04-22T13:18:17-05:00] DEBUG [sudph]: Performing handshake with 114.10.74.34:6889
[2026-04-22T13:18:18-05:00] DEBUG ClientSession.DialStream [dmsgC]: Stream closed on failure. close_error=<nil> dst_addr=0334eb10c1c55c25637083c0dca63a56108b04ddc6da6bde879b665367e17967b6:100 error="i/o deadline reached" ports_reserved=35 session=0326978f5a53aff537dbb47fed58b1f123af3b00132d365f1309a14db4168dcff7
[2026-04-22T13:18:18-05:00] DEBUG [dmsgC]: DialStream failed, trying next session error="i/o deadline reached" server=0326978f5a53aff537dbb47fed58b1f123af3b00132d365f1309a14db4168dcff7
[2026-04-22T13:18:18-05:00] DEBUG ClientSession.DialStream [dmsgC]: Stream closed on failure. close_error=<nil> dst_addr=0334eb10c1c55c25637083c0dca63a56108b04ddc6da6bde879b665367e17967b6:100 error="context deadline exceeded" ports_reserved=35 session=0371ab4bcff7b121f4b91f6856d6740c6f9dc1fe716977850aeb5d84378b300a13
[2026-04-22T13:18:18-05:00] DEBUG [dmsgC]: DialStream failed via new session, trying next server error="context deadline exceeded" server=0371ab4bcff7b121f4b91f6856d6740c6f9dc1fe716977850aeb5d84378b300a13
[2026-04-22T13:18:18-05:00] DEBUG [dht]: PutValue failed error="dht dmsg dial 0334eb10: dmsg error 202 - cannot connect to delegated server" peer=0334eb10
[2026-04-22T13:18:19-05:00] DEBUG [dht]: PutValue failed error="dht: remote rejected put: dht: sequence number must increase" peer=03797347
[2026-04-22T13:18:20-05:00] DEBUG [dht]: PutValue failed error="dht: remote rejected put: dht: sequence number must increase" peer=03abd117
[2026-04-22T13:18:21-05:00] DEBUG [dht]: PutValue failed error="dht: remote rejected put: dht: sequence number must increase" peer=0259e2df
[2026-04-22T13:18:23-05:00] DEBUG [dmsgC]: Updating entry.
 entry=	version: 0.0.1
	sequence: 6
	registered at: 1776881843375123095
	static public key: 0282213369836321323dfaa492564ceb8a9a5e7e8ff044c46c92949a787ec51fb0
	signature: 9f544746ddaa13645c6cf52d60473fd4c79f6d1105d6cc678420b964439620d44bbbe3e6771eb699fc35f831bf9846e47d39cc5643a8980b662a5eda05efb57f01
	entry is registered as client. Related info: 
		delegated servers: 
			02a49bc0aa1b5b78f638e9189be4ed095bac5d6839c828465a8350f80ac07629c0
			0326978f5a53aff537dbb47fed58b1f123af3b00132d365f1309a14db4168dcff7
			0371ab4bcff7b121f4b91f6856d6740c6f9dc1fe716977850aeb5d84378b300a13


[2026-04-22T13:18:27-05:00] DEBUG ClientSession.DialStream [dmsgC]: Stream closed on failure. close_error=<nil> dst_addr=02e8ecb5c32a510f32967be997eeaab549e45a5c0d01ca49061f7c1b8e707a01e6:100 error="i/o deadline reached" ports_reserved=36 session=02a49bc0aa1b5b78f638e9189be4ed095bac5d6839c828465a8350f80ac07629c0
[2026-04-22T13:18:27-05:00] DEBUG [dmsgC]: DialStream failed via cached route, evicting error="i/o deadline reached" server=02a49bc0aa1b5b78f638e9189be4ed095bac5d6839c828465a8350f80ac07629c0
[2026-04-22T13:18:27-05:00] DEBUG [transport_manager]: Error dialing transport to 0398853f181ea1ac75e1696a0b695584fe37e14bc0b4de2d3c9d6176e4982e2eb4 via sudph: mt.client.Dial: handshake failed: timeout

[2026-04-22T13:18:27-05:00] WARN [public_autoconnect]: Failed to add transport error="save transport: mt.client.Dial: handshake failed: timeout
" pk=0398853f181ea1ac75e1696a0b695584fe37e14bc0b4de2d3c9d6176e4982e2eb4 type=sudph
[2026-04-22T13:18:28-05:00] DEBUG [public_autoconnect]: Trying to add transport pk=021d66eed3c575af49169fcd6f758edcae32e31f889cb54fb99890bc837ddcab89 type=sudph
[2026-04-22T13:18:28-05:00] DEBUG [transport_manager]: Initializing TP with ID 709e8491-a6cc-0f94-a892-d5d3d97566cc
[2026-04-22T13:18:28-05:00] DEBUG [transport_manager]: Dialing transport to 021d66eed3c575af49169fcd6f758edcae32e31f889cb54fb99890bc837ddcab89 via sudph
[2026-04-22T13:18:29-05:00] DEBUG [sudph]: Resolved PK 021d66eed3c575af49169fcd6f758edcae32e31f889cb54fb99890bc837ddcab89 to visor data {103.167.4.141:43608 false {43608 [127.0.0.1 192.168.7.228 ::1]}}
[2026-04-22T13:18:29-05:00] DEBUG [sudph]: Dialing public address: 103.167.4.141:43608
[2026-04-22T13:18:29-05:00] DEBUG [sudph]: Dialing 103.167.4.141:43608
[2026-04-22T13:18:29-05:00] DEBUG [sudph]: Dialed 103.167.4.141:43608
[2026-04-22T13:18:29-05:00] DEBUG [sudph]: Performing handshake with 103.167.4.141:43608
[2026-04-22T13:18:32-05:00] DEBUG ClientSession.DialStream [dmsgC]: Stream closed on failure. close_error=<nil> dst_addr=02e8ecb5c32a510f32967be997eeaab549e45a5c0d01ca49061f7c1b8e707a01e6:100 error="i/o deadline reached" ports_reserved=36 session=0371ab4bcff7b121f4b91f6856d6740c6f9dc1fe716977850aeb5d84378b300a13
[2026-04-22T13:18:32-05:00] DEBUG [dmsgC]: DialStream failed, trying next session error="i/o deadline reached" server=0371ab4bcff7b121f4b91f6856d6740c6f9dc1fe716977850aeb5d84378b300a13
[2026-04-22T13:18:32-05:00] DEBUG [dht]: PutValue failed error="dht dmsg dial 02e8ecb5: dmsg error 202 - cannot connect to delegated server" peer=02e8ecb5
[2026-04-22T13:18:32-05:00] DEBUG [dht]: PutValue failed error="dht dmsg dial 02864d02: dmsg error 100 - entry is not found in discovery: entry of public key is not found" peer=02864d02
[2026-04-22T13:18:33-05:00] DEBUG [dht]: PutValue failed error="dht: remote rejected put: dht: sequence number must increase" peer=0371f571
[2026-04-22T13:18:34-05:00] DEBUG [dht]: PutValue failed error="dht: remote rejected put: dht: sequence number must increase" peer=03b647bc
[2026-04-22T13:18:34-05:00] DEBUG [dht]: PutValue failed error="dht: remote rejected put: dht: sequence number must increase" peer=03b9ca7b
[2026-04-22T13:18:35-05:00] DEBUG [dht]: PutValue failed error="dht: remote rejected put: dht: sequence number must increase" peer=0215593f
[2026-04-22T13:18:36-05:00] DEBUG [stcpr]: Re-registering STCPR with address resolver
[2026-04-22T13:18:36-05:00] DEBUG httpClient.BindSTCPR [address_resolver]: Address resolver binding with: [192.168.1.118 70.121.13.123]
[2026-04-22T13:18:37-05:00] DEBUG [dht]: PutValue failed error="dht: remote rejected put: dht: sequence number must increase" peer=0336c02f
[2026-04-22T13:18:37-05:00] DEBUG [stcpr]: Successfully re-registered STCPR
[2026-04-22T13:18:38-05:00] DEBUG [dht]: PutValue failed error="dht: remote rejected put: dht: sequence number must increase" peer=03b5a284
[2026-04-22T13:18:39-05:00] DEBUG [dht]: PutValue failed error="dht: remote rejected put: dht: sequence number must increase" peer=032a07b9
[2026-04-22T13:18:39-05:00] DEBUG [transport_manager]: Error dialing transport to 021d66eed3c575af49169fcd6f758edcae32e31f889cb54fb99890bc837ddcab89 via sudph: mt.client.Dial: handshake failed: timeout

[2026-04-22T13:18:39-05:00] WARN [public_autoconnect]: Failed to add transport error="save transport: mt.client.Dial: handshake failed: timeout
" pk=021d66eed3c575af49169fcd6f758edcae32e31f889cb54fb99890bc837ddcab89 type=sudph
[2026-04-22T13:18:40-05:00] DEBUG [public_autoconnect]: Trying to add transport pk=03f387c925ae3e28085fdb5e08abd7d03dfc1d1b685c7f69ee180b8d76c0a5b53d type=sudph
[2026-04-22T13:18:40-05:00] DEBUG [transport_manager]: Initializing TP with ID 8f573572-70c6-0669-8b89-49c56eb3734c
[2026-04-22T13:18:40-05:00] DEBUG [transport_manager]: Dialing transport to 03f387c925ae3e28085fdb5e08abd7d03dfc1d1b685c7f69ee180b8d76c0a5b53d via sudph
[2026-04-22T13:18:40-05:00] DEBUG [dht]: PutValue failed error="dht: remote rejected put: dht: sequence number must increase" peer=025c9a88
[2026-04-22T13:18:40-05:00] DEBUG [sudph]: Resolved PK 03f387c925ae3e28085fdb5e08abd7d03dfc1d1b685c7f69ee180b8d76c0a5b53d to visor data {153.124.161.206:35088 false {51561 [127.0.0.1 192.168.1.102 ::1]}}
[2026-04-22T13:18:40-05:00] DEBUG [sudph]: Dialing public address: 153.124.161.206:35088
[2026-04-22T13:18:40-05:00] DEBUG [sudph]: Dialing 153.124.161.206:35088
[2026-04-22T13:18:40-05:00] DEBUG [sudph]: Dialed 153.124.161.206:35088
[2026-04-22T13:18:40-05:00] DEBUG [sudph]: Performing handshake with 153.124.161.206:35088
[2026-04-22T13:18:41-05:00] DEBUG [dht]: PutValue failed error="dht: remote rejected put: dht: sequence number must increase" peer=035c27a3
[2026-04-22T13:18:42-05:00] DEBUG [dht]: PutValue failed error="dht: remote rejected put: dht: sequence number must increase" peer=02df744c
[2026-04-22T13:18:43-05:00] DEBUG [dht]: PutValue failed error="dht: remote rejected put: dht: sequence number must increase" peer=023d00ea
[2026-04-22T13:18:44-05:00] DEBUG [dht]: PutValue failed error="dht: remote rejected put: dht: sequence number must increase" peer=0315597d
[2026-04-22T13:18:46-05:00] DEBUG [cli_rpc]: CLI RPC stats: active=0, total=2, errors=0, peak=1
[2026-04-22T13:18:50-05:00] DEBUG [transport_manager]: Error dialing transport to 03f387c925ae3e28085fdb5e08abd7d03dfc1d1b685c7f69ee180b8d76c0a5b53d via sudph: mt.client.Dial: handshake failed: timeout

[2026-04-22T13:18:50-05:00] WARN [public_autoconnect]: Failed to add transport error="save transport: mt.client.Dial: handshake failed: timeout
" pk=03f387c925ae3e28085fdb5e08abd7d03dfc1d1b685c7f69ee180b8d76c0a5b53d type=sudph
[2026-04-22T13:18:50-05:00] DEBUG [public_autoconnect]: Trying to add transport pk=03fb3f50ad40378144255d832d7c8aae7e921b5790e112bd3da9507a7a1a589430 type=sudph
[2026-04-22T13:18:50-05:00] DEBUG [transport_manager]: Initializing TP with ID 6aeb74fc-b4d3-0902-9114-d7caac3ff449
[2026-04-22T13:18:50-05:00] DEBUG [transport_manager]: Dialing transport to 03fb3f50ad40378144255d832d7c8aae7e921b5790e112bd3da9507a7a1a589430 via sudph
[2026-04-22T13:18:52-05:00] DEBUG [sudph]: Resolved PK 03fb3f50ad40378144255d832d7c8aae7e921b5790e112bd3da9507a7a1a589430 to visor data {104.136.22.124:38735 false {38735 [127.0.0.1 192.168.0.7 ::1]}}
[2026-04-22T13:18:52-05:00] DEBUG [sudph]: Dialing public address: 104.136.22.124:38735
[2026-04-22T13:18:52-05:00] DEBUG [sudph]: Dialing 104.136.22.124:38735
[2026-04-22T13:18:52-05:00] DEBUG [sudph]: Dialed 104.136.22.124:38735
[2026-04-22T13:18:52-05:00] DEBUG [sudph]: Performing handshake with 104.136.22.124:38735
[2026-04-22T13:18:52-05:00] DEBUG ClientSession.DialStream [dmsgC]: Stream closed on failure. close_error=<nil> dst_addr=03415ebc63f0c2c39fba5d74b65e1ee42b9e0a09f4d1e441d35e12f3171d9899eb:100 error="i/o deadline reached" ports_reserved=37 session=0326978f5a53aff537dbb47fed58b1f123af3b00132d365f1309a14db4168dcff7
[2026-04-22T13:18:52-05:00] DEBUG [dmsgC]: DialStream failed via cached route, evicting error="i/o deadline reached" server=0326978f5a53aff537dbb47fed58b1f123af3b00132d365f1309a14db4168dcff7
[2026-04-22T13:18:57-05:00] DEBUG ClientSession.DialStream [dmsgC]: Stream closed on failure. close_error=<nil> dst_addr=03415ebc63f0c2c39fba5d74b65e1ee42b9e0a09f4d1e441d35e12f3171d9899eb:100 error="i/o deadline reached" ports_reserved=37 session=0371ab4bcff7b121f4b91f6856d6740c6f9dc1fe716977850aeb5d84378b300a13
[2026-04-22T13:18:57-05:00] DEBUG [dmsgC]: DialStream failed, trying next session error="i/o deadline reached" server=0371ab4bcff7b121f4b91f6856d6740c6f9dc1fe716977850aeb5d84378b300a13
[2026-04-22T13:18:57-05:00] DEBUG ClientSession.DialStream [dmsgC]: Stream closed on failure. close_error=<nil> dst_addr=03415ebc63f0c2c39fba5d74b65e1ee42b9e0a09f4d1e441d35e12f3171d9899eb:100 error="context deadline exceeded" ports_reserved=37 session=0371ab4bcff7b121f4b91f6856d6740c6f9dc1fe716977850aeb5d84378b300a13
[2026-04-22T13:18:57-05:00] DEBUG [dmsgC]: DialStream failed via new session, trying next server error="context deadline exceeded" server=0371ab4bcff7b121f4b91f6856d6740c6f9dc1fe716977850aeb5d84378b300a13
[2026-04-22T13:19:02-05:00] DEBUG [transport_manager]: Error dialing transport to 03fb3f50ad40378144255d832d7c8aae7e921b5790e112bd3da9507a7a1a589430 via sudph: mt.client.Dial: handshake failed: timeout

[2026-04-22T13:19:02-05:00] WARN [public_autoconnect]: Failed to add transport error="save transport: mt.client.Dial: handshake failed: timeout
" pk=03fb3f50ad40378144255d832d7c8aae7e921b5790e112bd3da9507a7a1a589430 type=sudph
[2026-04-22T13:19:02-05:00] DEBUG ClientSession.DialStream [dmsgC]: Stream closed on failure. close_error=<nil> dst_addr=0246834bf9cf11972cdd17bc0389076ab2d1c405f95437ef95e7d5ee860229ea8b:100 error="i/o deadline reached" ports_reserved=39 session=02a49bc0aa1b5b78f638e9189be4ed095bac5d6839c828465a8350f80ac07629c0
[2026-04-22T13:19:02-05:00] DEBUG [dmsgC]: DialStream failed, trying next session error="i/o deadline reached" server=02a49bc0aa1b5b78f638e9189be4ed095bac5d6839c828465a8350f80ac07629c0
[2026-04-22T13:19:02-05:00] DEBUG [public_autoconnect]: Trying to add transport pk=02261af992a25e284b24fd7d73c7bdf9eb7e4f064263202623af15e9bc1a90ebc3 type=sudph
[2026-04-22T13:19:02-05:00] DEBUG [transport_manager]: Initializing TP with ID 32ddf615-a770-0f7f-a11a-a702da3c8497
[2026-04-22T13:19:02-05:00] DEBUG [transport_manager]: Dialing transport to 02261af992a25e284b24fd7d73c7bdf9eb7e4f064263202623af15e9bc1a90ebc3 via sudph
[2026-04-22T13:19:03-05:00] DEBUG [sudph]: Resolved PK 02261af992a25e284b24fd7d73c7bdf9eb7e4f064263202623af15e9bc1a90ebc3 to visor data {182.8.228.6:49799 false {34209 [127.0.0.1 192.168.2.225 ::1 fd5d:2544:a41c::2293 fd5d:2544:a41c:0:a124:4380:494b:2e78 fd5d:2544:a41c:0:c339:742a:2df5:f1e7]}}
[2026-04-22T13:19:03-05:00] DEBUG [sudph]: Dialing public address: 182.8.228.6:49799
[2026-04-22T13:19:03-05:00] DEBUG [sudph]: Dialing 182.8.228.6:49799
[2026-04-22T13:19:03-05:00] DEBUG [sudph]: Dialed 182.8.228.6:49799
[2026-04-22T13:19:03-05:00] DEBUG [sudph]: Performing handshake with 182.8.228.6:49799
[2026-04-22T13:19:07-05:00] DEBUG ClientSession.DialStream [dmsgC]: Stream closed on failure. close_error=<nil> dst_addr=0246834bf9cf11972cdd17bc0389076ab2d1c405f95437ef95e7d5ee860229ea8b:100 error="i/o deadline reached" ports_reserved=38 session=0371ab4bcff7b121f4b91f6856d6740c6f9dc1fe716977850aeb5d84378b300a13
[2026-04-22T13:19:07-05:00] DEBUG [dmsgC]: DialStream failed, trying next session error="i/o deadline reached" server=0371ab4bcff7b121f4b91f6856d6740c6f9dc1fe716977850aeb5d84378b300a13
[2026-04-22T13:19:07-05:00] DEBUG ClientSession.DialStream [dmsgC]: Stream closed on failure. close_error=<nil> dst_addr=0246834bf9cf11972cdd17bc0389076ab2d1c405f95437ef95e7d5ee860229ea8b:100 error="context deadline exceeded" ports_reserved=38 session=02a49bc0aa1b5b78f638e9189be4ed095bac5d6839c828465a8350f80ac07629c0
[2026-04-22T13:19:07-05:00] DEBUG [dmsgC]: DialStream failed via new session, trying next server error="context deadline exceeded" server=02a49bc0aa1b5b78f638e9189be4ed095bac5d6839c828465a8350f80ac07629c0
[2026-04-22T13:19:13-05:00] DEBUG [transport_manager]: Error dialing transport to 02261af992a25e284b24fd7d73c7bdf9eb7e4f064263202623af15e9bc1a90ebc3 via sudph: mt.client.Dial: handshake failed: timeout

[2026-04-22T13:19:13-05:00] WARN [public_autoconnect]: Failed to add transport error="save transport: mt.client.Dial: handshake failed: timeout
" pk=02261af992a25e284b24fd7d73c7bdf9eb7e4f064263202623af15e9bc1a90ebc3 type=sudph
[2026-04-22T13:19:14-05:00] DEBUG [public_autoconnect]: Trying to add transport pk=03530e8f08787398f263cf915b521b9894db5d5063dfd2038aef371c20b66beddd type=sudph
[2026-04-22T13:19:14-05:00] DEBUG [transport_manager]: Initializing TP with ID 02e7ebd1-3f62-0c17-ae36-d8dca556003c
[2026-04-22T13:19:14-05:00] DEBUG [transport_manager]: Dialing transport to 03530e8f08787398f263cf915b521b9894db5d5063dfd2038aef371c20b66beddd via sudph
[2026-04-22T13:19:14-05:00] DEBUG ClientSession.DialStream [dmsgC]: Stream closed on failure. close_error=<nil> dst_addr=02d5c4e5bbe097f870a0836836622dee09e243dc119740ef3f30e3651cf85dd3fb:100 error="i/o deadline reached" ports_reserved=39 session=0326978f5a53aff537dbb47fed58b1f123af3b00132d365f1309a14db4168dcff7
[2026-04-22T13:19:14-05:00] DEBUG [dmsgC]: DialStream failed via cached route, evicting error="i/o deadline reached" server=0326978f5a53aff537dbb47fed58b1f123af3b00132d365f1309a14db4168dcff7
[2026-04-22T13:19:14-05:00] DEBUG [sudph]: Resolved PK 03530e8f08787398f263cf915b521b9894db5d5063dfd2038aef371c20b66beddd to visor data {89.24.166.183:43195 false {43195 [127.0.0.1 192.168.1.190 ::1]}}
[2026-04-22T13:19:14-05:00] DEBUG [sudph]: Dialing public address: 89.24.166.183:43195
[2026-04-22T13:19:14-05:00] DEBUG [sudph]: Dialing 89.24.166.183:43195
[2026-04-22T13:19:14-05:00] DEBUG [sudph]: Dialed 89.24.166.183:43195
[2026-04-22T13:19:14-05:00] DEBUG [sudph]: Performing handshake with 89.24.166.183:43195
[2026-04-22T13:19:15-05:00] DEBUG [dht]: PutValue failed error="dht: remote rejected put: dht: sequence number must increase" peer=02f10e04
[2026-04-22T13:19:16-05:00] DEBUG [cli_rpc]: CLI RPC stats: active=0, total=2, errors=0, peak=1
[2026-04-22T13:19:16-05:00] WARN [router]: closing conn from untrusted setup node: <nil>
[2026-04-22T13:19:17-05:00] WARN [self_probe]: Self-probe FAILED: dmsg listener unreachable (persistent) consecutive_failures=8 port=80
[2026-04-22T13:19:17-05:00] DEBUG [dmsgC]: Session shut down, stopping accept loop. error="session shutdown" session=02a49bc0aa1b5b78f638e9189be4ed095bac5d6839c828465a8350f80ac07629c0
[2026-04-22T13:19:17-05:00] DEBUG ClientSession.DialStream [dmsgC]: Stream closed on failure. close_error=<nil> dst_addr=032f1e09a0ac1ed151622bb017a4b0fab6568c611e457eaa82e328ff2183580bfe:100 error=EOF ports_reserved=32 session=02a49bc0aa1b5b78f638e9189be4ed095bac5d6839c828465a8350f80ac07629c0
[2026-04-22T13:19:17-05:00] DEBUG [dmsgC]: Session shut down, stopping accept loop. error="session shutdown" session=0326978f5a53aff537dbb47fed58b1f123af3b00132d365f1309a14db4168dcff7
[2026-04-22T13:19:17-05:00] DEBUG [dmsgC]: Session stopped. error="failed to serve dialed session to 02a49bc0aa1b5b78f638e9189be4ed095bac5d6839c828465a8350f80ac07629c0: session shutdown"
[2026-04-22T13:19:17-05:00] DEBUG [dmsgC]: DialStream failed via cached route, evicting error=EOF server=02a49bc0aa1b5b78f638e9189be4ed095bac5d6839c828465a8350f80ac07629c0
[2026-04-22T13:19:17-05:00] DEBUG [dmsgC]: DialStream failed, trying next session error="session shutdown" server=0326978f5a53aff537dbb47fed58b1f123af3b00132d365f1309a14db4168dcff7
[2026-04-22T13:19:17-05:00] DEBUG [dmsgC]: DialStream failed, trying next session error="session shutdown" server=0371ab4bcff7b121f4b91f6856d6740c6f9dc1fe716977850aeb5d84378b300a13
[2026-04-22T13:19:17-05:00] DEBUG [dmsgC]: Session already exists... remote_pk=0371ab4bcff7b121f4b91f6856d6740c6f9dc1fe716977850aeb5d84378b300a13
[2026-04-22T13:19:17-05:00] WARN [self_probe]: Self-probe recovery: forced DMSG session reconnect; reconnect loop will re-dial within 15s sessions_closed=3
[2026-04-22T13:19:17-05:00] DEBUG [dmsgC]: Session shut down, stopping accept loop. error="session shutdown" session=0371ab4bcff7b121f4b91f6856d6740c6f9dc1fe716977850aeb5d84378b300a13
[2026-04-22T13:19:17-05:00] DEBUG [dmsgC]: Session stopped. error="failed to serve dialed session to 0326978f5a53aff537dbb47fed58b1f123af3b00132d365f1309a14db4168dcff7: session shutdown"
[2026-04-22T13:19:17-05:00] DEBUG [dmsgC]: Dialing session... remote_pk=02a2d4c346dabd165fd555dfdba4a7f4d18786fe7e055e562397cd5102bdd7f8dd
[2026-04-22T13:19:18-05:00] INFO [dmsgC]: yamux stream session initial for 02a2d4c346dabd165fd555dfdba4a7f4d18786fe7e055e562397cd5102bdd7f8dd
[2026-04-22T13:19:18-05:00] DEBUG [dmsgC]: Serving session. remote_pk=02a2d4c346dabd165fd555dfdba4a7f4d18786fe7e055e562397cd5102bdd7f8dd
[2026-04-22T13:19:18-05:00] DEBUG [dmsgC]: Session already exists... remote_pk=02a2d4c346dabd165fd555dfdba4a7f4d18786fe7e055e562397cd5102bdd7f8dd
[2026-04-22T13:19:18-05:00] DEBUG [dmsgC]: Dialing session... remote_pk=0326978f5a53aff537dbb47fed58b1f123af3b00132d365f1309a14db4168dcff7
[2026-04-22T13:19:18-05:00] INFO [dmsgC]: yamux stream session initial for 0326978f5a53aff537dbb47fed58b1f123af3b00132d365f1309a14db4168dcff7
[2026-04-22T13:19:18-05:00] DEBUG [dmsgC]: Session stopped. error="failed to serve dialed session to 0371ab4bcff7b121f4b91f6856d6740c6f9dc1fe716977850aeb5d84378b300a13: session shutdown"
[2026-04-22T13:19:18-05:00] DEBUG [dmsgC]: Dialing session... remote_pk=0281a102c82820e811368c8d028cf11b1a985043b726b1bcdb8fce89b27384b2cb
[2026-04-22T13:19:18-05:00] DEBUG [dmsgC]: Serving session. remote_pk=0326978f5a53aff537dbb47fed58b1f123af3b00132d365f1309a14db4168dcff7
[2026-04-22T13:19:18-05:00] DEBUG ClientSession.DialStream [dmsgC]: Stream closed on failure. close_error=<nil> dst_addr=032f1e09a0ac1ed151622bb017a4b0fab6568c611e457eaa82e328ff2183580bfe:100 error=EOF ports_reserved=10 session=02a2d4c346dabd165fd555dfdba4a7f4d18786fe7e055e562397cd5102bdd7f8dd
[2026-04-22T13:19:18-05:00] DEBUG [dmsgC]: Session shut down, stopping accept loop. error=EOF session=02a2d4c346dabd165fd555dfdba4a7f4d18786fe7e055e562397cd5102bdd7f8dd
[2026-04-22T13:19:18-05:00] DEBUG [dmsgC]: DialStream failed via new session, trying next server error=EOF server=02a2d4c346dabd165fd555dfdba4a7f4d18786fe7e055e562397cd5102bdd7f8dd
[2026-04-22T13:19:18-05:00] INFO [dmsgC]: yamux stream session initial for 0281a102c82820e811368c8d028cf11b1a985043b726b1bcdb8fce89b27384b2cb
[2026-04-22T13:19:18-05:00] DEBUG [dmsgC]: Session stopped. error="failed to serve dialed session to 02a2d4c346dabd165fd555dfdba4a7f4d18786fe7e055e562397cd5102bdd7f8dd: EOF"
[2026-04-22T13:19:18-05:00] DEBUG [dmsgC]: Dialing session... remote_pk=03717576ada5b1744e395c66c2bb11cea73b0e23d0dcd54422139b1a7f12e962c4
[2026-04-22T13:19:18-05:00] DEBUG [dmsgC]: Serving session. remote_pk=0281a102c82820e811368c8d028cf11b1a985043b726b1bcdb8fce89b27384b2cb
[2026-04-22T13:19:18-05:00] INFO [dmsgC]: yamux stream session initial for 03717576ada5b1744e395c66c2bb11cea73b0e23d0dcd54422139b1a7f12e962c4
[2026-04-22T13:19:18-05:00] DEBUG [dmsgC]: Updating entry.
 entry=	version: 0.0.1
	sequence: 7
	registered at: 1776881903988976347
	static public key: 0282213369836321323dfaa492564ceb8a9a5e7e8ff044c46c92949a787ec51fb0
	signature: 6d6cabc5f6d36007f8dcd64abe06884c4468e35beec27ab01b612ff5742278890f8ebc70a0e2a382004d5bc6c0923f2e2c89c1515dbd03bb950e4bee7d3ab23201
	entry is registered as client. Related info: 
		delegated servers: 
			0326978f5a53aff537dbb47fed58b1f123af3b00132d365f1309a14db4168dcff7
			0281a102c82820e811368c8d028cf11b1a985043b726b1bcdb8fce89b27384b2cb


[2026-04-22T13:19:19-05:00] DEBUG [dht]: PutValue failed error="dht: remote rejected put: dht: sequence number must increase" peer=032f1e09
[2026-04-22T13:19:19-05:00] DEBUG [dmsgC]: Discovering dmsg servers...
[2026-04-22T13:19:19-05:00] DEBUG [dmsgC]: Serving session. remote_pk=03717576ada5b1744e395c66c2bb11cea73b0e23d0dcd54422139b1a7f12e962c4
[2026-04-22T13:19:20-05:00] DEBUG [dht]: PutValue failed error="dht: remote rejected put: dht: sequence number must increase" peer=0207abc2
[2026-04-22T13:19:20-05:00] DEBUG [dmsgC]: Updating entry.
 entry=	version: 0.0.1
	sequence: 8
	registered at: 1776881958823868712
	static public key: 0282213369836321323dfaa492564ceb8a9a5e7e8ff044c46c92949a787ec51fb0
	signature: 1636cf4550bff9590c73c21dc4e3fb410ca3d0fb018c2adaea18c063902c807d0900b40d5cee1290083d83247eb9c2b44a7101d92d4f818a84d6fe10b952eb6801
	entry is registered as client. Related info: 
		delegated servers: 
			0281a102c82820e811368c8d028cf11b1a985043b726b1bcdb8fce89b27384b2cb
			0326978f5a53aff537dbb47fed58b1f123af3b00132d365f1309a14db4168dcff7
			03717576ada5b1744e395c66c2bb11cea73b0e23d0dcd54422139b1a7f12e962c4


[2026-04-22T13:19:21-05:00] DEBUG [dht]: PutValue failed error="dht: remote rejected put: dht: sequence number must increase" peer=03415ebc
[2026-04-22T13:19:22-05:00] DEBUG [dht]: PutValue failed error="dht dmsg dial 02a49bc0: dmsg error 102 - entry is not of client in discovery" peer=02a49bc0
[2026-04-22T13:19:22-05:00] DEBUG [dht]: PutValue failed error="dht: remote rejected put: dht: sequence number must increase" peer=03021f2f
[2026-04-22T13:19:23-05:00] DEBUG [dht]: PutValue failed error="dht: remote rejected put: dht: sequence number must increase" peer=0281a102
[2026-04-22T13:19:24-05:00] DEBUG [dht]: PutValue failed error="dht: remote rejected put: dht: sequence number must increase" peer=0324d126
[2026-04-22T13:19:24-05:00] DEBUG [transport_manager]: Error dialing transport to 03530e8f08787398f263cf915b521b9894db5d5063dfd2038aef371c20b66beddd via sudph: mt.client.Dial: handshake failed: timeout

[2026-04-22T13:19:24-05:00] WARN [public_autoconnect]: Failed to add transport error="save transport: mt.client.Dial: handshake failed: timeout
" pk=03530e8f08787398f263cf915b521b9894db5d5063dfd2038aef371c20b66beddd type=sudph
[2026-04-22T13:19:29-05:00] DEBUG ClientSession.DialStream [dmsgC]: Stream closed on failure. close_error=<nil> dst_addr=0246834bf9cf11972cdd17bc0389076ab2d1c405f95437ef95e7d5ee860229ea8b:100 error="i/o deadline reached" ports_reserved=11 session=0281a102c82820e811368c8d028cf11b1a985043b726b1bcdb8fce89b27384b2cb
[2026-04-22T13:19:29-05:00] DEBUG [dmsgC]: DialStream failed, trying next session error="i/o deadline reached" server=0281a102c82820e811368c8d028cf11b1a985043b726b1bcdb8fce89b27384b2cb
[2026-04-22T13:19:30-05:00] DEBUG ClientSession.DialStream [dmsgC]: Stream closed on failure. close_error=<nil> dst_addr=02df37252d5a82f5f2dc4e7d0c0d22919ea5c4ace95b5e447581cc7631687e36de:136 error="i/o deadline reached" ports_reserved=11 session=0326978f5a53aff537dbb47fed58b1f123af3b00132d365f1309a14db4168dcff7
[2026-04-22T13:19:30-05:00] DEBUG [dmsgC]: DialStream failed, trying next session error="i/o deadline reached" server=0326978f5a53aff537dbb47fed58b1f123af3b00132d365f1309a14db4168dcff7
[2026-04-22T13:19:30-05:00] DEBUG [public_autoconnect]: Skipping visor: dmsg probe failed (unreachable) pk=02df37252d5a82f5f2dc4e7d0c0d22919ea5c4ace95b5e447581cc7631687e36de type=sudph
[2026-04-22T13:19:34-05:00] DEBUG ClientSession.DialStream [dmsgC]: Stream closed on failure. close_error=<nil> dst_addr=0246834bf9cf11972cdd17bc0389076ab2d1c405f95437ef95e7d5ee860229ea8b:100 error="i/o deadline reached" ports_reserved=11 session=03717576ada5b1744e395c66c2bb11cea73b0e23d0dcd54422139b1a7f12e962c4
[2026-04-22T13:19:34-05:00] DEBUG [dmsgC]: DialStream failed, trying next session error="i/o deadline reached" server=03717576ada5b1744e395c66c2bb11cea73b0e23d0dcd54422139b1a7f12e962c4
[2026-04-22T13:19:34-05:00] DEBUG ClientSession.DialStream [dmsgC]: Stream closed on failure. close_error=<nil> dst_addr=0246834bf9cf11972cdd17bc0389076ab2d1c405f95437ef95e7d5ee860229ea8b:100 error="context deadline exceeded" ports_reserved=11 session=03717576ada5b1744e395c66c2bb11cea73b0e23d0dcd54422139b1a7f12e962c4
[2026-04-22T13:19:34-05:00] DEBUG [dmsgC]: DialStream failed via new session, trying next server error="context deadline exceeded" server=03717576ada5b1744e395c66c2bb11cea73b0e23d0dcd54422139b1a7f12e962c4
[2026-04-22T13:19:34-05:00] DEBUG [dht]: PutValue failed error="dht dmsg dial 0246834b: dmsg error 202 - cannot connect to delegated server" peer=0246834b
[2026-04-22T13:19:34-05:00] DEBUG [dht]: PutValue failed error="dht: remote rejected put: dht: sequence number must increase" peer=03cf0b00
[2026-04-22T13:19:35-05:00] DEBUG [dht]: PutValue failed error="dht: remote rejected put: dht: sequence number must increase" peer=0280df7c
[2026-04-22T13:19:35-05:00] DEBUG ClientSession.DialStream [dmsgC]: Stream closed on failure. close_error=<nil> dst_addr=03c0de442df14bf8105ce95763e320cf2520dccd6fa1a7cd3319a7c24689613faa:136 error="i/o deadline reached" ports_reserved=11 session=0326978f5a53aff537dbb47fed58b1f123af3b00132d365f1309a14db4168dcff7
[2026-04-22T13:19:35-05:00] DEBUG [dmsgC]: DialStream failed, trying next session error="i/o deadline reached" server=0326978f5a53aff537dbb47fed58b1f123af3b00132d365f1309a14db4168dcff7
[2026-04-22T13:19:35-05:00] DEBUG ClientSession.DialStream [dmsgC]: Stream closed on failure. close_error=<nil> dst_addr=03c0de442df14bf8105ce95763e320cf2520dccd6fa1a7cd3319a7c24689613faa:136 error="context deadline exceeded" ports_reserved=11 session=0326978f5a53aff537dbb47fed58b1f123af3b00132d365f1309a14db4168dcff7
[2026-04-22T13:19:35-05:00] DEBUG [dmsgC]: DialStream failed via new session, trying next server error="context deadline exceeded" server=0326978f5a53aff537dbb47fed58b1f123af3b00132d365f1309a14db4168dcff7
[2026-04-22T13:19:35-05:00] DEBUG ClientSession.DialStream [dmsgC]: Stream closed on failure. close_error=<nil> dst_addr=03c0de442df14bf8105ce95763e320cf2520dccd6fa1a7cd3319a7c24689613faa:136 error="context deadline exceeded" ports_reserved=11 session=0281a102c82820e811368c8d028cf11b1a985043b726b1bcdb8fce89b27384b2cb
[2026-04-22T13:19:35-05:00] DEBUG [dmsgC]: DialStream failed via new session, trying next server error="context deadline exceeded" server=0281a102c82820e811368c8d028cf11b1a985043b726b1bcdb8fce89b27384b2cb
[2026-04-22T13:19:35-05:00] DEBUG [public_autoconnect]: Skipping visor: dmsg probe failed (unreachable) pk=03c0de442df14bf8105ce95763e320cf2520dccd6fa1a7cd3319a7c24689613faa type=sudph
[2026-04-22T13:19:35-05:00] DEBUG [dht]: PutValue failed error="dht: remote rejected put: dht: sequence number must increase" peer=02bc5f24
[2026-04-22T13:19:35-05:00] DEBUG [dht]: PutValue failed error="dht: remote rejected put: dht: sequence number must increase" peer=02986fcf
[2026-04-22T13:19:36-05:00] DEBUG [dht]: PutValue failed error="dht: remote rejected put: dht: sequence number must increase" peer=031b5196
[2026-04-22T13:19:36-05:00] DEBUG [dht]: PutValue failed error="dht: remote rejected put: dht: sequence number must increase" peer=022d2909
[2026-04-22T13:19:37-05:00] DEBUG [dht]: PutValue failed error="dht: remote rejected put: dht: sequence number must increase" peer=02d40845
[2026-04-22T13:19:37-05:00] DEBUG [dht]: PutValue failed error="dht: remote rejected put: dht: sequence number must increase" peer=036df68c
[2026-04-22T13:19:40-05:00] DEBUG ClientSession.DialStream [dmsgC]: Stream closed on failure. close_error=<nil> dst_addr=027b7fc61d9582bf7f08559659fe39d0ea399d78e9ac5dc31dfb23788a5f0d23fb:136 error="i/o deadline reached" ports_reserved=11 session=0281a102c82820e811368c8d028cf11b1a985043b726b1bcdb8fce89b27384b2cb
[2026-04-22T13:19:40-05:00] DEBUG [dmsgC]: DialStream failed, trying next session error="i/o deadline reached" server=0281a102c82820e811368c8d028cf11b1a985043b726b1bcdb8fce89b27384b2cb
[2026-04-22T13:19:40-05:00] DEBUG ClientSession.DialStream [dmsgC]: Stream closed on failure. close_error=<nil> dst_addr=027b7fc61d9582bf7f08559659fe39d0ea399d78e9ac5dc31dfb23788a5f0d23fb:136 error="context deadline exceeded" ports_reserved=11 session=0281a102c82820e811368c8d028cf11b1a985043b726b1bcdb8fce89b27384b2cb
[2026-04-22T13:19:40-05:00] DEBUG [dmsgC]: DialStream failed via new session, trying next server error="context deadline exceeded" server=0281a102c82820e811368c8d028cf11b1a985043b726b1bcdb8fce89b27384b2cb
[2026-04-22T13:19:40-05:00] DEBUG [public_autoconnect]: Skipping visor: dmsg probe failed (unreachable) pk=027b7fc61d9582bf7f08559659fe39d0ea399d78e9ac5dc31dfb23788a5f0d23fb type=sudph
[2026-04-22T13:19:41-05:00] DEBUG [public_autoconnect]: Trying to add transport pk=0388c582861cc09b138e79c4b23d8f76d2973db2ecb936658feaa2fd59523e44ee type=sudph
[2026-04-22T13:19:41-05:00] DEBUG [transport_manager]: Initializing TP with ID 8587aabd-da40-0d75-a4ea-829e52966103
[2026-04-22T13:19:41-05:00] DEBUG [transport_manager]: Dialing transport to 0388c582861cc09b138e79c4b23d8f76d2973db2ecb936658feaa2fd59523e44ee via sudph
[2026-04-22T13:19:42-05:00] DEBUG [sudph]: Resolved PK 0388c582861cc09b138e79c4b23d8f76d2973db2ecb936658feaa2fd59523e44ee to visor data {110.136.89.179:40104 false {35413 [127.0.0.1 192.168.150.1 10.210.90.41 10.10.10.3 ::1]}}
[2026-04-22T13:19:42-05:00] DEBUG [sudph]: Dialing public address: 110.136.89.179:40104
[2026-04-22T13:19:42-05:00] DEBUG [sudph]: Dialing 110.136.89.179:40104
[2026-04-22T13:19:42-05:00] DEBUG [sudph]: Dialed 110.136.89.179:40104
[2026-04-22T13:19:42-05:00] DEBUG [sudph]: Performing handshake with 110.136.89.179:40104
[2026-04-22T13:19:42-05:00] DEBUG ClientSession.DialStream [dmsgC]: Stream closed on failure. close_error=<nil> dst_addr=02379bac43d2bb1d135f785b3a4c0adc41a2f2672225649da47fa68e2c6d8b6617:100 error="i/o deadline reached" ports_reserved=11 session=0281a102c82820e811368c8d028cf11b1a985043b726b1bcdb8fce89b27384b2cb
[2026-04-22T13:19:42-05:00] DEBUG [dmsgC]: DialStream failed, trying next session error="i/o deadline reached" server=0281a102c82820e811368c8d028cf11b1a985043b726b1bcdb8fce89b27384b2cb
[2026-04-22T13:19:45-05:00] DEBUG [cli_rpc]: CLI RPC stats: active=0, total=2, errors=0, peak=1
[2026-04-22T13:19:47-05:00] DEBUG ClientSession.DialStream [dmsgC]: Stream closed on failure. close_error=<nil> dst_addr=02379bac43d2bb1d135f785b3a4c0adc41a2f2672225649da47fa68e2c6d8b6617:100 error="i/o deadline reached" ports_reserved=11 session=0326978f5a53aff537dbb47fed58b1f123af3b00132d365f1309a14db4168dcff7
[2026-04-22T13:19:47-05:00] DEBUG [dmsgC]: DialStream failed, trying next session error="i/o deadline reached" server=0326978f5a53aff537dbb47fed58b1f123af3b00132d365f1309a14db4168dcff7
[2026-04-22T13:19:47-05:00] DEBUG [dht]: PutValue failed error="dht dmsg dial 02379bac: dmsg error 202 - cannot connect to delegated server" peer=02379bac
[2026-04-22T13:19:47-05:00] DEBUG [dht]: PutValue failed error="dht dmsg dial 02a2d4c3: dmsg error 102 - entry is not of client in discovery" peer=02a2d4c3
[2026-04-22T13:19:48-05:00] DEBUG [dht]: PutValue failed error="dht: remote rejected put: dht: sequence number must increase" peer=02d5c4e5
[2026-04-22T13:19:52-05:00] DEBUG [transport_manager]: Error dialing transport to 0388c582861cc09b138e79c4b23d8f76d2973db2ecb936658feaa2fd59523e44ee via sudph: mt.client.Dial: handshake failed: timeout

[2026-04-22T13:19:52-05:00] WARN [public_autoconnect]: Failed to add transport error="save transport: mt.client.Dial: handshake failed: timeout
" pk=0388c582861cc09b138e79c4b23d8f76d2973db2ecb936658feaa2fd59523e44ee type=sudph
[2026-04-22T13:19:52-05:00] DEBUG [public_autoconnect]: Trying to add transport pk=038cde7dc248e5f86b0759f9b57548386a1b802d9709bd0c8673f8d90cee3f43a3 type=sudph
[2026-04-22T13:19:52-05:00] DEBUG [transport_manager]: Initializing TP with ID d2fb34d9-2ef0-0f23-a5da-cccc40dfcb83
[2026-04-22T13:19:52-05:00] DEBUG [transport_manager]: Dialing transport to 038cde7dc248e5f86b0759f9b57548386a1b802d9709bd0c8673f8d90cee3f43a3 via sudph
[2026-04-22T13:19:53-05:00] DEBUG [sudph]: Resolved PK 038cde7dc248e5f86b0759f9b57548386a1b802d9709bd0c8673f8d90cee3f43a3 to visor data {88.146.116.113:54151 false {54151 [127.0.0.1 192.168.88.108 ::1]}}
[2026-04-22T13:19:53-05:00] DEBUG [sudph]: Dialing public address: 88.146.116.113:54151
[2026-04-22T13:19:53-05:00] DEBUG [sudph]: Dialing 88.146.116.113:54151
[2026-04-22T13:19:53-05:00] DEBUG [sudph]: Dialed 88.146.116.113:54151
[2026-04-22T13:19:53-05:00] DEBUG [sudph]: Performing handshake with 88.146.116.113:54151
[2026-04-22T13:19:58-05:00] DEBUG ClientSession.DialStream [dmsgC]: Stream closed on failure. close_error=<nil> dst_addr=0336c02fb94f1fac308bf9a374d36b744bf3ba50378f486d17cac3168aed46b9cd:100 error="i/o deadline reached" ports_reserved=12 session=0326978f5a53aff537dbb47fed58b1f123af3b00132d365f1309a14db4168dcff7
[2026-04-22T13:19:58-05:00] DEBUG [dmsgC]: DialStream failed, trying next session error="i/o deadline reached" server=0326978f5a53aff537dbb47fed58b1f123af3b00132d365f1309a14db4168dcff7
[2026-04-22T13:20:03-05:00] DEBUG ClientSession.DialStream [dmsgC]: Stream closed on failure. close_error=<nil> dst_addr=0336c02fb94f1fac308bf9a374d36b744bf3ba50378f486d17cac3168aed46b9cd:100 error="i/o deadline reached" ports_reserved=12 session=0281a102c82820e811368c8d028cf11b1a985043b726b1bcdb8fce89b27384b2cb
[2026-04-22T13:20:03-05:00] DEBUG [dmsgC]: DialStream failed, trying next session error="i/o deadline reached" server=0281a102c82820e811368c8d028cf11b1a985043b726b1bcdb8fce89b27384b2cb
[2026-04-22T13:20:03-05:00] DEBUG [transport_manager]: Error dialing transport to 038cde7dc248e5f86b0759f9b57548386a1b802d9709bd0c8673f8d90cee3f43a3 via sudph: mt.client.Dial: handshake failed: timeout

[2026-04-22T13:20:03-05:00] WARN [public_autoconnect]: Failed to add transport error="save transport: mt.client.Dial: handshake failed: timeout
" pk=038cde7dc248e5f86b0759f9b57548386a1b802d9709bd0c8673f8d90cee3f43a3 type=sudph
[2026-04-22T13:20:04-05:00] DEBUG [public_autoconnect]: Trying to add transport pk=03dfb9788f2cf54f340998357654aaa7306989f40a43f6c5a77c4327335fb3ad41 type=sudph
[2026-04-22T13:20:04-05:00] DEBUG [transport_manager]: Initializing TP with ID a9d02b86-051d-08e4-875f-72a998225207
[2026-04-22T13:20:04-05:00] DEBUG [transport_manager]: Dialing transport to 03dfb9788f2cf54f340998357654aaa7306989f40a43f6c5a77c4327335fb3ad41 via sudph
[2026-04-22T13:20:05-05:00] DEBUG [sudph]: Resolved PK 03dfb9788f2cf54f340998357654aaa7306989f40a43f6c5a77c4327335fb3ad41 to visor data {182.8.99.132:13852 false {54126 [127.0.0.1 192.168.1.80 172.17.0.1 192.168.60.102 ::1 2404:c0:b602:7ae6:db5a:905f:d176:6eb5]}}
[2026-04-22T13:20:05-05:00] DEBUG [sudph]: Dialing public address: 182.8.99.132:13852
[2026-04-22T13:20:05-05:00] DEBUG [sudph]: Dialing 182.8.99.132:13852
[2026-04-22T13:20:05-05:00] DEBUG [sudph]: Dialed 182.8.99.132:13852
[2026-04-22T13:20:05-05:00] DEBUG [sudph]: Performing handshake with 182.8.99.132:13852
[2026-04-22T13:20:06-05:00] DEBUG [dht]: PutValue failed error="dht: remote rejected put: dht: sequence number must increase" peer=03ce6a7b
[2026-04-22T13:20:06-05:00] DEBUG [stcpr]: Re-registering STCPR with address resolver
[2026-04-22T13:20:06-05:00] DEBUG httpClient.BindSTCPR [address_resolver]: Address resolver binding with: [192.168.1.118 70.121.13.123]
[2026-04-22T13:20:07-05:00] DEBUG [dht]: PutValue failed error="dht: remote rejected put: dht: sequence number must increase" peer=0358ee2d
[2026-04-22T13:20:07-05:00] DEBUG [stcpr]: Successfully re-registered STCPR
[2026-04-22T13:20:08-05:00] DEBUG [dht]: PutValue failed error="dht: remote rejected put: dht: sequence number must increase" peer=0334eb10
[2026-04-22T13:20:08-05:00] DEBUG [dht]: PutValue failed error="dht: remote rejected put: dht: sequence number must increase" peer=03797347
[2026-04-22T13:20:09-05:00] DEBUG [dht]: PutValue failed error="dht: remote rejected put: dht: sequence number must increase" peer=03abd117
[2026-04-22T13:20:09-05:00] DEBUG [dht]: PutValue failed error="dht: remote rejected put: dht: sequence number must increase" peer=0259e2df
[2026-04-22T13:20:10-05:00] DEBUG [dht]: PutValue failed error="dht: remote rejected put: dht: sequence number must increase" peer=02e8ecb5
[2026-04-22T13:20:10-05:00] DEBUG [dht]: PutValue failed error="dht dmsg dial 02864d02: dmsg error 100 - entry is not found in discovery: entry of public key is not found" peer=02864d02
[2026-04-22T13:20:11-05:00] DEBUG [dht]: PutValue failed error="dht: remote rejected put: dht: sequence number must increase" peer=0371f571
[2026-04-22T13:20:11-05:00] DEBUG [dht]: PutValue failed error="dht: remote rejected put: dht: sequence number must increase" peer=03b647bc
[2026-04-22T13:20:12-05:00] DEBUG [dht]: PutValue failed error="dht: remote rejected put: dht: sequence number must increase" peer=03b9ca7b
[2026-04-22T13:20:12-05:00] DEBUG [dht]: PutValue failed error="dht: remote rejected put: dht: sequence number must increase" peer=0215593f
[2026-04-22T13:20:15-05:00] DEBUG [transport_manager]: Error dialing transport to 03dfb9788f2cf54f340998357654aaa7306989f40a43f6c5a77c4327335fb3ad41 via sudph: mt.client.Dial: handshake failed: timeout

[2026-04-22T13:20:15-05:00] WARN [public_autoconnect]: Failed to add transport error="save transport: mt.client.Dial: handshake failed: timeout
" pk=03dfb9788f2cf54f340998357654aaa7306989f40a43f6c5a77c4327335fb3ad41 type=sudph
[2026-04-22T13:20:15-05:00] DEBUG [public_autoconnect]: Trying to add transport pk=03c758a0daabab4b4bbd524cf46306212818b051b9d92949bd8acdf6226aad32e6 type=sudph
[2026-04-22T13:20:15-05:00] DEBUG [transport_manager]: Initializing TP with ID 2523baa6-2760-0264-8bad-ac4593c4ed34
[2026-04-22T13:20:15-05:00] DEBUG [transport_manager]: Dialing transport to 03c758a0daabab4b4bbd524cf46306212818b051b9d92949bd8acdf6226aad32e6 via sudph
[2026-04-22T13:20:15-05:00] DEBUG [sudph]: Resolved PK 03c758a0daabab4b4bbd524cf46306212818b051b9d92949bd8acdf6226aad32e6 to visor data {70.121.13.123:53622 false {53622 [127.0.0.1 192.168.1.129 ::1]}}
[2026-04-22T13:20:15-05:00] DEBUG [sudph]: Remote visor shares same public IP (70.121.13.123), trying LAN addresses first
[2026-04-22T13:20:15-05:00] DEBUG [sudph]: Trying LAN address: 192.168.1.129:53622
[2026-04-22T13:20:15-05:00] DEBUG [sudph]: Dialing 192.168.1.129:53622
[2026-04-22T13:20:15-05:00] DEBUG [sudph]: Dialed 192.168.1.129:53622
[2026-04-22T13:20:15-05:00] DEBUG [sudph]: Successfully connected via LAN address: 192.168.1.129:53622
[2026-04-22T13:20:15-05:00] DEBUG [sudph]: Performing handshake with 192.168.1.129:53622
[2026-04-22T13:20:16-05:00] DEBUG [cli_rpc]: CLI RPC stats: active=0, total=2, errors=0, peak=1
[2026-04-22T13:20:16-05:00] WARN [router]: closing conn from untrusted setup node: <nil>
[2026-04-22T13:20:16-05:00] WARN [self_probe]: Self-probe FAILED: dmsg listener unreachable (persistent) consecutive_failures=9 cooldown_remaining=4m1s port=80
[2026-04-22T13:20:17-05:00] DEBUG ClientSession.DialStream [dmsgC]: Stream closed on failure. close_error=<nil> dst_addr=0336c02fb94f1fac308bf9a374d36b744bf3ba50378f486d17cac3168aed46b9cd:100 error="i/o deadline reached" ports_reserved=13 session=0326978f5a53aff537dbb47fed58b1f123af3b00132d365f1309a14db4168dcff7
[2026-04-22T13:20:17-05:00] DEBUG [dmsgC]: DialStream failed, trying next session error="i/o deadline reached" server=0326978f5a53aff537dbb47fed58b1f123af3b00132d365f1309a14db4168dcff7
[2026-04-22T13:20:21-05:00] DEBUG [dmsgC]: Updating entry.
 entry=	version: 0.0.1
	sequence: 9
	registered at: 1776881960724244665
	static public key: 0282213369836321323dfaa492564ceb8a9a5e7e8ff044c46c92949a787ec51fb0
	signature: 0a45a6f1276ef697de343973735942ae9c0685b36e1725c37ae7e42540c80cb315ce5a4ac4492e711898e0900faa8b13e97ec3bddab70128e03ab5637407e0f800
	entry is registered as client. Related info: 
		delegated servers: 
			0326978f5a53aff537dbb47fed58b1f123af3b00132d365f1309a14db4168dcff7
			03717576ada5b1744e395c66c2bb11cea73b0e23d0dcd54422139b1a7f12e962c4
			0281a102c82820e811368c8d028cf11b1a985043b726b1bcdb8fce89b27384b2cb


[2026-04-22T13:20:22-05:00] DEBUG ClientSession.DialStream [dmsgC]: Stream closed on failure. close_error=<nil> dst_addr=0336c02fb94f1fac308bf9a374d36b744bf3ba50378f486d17cac3168aed46b9cd:100 error="i/o deadline reached" ports_reserved=13 session=0281a102c82820e811368c8d028cf11b1a985043b726b1bcdb8fce89b27384b2cb
[2026-04-22T13:20:22-05:00] DEBUG [dmsgC]: DialStream failed, trying next session error="i/o deadline reached" server=0281a102c82820e811368c8d028cf11b1a985043b726b1bcdb8fce89b27384b2cb
[2026-04-22T13:20:22-05:00] DEBUG [dht]: PutValue failed error="dht dmsg dial 0336c02f: dmsg error 202 - cannot connect to delegated server" peer=0336c02f
[2026-04-22T13:20:23-05:00] DEBUG [dht]: PutValue failed error="dht: remote rejected put: dht: sequence number must increase" peer=03b5a284
[2026-04-22T13:20:23-05:00] DEBUG [dht]: PutValue failed error="dht: remote rejected put: dht: sequence number must increase" peer=032a07b9
[2026-04-22T13:20:23-05:00] DEBUG [dht]: PutValue failed error="dht: remote rejected put: dht: sequence number must increase" peer=025c9a88
[2026-04-22T13:20:24-05:00] DEBUG [dht]: PutValue failed error="dht: remote rejected put: dht: sequence number must increase" peer=035c27a3
[2026-04-22T13:20:25-05:00] DEBUG [dht]: PutValue failed error="dht: remote rejected put: dht: sequence number must increase" peer=02df744c
[2026-04-22T13:20:25-05:00] DEBUG [dht]: PutValue failed error="dht: remote rejected put: dht: sequence number must increase" peer=023d00ea
[2026-04-22T13:20:25-05:00] DEBUG [transport_manager]: Error dialing transport to 03c758a0daabab4b4bbd524cf46306212818b051b9d92949bd8acdf6226aad32e6 via sudph: mt.client.Dial: handshake failed: timeout

[2026-04-22T13:20:25-05:00] WARN [public_autoconnect]: Failed to add transport error="save transport: mt.client.Dial: handshake failed: timeout
" pk=03c758a0daabab4b4bbd524cf46306212818b051b9d92949bd8acdf6226aad32e6 type=sudph
[2026-04-22T13:20:26-05:00] DEBUG [public_autoconnect]: Trying to add transport pk=0332a0fcf643a9d4a56ba252e6a6e67bab885d0cb4ec942f8b93c40c0df5152b09 type=sudph
[2026-04-22T13:20:26-05:00] DEBUG [transport_manager]: Initializing TP with ID 73d8156c-ef6e-05f1-9579-7615935fffbd
[2026-04-22T13:20:26-05:00] DEBUG [transport_manager]: Dialing transport to 0332a0fcf643a9d4a56ba252e6a6e67bab885d0cb4ec942f8b93c40c0df5152b09 via sudph
[2026-04-22T13:20:26-05:00] DEBUG [dht]: PutValue failed error="dht: remote rejected put: dht: sequence number must increase" peer=0315597d
[2026-04-22T13:20:27-05:00] DEBUG [sudph]: Resolved PK 0332a0fcf643a9d4a56ba252e6a6e67bab885d0cb4ec942f8b93c40c0df5152b09 to visor data {182.8.99.234:6484 false {54437 [127.0.0.1 192.168.1.63 ::1 2404:c0:b602:a553:459b:fe26:77b:3302 2404:c0:b602:a553:e659:61ae:7184:635d]}}
[2026-04-22T13:20:27-05:00] DEBUG [sudph]: Dialing public address: 182.8.99.234:6484
[2026-04-22T13:20:27-05:00] DEBUG [sudph]: Dialing 182.8.99.234:6484
[2026-04-22T13:20:27-05:00] DEBUG [sudph]: Dialed 182.8.99.234:6484
[2026-04-22T13:20:27-05:00] DEBUG [sudph]: Performing handshake with 182.8.99.234:6484
[2026-04-22T13:20:31-05:00] DEBUG ClientSession.DialStream [dmsgC]: Stream closed on failure. close_error=<nil> dst_addr=02baf05fa7f7cdfa64da8155d050df231e7543704e1fe4976ddc851ed5f2bbf7f5:100 error="i/o deadline reached" ports_reserved=14 session=0326978f5a53aff537dbb47fed58b1f123af3b00132d365f1309a14db4168dcff7
[2026-04-22T13:20:31-05:00] DEBUG [dmsgC]: DialStream failed via cached route, evicting error="i/o deadline reached" server=0326978f5a53aff537dbb47fed58b1f123af3b00132d365f1309a14db4168dcff7
[2026-04-22T13:20:37-05:00] DEBUG [transport_manager]: Error dialing transport to 0332a0fcf643a9d4a56ba252e6a6e67bab885d0cb4ec942f8b93c40c0df5152b09 via sudph: mt.client.Dial: handshake failed: timeout

[2026-04-22T13:20:37-05:00] WARN [public_autoconnect]: Failed to add transport error="save transport: mt.client.Dial: handshake failed: timeout
" pk=0332a0fcf643a9d4a56ba252e6a6e67bab885d0cb4ec942f8b93c40c0df5152b09 type=sudph
[2026-04-22T13:20:37-05:00] DEBUG [public_autoconnect]: Trying to add transport pk=0365544c33b265436822c2244545aa9508832975f1640b92f5048be54ecdb78ead type=sudph
[2026-04-22T13:20:37-05:00] DEBUG [transport_manager]: Initializing TP with ID ba53480d-0e9b-0726-b5ca-2997d92403b9
[2026-04-22T13:20:37-05:00] DEBUG [transport_manager]: Dialing transport to 0365544c33b265436822c2244545aa9508832975f1640b92f5048be54ecdb78ead via sudph
[2026-04-22T13:20:38-05:00] DEBUG [sudph]: Resolved PK 0365544c33b265436822c2244545aa9508832975f1640b92f5048be54ecdb78ead to visor data {217.138.195.19:50644 false {44213 [127.0.0.1 192.168.1.108 ::1]}}
[2026-04-22T13:20:38-05:00] DEBUG [sudph]: Dialing public address: 217.138.195.19:50644
[2026-04-22T13:20:38-05:00] DEBUG [sudph]: Dialing 217.138.195.19:50644
[2026-04-22T13:20:38-05:00] DEBUG [sudph]: Dialed 217.138.195.19:50644
[2026-04-22T13:20:38-05:00] DEBUG [sudph]: Performing handshake with 217.138.195.19:50644
[2026-04-22T13:20:39-05:00] DEBUG ClientSession.DialStream [dmsgC]: Stream closed on failure. close_error=<nil> dst_addr=0246834bf9cf11972cdd17bc0389076ab2d1c405f95437ef95e7d5ee860229ea8b:100 error="i/o deadline reached" ports_reserved=15 session=0281a102c82820e811368c8d028cf11b1a985043b726b1bcdb8fce89b27384b2cb
[2026-04-22T13:20:39-05:00] DEBUG [dmsgC]: DialStream failed, trying next session error="i/o deadline reached" server=0281a102c82820e811368c8d028cf11b1a985043b726b1bcdb8fce89b27384b2cb
[2026-04-22T13:20:44-05:00] DEBUG ClientSession.DialStream [dmsgC]: Stream closed on failure. close_error=<nil> dst_addr=0246834bf9cf11972cdd17bc0389076ab2d1c405f95437ef95e7d5ee860229ea8b:100 error="i/o deadline reached" ports_reserved=15 session=03717576ada5b1744e395c66c2bb11cea73b0e23d0dcd54422139b1a7f12e962c4
[2026-04-22T13:20:44-05:00] DEBUG [dmsgC]: DialStream failed, trying next session error="i/o deadline reached" server=03717576ada5b1744e395c66c2bb11cea73b0e23d0dcd54422139b1a7f12e962c4
[2026-04-22T13:20:44-05:00] DEBUG ClientSession.DialStream [dmsgC]: Stream closed on failure. close_error=<nil> dst_addr=0246834bf9cf11972cdd17bc0389076ab2d1c405f95437ef95e7d5ee860229ea8b:100 error="context deadline exceeded" ports_reserved=15 session=03717576ada5b1744e395c66c2bb11cea73b0e23d0dcd54422139b1a7f12e962c4
[2026-04-22T13:20:44-05:00] DEBUG [dmsgC]: DialStream failed via new session, trying next server error="context deadline exceeded" server=03717576ada5b1744e395c66c2bb11cea73b0e23d0dcd54422139b1a7f12e962c4
[2026-04-22T13:20:46-05:00] DEBUG [cli_rpc]: CLI RPC stats: active=0, total=2, errors=0, peak=1
[2026-04-22T13:20:48-05:00] DEBUG [transport_manager]: Error dialing transport to 0365544c33b265436822c2244545aa9508832975f1640b92f5048be54ecdb78ead via sudph: mt.client.Dial: handshake failed: timeout

[2026-04-22T13:20:48-05:00] WARN [public_autoconnect]: Failed to add transport error="save transport: mt.client.Dial: handshake failed: timeout
" pk=0365544c33b265436822c2244545aa9508832975f1640b92f5048be54ecdb78ead type=sudph
[2026-04-22T13:20:49-05:00] DEBUG [public_autoconnect]: Trying to add transport pk=03e8ba9b72b48bb91f89939da523e61c8ec97a68258f7fdde48a374b9ee5b709e5 type=sudph
[2026-04-22T13:20:49-05:00] DEBUG [transport_manager]: Initializing TP with ID 230872d4-2248-08da-b2b8-154ec6cc37e3
[2026-04-22T13:20:49-05:00] DEBUG [transport_manager]: Dialing transport to 03e8ba9b72b48bb91f89939da523e61c8ec97a68258f7fdde48a374b9ee5b709e5 via sudph
[2026-04-22T13:20:50-05:00] DEBUG [sudph]: Resolved PK 03e8ba9b72b48bb91f89939da523e61c8ec97a68258f7fdde48a374b9ee5b709e5 to visor data {104.136.22.124:46009 false {46009 [127.0.0.1 192.168.0.8 ::1]}}
[2026-04-22T13:20:50-05:00] DEBUG [sudph]: Dialing public address: 104.136.22.124:46009
[2026-04-22T13:20:50-05:00] DEBUG [sudph]: Dialing 104.136.22.124:46009
[2026-04-22T13:20:50-05:00] DEBUG [sudph]: Dialed 104.136.22.124:46009
[2026-04-22T13:20:50-05:00] DEBUG [sudph]: Performing handshake with 104.136.22.124:46009
[2026-04-22T13:20:51-05:00] DEBUG ClientSession.DialStream [dmsgC]: Stream closed on failure. close_error=<nil> dst_addr=02379bac43d2bb1d135f785b3a4c0adc41a2f2672225649da47fa68e2c6d8b6617:100 error="i/o deadline reached" ports_reserved=16 session=0281a102c82820e811368c8d028cf11b1a985043b726b1bcdb8fce89b27384b2cb
[2026-04-22T13:20:51-05:00] DEBUG [dmsgC]: DialStream failed, trying next session error="i/o deadline reached" server=0281a102c82820e811368c8d028cf11b1a985043b726b1bcdb8fce89b27384b2cb
[2026-04-22T13:20:56-05:00] DEBUG ClientSession.DialStream [dmsgC]: Stream closed on failure. close_error=<nil> dst_addr=02379bac43d2bb1d135f785b3a4c0adc41a2f2672225649da47fa68e2c6d8b6617:100 error="i/o deadline reached" ports_reserved=16 session=0326978f5a53aff537dbb47fed58b1f123af3b00132d365f1309a14db4168dcff7
[2026-04-22T13:20:56-05:00] DEBUG [dmsgC]: DialStream failed, trying next session error="i/o deadline reached" server=0326978f5a53aff537dbb47fed58b1f123af3b00132d365f1309a14db4168dcff7
[2026-04-22T13:20:57-05:00] DEBUG [dht]: PutValue failed error="dht: remote rejected put: dht: sequence number must increase" peer=02f10e04
[2026-04-22T13:20:58-05:00] DEBUG [dht]: PutValue failed error="dht: remote rejected put: dht: sequence number must increase" peer=032f1e09
[2026-04-22T13:20:58-05:00] DEBUG [dht]: PutValue failed error="dht: remote rejected put: dht: sequence number must increase" peer=0207abc2
[2026-04-22T13:20:59-05:00] DEBUG [dht]: PutValue failed error="dht: remote rejected put: dht: sequence number must increase" peer=03415ebc
[2026-04-22T13:20:59-05:00] DEBUG [dht]: PutValue failed error="dht dmsg dial 02a49bc0: dmsg error 102 - entry is not of client in discovery" peer=02a49bc0
[2026-04-22T13:21:00-05:00] DEBUG [transport_manager]: Error dialing transport to 03e8ba9b72b48bb91f89939da523e61c8ec97a68258f7fdde48a374b9ee5b709e5 via sudph: mt.client.Dial: handshake failed: timeout

[2026-04-22T13:21:00-05:00] WARN [public_autoconnect]: Failed to add transport error="save transport: mt.client.Dial: handshake failed: timeout
" pk=03e8ba9b72b48bb91f89939da523e61c8ec97a68258f7fdde48a374b9ee5b709e5 type=sudph
[2026-04-22T13:21:04-05:00] DEBUG ClientSession.DialStream [dmsgC]: Stream closed on failure. close_error=<nil> dst_addr=03021f2f90ccdb8a7f563125d40327c00b5ca38777fca1709148ad63dbffc39336:100 error="i/o deadline reached" ports_reserved=18 session=0326978f5a53aff537dbb47fed58b1f123af3b00132d365f1309a14db4168dcff7
[2026-04-22T13:21:04-05:00] DEBUG [dmsgC]: DialStream failed via cached route, evicting error="i/o deadline reached" server=0326978f5a53aff537dbb47fed58b1f123af3b00132d365f1309a14db4168dcff7
[2026-04-22T13:21:05-05:00] DEBUG [dht]: PutValue failed error="dht: remote rejected put: dht: sequence number must increase" peer=03021f2f
[2026-04-22T13:21:05-05:00] DEBUG ClientSession.DialStream [dmsgC]: Stream closed on failure. close_error=<nil> dst_addr=028521452202cb3cccd4069bab49fad428f8d3624e06963c1dd7ee8d6366f49845:136 error="i/o deadline reached" ports_reserved=17 session=0326978f5a53aff537dbb47fed58b1f123af3b00132d365f1309a14db4168dcff7
[2026-04-22T13:21:05-05:00] DEBUG [dmsgC]: DialStream failed, trying next session error="i/o deadline reached" server=0326978f5a53aff537dbb47fed58b1f123af3b00132d365f1309a14db4168dcff7
[2026-04-22T13:21:05-05:00] DEBUG ClientSession.DialStream [dmsgC]: Stream closed on failure. close_error=<nil> dst_addr=028521452202cb3cccd4069bab49fad428f8d3624e06963c1dd7ee8d6366f49845:136 error="context deadline exceeded" ports_reserved=17 session=0281a102c82820e811368c8d028cf11b1a985043b726b1bcdb8fce89b27384b2cb
[2026-04-22T13:21:05-05:00] DEBUG [dmsgC]: DialStream failed via new session, trying next server error="context deadline exceeded" server=0281a102c82820e811368c8d028cf11b1a985043b726b1bcdb8fce89b27384b2cb
[2026-04-22T13:21:05-05:00] DEBUG [public_autoconnect]: Skipping visor: dmsg probe failed (unreachable) pk=028521452202cb3cccd4069bab49fad428f8d3624e06963c1dd7ee8d6366f49845 type=sudph
[2026-04-22T13:21:08-05:00] DEBUG [dht]: PutValue failed error="dht: remote rejected put: dht: sequence number must increase" peer=0281a102
[2026-04-22T13:21:09-05:00] DEBUG [dht]: PutValue failed error="dht: remote rejected put: dht: sequence number must increase" peer=0324d126
[2026-04-22T13:21:11-05:00] DEBUG [tpd_concurrency]: TPD query returned client error (4xx), not retrying error="404 Not Found: {"error":"transport not found"}"
[2026-04-22T13:21:12-05:00] DEBUG ClientSession.DialStream [dmsgC]: Stream closed on failure. close_error=<nil> dst_addr=02866ae2f0217b8f6ed415c68b7f6110f5e31bbe1735ae6288b7c4eea90632fe86:136 error="i/o deadline reached" ports_reserved=18 session=0326978f5a53aff537dbb47fed58b1f123af3b00132d365f1309a14db4168dcff7
[2026-04-22T13:21:12-05:00] DEBUG [dmsgC]: DialStream failed, trying next session error="i/o deadline reached" server=0326978f5a53aff537dbb47fed58b1f123af3b00132d365f1309a14db4168dcff7
[2026-04-22T13:21:12-05:00] DEBUG ClientSession.DialStream [dmsgC]: Stream closed on failure. close_error=<nil> dst_addr=02866ae2f0217b8f6ed415c68b7f6110f5e31bbe1735ae6288b7c4eea90632fe86:136 error="context deadline exceeded" ports_reserved=18 session=03717576ada5b1744e395c66c2bb11cea73b0e23d0dcd54422139b1a7f12e962c4
[2026-04-22T13:21:12-05:00] DEBUG [dmsgC]: DialStream failed via new session, trying next server error="context deadline exceeded" server=03717576ada5b1744e395c66c2bb11cea73b0e23d0dcd54422139b1a7f12e962c4
[2026-04-22T13:21:12-05:00] DEBUG ClientSession.DialStream [dmsgC]: Stream closed on failure. close_error=<nil> dst_addr=02866ae2f0217b8f6ed415c68b7f6110f5e31bbe1735ae6288b7c4eea90632fe86:136 error="context deadline exceeded" ports_reserved=18 session=0326978f5a53aff537dbb47fed58b1f123af3b00132d365f1309a14db4168dcff7
[2026-04-22T13:21:12-05:00] DEBUG [dmsgC]: DialStream failed via new session, trying next server error="context deadline exceeded" server=0326978f5a53aff537dbb47fed58b1f123af3b00132d365f1309a14db4168dcff7
[2026-04-22T13:21:12-05:00] DEBUG [public_autoconnect]: Skipping visor: dmsg probe failed (unreachable) pk=02866ae2f0217b8f6ed415c68b7f6110f5e31bbe1735ae6288b7c4eea90632fe86 type=sudph
[2026-04-22T13:21:12-05:00] DEBUG [public_autoconnect]: Trying to add transport pk=03296bed7e48469d41421d927266ea066ee8b21ea91f5a4909e3bd218a3fb69f8f type=sudph
[2026-04-22T13:21:12-05:00] DEBUG [transport_manager]: Initializing TP with ID b035b9b5-b1b6-0318-be5a-f3609258ef81
[2026-04-22T13:21:12-05:00] DEBUG [transport_manager]: Dialing transport to 03296bed7e48469d41421d927266ea066ee8b21ea91f5a4909e3bd218a3fb69f8f via sudph
[2026-04-22T13:21:13-05:00] DEBUG [sudph]: Resolved PK 03296bed7e48469d41421d927266ea066ee8b21ea91f5a4909e3bd218a3fb69f8f to visor data {104.136.22.124:43680 false {43680 [127.0.0.1 192.168.0.5 ::1]}}
[2026-04-22T13:21:13-05:00] DEBUG [sudph]: Dialing public address: 104.136.22.124:43680
[2026-04-22T13:21:13-05:00] DEBUG [sudph]: Dialing 104.136.22.124:43680
[2026-04-22T13:21:13-05:00] DEBUG [sudph]: Dialed 104.136.22.124:43680
[2026-04-22T13:21:13-05:00] DEBUG [sudph]: Performing handshake with 104.136.22.124:43680
[2026-04-22T13:21:15-05:00] DEBUG ClientSession.DialStream [dmsgC]: Stream closed on failure. close_error=<nil> dst_addr=0246834bf9cf11972cdd17bc0389076ab2d1c405f95437ef95e7d5ee860229ea8b:100 error="i/o deadline reached" ports_reserved=18 session=0281a102c82820e811368c8d028cf11b1a985043b726b1bcdb8fce89b27384b2cb
[2026-04-22T13:21:15-05:00] DEBUG [dmsgC]: DialStream failed, trying next session error="i/o deadline reached" server=0281a102c82820e811368c8d028cf11b1a985043b726b1bcdb8fce89b27384b2cb
[2026-04-22T13:21:16-05:00] DEBUG [cli_rpc]: CLI RPC stats: active=0, total=2, errors=0, peak=1
[2026-04-22T13:21:16-05:00] WARN [router]: closing conn from untrusted setup node: <nil>
[2026-04-22T13:21:16-05:00] WARN [self_probe]: Self-probe FAILED: dmsg listener unreachable (persistent) consecutive_failures=10 cooldown_remaining=3m1s port=80
[2026-04-22T13:21:20-05:00] DEBUG ClientSession.DialStream [dmsgC]: Stream closed on failure. close_error=<nil> dst_addr=0246834bf9cf11972cdd17bc0389076ab2d1c405f95437ef95e7d5ee860229ea8b:100 error="i/o deadline reached" ports_reserved=18 session=03717576ada5b1744e395c66c2bb11cea73b0e23d0dcd54422139b1a7f12e962c4
[2026-04-22T13:21:20-05:00] DEBUG [dmsgC]: DialStream failed, trying next session error="i/o deadline reached" server=03717576ada5b1744e395c66c2bb11cea73b0e23d0dcd54422139b1a7f12e962c4
[2026-04-22T13:21:20-05:00] DEBUG ClientSession.DialStream [dmsgC]: Stream closed on failure. close_error=<nil> dst_addr=0246834bf9cf11972cdd17bc0389076ab2d1c405f95437ef95e7d5ee860229ea8b:100 error="context deadline exceeded" ports_reserved=18 session=03717576ada5b1744e395c66c2bb11cea73b0e23d0dcd54422139b1a7f12e962c4
[2026-04-22T13:21:20-05:00] DEBUG [dmsgC]: DialStream failed via new session, trying next server error="context deadline exceeded" server=03717576ada5b1744e395c66c2bb11cea73b0e23d0dcd54422139b1a7f12e962c4
[2026-04-22T13:21:20-05:00] DEBUG [dht]: PutValue failed error="dht dmsg dial 0246834b: dmsg error 202 - cannot connect to delegated server" peer=0246834b
[2026-04-22T13:21:21-05:00] DEBUG [dmsgC]: Updating entry.
 entry=	version: 0.0.1
	sequence: 10
	registered at: 1776882021371910644
	static public key: 0282213369836321323dfaa492564ceb8a9a5e7e8ff044c46c92949a787ec51fb0
	signature: 9f25a2ca45c95c35097275781be926c9045a9e65b3d1dbf9350df9c485573d5755740b9e4d56199dbacb410950ded2cc290720020fe8e1b0845d6f552a24ab2001
	entry is registered as client. Related info: 
		delegated servers: 
			0326978f5a53aff537dbb47fed58b1f123af3b00132d365f1309a14db4168dcff7
			03717576ada5b1744e395c66c2bb11cea73b0e23d0dcd54422139b1a7f12e962c4
			0281a102c82820e811368c8d028cf11b1a985043b726b1bcdb8fce89b27384b2cb


[2026-04-22T13:21:23-05:00] DEBUG [transport_manager]: Error dialing transport to 03296bed7e48469d41421d927266ea066ee8b21ea91f5a4909e3bd218a3fb69f8f via sudph: mt.client.Dial: handshake failed: timeout

[2026-04-22T13:21:23-05:00] WARN [public_autoconnect]: Failed to add transport error="save transport: mt.client.Dial: handshake failed: timeout
" pk=03296bed7e48469d41421d927266ea066ee8b21ea91f5a4909e3bd218a3fb69f8f type=sudph
[2026-04-22T13:21:24-05:00] DEBUG [public_autoconnect]: Trying to add transport pk=03d18552fdfdf4414bc4009a862382dd5fcb90db65d583208b1b29e9de7fa6b8ca type=sudph
[2026-04-22T13:21:24-05:00] DEBUG [transport_manager]: Initializing TP with ID aadf44f0-ab14-0257-b70e-252fc510897f
[2026-04-22T13:21:24-05:00] DEBUG [transport_manager]: Dialing transport to 03d18552fdfdf4414bc4009a862382dd5fcb90db65d583208b1b29e9de7fa6b8ca via sudph
[2026-04-22T13:21:25-05:00] DEBUG ClientSession.DialStream [dmsgC]: Stream closed on failure. close_error=<nil> dst_addr=03cf0b005bd8ff120b8389722547f48e11e14414895c5f36d64071dfab0df9bbd2:100 error="i/o deadline reached" ports_reserved=19 session=03717576ada5b1744e395c66c2bb11cea73b0e23d0dcd54422139b1a7f12e962c4
[2026-04-22T13:21:25-05:00] DEBUG [dmsgC]: DialStream failed via cached route, evicting error="i/o deadline reached" server=03717576ada5b1744e395c66c2bb11cea73b0e23d0dcd54422139b1a7f12e962c4
[2026-04-22T13:21:25-05:00] DEBUG [sudph]: Resolved PK 03d18552fdfdf4414bc4009a862382dd5fcb90db65d583208b1b29e9de7fa6b8ca to visor data {123.50.139.49:38988 false {38988 [127.0.0.1 192.168.0.8 ::1]}}
[2026-04-22T13:21:25-05:00] DEBUG [sudph]: Dialing public address: 123.50.139.49:38988
[2026-04-22T13:21:25-05:00] DEBUG [sudph]: Dialing 123.50.139.49:38988
[2026-04-22T13:21:25-05:00] DEBUG [sudph]: Dialed 123.50.139.49:38988
[2026-04-22T13:21:25-05:00] DEBUG [sudph]: Performing handshake with 123.50.139.49:38988
[2026-04-22T13:21:30-05:00] DEBUG ClientSession.DialStream [dmsgC]: Stream closed on failure. close_error=<nil> dst_addr=03cf0b005bd8ff120b8389722547f48e11e14414895c5f36d64071dfab0df9bbd2:100 error="i/o deadline reached" ports_reserved=19 session=0326978f5a53aff537dbb47fed58b1f123af3b00132d365f1309a14db4168dcff7
[2026-04-22T13:21:30-05:00] DEBUG [dmsgC]: DialStream failed, trying next session error="i/o deadline reached" server=0326978f5a53aff537dbb47fed58b1f123af3b00132d365f1309a14db4168dcff7
[2026-04-22T13:21:30-05:00] DEBUG [dht]: PutValue failed error="dht dmsg dial 03cf0b00: dmsg error 202 - cannot connect to delegated server" peer=03cf0b00
[2026-04-22T13:21:31-05:00] DEBUG [dht]: PutValue failed error="dht: remote rejected put: dht: sequence number must increase" peer=0280df7c
[2026-04-22T13:21:31-05:00] DEBUG [dht]: PutValue failed error="dht: remote rejected put: dht: sequence number must increase" peer=02bc5f24
[2026-04-22T13:21:32-05:00] DEBUG [dht]: PutValue failed error="dht: remote rejected put: dht: sequence number must increase" peer=02986fcf
[2026-04-22T13:21:32-05:00] DEBUG [dht]: PutValue failed error="dht: remote rejected put: dht: sequence number must increase" peer=031b5196
[2026-04-22T13:21:33-05:00] DEBUG [dht]: PutValue failed error="dht: remote rejected put: dht: sequence number must increase" peer=022d2909
[2026-04-22T13:21:34-05:00] DEBUG [dht]: PutValue failed error="dht: remote rejected put: dht: sequence number must increase" peer=02d40845
[2026-04-22T13:21:35-05:00] DEBUG [dht]: PutValue failed error="dht: remote rejected put: dht: sequence number must increase" peer=036df68c
[2026-04-22T13:21:35-05:00] DEBUG [transport_manager]: Error dialing transport to 03d18552fdfdf4414bc4009a862382dd5fcb90db65d583208b1b29e9de7fa6b8ca via sudph: mt.client.Dial: handshake failed: timeout

[2026-04-22T13:21:35-05:00] WARN [public_autoconnect]: Failed to add transport error="save transport: mt.client.Dial: handshake failed: timeout
" pk=03d18552fdfdf4414bc4009a862382dd5fcb90db65d583208b1b29e9de7fa6b8ca type=sudph
[2026-04-22T13:21:36-05:00] DEBUG [stcpr]: Re-registering STCPR with address resolver
[2026-04-22T13:21:36-05:00] DEBUG httpClient.BindSTCPR [address_resolver]: Address resolver binding with: [192.168.1.118 70.121.13.123]
[2026-04-22T13:21:37-05:00] DEBUG [stcpr]: Successfully re-registered STCPR
[2026-04-22T13:21:40-05:00] DEBUG ClientSession.DialStream [dmsgC]: Stream closed on failure. close_error=<nil> dst_addr=02379bac43d2bb1d135f785b3a4c0adc41a2f2672225649da47fa68e2c6d8b6617:100 error="i/o deadline reached" ports_reserved=20 session=0281a102c82820e811368c8d028cf11b1a985043b726b1bcdb8fce89b27384b2cb
[2026-04-22T13:21:40-05:00] DEBUG [dmsgC]: DialStream failed, trying next session error="i/o deadline reached" server=0281a102c82820e811368c8d028cf11b1a985043b726b1bcdb8fce89b27384b2cb
[2026-04-22T13:21:40-05:00] DEBUG ClientSession.DialStream [dmsgC]: Stream closed on failure. close_error=<nil> dst_addr=0328066f61aa53707c75c5d17bd5102914568639f46f1a5e6af7238bb2246f9d1f:136 error="i/o deadline reached" ports_reserved=21 session=0281a102c82820e811368c8d028cf11b1a985043b726b1bcdb8fce89b27384b2cb
[2026-04-22T13:21:40-05:00] DEBUG [dmsgC]: DialStream failed, trying next session error="i/o deadline reached" server=0281a102c82820e811368c8d028cf11b1a985043b726b1bcdb8fce89b27384b2cb
[2026-04-22T13:21:40-05:00] DEBUG ClientSession.DialStream [dmsgC]: Stream closed on failure. close_error=<nil> dst_addr=0328066f61aa53707c75c5d17bd5102914568639f46f1a5e6af7238bb2246f9d1f:136 error="context deadline exceeded" ports_reserved=21 session=0281a102c82820e811368c8d028cf11b1a985043b726b1bcdb8fce89b27384b2cb
[2026-04-22T13:21:40-05:00] DEBUG [dmsgC]: DialStream failed via new session, trying next server error="context deadline exceeded" server=0281a102c82820e811368c8d028cf11b1a985043b726b1bcdb8fce89b27384b2cb
[2026-04-22T13:21:40-05:00] DEBUG [public_autoconnect]: Skipping visor: dmsg probe failed (unreachable) pk=0328066f61aa53707c75c5d17bd5102914568639f46f1a5e6af7238bb2246f9d1f type=sudph
[2026-04-22T13:21:40-05:00] DEBUG [public_autoconnect]: Public autoconnect cycle completed public_visors=3 stcpr=3 sudph=0
[2026-04-22T13:21:40-05:00] INFO [public_autoconnect]: Fetching public visors
[2026-04-22T13:21:40-05:00] DEBUG [public_autoconnect]: Found public visors=3
[2026-04-22T13:21:40-05:00] DEBUG [public_autoconnect]: Fetching all transport discovery data for caching
[2026-04-22T13:21:42-05:00] DEBUG [public_autoconnect]: Successfully cached transport discovery data cached_keys=1001
[2026-04-22T13:21:42-05:00] DEBUG [public_autoconnect]: Found visors to connect to total=412
[2026-04-22T13:21:43-05:00] DEBUG [public_autoconnect]: Cached SUDPH-capable visors from address resolver count=326
[2026-04-22T13:21:43-05:00] DEBUG [public_autoconnect]: Phase 1: Connecting to public visors via SUDPH
[2026-04-22T13:21:43-05:00] DEBUG [public_autoconnect]: Phase 2: Connecting to public visors via STCPR
[2026-04-22T13:21:43-05:00] DEBUG [public_autoconnect]: Phase 3: Connecting to other visors via SUDPH
[2026-04-22T13:21:43-05:00] DEBUG [public_autoconnect]: Trying to add transport pk=029c402eb5874202ead058a687c897f10b52ee8e1dc350d546d39e5bdaca61b0e2 type=sudph
[2026-04-22T13:21:43-05:00] DEBUG [transport_manager]: Initializing TP with ID 7e1c5e34-4480-08ff-be57-9e7adfd0818a
[2026-04-22T13:21:43-05:00] DEBUG [transport_manager]: Dialing transport to 029c402eb5874202ead058a687c897f10b52ee8e1dc350d546d39e5bdaca61b0e2 via sudph
[2026-04-22T13:21:44-05:00] DEBUG [sudph]: Resolved PK 029c402eb5874202ead058a687c897f10b52ee8e1dc350d546d39e5bdaca61b0e2 to visor data {140.213.115.180:47285 false {38803 [127.0.0.1 192.168.0.103 ::1]}}
[2026-04-22T13:21:44-05:00] DEBUG [sudph]: Dialing public address: 140.213.115.180:47285
[2026-04-22T13:21:44-05:00] DEBUG [sudph]: Dialing 140.213.115.180:47285
[2026-04-22T13:21:44-05:00] DEBUG [sudph]: Dialed 140.213.115.180:47285
[2026-04-22T13:21:44-05:00] DEBUG [sudph]: Performing handshake with 140.213.115.180:47285
[2026-04-22T13:21:45-05:00] DEBUG ClientSession.DialStream [dmsgC]: Stream closed on failure. close_error=<nil> dst_addr=02379bac43d2bb1d135f785b3a4c0adc41a2f2672225649da47fa68e2c6d8b6617:100 error="i/o deadline reached" ports_reserved=20 session=0326978f5a53aff537dbb47fed58b1f123af3b00132d365f1309a14db4168dcff7
[2026-04-22T13:21:45-05:00] DEBUG [dmsgC]: DialStream failed, trying next session error="i/o deadline reached" server=0326978f5a53aff537dbb47fed58b1f123af3b00132d365f1309a14db4168dcff7
[2026-04-22T13:21:45-05:00] DEBUG [dht]: PutValue failed error="dht dmsg dial 02379bac: dmsg error 202 - cannot connect to delegated server" peer=02379bac
[2026-04-22T13:21:45-05:00] DEBUG [dht]: PutValue failed error="dht dmsg dial 02a2d4c3: dmsg error 102 - entry is not of client in discovery" peer=02a2d4c3
[2026-04-22T13:21:46-05:00] DEBUG [cli_rpc]: CLI RPC stats: active=0, total=2, errors=0, peak=1
[2026-04-22T13:21:46-05:00] DEBUG [dht]: PutValue failed error="dht: remote rejected put: dht: sequence number must increase" peer=02d5c4e5
[2026-04-22T13:21:52-05:00] DEBUG ClientSession.DialStream [dmsgC]: Stream closed on failure. close_error=<nil> dst_addr=0334eb10c1c55c25637083c0dca63a56108b04ddc6da6bde879b665367e17967b6:100 error="i/o deadline reached" ports_reserved=21 session=0281a102c82820e811368c8d028cf11b1a985043b726b1bcdb8fce89b27384b2cb
[2026-04-22T13:21:52-05:00] DEBUG [dmsgC]: DialStream failed via cached route, evicting error="i/o deadline reached" server=0281a102c82820e811368c8d028cf11b1a985043b726b1bcdb8fce89b27384b2cb
[2026-04-22T13:21:54-05:00] DEBUG [transport_manager]: Error dialing transport to 029c402eb5874202ead058a687c897f10b52ee8e1dc350d546d39e5bdaca61b0e2 via sudph: mt.client.Dial: handshake failed: timeout

[2026-04-22T13:21:54-05:00] WARN [public_autoconnect]: Failed to add transport error="save transport: mt.client.Dial: handshake failed: timeout
" pk=029c402eb5874202ead058a687c897f10b52ee8e1dc350d546d39e5bdaca61b0e2 type=sudph
[2026-04-22T13:21:55-05:00] DEBUG [public_autoconnect]: Trying to add transport pk=0389dcf00bbe787adb62e16890e8fca6a77a86dc648c96047767310b297ca9a474 type=sudph
[2026-04-22T13:21:55-05:00] DEBUG [transport_manager]: Initializing TP with ID 9831d67b-c683-0c53-ac2c-774d7387385b
[2026-04-22T13:21:55-05:00] DEBUG [transport_manager]: Dialing transport to 0389dcf00bbe787adb62e16890e8fca6a77a86dc648c96047767310b297ca9a474 via sudph
[2026-04-22T13:21:56-05:00] DEBUG [sudph]: Resolved PK 0389dcf00bbe787adb62e16890e8fca6a77a86dc648c96047767310b297ca9a474 to visor data {123.50.139.49:42296 false {42296 [127.0.0.1 192.168.0.9 ::1]}}
[2026-04-22T13:21:56-05:00] DEBUG [sudph]: Dialing public address: 123.50.139.49:42296
[2026-04-22T13:21:56-05:00] DEBUG [sudph]: Dialing 123.50.139.49:42296
[2026-04-22T13:21:56-05:00] DEBUG [sudph]: Dialed 123.50.139.49:42296
[2026-04-22T13:21:56-05:00] DEBUG [sudph]: Performing handshake with 123.50.139.49:42296
[2026-04-22T13:22:01-05:00] DEBUG ClientSession.DialStream [dmsgC]: Stream closed on failure. close_error=<nil> dst_addr=03b5a2848c732aa6cccd2eae61f9d3991be050389433beddcef05a8cb85d70a3e0:100 error="i/o deadline reached" ports_reserved=23 session=0326978f5a53aff537dbb47fed58b1f123af3b00132d365f1309a14db4168dcff7
[2026-04-22T13:22:01-05:00] DEBUG [dmsgC]: DialStream failed via cached route, evicting error="i/o deadline reached" server=0326978f5a53aff537dbb47fed58b1f123af3b00132d365f1309a14db4168dcff7
[2026-04-22T13:22:01-05:00] DEBUG ClientSession.DialStream [dmsgC]: Stream closed on failure. close_error=<nil> dst_addr=0336c02fb94f1fac308bf9a374d36b744bf3ba50378f486d17cac3168aed46b9cd:100 error="i/o deadline reached" ports_reserved=24 session=0326978f5a53aff537dbb47fed58b1f123af3b00132d365f1309a14db4168dcff7
[2026-04-22T13:22:01-05:00] DEBUG [dmsgC]: DialStream failed, trying next session error="i/o deadline reached" server=0326978f5a53aff537dbb47fed58b1f123af3b00132d365f1309a14db4168dcff7
[2026-04-22T13:22:06-05:00] DEBUG [transport_manager]: Error dialing transport to 0389dcf00bbe787adb62e16890e8fca6a77a86dc648c96047767310b297ca9a474 via sudph: mt.client.Dial: handshake failed: timeout

[2026-04-22T13:22:06-05:00] WARN [public_autoconnect]: Failed to add transport error="save transport: mt.client.Dial: handshake failed: timeout
" pk=0389dcf00bbe787adb62e16890e8fca6a77a86dc648c96047767310b297ca9a474 type=sudph
[2026-04-22T13:22:06-05:00] DEBUG ClientSession.DialStream [dmsgC]: Stream closed on failure. close_error=<nil> dst_addr=0336c02fb94f1fac308bf9a374d36b744bf3ba50378f486d17cac3168aed46b9cd:100 error="i/o deadline reached" ports_reserved=24 session=0281a102c82820e811368c8d028cf11b1a985043b726b1bcdb8fce89b27384b2cb
[2026-04-22T13:22:06-05:00] DEBUG [dmsgC]: DialStream failed, trying next session error="i/o deadline reached" server=0281a102c82820e811368c8d028cf11b1a985043b726b1bcdb8fce89b27384b2cb
[2026-04-22T13:22:07-05:00] DEBUG [public_autoconnect]: Trying to add transport pk=023fb925bc56b35656c1e930b5593617a4c413a961610639c92125670513ffd3a9 type=sudph
[2026-04-22T13:22:07-05:00] DEBUG [transport_manager]: Initializing TP with ID b43699f7-eb54-09bf-b6b5-f2c72a9ea5fa
[2026-04-22T13:22:07-05:00] DEBUG [transport_manager]: Dialing transport to 023fb925bc56b35656c1e930b5593617a4c413a961610639c92125670513ffd3a9 via sudph
[2026-04-22T13:22:07-05:00] DEBUG [visor]: Saving transport to 0282213369836321323dfaa492564ceb8a9a5e7e8ff044c46c92949a787ec51fb0 via dmsg with label skycoin
[2026-04-22T13:22:07-05:00] DEBUG [transport_manager]: Initializing TP with ID 0c9ecea4-f8f8-0af5-8d92-8e0dca975f9f
[2026-04-22T13:22:07-05:00] DEBUG [transport_manager]: Using no-op discovery client for self-transport
[2026-04-22T13:22:07-05:00] DEBUG [transport_manager]: Dialing transport to 0282213369836321323dfaa492564ceb8a9a5e7e8ff044c46c92949a787ec51fb0 via dmsg
[2026-04-22T13:22:07-05:00] DEBUG [transport_manager]: recv transport request: type(dmsg) remote(0282213369836321323dfaa492564ceb8a9a5e7e8ff044c46c92949a787ec51fb0)
[2026-04-22T13:22:07-05:00] DEBUG [transport_manager]: No TP found, creating new one
[2026-04-22T13:22:07-05:00] DEBUG [transport_manager]: Using no-op discovery client for self-transport (accept)
[2026-04-22T13:22:07-05:00] DEBUG [tp:028221]: Skipping settlement handshake for self-connection (noop discovery client)
[2026-04-22T13:22:07-05:00] DEBUG [tp:028221]: Serving. remote_pk=0282213369836321323dfaa492564ceb8a9a5e7e8ff044c46c92949a787ec51fb0 tp_id=0c9ecea4-f8f8-0af5-8d92-8e0dca975f9f tp_index=4
[2026-04-22T13:22:07-05:00] DEBUG [tp:028221]: Setting underlying transport...
[2026-04-22T13:22:07-05:00] DEBUG [tp:028221]: Sent signal to 'mt.transportCh'.
[2026-04-22T13:22:07-05:00] DEBUG [transport_manager]: accepted tp: type(dmsg) remote(0282213369836321323dfaa492564ceb8a9a5e7e8ff044c46c92949a787ec51fb0) tpID(0c9ecea4-f8f8-0af5-8d92-8e0dca975f9f) new(true)
[2026-04-22T13:22:07-05:00] DEBUG [transport_manager]: Registration nudge received, debouncing...
[2026-04-22T13:22:07-05:00] DEBUG [tp:028221]: Skipping settlement handshake for self-connection (noop discovery client)
[2026-04-22T13:22:07-05:00] DEBUG [tp:028221]: Sent signal to 'mt.transportCh'.
[2026-04-22T13:22:07-05:00] DEBUG [transport_manager]: saved transport: remote(0282213369836321323dfaa492564ceb8a9a5e7e8ff044c46c92949a787ec51fb0) type(dmsg) tpID(0c9ecea4-f8f8-0af5-8d92-8e0dca975f9f)
[2026-04-22T13:22:07-05:00] DEBUG [tp:028221]: Serving. remote_pk=0282213369836321323dfaa492564ceb8a9a5e7e8ff044c46c92949a787ec51fb0 tp_id=0c9ecea4-f8f8-0af5-8d92-8e0dca975f9f tp_index=5
[2026-04-22T13:22:07-05:00] DEBUG [visor]: Saved transport to 0282213369836321323dfaa492564ceb8a9a5e7e8ff044c46c92949a787ec51fb0 via dmsg, label skycoin
[2026-04-22T13:22:07-05:00] DEBUG [transportable]: Visor transportability check passed
[2026-04-22T13:22:07-05:00] DEBUG [transport_manager]: Deletion nudge received, debouncing...
[2026-04-22T13:22:07-05:00] DEBUG [tp:028221]: Stopped log loop
[2026-04-22T13:22:07-05:00] DEBUG [tp:028221]: Stopped serving. remaining_tps=4 remote_pk=0282213369836321323dfaa492564ceb8a9a5e7e8ff044c46c92949a787ec51fb0 tp_id=0c9ecea4-f8f8-0af5-8d92-8e0dca975f9f tp_index=5
[2026-04-22T13:22:07-05:00] DEBUG readPacket [tp:028221]: Failed to read packet header. error=EOF
[2026-04-22T13:22:07-05:00] DEBUG [tp:028221]: Transport closed, stopping read loop error=EOF src="read_loop"
[2026-04-22T13:22:07-05:00] DEBUG readPacket [tp:028221]: Failed to read packet header. error=EOF
[2026-04-22T13:22:07-05:00] DEBUG [tp:028221]: Transport closed, stopping read loop error=EOF src="read_loop"
[2026-04-22T13:22:07-05:00] DEBUG [tp:028221]: Stopped log loop
[2026-04-22T13:22:07-05:00] DEBUG [tp:028221]: Stopped serving. remaining_tps=3 remote_pk=0282213369836321323dfaa492564ceb8a9a5e7e8ff044c46c92949a787ec51fb0 tp_id=0c9ecea4-f8f8-0af5-8d92-8e0dca975f9f tp_index=4
[2026-04-22T13:22:08-05:00] DEBUG [sudph]: Resolved PK 023fb925bc56b35656c1e930b5593617a4c413a961610639c92125670513ffd3a9 to visor data {123.50.139.49:53415 false {53415 [127.0.0.1 192.168.0.2 ::1]}}
[2026-04-22T13:22:08-05:00] DEBUG [sudph]: Dialing public address: 123.50.139.49:53415
[2026-04-22T13:22:08-05:00] DEBUG [sudph]: Dialing 123.50.139.49:53415
[2026-04-22T13:22:08-05:00] DEBUG [sudph]: Dialed 123.50.139.49:53415
[2026-04-22T13:22:08-05:00] DEBUG [sudph]: Performing handshake with 123.50.139.49:53415
[2026-04-22T13:22:12-05:00] DEBUG ClientSession.DialStream [dmsgC]: Stream closed on failure. close_error=<nil> dst_addr=02df744c491f4a0ec5a26b4817f47763145fb02bcf71ac547415babefef2dbaa65:100 error="i/o deadline reached" ports_reserved=24 session=0281a102c82820e811368c8d028cf11b1a985043b726b1bcdb8fce89b27384b2cb
[2026-04-22T13:22:12-05:00] DEBUG [dmsgC]: DialStream failed via cached route, evicting error="i/o deadline reached" server=0281a102c82820e811368c8d028cf11b1a985043b726b1bcdb8fce89b27384b2cb
[2026-04-22T13:22:12-05:00] DEBUG [transport_manager]: Batch deleting 2 transports from TPD
[2026-04-22T13:22:13-05:00] DEBUG [transport_manager]: Batch deleted 0/2 transports from TPD
[2026-04-22T13:22:14-05:00] DEBUG [dht]: PutValue failed error="dht: remote rejected put: dht: sequence number must increase" peer=03ce6a7b
[2026-04-22T13:22:15-05:00] DEBUG [dht]: Bootstrap ping failed error="dht dmsg dial 0371ab4b: dmsg error 102 - entry is not of client in discovery" pk=0371ab4b
[2026-04-22T13:22:15-05:00] DEBUG [dht]: PutValue failed error="dht: remote rejected put: dht: sequence number must increase" peer=0358ee2d
[2026-04-22T13:22:15-05:00] DEBUG [dht]: Bootstrap ping failed error="dht dmsg dial 02a49bc0: dmsg error 102 - entry is not of client in discovery" pk=02a49bc0
[2026-04-22T13:22:15-05:00] DEBUG [dht]: PutValue failed error="dht: remote rejected put: dht: sequence number must increase" peer=0334eb10
[2026-04-22T13:22:16-05:00] DEBUG [cli_rpc]: CLI RPC stats: active=0, total=2, errors=0, peak=1
[2026-04-22T13:22:16-05:00] WARN [router]: closing conn from untrusted setup node: <nil>
[2026-04-22T13:22:16-05:00] WARN [self_probe]: Self-probe FAILED: dmsg listener unreachable (persistent) consecutive_failures=11 cooldown_remaining=2m1s port=80
[2026-04-22T13:22:16-05:00] DEBUG [dht]: PutValue failed error="dht: remote rejected put: dht: sequence number must increase" peer=03797347
[2026-04-22T13:22:16-05:00] DEBUG [dht]: PutValue failed error="dht: remote rejected put: dht: sequence number must increase" peer=03abd117
[2026-04-22T13:22:17-05:00] DEBUG [dht]: PutValue failed error="dht: remote rejected put: dht: sequence number must increase" peer=0259e2df
[2026-04-22T13:22:18-05:00] DEBUG [transport_manager]: Error dialing transport to 023fb925bc56b35656c1e930b5593617a4c413a961610639c92125670513ffd3a9 via sudph: mt.client.Dial: handshake failed: timeout

[2026-04-22T13:22:18-05:00] WARN [public_autoconnect]: Failed to add transport error="save transport: mt.client.Dial: handshake failed: timeout
" pk=023fb925bc56b35656c1e930b5593617a4c413a961610639c92125670513ffd3a9 type=sudph
[2026-04-22T13:22:18-05:00] DEBUG [dht]: PutValue failed error="dht: remote rejected put: dht: sequence number must increase" peer=02e8ecb5
[2026-04-22T13:22:18-05:00] DEBUG [dht]: PutValue failed error="dht dmsg dial 02864d02: dmsg error 100 - entry is not found in discovery: entry of public key is not found" peer=02864d02
[2026-04-22T13:22:18-05:00] DEBUG [public_autoconnect]: Trying to add transport pk=0365544c33b265436822c2244545aa9508832975f1640b92f5048be54ecdb78ead type=sudph
[2026-04-22T13:22:18-05:00] DEBUG [transport_manager]: Initializing TP with ID ba53480d-0e9b-0726-b5ca-2997d92403b9
[2026-04-22T13:22:18-05:00] DEBUG [transport_manager]: Dialing transport to 0365544c33b265436822c2244545aa9508832975f1640b92f5048be54ecdb78ead via sudph
[2026-04-22T13:22:19-05:00] DEBUG [dht]: PutValue failed error="dht: remote rejected put: dht: sequence number must increase" peer=0371f571
[2026-04-22T13:22:19-05:00] DEBUG [dht]: PutValue failed error="dht: remote rejected put: dht: sequence number must increase" peer=03b647bc
[2026-04-22T13:22:19-05:00] DEBUG [sudph]: Resolved PK 0365544c33b265436822c2244545aa9508832975f1640b92f5048be54ecdb78ead to visor data {217.138.195.19:50644 false {44213 [127.0.0.1 192.168.1.108 ::1]}}
[2026-04-22T13:22:19-05:00] DEBUG [sudph]: Dialing public address: 217.138.195.19:50644
[2026-04-22T13:22:19-05:00] DEBUG [sudph]: Dialing 217.138.195.19:50644
[2026-04-22T13:22:19-05:00] DEBUG [sudph]: Dialed 217.138.195.19:50644
[2026-04-22T13:22:19-05:00] DEBUG [sudph]: Performing handshake with 217.138.195.19:50644
[2026-04-22T13:22:19-05:00] DEBUG [dht]: PutValue failed error="dht: remote rejected put: dht: sequence number must increase" peer=03b9ca7b
[2026-04-22T13:22:20-05:00] DEBUG [dht]: PutValue failed error="dht: remote rejected put: dht: sequence number must increase" peer=0215593f
[2026-04-22T13:22:20-05:00] DEBUG ClientSession.DialStream [dmsgC]: Stream closed on failure. close_error=<nil> dst_addr=0326978f5a53aff537dbb47fed58b1f123af3b00132d365f1309a14db4168dcff7:100 error="i/o deadline reached" ports_reserved=26 session=0326978f5a53aff537dbb47fed58b1f123af3b00132d365f1309a14db4168dcff7
[2026-04-22T13:22:20-05:00] DEBUG [dht]: Bootstrap ping failed error="dht dmsg dial 0326978f: dmsg error 102 - entry is not of client in discovery" pk=0326978f
[2026-04-22T13:22:21-05:00] DEBUG [dht]: Bootstrap ping failed error="dht dmsg dial 02a2d4c3: dmsg error 102 - entry is not of client in discovery" pk=02a2d4c3
[2026-04-22T13:22:22-05:00] DEBUG [dmsgC]: Updating entry.
 entry=	version: 0.0.1
	sequence: 11
	registered at: 1776882081924971880
	static public key: 0282213369836321323dfaa492564ceb8a9a5e7e8ff044c46c92949a787ec51fb0
	signature: 15151362a0ba1ee064e06b0d9e96eaf171f1837ee6c31d249ba08e79eaea293602c334d1decf3d906b236d12609d1cc0b031df1d3d1005042940a90ed23bf84601
	entry is registered as client. Related info: 
		delegated servers: 
			0326978f5a53aff537dbb47fed58b1f123af3b00132d365f1309a14db4168dcff7
			03717576ada5b1744e395c66c2bb11cea73b0e23d0dcd54422139b1a7f12e962c4
			0281a102c82820e811368c8d028cf11b1a985043b726b1bcdb8fce89b27384b2cb


[2026-04-22T13:22:25-05:00] DEBUG ClientSession.DialStream [dmsgC]: Stream closed on failure. close_error=<nil> dst_addr=0336c02fb94f1fac308bf9a374d36b744bf3ba50378f486d17cac3168aed46b9cd:100 error="i/o deadline reached" ports_reserved=27 session=0326978f5a53aff537dbb47fed58b1f123af3b00132d365f1309a14db4168dcff7
[2026-04-22T13:22:25-05:00] DEBUG [dmsgC]: DialStream failed, trying next session error="i/o deadline reached" server=0326978f5a53aff537dbb47fed58b1f123af3b00132d365f1309a14db4168dcff7
[2026-04-22T13:22:26-05:00] DEBUG ClientSession.DialStream [dmsgC]: Stream closed on failure. close_error=<nil> dst_addr=03717576ada5b1744e395c66c2bb11cea73b0e23d0dcd54422139b1a7f12e962c4:100 error="i/o deadline reached" ports_reserved=28 session=03717576ada5b1744e395c66c2bb11cea73b0e23d0dcd54422139b1a7f12e962c4
[2026-04-22T13:22:26-05:00] DEBUG [dht]: Bootstrap ping failed error="dht dmsg dial 03717576: dmsg error 102 - entry is not of client in discovery" pk=03717576
[2026-04-22T13:22:26-05:00] INFO [dht]: DHT bootstrap succeeded peers=1
[2026-04-22T13:22:27-05:00] DEBUG [dht]: PutValue failed error="dht: remote rejected put: dht: sequence number must increase" peer=0336c02f
[2026-04-22T13:22:27-05:00] DEBUG [dht]: PutValue failed error="dht: remote rejected put: dht: sequence number must increase" peer=03b5a284
[2026-04-22T13:22:28-05:00] DEBUG [dht]: PutValue failed error="dht: remote rejected put: dht: sequence number must increase" peer=032a07b9
[2026-04-22T13:22:29-05:00] DEBUG [dht]: PutValue failed error="dht: remote rejected put: dht: sequence number must increase" peer=025c9a88
[2026-04-22T13:22:29-05:00] DEBUG [transport_manager]: Error dialing transport to 0365544c33b265436822c2244545aa9508832975f1640b92f5048be54ecdb78ead via sudph: mt.client.Dial: handshake failed: timeout

[2026-04-22T13:22:29-05:00] WARN [public_autoconnect]: Failed to add transport error="save transport: mt.client.Dial: handshake failed: timeout
" pk=0365544c33b265436822c2244545aa9508832975f1640b92f5048be54ecdb78ead type=sudph
[2026-04-22T13:22:29-05:00] DEBUG [dht]: PutValue failed error="dht: remote rejected put: dht: sequence number must increase" peer=035c27a3
[2026-04-22T13:22:30-05:00] DEBUG [public_autoconnect]: Trying to add transport pk=0332a0fcf643a9d4a56ba252e6a6e67bab885d0cb4ec942f8b93c40c0df5152b09 type=sudph
[2026-04-22T13:22:30-05:00] DEBUG [transport_manager]: Initializing TP with ID 73d8156c-ef6e-05f1-9579-7615935fffbd
[2026-04-22T13:22:30-05:00] DEBUG [transport_manager]: Dialing transport to 0332a0fcf643a9d4a56ba252e6a6e67bab885d0cb4ec942f8b93c40c0df5152b09 via sudph
[2026-04-22T13:22:30-05:00] DEBUG [dht]: PutValue failed error="dht: remote rejected put: dht: sequence number must increase" peer=02df744c
[2026-04-22T13:22:30-05:00] DEBUG [sudph]: Resolved PK 0332a0fcf643a9d4a56ba252e6a6e67bab885d0cb4ec942f8b93c40c0df5152b09 to visor data {182.8.99.234:6484 false {54437 [127.0.0.1 192.168.1.63 ::1 2404:c0:b602:a553:459b:fe26:77b:3302 2404:c0:b602:a553:e659:61ae:7184:635d]}}
[2026-04-22T13:22:30-05:00] DEBUG [sudph]: Dialing public address: 182.8.99.234:6484
[2026-04-22T13:22:30-05:00] DEBUG [sudph]: Dialing 182.8.99.234:6484
[2026-04-22T13:22:30-05:00] DEBUG [sudph]: Dialed 182.8.99.234:6484
[2026-04-22T13:22:30-05:00] DEBUG [sudph]: Performing handshake with 182.8.99.234:6484
[2026-04-22T13:22:31-05:00] DEBUG [dht]: PutValue failed error="dht: remote rejected put: dht: sequence number must increase" peer=023d00ea
[2026-04-22T13:22:31-05:00] DEBUG ClientSession.DialStream [dmsgC]: Stream closed on failure. close_error=<nil> dst_addr=02e2354ac4e088ef9ed626c4a00c318f2c0262d7dcac0bb5c8788e3177f71331a8:100 error="i/o deadline reached" ports_reserved=29 session=0326978f5a53aff537dbb47fed58b1f123af3b00132d365f1309a14db4168dcff7
[2026-04-22T13:22:31-05:00] DEBUG [dmsgC]: DialStream failed via cached route, evicting error="i/o deadline reached" server=0326978f5a53aff537dbb47fed58b1f123af3b00132d365f1309a14db4168dcff7
[2026-04-22T13:22:31-05:00] DEBUG [dht]: PutValue failed error="dht: remote rejected put: dht: sequence number must increase" peer=0315597d
[2026-04-22T13:22:38-05:00] DEBUG ClientSession.DialStream [dmsgC]: Stream closed on failure. close_error=<nil> dst_addr=0222283364bed08a4798f12c48c4778f18247ba8be4db9f6c19d66ee88da4b9503:100 error="i/o deadline reached" ports_reserved=30 session=0326978f5a53aff537dbb47fed58b1f123af3b00132d365f1309a14db4168dcff7
[2026-04-22T13:22:38-05:00] DEBUG [dmsgC]: DialStream failed via cached route, evicting error="i/o deadline reached" server=0326978f5a53aff537dbb47fed58b1f123af3b00132d365f1309a14db4168dcff7
[2026-04-22T13:22:40-05:00] DEBUG [transport_manager]: Error dialing transport to 0332a0fcf643a9d4a56ba252e6a6e67bab885d0cb4ec942f8b93c40c0df5152b09 via sudph: mt.client.Dial: handshake failed: timeout

[2026-04-22T13:22:40-05:00] WARN [public_autoconnect]: Failed to add transport error="save transport: mt.client.Dial: handshake failed: timeout
" pk=0332a0fcf643a9d4a56ba252e6a6e67bab885d0cb4ec942f8b93c40c0df5152b09 type=sudph
[2026-04-22T13:22:41-05:00] DEBUG ClientSession.DialStream [dmsgC]: Stream closed on failure. close_error=<nil> dst_addr=0246834bf9cf11972cdd17bc0389076ab2d1c405f95437ef95e7d5ee860229ea8b:100 error="i/o deadline reached" ports_reserved=33 session=0281a102c82820e811368c8d028cf11b1a985043b726b1bcdb8fce89b27384b2cb
[2026-04-22T13:22:41-05:00] DEBUG [dmsgC]: DialStream failed, trying next session error="i/o deadline reached" server=0281a102c82820e811368c8d028cf11b1a985043b726b1bcdb8fce89b27384b2cb
[2026-04-22T13:22:46-05:00] DEBUG [cli_rpc]: CLI RPC stats: active=0, total=2, errors=0, peak=1
[2026-04-22T13:22:46-05:00] DEBUG ClientSession.DialStream [dmsgC]: Stream closed on failure. close_error=<nil> dst_addr=0246834bf9cf11972cdd17bc0389076ab2d1c405f95437ef95e7d5ee860229ea8b:100 error="i/o deadline reached" ports_reserved=32 session=03717576ada5b1744e395c66c2bb11cea73b0e23d0dcd54422139b1a7f12e962c4
[2026-04-22T13:22:46-05:00] DEBUG [dmsgC]: DialStream failed, trying next session error="i/o deadline reached" server=03717576ada5b1744e395c66c2bb11cea73b0e23d0dcd54422139b1a7f12e962c4
[2026-04-22T13:22:46-05:00] DEBUG ClientSession.DialStream [dmsgC]: Stream closed on failure. close_error=<nil> dst_addr=0246834bf9cf11972cdd17bc0389076ab2d1c405f95437ef95e7d5ee860229ea8b:100 error="context deadline exceeded" ports_reserved=32 session=03717576ada5b1744e395c66c2bb11cea73b0e23d0dcd54422139b1a7f12e962c4
[2026-04-22T13:22:46-05:00] DEBUG [dmsgC]: DialStream failed via new session, trying next server error="context deadline exceeded" server=03717576ada5b1744e395c66c2bb11cea73b0e23d0dcd54422139b1a7f12e962c4
[2026-04-22T13:22:46-05:00] DEBUG ClientSession.DialStream [dmsgC]: Stream closed on failure. close_error=<nil> dst_addr=03e124f95191c026169e59f8d86e29714006fcc482afcd17193461bda3f92ca6c5:136 error="i/o deadline reached" ports_reserved=32 session=0326978f5a53aff537dbb47fed58b1f123af3b00132d365f1309a14db4168dcff7
[2026-04-22T13:22:46-05:00] DEBUG [dmsgC]: DialStream failed, trying next session error="i/o deadline reached" server=0326978f5a53aff537dbb47fed58b1f123af3b00132d365f1309a14db4168dcff7
[2026-04-22T13:22:46-05:00] DEBUG ClientSession.DialStream [dmsgC]: Stream closed on failure. close_error=<nil> dst_addr=03e124f95191c026169e59f8d86e29714006fcc482afcd17193461bda3f92ca6c5:136 error="context deadline exceeded" ports_reserved=32 session=03717576ada5b1744e395c66c2bb11cea73b0e23d0dcd54422139b1a7f12e962c4
[2026-04-22T13:22:46-05:00] DEBUG [dmsgC]: DialStream failed via new session, trying next server error="context deadline exceeded" server=03717576ada5b1744e395c66c2bb11cea73b0e23d0dcd54422139b1a7f12e962c4
[2026-04-22T13:22:46-05:00] DEBUG ClientSession.DialStream [dmsgC]: Stream closed on failure. close_error=<nil> dst_addr=03e124f95191c026169e59f8d86e29714006fcc482afcd17193461bda3f92ca6c5:136 error="context deadline exceeded" ports_reserved=32 session=0281a102c82820e811368c8d028cf11b1a985043b726b1bcdb8fce89b27384b2cb
[2026-04-22T13:22:46-05:00] DEBUG [dmsgC]: DialStream failed via new session, trying next server error="context deadline exceeded" server=0281a102c82820e811368c8d028cf11b1a985043b726b1bcdb8fce89b27384b2cb
[2026-04-22T13:22:46-05:00] DEBUG [public_autoconnect]: Skipping visor: dmsg probe failed (unreachable) pk=03e124f95191c026169e59f8d86e29714006fcc482afcd17193461bda3f92ca6c5 type=sudph
[2026-04-22T13:22:48-05:00] DEBUG ClientSession.DialStream [dmsgC]: Stream closed on failure. close_error=<nil> dst_addr=02d90744408fdcd446a771220ec5222c1e0ca33d100dec0d400840a748b07ea7e7:100 error="i/o deadline reached" ports_reserved=34 session=0326978f5a53aff537dbb47fed58b1f123af3b00132d365f1309a14db4168dcff7
[2026-04-22T13:22:48-05:00] DEBUG [dmsgC]: DialStream failed via cached route, evicting error="i/o deadline reached" server=0326978f5a53aff537dbb47fed58b1f123af3b00132d365f1309a14db4168dcff7
[2026-04-22T13:22:48-05:00] DEBUG ClientSession.DialStream [dmsgC]: Stream closed on failure. close_error=<nil> dst_addr=03a5fa4385b45c13a8be1db6a2a3f159ac53de83d9d0635f1094291912f8147279:100 error="i/o deadline reached" ports_reserved=35 session=0326978f5a53aff537dbb47fed58b1f123af3b00132d365f1309a14db4168dcff7
[2026-04-22T13:22:48-05:00] DEBUG [dmsgC]: DialStream failed via cached route, evicting error="i/o deadline reached" server=0326978f5a53aff537dbb47fed58b1f123af3b00132d365f1309a14db4168dcff7
[2026-04-22T13:22:51-05:00] DEBUG ClientSession.DialStream [dmsgC]: Stream closed on failure. close_error=<nil> dst_addr=03cf0b005bd8ff120b8389722547f48e11e14414895c5f36d64071dfab0df9bbd2:100 error="i/o deadline reached" ports_reserved=34 session=0326978f5a53aff537dbb47fed58b1f123af3b00132d365f1309a14db4168dcff7
[2026-04-22T13:22:51-05:00] DEBUG [dmsgC]: DialStream failed, trying next session error="i/o deadline reached" server=0326978f5a53aff537dbb47fed58b1f123af3b00132d365f1309a14db4168dcff7
[2026-04-22T13:22:51-05:00] DEBUG ClientSession.DialStream [dmsgC]: Stream closed on failure. close_error=<nil> dst_addr=027b7fc61d9582bf7f08559659fe39d0ea399d78e9ac5dc31dfb23788a5f0d23fb:136 error="i/o deadline reached" ports_reserved=35 session=0281a102c82820e811368c8d028cf11b1a985043b726b1bcdb8fce89b27384b2cb
[2026-04-22T13:22:51-05:00] DEBUG [dmsgC]: DialStream failed, trying next session error="i/o deadline reached" server=0281a102c82820e811368c8d028cf11b1a985043b726b1bcdb8fce89b27384b2cb
[2026-04-22T13:22:51-05:00] DEBUG ClientSession.DialStream [dmsgC]: Stream closed on failure. close_error=<nil> dst_addr=027b7fc61d9582bf7f08559659fe39d0ea399d78e9ac5dc31dfb23788a5f0d23fb:136 error="context deadline exceeded" ports_reserved=35 session=0281a102c82820e811368c8d028cf11b1a985043b726b1bcdb8fce89b27384b2cb
[2026-04-22T13:22:51-05:00] DEBUG [dmsgC]: DialStream failed via new session, trying next server error="context deadline exceeded" server=0281a102c82820e811368c8d028cf11b1a985043b726b1bcdb8fce89b27384b2cb
[2026-04-22T13:22:51-05:00] DEBUG [public_autoconnect]: Skipping visor: dmsg probe failed (unreachable) pk=027b7fc61d9582bf7f08559659fe39d0ea399d78e9ac5dc31dfb23788a5f0d23fb type=sudph
[2026-04-22T13:22:51-05:00] DEBUG [public_autoconnect]: Trying to add transport pk=024223842bba5a31fb0da23dfc822ef783667b74915edbecfc692a9c2a9c4adb56 type=sudph
[2026-04-22T13:22:51-05:00] DEBUG [transport_manager]: Initializing TP with ID a9932d9b-940f-0d58-a2af-c8d8b80a069a
[2026-04-22T13:22:51-05:00] DEBUG [transport_manager]: Dialing transport to 024223842bba5a31fb0da23dfc822ef783667b74915edbecfc692a9c2a9c4adb56 via sudph
[2026-04-22T13:22:52-05:00] DEBUG [sudph]: Resolved PK 024223842bba5a31fb0da23dfc822ef783667b74915edbecfc692a9c2a9c4adb56 to visor data {104.136.22.124:33832 false {33832 [127.0.0.1 192.168.0.4 ::1]}}
[2026-04-22T13:22:52-05:00] DEBUG [sudph]: Dialing public address: 104.136.22.124:33832
[2026-04-22T13:22:52-05:00] DEBUG [sudph]: Dialing 104.136.22.124:33832
[2026-04-22T13:22:52-05:00] DEBUG [sudph]: Dialed 104.136.22.124:33832
[2026-04-22T13:22:52-05:00] DEBUG [sudph]: Performing handshake with 104.136.22.124:33832
[2026-04-22T13:22:53-05:00] DEBUG ClientSession.DialStream [dmsgC]: Stream closed on failure. close_error=<nil> dst_addr=02d90744408fdcd446a771220ec5222c1e0ca33d100dec0d400840a748b07ea7e7:100 error="i/o deadline reached" ports_reserved=34 session=0281a102c82820e811368c8d028cf11b1a985043b726b1bcdb8fce89b27384b2cb
[2026-04-22T13:22:53-05:00] DEBUG [dmsgC]: DialStream failed, trying next session error="i/o deadline reached" server=0281a102c82820e811368c8d028cf11b1a985043b726b1bcdb8fce89b27384b2cb
[2026-04-22T13:22:56-05:00] DEBUG ClientSession.DialStream [dmsgC]: Stream closed on failure. close_error=<nil> dst_addr=03cf0b005bd8ff120b8389722547f48e11e14414895c5f36d64071dfab0df9bbd2:100 error="i/o deadline reached" ports_reserved=33 session=0281a102c82820e811368c8d028cf11b1a985043b726b1bcdb8fce89b27384b2cb
[2026-04-22T13:22:56-05:00] DEBUG [dmsgC]: DialStream failed, trying next session error="i/o deadline reached" server=0281a102c82820e811368c8d028cf11b1a985043b726b1bcdb8fce89b27384b2cb
[2026-04-22T13:23:01-05:00] DEBUG ClientSession.DialStream [dmsgC]: Stream closed on failure. close_error=<nil> dst_addr=02d40845f5ea39cc0d9c7e97e1694a701cd6271fbe3f72e3ee02df6e342083201f:100 error="i/o deadline reached" ports_reserved=34 session=0281a102c82820e811368c8d028cf11b1a985043b726b1bcdb8fce89b27384b2cb
[2026-04-22T13:23:01-05:00] DEBUG [dmsgC]: DialStream failed via cached route, evicting error="i/o deadline reached" server=0281a102c82820e811368c8d028cf11b1a985043b726b1bcdb8fce89b27384b2cb
[2026-04-22T13:23:02-05:00] DEBUG [transport_manager]: Error dialing transport to 024223842bba5a31fb0da23dfc822ef783667b74915edbecfc692a9c2a9c4adb56 via sudph: mt.client.Dial: handshake failed: timeout

[2026-04-22T13:23:02-05:00] WARN [public_autoconnect]: Failed to add transport error="save transport: mt.client.Dial: handshake failed: timeout
" pk=024223842bba5a31fb0da23dfc822ef783667b74915edbecfc692a9c2a9c4adb56 type=sudph
[2026-04-22T13:23:03-05:00] DEBUG [public_autoconnect]: Trying to add transport pk=039ba8b45699bdfb67f3ec83bdddaccefc5d30853d4d133cca6957079e2d82fc5a type=sudph
[2026-04-22T13:23:03-05:00] DEBUG [transport_manager]: Initializing TP with ID 55cfd464-1747-0d38-88b8-84f07c22932f
[2026-04-22T13:23:03-05:00] DEBUG [transport_manager]: Dialing transport to 039ba8b45699bdfb67f3ec83bdddaccefc5d30853d4d133cca6957079e2d82fc5a via sudph
[2026-04-22T13:23:04-05:00] DEBUG [sudph]: Resolved PK 039ba8b45699bdfb67f3ec83bdddaccefc5d30853d4d133cca6957079e2d82fc5a to visor data {103.167.4.141:37929 false {37929 [127.0.0.1 192.168.7.221 ::1]}}
[2026-04-22T13:23:04-05:00] DEBUG [sudph]: Dialing public address: 103.167.4.141:37929
[2026-04-22T13:23:04-05:00] DEBUG [sudph]: Dialing 103.167.4.141:37929
[2026-04-22T13:23:04-05:00] DEBUG [sudph]: Dialed 103.167.4.141:37929
[2026-04-22T13:23:04-05:00] DEBUG [sudph]: Performing handshake with 103.167.4.141:37929
[2026-04-22T13:23:06-05:00] DEBUG [stcpr]: Re-registering STCPR with address resolver
[2026-04-22T13:23:06-05:00] DEBUG httpClient.BindSTCPR [address_resolver]: Address resolver binding with: [192.168.1.118 70.121.13.123]
[2026-04-22T13:23:07-05:00] DEBUG ClientSession.DialStream [dmsgC]: Stream closed on failure. close_error=<nil> dst_addr=036df68c94a28d3ec71a2e11b2b9d3b16211ae69b52babe75915e9fcd638f1c536:100 error="i/o deadline reached" ports_reserved=35 session=0326978f5a53aff537dbb47fed58b1f123af3b00132d365f1309a14db4168dcff7
[2026-04-22T13:23:07-05:00] DEBUG [dmsgC]: DialStream failed via cached route, evicting error="i/o deadline reached" server=0326978f5a53aff537dbb47fed58b1f123af3b00132d365f1309a14db4168dcff7
[2026-04-22T13:23:07-05:00] DEBUG [stcpr]: Successfully re-registered STCPR
[2026-04-22T13:23:09-05:00] DEBUG [dht]: PutValue failed error="dht: remote rejected put: dht: sequence number must increase" peer=02f10e04
[2026-04-22T13:23:10-05:00] DEBUG [dht]: PutValue failed error="dht: remote rejected put: dht: sequence number must increase" peer=032f1e09
[2026-04-22T13:23:14-05:00] DEBUG [transport_manager]: Error dialing transport to 039ba8b45699bdfb67f3ec83bdddaccefc5d30853d4d133cca6957079e2d82fc5a via sudph: mt.client.Dial: handshake failed: timeout

[2026-04-22T13:23:14-05:00] WARN [public_autoconnect]: Failed to add transport error="save transport: mt.client.Dial: handshake failed: timeout
" pk=039ba8b45699bdfb67f3ec83bdddaccefc5d30853d4d133cca6957079e2d82fc5a type=sudph
[2026-04-22T13:23:14-05:00] DEBUG [public_autoconnect]: Trying to add transport pk=036e76162c954d496e2340d7692dbbb14e3a71169c892cd7bc7136a485005feb13 type=sudph
[2026-04-22T13:23:14-05:00] DEBUG [transport_manager]: Initializing TP with ID 7d496547-8383-0ea2-bca3-23a05e30514f
[2026-04-22T13:23:14-05:00] DEBUG [transport_manager]: Dialing transport to 036e76162c954d496e2340d7692dbbb14e3a71169c892cd7bc7136a485005feb13 via sudph
[2026-04-22T13:23:15-05:00] DEBUG [sudph]: Resolved PK 036e76162c954d496e2340d7692dbbb14e3a71169c892cd7bc7136a485005feb13 to visor data {95.98.41.11:52739 false {52739 [127.0.0.1 192.168.0.4 ::1]}}
[2026-04-22T13:23:15-05:00] DEBUG [sudph]: Dialing public address: 95.98.41.11:52739
[2026-04-22T13:23:15-05:00] DEBUG [sudph]: Dialing 95.98.41.11:52739
[2026-04-22T13:23:15-05:00] DEBUG [sudph]: Dialed 95.98.41.11:52739
[2026-04-22T13:23:15-05:00] DEBUG [sudph]: Performing handshake with 95.98.41.11:52739
[2026-04-22T13:23:15-05:00] DEBUG ClientSession.DialStream [dmsgC]: Stream closed on failure. close_error=<nil> dst_addr=0207abc28c19492fd22ffc39985982bbb2b76b892a6c11b64d03ba9adeaf520f80:100 error="i/o deadline reached" ports_reserved=36 session=0326978f5a53aff537dbb47fed58b1f123af3b00132d365f1309a14db4168dcff7
[2026-04-22T13:23:15-05:00] DEBUG [dmsgC]: DialStream failed via cached route, evicting error="i/o deadline reached" server=0326978f5a53aff537dbb47fed58b1f123af3b00132d365f1309a14db4168dcff7
[2026-04-22T13:23:16-05:00] DEBUG [cli_rpc]: CLI RPC stats: active=0, total=2, errors=0, peak=1
[2026-04-22T13:23:16-05:00] DEBUG [dht]: PutValue failed error="dht: remote rejected put: dht: sequence number must increase" peer=0207abc2
[2026-04-22T13:23:16-05:00] WARN [router]: closing conn from untrusted setup node: <nil>
[2026-04-22T13:23:16-05:00] WARN [self_probe]: Self-probe FAILED: dmsg listener unreachable (persistent) consecutive_failures=12 cooldown_remaining=1m1s port=80
[2026-04-22T13:23:17-05:00] DEBUG [dht]: PutValue failed error="dht: remote rejected put: dht: sequence number must increase" peer=03415ebc
[2026-04-22T13:23:17-05:00] DEBUG [dht]: PutValue failed error="dht dmsg dial 02a49bc0: dmsg error 102 - entry is not of client in discovery" peer=02a49bc0
[2026-04-22T13:23:18-05:00] DEBUG [dht]: PutValue failed error="dht: remote rejected put: dht: sequence number must increase" peer=03021f2f
[2026-04-22T13:23:19-05:00] DEBUG [dht]: PutValue failed error="dht: remote rejected put: dht: sequence number must increase" peer=0281a102
[2026-04-22T13:23:20-05:00] DEBUG [dht]: PutValue failed error="dht: remote rejected put: dht: sequence number must increase" peer=0324d126
[2026-04-22T13:23:23-05:00] DEBUG [dmsgC]: Updating entry.
 entry=	version: 0.0.1
	sequence: 12
	registered at: 1776882142468970589
	static public key: 0282213369836321323dfaa492564ceb8a9a5e7e8ff044c46c92949a787ec51fb0
	signature: 7ccae0557004c28f28b9109543326d786cdd800eb511eac4a99eaf70fb7257f23ca0f2ac40d39d91a7a9f5e0c7402d8d96aa53ae2b98e9b5a89a5d876f98e6c700
	entry is registered as client. Related info: 
		delegated servers: 
			0281a102c82820e811368c8d028cf11b1a985043b726b1bcdb8fce89b27384b2cb
			0326978f5a53aff537dbb47fed58b1f123af3b00132d365f1309a14db4168dcff7
			03717576ada5b1744e395c66c2bb11cea73b0e23d0dcd54422139b1a7f12e962c4


[2026-04-22T13:23:25-05:00] DEBUG [transport_manager]: Error dialing transport to 036e76162c954d496e2340d7692dbbb14e3a71169c892cd7bc7136a485005feb13 via sudph: mt.client.Dial: handshake failed: timeout

[2026-04-22T13:23:25-05:00] WARN [public_autoconnect]: Failed to add transport error="save transport: mt.client.Dial: handshake failed: timeout
" pk=036e76162c954d496e2340d7692dbbb14e3a71169c892cd7bc7136a485005feb13 type=sudph
[2026-04-22T13:23:25-05:00] DEBUG ClientSession.DialStream [dmsgC]: Stream closed on failure. close_error=<nil> dst_addr=0246834bf9cf11972cdd17bc0389076ab2d1c405f95437ef95e7d5ee860229ea8b:100 error="i/o deadline reached" ports_reserved=37 session=0281a102c82820e811368c8d028cf11b1a985043b726b1bcdb8fce89b27384b2cb
[2026-04-22T13:23:25-05:00] DEBUG [dmsgC]: DialStream failed, trying next session error="i/o deadline reached" server=0281a102c82820e811368c8d028cf11b1a985043b726b1bcdb8fce89b27384b2cb
[2026-04-22T13:23:30-05:00] DEBUG ClientSession.DialStream [dmsgC]: Stream closed on failure. close_error=<nil> dst_addr=0246834bf9cf11972cdd17bc0389076ab2d1c405f95437ef95e7d5ee860229ea8b:100 error="i/o deadline reached" ports_reserved=37 session=03717576ada5b1744e395c66c2bb11cea73b0e23d0dcd54422139b1a7f12e962c4
[2026-04-22T13:23:30-05:00] DEBUG [dmsgC]: DialStream failed, trying next session error="i/o deadline reached" server=03717576ada5b1744e395c66c2bb11cea73b0e23d0dcd54422139b1a7f12e962c4
[2026-04-22T13:23:30-05:00] DEBUG ClientSession.DialStream [dmsgC]: Stream closed on failure. close_error=<nil> dst_addr=0246834bf9cf11972cdd17bc0389076ab2d1c405f95437ef95e7d5ee860229ea8b:100 error="context deadline exceeded" ports_reserved=37 session=03717576ada5b1744e395c66c2bb11cea73b0e23d0dcd54422139b1a7f12e962c4
[2026-04-22T13:23:30-05:00] DEBUG [dmsgC]: DialStream failed via new session, trying next server error="context deadline exceeded" server=03717576ada5b1744e395c66c2bb11cea73b0e23d0dcd54422139b1a7f12e962c4
[2026-04-22T13:23:30-05:00] DEBUG [dht]: PutValue failed error="dht dmsg dial 0246834b: dmsg error 202 - cannot connect to delegated server" peer=0246834b
[2026-04-22T13:23:30-05:00] DEBUG ClientSession.DialStream [dmsgC]: Stream closed on failure. close_error=<nil> dst_addr=030255ac60f6e9f42c2f301f81cade61fd85e6627d95c9ceca46381869e8dd3a14:136 error="i/o deadline reached" ports_reserved=37 session=0281a102c82820e811368c8d028cf11b1a985043b726b1bcdb8fce89b27384b2cb
[2026-04-22T13:23:30-05:00] DEBUG [dmsgC]: DialStream failed, trying next session error="i/o deadline reached" server=0281a102c82820e811368c8d028cf11b1a985043b726b1bcdb8fce89b27384b2cb
[2026-04-22T13:23:30-05:00] DEBUG ClientSession.DialStream [dmsgC]: Stream closed on failure. close_error=<nil> dst_addr=030255ac60f6e9f42c2f301f81cade61fd85e6627d95c9ceca46381869e8dd3a14:136 error="context deadline exceeded" ports_reserved=37 session=0281a102c82820e811368c8d028cf11b1a985043b726b1bcdb8fce89b27384b2cb
[2026-04-22T13:23:30-05:00] DEBUG [dmsgC]: DialStream failed via new session, trying next server error="context deadline exceeded" server=0281a102c82820e811368c8d028cf11b1a985043b726b1bcdb8fce89b27384b2cb
[2026-04-22T13:23:30-05:00] DEBUG [public_autoconnect]: Skipping visor: dmsg probe failed (unreachable) pk=030255ac60f6e9f42c2f301f81cade61fd85e6627d95c9ceca46381869e8dd3a14 type=sudph
[2026-04-22T13:23:31-05:00] DEBUG [public_autoconnect]: Trying to add transport pk=02115765cd328289ec3a9d6d3395eebcb43ea9ee849427fb382230c908692855c4 type=sudph
[2026-04-22T13:23:31-05:00] DEBUG [transport_manager]: Initializing TP with ID 6a018cfd-6cd5-0572-9656-975a467ea96f
[2026-04-22T13:23:31-05:00] DEBUG [transport_manager]: Dialing transport to 02115765cd328289ec3a9d6d3395eebcb43ea9ee849427fb382230c908692855c4 via sudph
[2026-04-22T13:23:32-05:00] DEBUG [sudph]: Resolved PK 02115765cd328289ec3a9d6d3395eebcb43ea9ee849427fb382230c908692855c4 to visor data {125.160.190.28:39313 false {39313 [127.0.0.1 192.168.1.15 172.17.0.1 192.168.60.199 ::1 2001:448a:2022:90f2:6641:2508:81d0:7ba8]}}
[2026-04-22T13:23:32-05:00] DEBUG [sudph]: Dialing public address: 125.160.190.28:39313
[2026-04-22T13:23:32-05:00] DEBUG [sudph]: Dialing 125.160.190.28:39313
[2026-04-22T13:23:32-05:00] DEBUG [sudph]: Dialed 125.160.190.28:39313
[2026-04-22T13:23:32-05:00] DEBUG [sudph]: Performing handshake with 125.160.190.28:39313
[2026-04-22T13:23:35-05:00] DEBUG ClientSession.DialStream [dmsgC]: Stream closed on failure. close_error=<nil> dst_addr=03cf0b005bd8ff120b8389722547f48e11e14414895c5f36d64071dfab0df9bbd2:100 error="i/o deadline reached" ports_reserved=38 session=0326978f5a53aff537dbb47fed58b1f123af3b00132d365f1309a14db4168dcff7
[2026-04-22T13:23:35-05:00] DEBUG [dmsgC]: DialStream failed, trying next session error="i/o deadline reached" server=0326978f5a53aff537dbb47fed58b1f123af3b00132d365f1309a14db4168dcff7
[2026-04-22T13:23:40-05:00] DEBUG ClientSession.DialStream [dmsgC]: Stream closed on failure. close_error=<nil> dst_addr=03cf0b005bd8ff120b8389722547f48e11e14414895c5f36d64071dfab0df9bbd2:100 error="i/o deadline reached" ports_reserved=38 session=0281a102c82820e811368c8d028cf11b1a985043b726b1bcdb8fce89b27384b2cb
[2026-04-22T13:23:40-05:00] DEBUG [dmsgC]: DialStream failed, trying next session error="i/o deadline reached" server=0281a102c82820e811368c8d028cf11b1a985043b726b1bcdb8fce89b27384b2cb
[2026-04-22T13:23:40-05:00] DEBUG [dht]: PutValue failed error="dht dmsg dial 03cf0b00: dmsg error 202 - cannot connect to delegated server" peer=03cf0b00
[2026-04-22T13:23:41-05:00] DEBUG [dht]: PutValue failed error="dht: remote rejected put: dht: sequence number must increase" peer=0280df7c
[2026-04-22T13:23:41-05:00] DEBUG [dht]: PutValue failed error="dht: remote rejected put: dht: sequence number must increase" peer=02bc5f24
[2026-04-22T13:23:42-05:00] DEBUG [transport_manager]: Error dialing transport to 02115765cd328289ec3a9d6d3395eebcb43ea9ee849427fb382230c908692855c4 via sudph: mt.client.Dial: handshake failed: timeout

[2026-04-22T13:23:42-05:00] WARN [public_autoconnect]: Failed to add transport error="save transport: mt.client.Dial: handshake failed: timeout
" pk=02115765cd328289ec3a9d6d3395eebcb43ea9ee849427fb382230c908692855c4 type=sudph
[2026-04-22T13:23:42-05:00] DEBUG [dht]: PutValue failed error="dht: remote rejected put: dht: sequence number must increase" peer=02986fcf
[2026-04-22T13:23:43-05:00] DEBUG [dht]: PutValue failed error="dht: remote rejected put: dht: sequence number must increase" peer=031b5196
[2026-04-22T13:23:43-05:00] DEBUG [dht]: PutValue failed error="dht: remote rejected put: dht: sequence number must increase" peer=022d2909
[2026-04-22T13:23:44-05:00] DEBUG [dht]: PutValue failed error="dht: remote rejected put: dht: sequence number must increase" peer=02d40845
[2026-04-22T13:23:45-05:00] DEBUG [dht]: PutValue failed error="dht: remote rejected put: dht: sequence number must increase" peer=036df68c
[2026-04-22T13:23:45-05:00] DEBUG [cli_rpc]: CLI RPC stats: active=0, total=2, errors=0, peak=1
[2026-04-22T13:23:46-05:00] DEBUG [dht]: PutValue failed error="dht: remote rejected put: dht: sequence number must increase" peer=02379bac
[2026-04-22T13:23:46-05:00] DEBUG [dht]: PutValue failed error="dht dmsg dial 02a2d4c3: dmsg error 102 - entry is not of client in discovery" peer=02a2d4c3
[2026-04-22T13:23:47-05:00] DEBUG ClientSession.DialStream [dmsgC]: Stream closed on failure. close_error=<nil> dst_addr=025d921df3312d999784294b9d29afe090b41d7e35002cfe2d8bc85f5dc9e67379:136 error="i/o deadline reached" ports_reserved=39 session=0281a102c82820e811368c8d028cf11b1a985043b726b1bcdb8fce89b27384b2cb
[2026-04-22T13:23:47-05:00] DEBUG [dmsgC]: DialStream failed, trying next session error="i/o deadline reached" server=0281a102c82820e811368c8d028cf11b1a985043b726b1bcdb8fce89b27384b2cb
[2026-04-22T13:23:47-05:00] DEBUG ClientSession.DialStream [dmsgC]: Stream closed on failure. close_error=<nil> dst_addr=025d921df3312d999784294b9d29afe090b41d7e35002cfe2d8bc85f5dc9e67379:136 error="context deadline exceeded" ports_reserved=39 session=03717576ada5b1744e395c66c2bb11cea73b0e23d0dcd54422139b1a7f12e962c4
[2026-04-22T13:23:47-05:00] DEBUG [dmsgC]: DialStream failed via new session, trying next server error="context deadline exceeded" server=03717576ada5b1744e395c66c2bb11cea73b0e23d0dcd54422139b1a7f12e962c4
[2026-04-22T13:23:47-05:00] DEBUG ClientSession.DialStream [dmsgC]: Stream closed on failure. close_error=<nil> dst_addr=025d921df3312d999784294b9d29afe090b41d7e35002cfe2d8bc85f5dc9e67379:136 error="context deadline exceeded" ports_reserved=39 session=0281a102c82820e811368c8d028cf11b1a985043b726b1bcdb8fce89b27384b2cb
[2026-04-22T13:23:47-05:00] DEBUG [dmsgC]: DialStream failed via new session, trying next server error="context deadline exceeded" server=0281a102c82820e811368c8d028cf11b1a985043b726b1bcdb8fce89b27384b2cb
[2026-04-22T13:23:47-05:00] DEBUG [public_autoconnect]: Skipping visor: dmsg probe failed (unreachable) pk=025d921df3312d999784294b9d29afe090b41d7e35002cfe2d8bc85f5dc9e67379 type=sudph
[2026-04-22T13:23:47-05:00] DEBUG [dht]: PutValue failed error="dht: remote rejected put: dht: sequence number must increase" peer=02d5c4e5
[2026-04-22T13:23:48-05:00] DEBUG [public_autoconnect]: Trying to add transport pk=0281ce6054aa059e0adec1b49b99ae84ffa425e764be935d13f4cf46a8e89b3de0 type=sudph
[2026-04-22T13:23:48-05:00] DEBUG [transport_manager]: Initializing TP with ID 181ce459-e183-0ffa-9d03-cfafc8c19df3
[2026-04-22T13:23:48-05:00] DEBUG [transport_manager]: Dialing transport to 0281ce6054aa059e0adec1b49b99ae84ffa425e764be935d13f4cf46a8e89b3de0 via sudph
[2026-04-22T13:23:49-05:00] DEBUG [sudph]: Resolved PK 0281ce6054aa059e0adec1b49b99ae84ffa425e764be935d13f4cf46a8e89b3de0 to visor data {88.146.116.113:56711 false {56711 [127.0.0.1 192.168.88.104 ::1]}}
[2026-04-22T13:23:49-05:00] DEBUG [sudph]: Dialing public address: 88.146.116.113:56711
[2026-04-22T13:23:49-05:00] DEBUG [sudph]: Dialing 88.146.116.113:56711
[2026-04-22T13:23:49-05:00] DEBUG [sudph]: Dialed 88.146.116.113:56711
[2026-04-22T13:23:49-05:00] DEBUG [sudph]: Performing handshake with 88.146.116.113:56711
[2026-04-22T13:23:54-05:00] DEBUG ClientSession.DialStream [dmsgC]: Stream closed on failure. close_error=<nil> dst_addr=037973476149b071e02086c7e91199104bbb32a0103b47566ba14342064a78904a:100 error="i/o deadline reached" ports_reserved=39 session=0326978f5a53aff537dbb47fed58b1f123af3b00132d365f1309a14db4168dcff7
[2026-04-22T13:23:54-05:00] DEBUG [dmsgC]: DialStream failed via cached route, evicting error="i/o deadline reached" server=0326978f5a53aff537dbb47fed58b1f123af3b00132d365f1309a14db4168dcff7
[2026-04-22T13:23:59-05:00] DEBUG [transport_manager]: Error dialing transport to 0281ce6054aa059e0adec1b49b99ae84ffa425e764be935d13f4cf46a8e89b3de0 via sudph: mt.client.Dial: handshake failed: timeout

[2026-04-22T13:23:59-05:00] WARN [public_autoconnect]: Failed to add transport error="save transport: mt.client.Dial: handshake failed: timeout
" pk=0281ce6054aa059e0adec1b49b99ae84ffa425e764be935d13f4cf46a8e89b3de0 type=sudph
[2026-04-22T13:23:59-05:00] DEBUG [public_autoconnect]: Trying to add transport pk=035aff36439180108de31ecb84d41a90a20cde302db630c25cf5708aad57f5f3bd type=sudph
[2026-04-22T13:23:59-05:00] DEBUG [transport_manager]: Initializing TP with ID 22cfd481-acea-0eef-ba82-a69616aae9b2
[2026-04-22T13:23:59-05:00] DEBUG [transport_manager]: Dialing transport to 035aff36439180108de31ecb84d41a90a20cde302db630c25cf5708aad57f5f3bd via sudph
[2026-04-22T13:24:00-05:00] DEBUG [sudph]: Resolved PK 035aff36439180108de31ecb84d41a90a20cde302db630c25cf5708aad57f5f3bd to visor data {103.189.207.232:59563 false {59563 [127.0.0.1 192.168.18.67 172.17.0.1 192.168.60.28 ::1]}}
[2026-04-22T13:24:00-05:00] DEBUG [sudph]: Dialing public address: 103.189.207.232:59563
[2026-04-22T13:24:00-05:00] DEBUG [sudph]: Dialing 103.189.207.232:59563
[2026-04-22T13:24:00-05:00] DEBUG [sudph]: Dialed 103.189.207.232:59563
[2026-04-22T13:24:00-05:00] DEBUG [sudph]: Performing handshake with 103.189.207.232:59563
[2026-04-22T13:24:01-05:00] DEBUG ClientSession.DialStream [dmsgC]: Stream closed on failure. close_error=<nil> dst_addr=03b647bc37980d0fea7aad2f7ccc5d8086b31f5c9ae8485ffd02b8777e030c9ace:100 error="i/o deadline reached" ports_reserved=40 session=0326978f5a53aff537dbb47fed58b1f123af3b00132d365f1309a14db4168dcff7
[2026-04-22T13:24:01-05:00] DEBUG [dmsgC]: DialStream failed via cached route, evicting error="i/o deadline reached" server=0326978f5a53aff537dbb47fed58b1f123af3b00132d365f1309a14db4168dcff7
[2026-04-22T13:24:06-05:00] DEBUG ClientSession.DialStream [dmsgC]: Stream closed on failure. close_error=<nil> dst_addr=03b647bc37980d0fea7aad2f7ccc5d8086b31f5c9ae8485ffd02b8777e030c9ace:100 error="i/o deadline reached" ports_reserved=40 session=0326978f5a53aff537dbb47fed58b1f123af3b00132d365f1309a14db4168dcff7
[2026-04-22T13:24:06-05:00] DEBUG [dmsgC]: DialStream failed, trying next session error="i/o deadline reached" server=0326978f5a53aff537dbb47fed58b1f123af3b00132d365f1309a14db4168dcff7
[2026-04-22T13:24:06-05:00] DEBUG ClientSession.DialStream [dmsgC]: Stream closed on failure. close_error=<nil> dst_addr=03b647bc37980d0fea7aad2f7ccc5d8086b31f5c9ae8485ffd02b8777e030c9ace:100 error="context deadline exceeded" ports_reserved=40 session=0281a102c82820e811368c8d028cf11b1a985043b726b1bcdb8fce89b27384b2cb
[2026-04-22T13:24:06-05:00] DEBUG [dmsgC]: DialStream failed via new session, trying next server error="context deadline exceeded" server=0281a102c82820e811368c8d028cf11b1a985043b726b1bcdb8fce89b27384b2cb
[2026-04-22T13:24:10-05:00] DEBUG [transport_manager]: Error dialing transport to 035aff36439180108de31ecb84d41a90a20cde302db630c25cf5708aad57f5f3bd via sudph: mt.client.Dial: handshake failed: timeout

[2026-04-22T13:24:10-05:00] WARN [public_autoconnect]: Failed to add transport error="save transport: mt.client.Dial: handshake failed: timeout
" pk=035aff36439180108de31ecb84d41a90a20cde302db630c25cf5708aad57f5f3bd type=sudph
[2026-04-22T13:24:11-05:00] DEBUG [dht]: PutValue failed error="dht: remote rejected put: dht: sequence number must increase" peer=03ce6a7b
[2026-04-22T13:24:11-05:00] DEBUG [public_autoconnect]: Trying to add transport pk=02354c9fb93bce030d5463f44ddd474549c9d8202ac7c4348520e89821aaa04e58 type=sudph
[2026-04-22T13:24:11-05:00] DEBUG [transport_manager]: Initializing TP with ID 5d9b3e95-6e0c-0667-869a-1b052cb90169
[2026-04-22T13:24:11-05:00] DEBUG [transport_manager]: Dialing transport to 02354c9fb93bce030d5463f44ddd474549c9d8202ac7c4348520e89821aaa04e58 via sudph
[2026-04-22T13:24:11-05:00] DEBUG [dht]: PutValue failed error="dht: remote rejected put: dht: sequence number must increase" peer=0358ee2d
[2026-04-22T13:24:12-05:00] DEBUG [dht]: PutValue failed error="dht: remote rejected put: dht: sequence number must increase" peer=0334eb10
[2026-04-22T13:24:12-05:00] DEBUG [sudph]: Resolved PK 02354c9fb93bce030d5463f44ddd474549c9d8202ac7c4348520e89821aaa04e58 to visor data {157.85.198.5:1873 false {55882 [127.0.0.1 192.168.1.204 172.17.0.1 192.168.60.8 ::1]}}
[2026-04-22T13:24:12-05:00] DEBUG [sudph]: Dialing public address: 157.85.198.5:1873
[2026-04-22T13:24:12-05:00] DEBUG [sudph]: Dialing 157.85.198.5:1873
[2026-04-22T13:24:12-05:00] DEBUG [sudph]: Dialed 157.85.198.5:1873
[2026-04-22T13:24:12-05:00] DEBUG [sudph]: Performing handshake with 157.85.198.5:1873
[2026-04-22T13:24:13-05:00] DEBUG [dht]: PutValue failed error="dht: remote rejected put: dht: sequence number must increase" peer=03797347
[2026-04-22T13:24:13-05:00] DEBUG [dht]: PutValue failed error="dht: remote rejected put: dht: sequence number must increase" peer=03abd117
[2026-04-22T13:24:13-05:00] DEBUG [dht]: PutValue failed error="dht: remote rejected put: dht: sequence number must increase" peer=0259e2df
[2026-04-22T13:24:15-05:00] DEBUG [dht]: PutValue failed error="dht: remote rejected put: dht: sequence number must increase" peer=02e8ecb5
[2026-04-22T13:24:15-05:00] DEBUG [dht]: PutValue failed error="dht dmsg dial 02864d02: dmsg error 100 - entry is not found in discovery: entry of public key is not found" peer=02864d02
[2026-04-22T13:24:16-05:00] DEBUG [cli_rpc]: CLI RPC stats: active=0, total=2, errors=0, peak=1
[2026-04-22T13:24:16-05:00] DEBUG [dht]: PutValue failed error="dht: remote rejected put: dht: sequence number must increase" peer=0371f571
[2026-04-22T13:24:16-05:00] WARN [router]: closing conn from untrusted setup node: <nil>
[2026-04-22T13:24:16-05:00] WARN [self_probe]: Self-probe FAILED: dmsg listener unreachable (persistent) consecutive_failures=13 cooldown_remaining=1s port=80
[2026-04-22T13:24:21-05:00] DEBUG ClientSession.DialStream [dmsgC]: Stream closed on failure. close_error=<nil> dst_addr=03b647bc37980d0fea7aad2f7ccc5d8086b31f5c9ae8485ffd02b8777e030c9ace:100 error="i/o deadline reached" ports_reserved=41 session=0326978f5a53aff537dbb47fed58b1f123af3b00132d365f1309a14db4168dcff7
[2026-04-22T13:24:21-05:00] DEBUG [dmsgC]: DialStream failed, trying next session error="i/o deadline reached" server=0326978f5a53aff537dbb47fed58b1f123af3b00132d365f1309a14db4168dcff7
[2026-04-22T13:24:21-05:00] DEBUG [dht]: PutValue failed error="dht: remote rejected put: dht: sequence number must increase" peer=03b647bc
[2026-04-22T13:24:22-05:00] DEBUG [dht]: PutValue failed error="dht: remote rejected put: dht: sequence number must increase" peer=03b9ca7b
[2026-04-22T13:24:22-05:00] DEBUG [dht]: PutValue failed error="dht: remote rejected put: dht: sequence number must increase" peer=0215593f
[2026-04-22T13:24:22-05:00] DEBUG [transport_manager]: Error dialing transport to 02354c9fb93bce030d5463f44ddd474549c9d8202ac7c4348520e89821aaa04e58 via sudph: mt.client.Dial: handshake failed: timeout

[2026-04-22T13:24:22-05:00] WARN [public_autoconnect]: Failed to add transport error="save transport: mt.client.Dial: handshake failed: timeout
" pk=02354c9fb93bce030d5463f44ddd474549c9d8202ac7c4348520e89821aaa04e58 type=sudph
[2026-04-22T13:24:23-05:00] DEBUG [dmsgC]: Updating entry.
 entry=	version: 0.0.1
	sequence: 13
	registered at: 1776882203009020139
	static public key: 0282213369836321323dfaa492564ceb8a9a5e7e8ff044c46c92949a787ec51fb0
	signature: aaa7e5bb5533f5157ff622b34ce2c94d65a602b331415e4a2d6b5d439c6e8dd4181ded40a5389259f8bda6445d8ca582fe00913df2f4c5211d850da38c0f8e6400
	entry is registered as client. Related info: 
		delegated servers: 
			0326978f5a53aff537dbb47fed58b1f123af3b00132d365f1309a14db4168dcff7
			03717576ada5b1744e395c66c2bb11cea73b0e23d0dcd54422139b1a7f12e962c4
			0281a102c82820e811368c8d028cf11b1a985043b726b1bcdb8fce89b27384b2cb


[2026-04-22T13:24:23-05:00] DEBUG [dht]: PutValue failed error="dht: remote rejected put: dht: sequence number must increase" peer=0336c02f
[2026-04-22T13:24:24-05:00] DEBUG [dht]: PutValue failed error="dht: remote rejected put: dht: sequence number must increase" peer=03b5a284
[2026-04-22T13:24:24-05:00] DEBUG [dht]: PutValue failed error="dht: remote rejected put: dht: sequence number must increase" peer=032a07b9
[2026-04-22T13:24:25-05:00] DEBUG [dht]: PutValue failed error="dht: remote rejected put: dht: sequence number must increase" peer=025c9a88
[2026-04-22T13:24:25-05:00] DEBUG [dht]: PutValue failed error="dht: remote rejected put: dht: sequence number must increase" peer=035c27a3
[2026-04-22T13:24:26-05:00] DEBUG [dht]: PutValue failed error="dht: remote rejected put: dht: sequence number must increase" peer=02df744c
[2026-04-22T13:24:27-05:00] DEBUG [dht]: PutValue failed error="dht: remote rejected put: dht: sequence number must increase" peer=023d00ea
[2026-04-22T13:24:27-05:00] DEBUG ClientSession.DialStream [dmsgC]: Stream closed on failure. close_error=<nil> dst_addr=03c0de442df14bf8105ce95763e320cf2520dccd6fa1a7cd3319a7c24689613faa:136 error="i/o deadline reached" ports_reserved=42 session=0326978f5a53aff537dbb47fed58b1f123af3b00132d365f1309a14db4168dcff7
[2026-04-22T13:24:27-05:00] DEBUG [dmsgC]: DialStream failed, trying next session error="i/o deadline reached" server=0326978f5a53aff537dbb47fed58b1f123af3b00132d365f1309a14db4168dcff7
[2026-04-22T13:24:27-05:00] DEBUG ClientSession.DialStream [dmsgC]: Stream closed on failure. close_error=<nil> dst_addr=03c0de442df14bf8105ce95763e320cf2520dccd6fa1a7cd3319a7c24689613faa:136 error="context deadline exceeded" ports_reserved=42 session=0326978f5a53aff537dbb47fed58b1f123af3b00132d365f1309a14db4168dcff7
[2026-04-22T13:24:27-05:00] DEBUG [dmsgC]: DialStream failed via new session, trying next server error="context deadline exceeded" server=0326978f5a53aff537dbb47fed58b1f123af3b00132d365f1309a14db4168dcff7
[2026-04-22T13:24:27-05:00] DEBUG ClientSession.DialStream [dmsgC]: Stream closed on failure. close_error=<nil> dst_addr=03c0de442df14bf8105ce95763e320cf2520dccd6fa1a7cd3319a7c24689613faa:136 error="context deadline exceeded" ports_reserved=42 session=0281a102c82820e811368c8d028cf11b1a985043b726b1bcdb8fce89b27384b2cb
[2026-04-22T13:24:27-05:00] DEBUG [dmsgC]: DialStream failed via new session, trying next server error="context deadline exceeded" server=0281a102c82820e811368c8d028cf11b1a985043b726b1bcdb8fce89b27384b2cb
[2026-04-22T13:24:27-05:00] DEBUG [public_autoconnect]: Skipping visor: dmsg probe failed (unreachable) pk=03c0de442df14bf8105ce95763e320cf2520dccd6fa1a7cd3319a7c24689613faa type=sudph
[2026-04-22T13:24:28-05:00] DEBUG [dht]: PutValue failed error="dht: remote rejected put: dht: sequence number must increase" peer=0315597d
[2026-04-22T13:24:33-05:00] DEBUG ClientSession.DialStream [dmsgC]: Stream closed on failure. close_error=<nil> dst_addr=03530e8f08787398f263cf915b521b9894db5d5063dfd2038aef371c20b66beddd:136 error="i/o deadline reached" ports_reserved=42 session=0281a102c82820e811368c8d028cf11b1a985043b726b1bcdb8fce89b27384b2cb
[2026-04-22T13:24:33-05:00] DEBUG [dmsgC]: DialStream failed, trying next session error="i/o deadline reached" server=0281a102c82820e811368c8d028cf11b1a985043b726b1bcdb8fce89b27384b2cb
[2026-04-22T13:24:33-05:00] DEBUG ClientSession.DialStream [dmsgC]: Stream closed on failure. close_error=<nil> dst_addr=03530e8f08787398f263cf915b521b9894db5d5063dfd2038aef371c20b66beddd:136 error="context deadline exceeded" ports_reserved=42 session=0281a102c82820e811368c8d028cf11b1a985043b726b1bcdb8fce89b27384b2cb
[2026-04-22T13:24:33-05:00] DEBUG [dmsgC]: DialStream failed via new session, trying next server error="context deadline exceeded" server=0281a102c82820e811368c8d028cf11b1a985043b726b1bcdb8fce89b27384b2cb
[2026-04-22T13:24:33-05:00] DEBUG [public_autoconnect]: Skipping visor: dmsg probe failed (unreachable) pk=03530e8f08787398f263cf915b521b9894db5d5063dfd2038aef371c20b66beddd type=sudph
[2026-04-22T13:24:33-05:00] DEBUG [public_autoconnect]: Trying to add transport pk=0361d4e834f5112fa58122f8abe93f56ca59053c369dbd8cada33f310b25ab60fb type=sudph
[2026-04-22T13:24:33-05:00] DEBUG [transport_manager]: Initializing TP with ID 3f694e33-608e-0fd0-98ab-6008037ac897
[2026-04-22T13:24:33-05:00] DEBUG [transport_manager]: Dialing transport to 0361d4e834f5112fa58122f8abe93f56ca59053c369dbd8cada33f310b25ab60fb via sudph
[2026-04-22T13:24:34-05:00] DEBUG [sudph]: Resolved PK 0361d4e834f5112fa58122f8abe93f56ca59053c369dbd8cada33f310b25ab60fb to visor data {182.8.97.197:8005 false {48326 [127.0.0.1 192.168.0.102 172.17.0.1 192.168.60.210 ::1]}}
[2026-04-22T13:24:34-05:00] DEBUG [sudph]: Dialing public address: 182.8.97.197:8005
[2026-04-22T13:24:34-05:00] DEBUG [sudph]: Dialing 182.8.97.197:8005
[2026-04-22T13:24:34-05:00] DEBUG [sudph]: Dialed 182.8.97.197:8005
[2026-04-22T13:24:34-05:00] DEBUG [sudph]: Performing handshake with 182.8.97.197:8005
[2026-04-22T13:24:36-05:00] DEBUG ClientSession.DialStream [dmsgC]: Stream closed on failure. close_error=<nil> dst_addr=0246834bf9cf11972cdd17bc0389076ab2d1c405f95437ef95e7d5ee860229ea8b:100 error="i/o deadline reached" ports_reserved=42 session=0281a102c82820e811368c8d028cf11b1a985043b726b1bcdb8fce89b27384b2cb
[2026-04-22T13:24:36-05:00] DEBUG [dmsgC]: DialStream failed, trying next session error="i/o deadline reached" server=0281a102c82820e811368c8d028cf11b1a985043b726b1bcdb8fce89b27384b2cb
[2026-04-22T13:24:36-05:00] DEBUG [stcpr]: Re-registering STCPR with address resolver
[2026-04-22T13:24:36-05:00] DEBUG httpClient.BindSTCPR [address_resolver]: Address resolver binding with: [192.168.1.118 70.121.13.123]
[2026-04-22T13:24:37-05:00] DEBUG [stcpr]: Successfully re-registered STCPR
[2026-04-22T13:24:41-05:00] DEBUG ClientSession.DialStream [dmsgC]: Stream closed on failure. close_error=<nil> dst_addr=0246834bf9cf11972cdd17bc0389076ab2d1c405f95437ef95e7d5ee860229ea8b:100 error="i/o deadline reached" ports_reserved=42 session=03717576ada5b1744e395c66c2bb11cea73b0e23d0dcd54422139b1a7f12e962c4
[2026-04-22T13:24:41-05:00] DEBUG [dmsgC]: DialStream failed, trying next session error="i/o deadline reached" server=03717576ada5b1744e395c66c2bb11cea73b0e23d0dcd54422139b1a7f12e962c4
[2026-04-22T13:24:41-05:00] DEBUG ClientSession.DialStream [dmsgC]: Stream closed on failure. close_error=<nil> dst_addr=0246834bf9cf11972cdd17bc0389076ab2d1c405f95437ef95e7d5ee860229ea8b:100 error="context deadline exceeded" ports_reserved=42 session=03717576ada5b1744e395c66c2bb11cea73b0e23d0dcd54422139b1a7f12e962c4
[2026-04-22T13:24:41-05:00] DEBUG [dmsgC]: DialStream failed via new session, trying next server error="context deadline exceeded" server=03717576ada5b1744e395c66c2bb11cea73b0e23d0dcd54422139b1a7f12e962c4
[2026-04-22T13:24:44-05:00] DEBUG [transport_manager]: Error dialing transport to 0361d4e834f5112fa58122f8abe93f56ca59053c369dbd8cada33f310b25ab60fb via sudph: mt.client.Dial: handshake failed: timeout

[2026-04-22T13:24:44-05:00] WARN [public_autoconnect]: Failed to add transport error="save transport: mt.client.Dial: handshake failed: timeout
" pk=0361d4e834f5112fa58122f8abe93f56ca59053c369dbd8cada33f310b25ab60fb type=sudph
[2026-04-22T13:24:45-05:00] DEBUG [public_autoconnect]: Trying to add transport pk=02ea98a2030761577c81455bc8072cac6c1bef3a3d59e32b448480b0f13fae0381 type=sudph
[2026-04-22T13:24:45-05:00] DEBUG [transport_manager]: Initializing TP with ID 515d5ca0-84a2-0d37-8bc5-692a94e2a315
[2026-04-22T13:24:45-05:00] DEBUG [transport_manager]: Dialing transport to 02ea98a2030761577c81455bc8072cac6c1bef3a3d59e32b448480b0f13fae0381 via sudph
[2026-04-22T13:24:45-05:00] DEBUG [sudph]: Resolved PK 02ea98a2030761577c81455bc8072cac6c1bef3a3d59e32b448480b0f13fae0381 to visor data {202.65.236.91:43106 false {33928 [127.0.0.1 192.168.110.8 192.168.60.104 172.17.0.1 ::1]}}
[2026-04-22T13:24:45-05:00] DEBUG [sudph]: Dialing public address: 202.65.236.91:43106
[2026-04-22T13:24:45-05:00] DEBUG [sudph]: Dialing 202.65.236.91:43106
[2026-04-22T13:24:45-05:00] DEBUG [sudph]: Dialed 202.65.236.91:43106
[2026-04-22T13:24:45-05:00] DEBUG [sudph]: Performing handshake with 202.65.236.91:43106
[2026-04-22T13:24:46-05:00] DEBUG [cli_rpc]: CLI RPC stats: active=0, total=2, errors=0, peak=1
[2026-04-22T13:24:46-05:00] DEBUG ClientSession.DialStream [dmsgC]: Stream closed on failure. close_error=<nil> dst_addr=03cf0b005bd8ff120b8389722547f48e11e14414895c5f36d64071dfab0df9bbd2:100 error="i/o deadline reached" ports_reserved=43 session=0326978f5a53aff537dbb47fed58b1f123af3b00132d365f1309a14db4168dcff7
[2026-04-22T13:24:46-05:00] DEBUG [dmsgC]: DialStream failed, trying next session error="i/o deadline reached" server=0326978f5a53aff537dbb47fed58b1f123af3b00132d365f1309a14db4168dcff7
[2026-04-22T13:24:51-05:00] DEBUG ClientSession.DialStream [dmsgC]: Stream closed on failure. close_error=<nil> dst_addr=03cf0b005bd8ff120b8389722547f48e11e14414895c5f36d64071dfab0df9bbd2:100 error="i/o deadline reached" ports_reserved=43 session=0281a102c82820e811368c8d028cf11b1a985043b726b1bcdb8fce89b27384b2cb
[2026-04-22T13:24:51-05:00] DEBUG [dmsgC]: DialStream failed, trying next session error="i/o deadline reached" server=0281a102c82820e811368c8d028cf11b1a985043b726b1bcdb8fce89b27384b2cb
[2026-04-22T13:24:55-05:00] DEBUG [transport_manager]: Error dialing transport to 02ea98a2030761577c81455bc8072cac6c1bef3a3d59e32b448480b0f13fae0381 via sudph: mt.client.Dial: handshake failed: timeout

[2026-04-22T13:24:55-05:00] WARN [public_autoconnect]: Failed to add transport error="save transport: mt.client.Dial: handshake failed: timeout
" pk=02ea98a2030761577c81455bc8072cac6c1bef3a3d59e32b448480b0f13fae0381 type=sudph
[2026-04-22T13:24:57-05:00] DEBUG ClientSession.DialStream [dmsgC]: Stream closed on failure. close_error=<nil> dst_addr=02d5c4e5bbe097f870a0836836622dee09e243dc119740ef3f30e3651cf85dd3fb:100 error="i/o deadline reached" ports_reserved=45 session=03717576ada5b1744e395c66c2bb11cea73b0e23d0dcd54422139b1a7f12e962c4
[2026-04-22T13:24:57-05:00] DEBUG [dmsgC]: DialStream failed via cached route, evicting error="i/o deadline reached" server=03717576ada5b1744e395c66c2bb11cea73b0e23d0dcd54422139b1a7f12e962c4
[2026-04-22T13:24:58-05:00] DEBUG [dht]: PutValue failed error="dht: remote rejected put: dht: sequence number must increase" peer=02f10e04
[2026-04-22T13:24:59-05:00] DEBUG [dht]: PutValue failed error="dht: remote rejected put: dht: sequence number must increase" peer=032f1e09
[2026-04-22T13:25:00-05:00] DEBUG [dht]: PutValue failed error="dht: remote rejected put: dht: sequence number must increase" peer=0207abc2
[2026-04-22T13:25:00-05:00] DEBUG [dht]: PutValue failed error="dht: remote rejected put: dht: sequence number must increase" peer=03415ebc
[2026-04-22T13:25:00-05:00] DEBUG ClientSession.DialStream [dmsgC]: Stream closed on failure. close_error=<nil> dst_addr=03f387c925ae3e28085fdb5e08abd7d03dfc1d1b685c7f69ee180b8d76c0a5b53d:136 error="i/o deadline reached" ports_reserved=44 session=0281a102c82820e811368c8d028cf11b1a985043b726b1bcdb8fce89b27384b2cb
[2026-04-22T13:25:00-05:00] DEBUG [dmsgC]: DialStream failed, trying next session error="i/o deadline reached" server=0281a102c82820e811368c8d028cf11b1a985043b726b1bcdb8fce89b27384b2cb
[2026-04-22T13:25:00-05:00] DEBUG ClientSession.DialStream [dmsgC]: Stream closed on failure. close_error=<nil> dst_addr=03f387c925ae3e28085fdb5e08abd7d03dfc1d1b685c7f69ee180b8d76c0a5b53d:136 error="context deadline exceeded" ports_reserved=44 session=0281a102c82820e811368c8d028cf11b1a985043b726b1bcdb8fce89b27384b2cb
[2026-04-22T13:25:00-05:00] DEBUG [dmsgC]: DialStream failed via new session, trying next server error="context deadline exceeded" server=0281a102c82820e811368c8d028cf11b1a985043b726b1bcdb8fce89b27384b2cb
[2026-04-22T13:25:00-05:00] DEBUG [public_autoconnect]: Skipping visor: dmsg probe failed (unreachable) pk=03f387c925ae3e28085fdb5e08abd7d03dfc1d1b685c7f69ee180b8d76c0a5b53d type=sudph
[2026-04-22T13:25:01-05:00] DEBUG [dht]: PutValue failed error="dht dmsg dial 02a49bc0: dmsg error 102 - entry is not of client in discovery" peer=02a49bc0
[2026-04-22T13:25:01-05:00] DEBUG [public_autoconnect]: Trying to add transport pk=0388c582861cc09b138e79c4b23d8f76d2973db2ecb936658feaa2fd59523e44ee type=sudph
[2026-04-22T13:25:01-05:00] DEBUG [transport_manager]: Initializing TP with ID 8587aabd-da40-0d75-a4ea-829e52966103
[2026-04-22T13:25:01-05:00] DEBUG [transport_manager]: Dialing transport to 0388c582861cc09b138e79c4b23d8f76d2973db2ecb936658feaa2fd59523e44ee via sudph
[2026-04-22T13:25:02-05:00] DEBUG [dht]: PutValue failed error="dht: remote rejected put: dht: sequence number must increase" peer=03021f2f
[2026-04-22T13:25:02-05:00] DEBUG [sudph]: Resolved PK 0388c582861cc09b138e79c4b23d8f76d2973db2ecb936658feaa2fd59523e44ee to visor data {110.136.89.179:40104 false {35413 [127.0.0.1 192.168.150.1 10.210.90.41 10.10.10.3 ::1]}}
[2026-04-22T13:25:02-05:00] DEBUG [sudph]: Dialing public address: 110.136.89.179:40104
[2026-04-22T13:25:02-05:00] DEBUG [sudph]: Dialing 110.136.89.179:40104
[2026-04-22T13:25:02-05:00] DEBUG [sudph]: Dialed 110.136.89.179:40104
[2026-04-22T13:25:02-05:00] DEBUG [sudph]: Performing handshake with 110.136.89.179:40104
[2026-04-22T13:25:02-05:00] DEBUG [dht]: PutValue failed error="dht: remote rejected put: dht: sequence number must increase" peer=0281a102
[2026-04-22T13:25:03-05:00] DEBUG [dht]: PutValue failed error="dht: remote rejected put: dht: sequence number must increase" peer=0324d126
[2026-04-22T13:25:08-05:00] DEBUG ClientSession.DialStream [dmsgC]: Stream closed on failure. close_error=<nil> dst_addr=0246834bf9cf11972cdd17bc0389076ab2d1c405f95437ef95e7d5ee860229ea8b:100 error="i/o deadline reached" ports_reserved=45 session=0281a102c82820e811368c8d028cf11b1a985043b726b1bcdb8fce89b27384b2cb
[2026-04-22T13:25:08-05:00] DEBUG [dmsgC]: DialStream failed, trying next session error="i/o deadline reached" server=0281a102c82820e811368c8d028cf11b1a985043b726b1bcdb8fce89b27384b2cb
[2026-04-22T13:25:12-05:00] DEBUG [transport_manager]: Error dialing transport to 0388c582861cc09b138e79c4b23d8f76d2973db2ecb936658feaa2fd59523e44ee via sudph: mt.client.Dial: handshake failed: timeout

[2026-04-22T13:25:12-05:00] WARN [public_autoconnect]: Failed to add transport error="save transport: mt.client.Dial: handshake failed: timeout
" pk=0388c582861cc09b138e79c4b23d8f76d2973db2ecb936658feaa2fd59523e44ee type=sudph
[2026-04-22T13:25:12-05:00] DEBUG [public_autoconnect]: Trying to add transport pk=03c758a0daabab4b4bbd524cf46306212818b051b9d92949bd8acdf6226aad32e6 type=sudph
[2026-04-22T13:25:12-05:00] DEBUG [transport_manager]: Initializing TP with ID 2523baa6-2760-0264-8bad-ac4593c4ed34
[2026-04-22T13:25:12-05:00] DEBUG [transport_manager]: Dialing transport to 03c758a0daabab4b4bbd524cf46306212818b051b9d92949bd8acdf6226aad32e6 via sudph
[2026-04-22T13:25:13-05:00] DEBUG ClientSession.DialStream [dmsgC]: Stream closed on failure. close_error=<nil> dst_addr=0246834bf9cf11972cdd17bc0389076ab2d1c405f95437ef95e7d5ee860229ea8b:100 error="i/o deadline reached" ports_reserved=45 session=03717576ada5b1744e395c66c2bb11cea73b0e23d0dcd54422139b1a7f12e962c4
[2026-04-22T13:25:13-05:00] DEBUG [dmsgC]: DialStream failed, trying next session error="i/o deadline reached" server=03717576ada5b1744e395c66c2bb11cea73b0e23d0dcd54422139b1a7f12e962c4
[2026-04-22T13:25:13-05:00] DEBUG ClientSession.DialStream [dmsgC]: Stream closed on failure. close_error=<nil> dst_addr=0246834bf9cf11972cdd17bc0389076ab2d1c405f95437ef95e7d5ee860229ea8b:100 error="context deadline exceeded" ports_reserved=45 session=03717576ada5b1744e395c66c2bb11cea73b0e23d0dcd54422139b1a7f12e962c4
[2026-04-22T13:25:13-05:00] DEBUG [dmsgC]: DialStream failed via new session, trying next server error="context deadline exceeded" server=03717576ada5b1744e395c66c2bb11cea73b0e23d0dcd54422139b1a7f12e962c4
[2026-04-22T13:25:13-05:00] DEBUG [dht]: PutValue failed error="dht dmsg dial 0246834b: dmsg error 202 - cannot connect to delegated server" peer=0246834b
[2026-04-22T13:25:13-05:00] DEBUG [sudph]: Resolved PK 03c758a0daabab4b4bbd524cf46306212818b051b9d92949bd8acdf6226aad32e6 to visor data {70.121.13.123:53622 false {53622 [127.0.0.1 192.168.1.129 ::1]}}
[2026-04-22T13:25:13-05:00] DEBUG [sudph]: Remote visor shares same public IP (70.121.13.123), trying LAN addresses first
[2026-04-22T13:25:13-05:00] DEBUG [sudph]: Trying LAN address: 192.168.1.129:53622
[2026-04-22T13:25:13-05:00] DEBUG [sudph]: Dialing 192.168.1.129:53622
[2026-04-22T13:25:13-05:00] DEBUG [sudph]: Dialed 192.168.1.129:53622
[2026-04-22T13:25:13-05:00] DEBUG [sudph]: Successfully connected via LAN address: 192.168.1.129:53622
[2026-04-22T13:25:13-05:00] DEBUG [sudph]: Performing handshake with 192.168.1.129:53622
[2026-04-22T13:25:16-05:00] DEBUG [cli_rpc]: CLI RPC stats: active=0, total=2, errors=0, peak=1
[2026-04-22T13:25:16-05:00] WARN [router]: closing conn from untrusted setup node: <nil>
[2026-04-22T13:25:16-05:00] WARN [self_probe]: Self-probe FAILED: dmsg listener unreachable (persistent) consecutive_failures=14 port=80
[2026-04-22T13:25:16-05:00] DEBUG [dmsgC]: Session shut down, stopping accept loop. error="session shutdown" session=03717576ada5b1744e395c66c2bb11cea73b0e23d0dcd54422139b1a7f12e962c4
[2026-04-22T13:25:16-05:00] DEBUG [dmsgC]: Session stopped. error="failed to serve dialed session to 03717576ada5b1744e395c66c2bb11cea73b0e23d0dcd54422139b1a7f12e962c4: session shutdown"
[2026-04-22T13:25:16-05:00] DEBUG [dmsgC]: Dialing session... remote_pk=02a49bc0aa1b5b78f638e9189be4ed095bac5d6839c828465a8350f80ac07629c0
[2026-04-22T13:25:16-05:00] DEBUG [dmsgC]: Session shut down, stopping accept loop. error="session shutdown" session=0281a102c82820e811368c8d028cf11b1a985043b726b1bcdb8fce89b27384b2cb
[2026-04-22T13:25:16-05:00] DEBUG ClientSession.DialStream [dmsgC]: Stream closed on failure. close_error=<nil> dst_addr=03cf0b005bd8ff120b8389722547f48e11e14414895c5f36d64071dfab0df9bbd2:100 error=EOF ports_reserved=9 session=0326978f5a53aff537dbb47fed58b1f123af3b00132d365f1309a14db4168dcff7
[2026-04-22T13:25:16-05:00] WARN [self_probe]: Self-probe recovery: forced DMSG session reconnect; reconnect loop will re-dial within 15s sessions_closed=3
[2026-04-22T13:25:16-05:00] DEBUG [dmsgC]: Session shut down, stopping accept loop. error="session shutdown" session=0326978f5a53aff537dbb47fed58b1f123af3b00132d365f1309a14db4168dcff7
[2026-04-22T13:25:16-05:00] DEBUG [dmsgC]: DialStream failed, trying next session error=EOF server=0326978f5a53aff537dbb47fed58b1f123af3b00132d365f1309a14db4168dcff7
[2026-04-22T13:25:16-05:00] DEBUG [dmsgC]: DialStream failed, trying next session error="session shutdown" server=0281a102c82820e811368c8d028cf11b1a985043b726b1bcdb8fce89b27384b2cb
[2026-04-22T13:25:16-05:00] DEBUG [dmsgC]: DialStream failed, trying next session error="session shutdown" server=03717576ada5b1744e395c66c2bb11cea73b0e23d0dcd54422139b1a7f12e962c4
[2026-04-22T13:25:16-05:00] INFO [dmsgC]: yamux stream session initial for 02a49bc0aa1b5b78f638e9189be4ed095bac5d6839c828465a8350f80ac07629c0
[2026-04-22T13:25:16-05:00] DEBUG [dmsgC]: Serving session. remote_pk=02a49bc0aa1b5b78f638e9189be4ed095bac5d6839c828465a8350f80ac07629c0
[2026-04-22T13:25:16-05:00] DEBUG [dmsgC]: Session stopped. error="failed to serve dialed session to 0281a102c82820e811368c8d028cf11b1a985043b726b1bcdb8fce89b27384b2cb: session shutdown"
[2026-04-22T13:25:17-05:00] DEBUG [dmsgC]: Dialing session... remote_pk=02a2d4c346dabd165fd555dfdba4a7f4d18786fe7e055e562397cd5102bdd7f8dd
[2026-04-22T13:25:17-05:00] INFO [dmsgC]: yamux stream session initial for 02a2d4c346dabd165fd555dfdba4a7f4d18786fe7e055e562397cd5102bdd7f8dd
[2026-04-22T13:25:17-05:00] DEBUG [dmsgC]: Serving session. remote_pk=02a2d4c346dabd165fd555dfdba4a7f4d18786fe7e055e562397cd5102bdd7f8dd
[2026-04-22T13:25:17-05:00] DEBUG [dmsgC]: Session already exists... remote_pk=02a2d4c346dabd165fd555dfdba4a7f4d18786fe7e055e562397cd5102bdd7f8dd
[2026-04-22T13:25:17-05:00] DEBUG [dmsgC]: Session stopped. error="failed to serve dialed session to 0326978f5a53aff537dbb47fed58b1f123af3b00132d365f1309a14db4168dcff7: session shutdown"
[2026-04-22T13:25:17-05:00] DEBUG [dmsgC]: Dialing session... remote_pk=03717576ada5b1744e395c66c2bb11cea73b0e23d0dcd54422139b1a7f12e962c4
[2026-04-22T13:25:17-05:00] DEBUG [dmsgC]: Session shut down, stopping accept loop. error=EOF session=02a2d4c346dabd165fd555dfdba4a7f4d18786fe7e055e562397cd5102bdd7f8dd
[2026-04-22T13:25:17-05:00] DEBUG ClientSession.DialStream [dmsgC]: Stream closed on failure. close_error=<nil> dst_addr=03cf0b005bd8ff120b8389722547f48e11e14414895c5f36d64071dfab0df9bbd2:100 error=EOF ports_reserved=10 session=02a2d4c346dabd165fd555dfdba4a7f4d18786fe7e055e562397cd5102bdd7f8dd
[2026-04-22T13:25:17-05:00] DEBUG [dmsgC]: DialStream failed via new session, trying next server error=EOF server=02a2d4c346dabd165fd555dfdba4a7f4d18786fe7e055e562397cd5102bdd7f8dd
[2026-04-22T13:25:17-05:00] INFO [dmsgC]: yamux stream session initial for 03717576ada5b1744e395c66c2bb11cea73b0e23d0dcd54422139b1a7f12e962c4
[2026-04-22T13:25:17-05:00] DEBUG [dmsgC]: Updating entry.
 entry=	version: 0.0.1
	sequence: 14
	registered at: 1776882263575487349
	static public key: 0282213369836321323dfaa492564ceb8a9a5e7e8ff044c46c92949a787ec51fb0
	signature: 51f90fff1982ce9d50c3151c535506fe489959e41d048b112ed46ddc0a1890eb10eb2d7ad14878171a958007f4457822f8539ecbdafff8d6138e832f081ae6d200
	entry is registered as client. Related info: 
		delegated servers: 
			02a2d4c346dabd165fd555dfdba4a7f4d18786fe7e055e562397cd5102bdd7f8dd
			02a49bc0aa1b5b78f638e9189be4ed095bac5d6839c828465a8350f80ac07629c0


[2026-04-22T13:25:18-05:00] DEBUG [dmsgC]: Serving session. remote_pk=03717576ada5b1744e395c66c2bb11cea73b0e23d0dcd54422139b1a7f12e962c4
[2026-04-22T13:25:18-05:00] DEBUG [dmsgC]: Session stopped. error="failed to serve dialed session to 02a2d4c346dabd165fd555dfdba4a7f4d18786fe7e055e562397cd5102bdd7f8dd: EOF"
[2026-04-22T13:25:18-05:00] DEBUG [dmsgC]: Dialing session... remote_pk=0371ab4bcff7b121f4b91f6856d6740c6f9dc1fe716977850aeb5d84378b300a13
[2026-04-22T13:25:18-05:00] INFO [dmsgC]: yamux stream session initial for 0371ab4bcff7b121f4b91f6856d6740c6f9dc1fe716977850aeb5d84378b300a13
[2026-04-22T13:25:18-05:00] DEBUG [dmsgC]: Serving session. remote_pk=0371ab4bcff7b121f4b91f6856d6740c6f9dc1fe716977850aeb5d84378b300a13
[2026-04-22T13:25:18-05:00] DEBUG [dht]: PutValue failed error="dht: remote rejected put: dht: sequence number must increase" peer=03cf0b00
[2026-04-22T13:25:19-05:00] DEBUG [dmsgC]: Updating entry.
 entry=	version: 0.0.1
	sequence: 15
	registered at: 1776882317941337786
	static public key: 0282213369836321323dfaa492564ceb8a9a5e7e8ff044c46c92949a787ec51fb0
	signature: 67ebcdf282b1c70ca9dd6dbcd959ad126908656c812cdc96c818b110ded5368d5b1067590f7858b9661660c357eacb6613f77015897308e4b998d0709caecd9300
	entry is registered as client. Related info: 
		delegated servers: 
			0371ab4bcff7b121f4b91f6856d6740c6f9dc1fe716977850aeb5d84378b300a13
			02a49bc0aa1b5b78f638e9189be4ed095bac5d6839c828465a8350f80ac07629c0
			03717576ada5b1744e395c66c2bb11cea73b0e23d0dcd54422139b1a7f12e962c4


[2026-04-22T13:25:23-05:00] DEBUG [transport_manager]: Error dialing transport to 03c758a0daabab4b4bbd524cf46306212818b051b9d92949bd8acdf6226aad32e6 via sudph: mt.client.Dial: handshake failed: timeout

[2026-04-22T13:25:23-05:00] WARN [public_autoconnect]: Failed to add transport error="save transport: mt.client.Dial: handshake failed: timeout
" pk=03c758a0daabab4b4bbd524cf46306212818b051b9d92949bd8acdf6226aad32e6 type=sudph
[2026-04-22T13:25:24-05:00] DEBUG ClientSession.DialStream [dmsgC]: Stream closed on failure. close_error=<nil> dst_addr=0280df7c8c646f15447e677c6d098aa228988d227da7ac88a18f775971a825244e:100 error="i/o deadline reached" ports_reserved=10 session=0371ab4bcff7b121f4b91f6856d6740c6f9dc1fe716977850aeb5d84378b300a13
[2026-04-22T13:25:24-05:00] DEBUG [dmsgC]: DialStream failed, trying next session error="i/o deadline reached" server=0371ab4bcff7b121f4b91f6856d6740c6f9dc1fe716977850aeb5d84378b300a13
[2026-04-22T13:25:24-05:00] DEBUG [public_autoconnect]: Trying to add transport pk=020f66a62bfca204e055c515f3cefcc9f207d785df76d868ff0fda9a18a3665901 type=sudph
[2026-04-22T13:25:24-05:00] DEBUG [transport_manager]: Initializing TP with ID 12ade5fc-88a0-04cf-a4af-e354b49e1481
[2026-04-22T13:25:24-05:00] DEBUG [transport_manager]: Dialing transport to 020f66a62bfca204e055c515f3cefcc9f207d785df76d868ff0fda9a18a3665901 via sudph
[2026-04-22T13:25:24-05:00] DEBUG [dht]: PutValue failed error="dht: remote rejected put: dht: sequence number must increase" peer=0280df7c
[2026-04-22T13:25:25-05:00] DEBUG [dht]: PutValue failed error="dht: remote rejected put: dht: sequence number must increase" peer=02bc5f24
[2026-04-22T13:25:25-05:00] DEBUG [sudph]: Resolved PK 020f66a62bfca204e055c515f3cefcc9f207d785df76d868ff0fda9a18a3665901 to visor data {103.167.4.142:48067 false {48067 [127.0.0.1 192.168.7.237 ::1]}}
[2026-04-22T13:25:25-05:00] DEBUG [sudph]: Dialing public address: 103.167.4.142:48067
[2026-04-22T13:25:25-05:00] DEBUG [sudph]: Dialing 103.167.4.142:48067
[2026-04-22T13:25:25-05:00] DEBUG [sudph]: Dialed 103.167.4.142:48067
[2026-04-22T13:25:25-05:00] DEBUG [sudph]: Performing handshake with 103.167.4.142:48067
[2026-04-22T13:25:26-05:00] DEBUG [dht]: PutValue failed error="dht: remote rejected put: dht: sequence number must increase" peer=02986fcf
[2026-04-22T13:25:27-05:00] DEBUG [dht]: PutValue failed error="dht: remote rejected put: dht: sequence number must increase" peer=031b5196
[2026-04-22T13:25:27-05:00] DEBUG [dht]: PutValue failed error="dht: remote rejected put: dht: sequence number must increase" peer=022d2909
[2026-04-22T13:25:28-05:00] DEBUG [dht]: PutValue failed error="dht: remote rejected put: dht: sequence number must increase" peer=02d40845
[2026-04-22T13:25:29-05:00] DEBUG [dht]: PutValue failed error="dht: remote rejected put: dht: sequence number must increase" peer=036df68c
[2026-04-22T13:25:30-05:00] DEBUG [dht]: PutValue failed error="dht: remote rejected put: dht: sequence number must increase" peer=02379bac
[2026-04-22T13:25:30-05:00] DEBUG [dht]: PutValue failed error="dht dmsg dial 02a2d4c3: dmsg error 102 - entry is not of client in discovery" peer=02a2d4c3
[2026-04-22T13:25:35-05:00] DEBUG [transport_manager]: Error dialing transport to 020f66a62bfca204e055c515f3cefcc9f207d785df76d868ff0fda9a18a3665901 via sudph: mt.client.Dial: handshake failed: timeout

[2026-04-22T13:25:35-05:00] WARN [public_autoconnect]: Failed to add transport error="save transport: mt.client.Dial: handshake failed: timeout
" pk=020f66a62bfca204e055c515f3cefcc9f207d785df76d868ff0fda9a18a3665901 type=sudph
[2026-04-22T13:25:36-05:00] DEBUG ClientSession.DialStream [dmsgC]: Stream closed on failure. close_error=<nil> dst_addr=02d5c4e5bbe097f870a0836836622dee09e243dc119740ef3f30e3651cf85dd3fb:100 error="i/o deadline reached" ports_reserved=12 session=0371ab4bcff7b121f4b91f6856d6740c6f9dc1fe716977850aeb5d84378b300a13
[2026-04-22T13:25:36-05:00] DEBUG [dmsgC]: DialStream failed, trying next session error="i/o deadline reached" server=0371ab4bcff7b121f4b91f6856d6740c6f9dc1fe716977850aeb5d84378b300a13
[2026-04-22T13:25:36-05:00] DEBUG [public_autoconnect]: Trying to add transport pk=03dfb9788f2cf54f340998357654aaa7306989f40a43f6c5a77c4327335fb3ad41 type=sudph
[2026-04-22T13:25:36-05:00] DEBUG [transport_manager]: Initializing TP with ID a9d02b86-051d-08e4-875f-72a998225207
[2026-04-22T13:25:36-05:00] DEBUG [transport_manager]: Dialing transport to 03dfb9788f2cf54f340998357654aaa7306989f40a43f6c5a77c4327335fb3ad41 via sudph
[2026-04-22T13:25:37-05:00] DEBUG [sudph]: Resolved PK 03dfb9788f2cf54f340998357654aaa7306989f40a43f6c5a77c4327335fb3ad41 to visor data {182.8.99.132:13852 false {54126 [127.0.0.1 192.168.1.80 172.17.0.1 192.168.60.102 ::1 2404:c0:b602:7ae6:db5a:905f:d176:6eb5]}}
[2026-04-22T13:25:37-05:00] DEBUG [sudph]: Dialing public address: 182.8.99.132:13852
[2026-04-22T13:25:37-05:00] DEBUG [sudph]: Dialing 182.8.99.132:13852
[2026-04-22T13:25:37-05:00] DEBUG [sudph]: Dialed 182.8.99.132:13852
[2026-04-22T13:25:37-05:00] DEBUG [sudph]: Performing handshake with 182.8.99.132:13852
[2026-04-22T13:25:41-05:00] DEBUG ClientSession.DialStream [dmsgC]: Stream closed on failure. close_error=<nil> dst_addr=02d5c4e5bbe097f870a0836836622dee09e243dc119740ef3f30e3651cf85dd3fb:100 error="i/o deadline reached" ports_reserved=11 session=03717576ada5b1744e395c66c2bb11cea73b0e23d0dcd54422139b1a7f12e962c4
[2026-04-22T13:25:41-05:00] DEBUG [dmsgC]: DialStream failed, trying next session error="i/o deadline reached" server=03717576ada5b1744e395c66c2bb11cea73b0e23d0dcd54422139b1a7f12e962c4
[2026-04-22T13:25:41-05:00] DEBUG [dht]: PutValue failed error="dht dmsg dial 02d5c4e5: dmsg error 202 - cannot connect to delegated server" peer=02d5c4e5
[2026-04-22T13:25:46-05:00] DEBUG [cli_rpc]: CLI RPC stats: active=0, total=2, errors=0, peak=1
[2026-04-22T13:25:47-05:00] DEBUG [transport_manager]: Error dialing transport to 03dfb9788f2cf54f340998357654aaa7306989f40a43f6c5a77c4327335fb3ad41 via sudph: mt.client.Dial: handshake failed: timeout

[2026-04-22T13:25:47-05:00] WARN [public_autoconnect]: Failed to add transport error="save transport: mt.client.Dial: handshake failed: timeout
" pk=03dfb9788f2cf54f340998357654aaa7306989f40a43f6c5a77c4327335fb3ad41 type=sudph
[2026-04-22T13:25:50-05:00] DEBUG [dht]: PutValue failed error="dht: remote rejected put: dht: sequence number must increase" peer=03ce6a7b
[2026-04-22T13:25:50-05:00] DEBUG [dht]: PutValue failed error="dht: remote rejected put: dht: sequence number must increase" peer=0358ee2d
[2026-04-22T13:25:51-05:00] DEBUG [dht]: PutValue failed error="dht: remote rejected put: dht: sequence number must increase" peer=0334eb10
[2026-04-22T13:25:52-05:00] DEBUG [dht]: PutValue failed error="dht: remote rejected put: dht: sequence number must increase" peer=03797347
[2026-04-22T13:25:52-05:00] DEBUG ClientSession.DialStream [dmsgC]: Stream closed on failure. close_error=<nil> dst_addr=02a4703d00508f93f9c0416ff860cd67fa0c141755cafabdca79f1e83dbc0c687a:136 error="i/o deadline reached" ports_reserved=12 session=0371ab4bcff7b121f4b91f6856d6740c6f9dc1fe716977850aeb5d84378b300a13
[2026-04-22T13:25:52-05:00] DEBUG [dmsgC]: DialStream failed, trying next session error="i/o deadline reached" server=0371ab4bcff7b121f4b91f6856d6740c6f9dc1fe716977850aeb5d84378b300a13
[2026-04-22T13:25:52-05:00] DEBUG [public_autoconnect]: Skipping visor: dmsg probe failed (unreachable) pk=02a4703d00508f93f9c0416ff860cd67fa0c141755cafabdca79f1e83dbc0c687a type=sudph
[2026-04-22T13:25:52-05:00] DEBUG [dht]: PutValue failed error="dht: remote rejected put: dht: sequence number must increase" peer=03abd117
[2026-04-22T13:25:53-05:00] DEBUG [dht]: PutValue failed error="dht: remote rejected put: dht: sequence number must increase" peer=0259e2df
[2026-04-22T13:25:54-05:00] DEBUG [dht]: PutValue failed error="dht: remote rejected put: dht: sequence number must increase" peer=02e8ecb5
[2026-04-22T13:25:54-05:00] DEBUG [dht]: PutValue failed error="dht dmsg dial 02864d02: dmsg error 100 - entry is not found in discovery: entry of public key is not found" peer=02864d02
[2026-04-22T13:25:55-05:00] DEBUG [dht]: PutValue failed error="dht: remote rejected put: dht: sequence number must increase" peer=0371f571
[2026-04-22T13:25:55-05:00] DEBUG [dht]: PutValue failed error="dht: remote rejected put: dht: sequence number must increase" peer=03b647bc
[2026-04-22T13:25:56-05:00] DEBUG [dht]: PutValue failed error="dht: remote rejected put: dht: sequence number must increase" peer=03b9ca7b
[2026-04-22T13:25:56-05:00] DEBUG [dht]: PutValue failed error="dht: remote rejected put: dht: sequence number must increase" peer=0215593f
[2026-04-22T13:25:57-05:00] DEBUG ClientSession.DialStream [dmsgC]: Stream closed on failure. close_error=<nil> dst_addr=0327b0f2b4ce307c4d578104a8a30053e99f061dc09e80389e69f0973b9b8800fc:136 error="i/o deadline reached" ports_reserved=12 session=03717576ada5b1744e395c66c2bb11cea73b0e23d0dcd54422139b1a7f12e962c4
[2026-04-22T13:25:57-05:00] DEBUG [dmsgC]: DialStream failed, trying next session error="i/o deadline reached" server=03717576ada5b1744e395c66c2bb11cea73b0e23d0dcd54422139b1a7f12e962c4
[2026-04-22T13:25:57-05:00] DEBUG ClientSession.DialStream [dmsgC]: Stream closed on failure. close_error=<nil> dst_addr=0327b0f2b4ce307c4d578104a8a30053e99f061dc09e80389e69f0973b9b8800fc:136 error="context deadline exceeded" ports_reserved=12 session=0371ab4bcff7b121f4b91f6856d6740c6f9dc1fe716977850aeb5d84378b300a13
[2026-04-22T13:25:57-05:00] DEBUG [dmsgC]: DialStream failed via new session, trying next server error="context deadline exceeded" server=0371ab4bcff7b121f4b91f6856d6740c6f9dc1fe716977850aeb5d84378b300a13
[2026-04-22T13:25:57-05:00] DEBUG [public_autoconnect]: Skipping visor: dmsg probe failed (unreachable) pk=0327b0f2b4ce307c4d578104a8a30053e99f061dc09e80389e69f0973b9b8800fc type=sudph
[2026-04-22T13:25:58-05:00] DEBUG [dht]: PutValue failed error="dht: remote rejected put: dht: sequence number must increase" peer=0336c02f
[2026-04-22T13:25:58-05:00] DEBUG [public_autoconnect]: Trying to add transport pk=02175376dbb8e54b7b9e10ac0a3e9319a6995d9b9067d01abd8fd08835663677a2 type=sudph
[2026-04-22T13:25:58-05:00] DEBUG [transport_manager]: Initializing TP with ID 0c2fc352-55f0-043e-9694-53c52f5881c8
[2026-04-22T13:25:58-05:00] DEBUG [transport_manager]: Dialing transport to 02175376dbb8e54b7b9e10ac0a3e9319a6995d9b9067d01abd8fd08835663677a2 via sudph
[2026-04-22T13:25:58-05:00] DEBUG [dht]: PutValue failed error="dht: remote rejected put: dht: sequence number must increase" peer=03b5a284
[2026-04-22T13:25:59-05:00] DEBUG [dht]: PutValue failed error="dht: remote rejected put: dht: sequence number must increase" peer=032a07b9
[2026-04-22T13:25:59-05:00] DEBUG [sudph]: Resolved PK 02175376dbb8e54b7b9e10ac0a3e9319a6995d9b9067d01abd8fd08835663677a2 to visor data {110.136.89.217:59130 false {39731 [127.0.0.1 192.168.150.1 10.208.203.52 10.10.11.9 ::1]}}
[2026-04-22T13:25:59-05:00] DEBUG [sudph]: Dialing public address: 110.136.89.217:59130
[2026-04-22T13:25:59-05:00] DEBUG [sudph]: Dialing 110.136.89.217:59130
[2026-04-22T13:25:59-05:00] DEBUG [sudph]: Dialed 110.136.89.217:59130
[2026-04-22T13:25:59-05:00] DEBUG [sudph]: Performing handshake with 110.136.89.217:59130
[2026-04-22T13:25:59-05:00] DEBUG [dht]: PutValue failed error="dht: remote rejected put: dht: sequence number must increase" peer=025c9a88
[2026-04-22T13:26:00-05:00] DEBUG [dht]: PutValue failed error="dht: remote rejected put: dht: sequence number must increase" peer=035c27a3
[2026-04-22T13:26:01-05:00] DEBUG [dht]: PutValue failed error="dht: remote rejected put: dht: sequence number must increase" peer=02df744c
[2026-04-22T13:26:02-05:00] DEBUG [dht]: PutValue failed error="dht: remote rejected put: dht: sequence number must increase" peer=023d00ea
[2026-04-22T13:26:02-05:00] DEBUG [dht]: PutValue failed error="dht: remote rejected put: dht: sequence number must increase" peer=0315597d
[2026-04-22T13:26:06-05:00] DEBUG [stcpr]: Re-registering STCPR with address resolver
[2026-04-22T13:26:06-05:00] DEBUG httpClient.BindSTCPR [address_resolver]: Address resolver binding with: [192.168.1.118 70.121.13.123]
[2026-04-22T13:26:07-05:00] DEBUG [tpd_concurrency]: TPD query returned client error (4xx), not retrying error="404 Not Found: {"error":"transport not found"}"
[2026-04-22T13:26:07-05:00] DEBUG [stcpr]: Successfully re-registered STCPR
[2026-04-22T13:26:09-05:00] DEBUG [transport_manager]: Error dialing transport to 02175376dbb8e54b7b9e10ac0a3e9319a6995d9b9067d01abd8fd08835663677a2 via sudph: mt.client.Dial: handshake failed: timeout

[2026-04-22T13:26:09-05:00] WARN [public_autoconnect]: Failed to add transport error="save transport: mt.client.Dial: handshake failed: timeout
" pk=02175376dbb8e54b7b9e10ac0a3e9319a6995d9b9067d01abd8fd08835663677a2 type=sudph
[2026-04-22T13:26:09-05:00] DEBUG [public_autoconnect]: Skipping visor: dmsg probe failed (unreachable) pk=02864d02a205708990db700c65cdaead2a9dac6d499bf02b40dba13a51dc0e5a9d type=sudph
[2026-04-22T13:26:10-05:00] DEBUG [public_autoconnect]: Trying to add transport pk=028521452202cb3cccd4069bab49fad428f8d3624e06963c1dd7ee8d6366f49845 type=sudph
[2026-04-22T13:26:10-05:00] DEBUG [transport_manager]: Initializing TP with ID 80ad20c4-e02c-0469-9305-df9e32a182e4
[2026-04-22T13:26:10-05:00] DEBUG [transport_manager]: Dialing transport to 028521452202cb3cccd4069bab49fad428f8d3624e06963c1dd7ee8d6366f49845 via sudph
[2026-04-22T13:26:11-05:00] DEBUG [sudph]: Resolved PK 028521452202cb3cccd4069bab49fad428f8d3624e06963c1dd7ee8d6366f49845 to visor data {45.63.123.127:47303 false {47303 [127.0.0.1 192.168.7.43 ::1]}}
[2026-04-22T13:26:11-05:00] DEBUG [sudph]: Dialing public address: 45.63.123.127:47303
[2026-04-22T13:26:11-05:00] DEBUG [sudph]: Dialing 45.63.123.127:47303
[2026-04-22T13:26:11-05:00] DEBUG [sudph]: Dialed 45.63.123.127:47303
[2026-04-22T13:26:11-05:00] DEBUG [sudph]: Performing handshake with 45.63.123.127:47303
[2026-04-22T13:26:11-05:00] DEBUG ClientSession.DialStream [dmsgC]: Stream closed on failure. close_error=<nil> dst_addr=0246834bf9cf11972cdd17bc0389076ab2d1c405f95437ef95e7d5ee860229ea8b:100 error="i/o deadline reached" ports_reserved=12 session=03717576ada5b1744e395c66c2bb11cea73b0e23d0dcd54422139b1a7f12e962c4
[2026-04-22T13:26:11-05:00] DEBUG [dmsgC]: DialStream failed, trying next session error="i/o deadline reached" server=03717576ada5b1744e395c66c2bb11cea73b0e23d0dcd54422139b1a7f12e962c4
[2026-04-22T13:26:16-05:00] DEBUG [cli_rpc]: CLI RPC stats: active=0, total=2, errors=0, peak=1
[2026-04-22T13:26:16-05:00] DEBUG ClientSession.DialStream [dmsgC]: Stream closed on failure. close_error=<nil> dst_addr=0246834bf9cf11972cdd17bc0389076ab2d1c405f95437ef95e7d5ee860229ea8b:100 error="i/o deadline reached" ports_reserved=12 session=02a49bc0aa1b5b78f638e9189be4ed095bac5d6839c828465a8350f80ac07629c0
[2026-04-22T13:26:16-05:00] DEBUG [dmsgC]: DialStream failed, trying next session error="i/o deadline reached" server=02a49bc0aa1b5b78f638e9189be4ed095bac5d6839c828465a8350f80ac07629c0
[2026-04-22T13:26:16-05:00] DEBUG ClientSession.DialStream [dmsgC]: Stream closed on failure. close_error=<nil> dst_addr=0246834bf9cf11972cdd17bc0389076ab2d1c405f95437ef95e7d5ee860229ea8b:100 error="context deadline exceeded" ports_reserved=12 session=03717576ada5b1744e395c66c2bb11cea73b0e23d0dcd54422139b1a7f12e962c4
[2026-04-22T13:26:16-05:00] DEBUG [dmsgC]: DialStream failed via new session, trying next server error="context deadline exceeded" server=03717576ada5b1744e395c66c2bb11cea73b0e23d0dcd54422139b1a7f12e962c4
[2026-04-22T13:26:16-05:00] DEBUG ClientSession.DialStream [dmsgC]: Stream closed on failure. close_error=<nil> dst_addr=0246834bf9cf11972cdd17bc0389076ab2d1c405f95437ef95e7d5ee860229ea8b:100 error="context deadline exceeded" ports_reserved=12 session=02a49bc0aa1b5b78f638e9189be4ed095bac5d6839c828465a8350f80ac07629c0
[2026-04-22T13:26:16-05:00] DEBUG [dmsgC]: DialStream failed via new session, trying next server error="context deadline exceeded" server=02a49bc0aa1b5b78f638e9189be4ed095bac5d6839c828465a8350f80ac07629c0
[2026-04-22T13:26:16-05:00] WARN [router]: closing conn from untrusted setup node: <nil>
[2026-04-22T13:26:17-05:00] WARN [self_probe]: Self-probe FAILED: dmsg listener unreachable (persistent) consecutive_failures=15 cooldown_remaining=3m59s port=80
[2026-04-22T13:26:20-05:00] DEBUG [dmsgC]: Updating entry.
 entry=	version: 0.0.1
	sequence: 16
	registered at: 1776882319498701378
	static public key: 0282213369836321323dfaa492564ceb8a9a5e7e8ff044c46c92949a787ec51fb0
	signature: 70628514adc3d929ad2554e6398dd3a57d60da44811289ac45e540615554907060e1baff2bcc9d5a889946ec6b3eda253433cbac5c3c65a44bf5922159f8a4e701
	entry is registered as client. Related info: 
		delegated servers: 
			0371ab4bcff7b121f4b91f6856d6740c6f9dc1fe716977850aeb5d84378b300a13
			02a49bc0aa1b5b78f638e9189be4ed095bac5d6839c828465a8350f80ac07629c0
			03717576ada5b1744e395c66c2bb11cea73b0e23d0dcd54422139b1a7f12e962c4


[2026-04-22T13:26:21-05:00] DEBUG [transport_manager]: Error dialing transport to 028521452202cb3cccd4069bab49fad428f8d3624e06963c1dd7ee8d6366f49845 via sudph: mt.client.Dial: handshake failed: timeout

[2026-04-22T13:26:21-05:00] WARN [public_autoconnect]: Failed to add transport error="save transport: mt.client.Dial: handshake failed: timeout
" pk=028521452202cb3cccd4069bab49fad428f8d3624e06963c1dd7ee8d6366f49845 type=sudph
[2026-04-22T13:26:21-05:00] DEBUG [public_autoconnect]: Trying to add transport pk=03d18552fdfdf4414bc4009a862382dd5fcb90db65d583208b1b29e9de7fa6b8ca type=sudph
[2026-04-22T13:26:21-05:00] DEBUG [transport_manager]: Initializing TP with ID aadf44f0-ab14-0257-b70e-252fc510897f
[2026-04-22T13:26:21-05:00] DEBUG [transport_manager]: Dialing transport to 03d18552fdfdf4414bc4009a862382dd5fcb90db65d583208b1b29e9de7fa6b8ca via sudph
[2026-04-22T13:26:22-05:00] DEBUG [sudph]: Resolved PK 03d18552fdfdf4414bc4009a862382dd5fcb90db65d583208b1b29e9de7fa6b8ca to visor data {123.50.139.49:38988 false {38988 [127.0.0.1 192.168.0.8 ::1]}}
[2026-04-22T13:26:22-05:00] DEBUG [sudph]: Dialing public address: 123.50.139.49:38988
[2026-04-22T13:26:22-05:00] DEBUG [sudph]: Dialing 123.50.139.49:38988
[2026-04-22T13:26:22-05:00] DEBUG [sudph]: Dialed 123.50.139.49:38988
[2026-04-22T13:26:22-05:00] DEBUG [sudph]: Performing handshake with 123.50.139.49:38988
[2026-04-22T13:26:24-05:00] DEBUG ClientSession.DialStream [dmsgC]: Stream closed on failure. close_error=<nil> dst_addr=02d5c4e5bbe097f870a0836836622dee09e243dc119740ef3f30e3651cf85dd3fb:100 error="i/o deadline reached" ports_reserved=13 session=0371ab4bcff7b121f4b91f6856d6740c6f9dc1fe716977850aeb5d84378b300a13
[2026-04-22T13:26:24-05:00] DEBUG [dmsgC]: DialStream failed, trying next session error="i/o deadline reached" server=0371ab4bcff7b121f4b91f6856d6740c6f9dc1fe716977850aeb5d84378b300a13
[2026-04-22T13:26:25-05:00] DEBUG [dht]: PutValue failed error="dht: remote rejected put: dht: sequence number must increase" peer=02f10e04
[2026-04-22T13:26:26-05:00] DEBUG [dht]: PutValue failed error="dht: remote rejected put: dht: sequence number must increase" peer=032f1e09
[2026-04-22T13:26:27-05:00] DEBUG [dht]: PutValue failed error="dht: remote rejected put: dht: sequence number must increase" peer=0207abc2
[2026-04-22T13:26:28-05:00] DEBUG [dht]: PutValue failed error="dht: remote rejected put: dht: sequence number must increase" peer=03415ebc
[2026-04-22T13:26:29-05:00] DEBUG [dht]: PutValue failed error="dht: remote rejected put: dht: sequence number must increase" peer=03021f2f
[2026-04-22T13:26:29-05:00] DEBUG [dht]: PutValue failed error="dht dmsg dial 0281a102: dmsg error 102 - entry is not of client in discovery" peer=0281a102
[2026-04-22T13:26:30-05:00] DEBUG [dht]: PutValue failed error="dht: remote rejected put: dht: sequence number must increase" peer=0324d126
[2026-04-22T13:26:32-05:00] DEBUG [transport_manager]: Error dialing transport to 03d18552fdfdf4414bc4009a862382dd5fcb90db65d583208b1b29e9de7fa6b8ca via sudph: mt.client.Dial: handshake failed: timeout

[2026-04-22T13:26:32-05:00] WARN [public_autoconnect]: Failed to add transport error="save transport: mt.client.Dial: handshake failed: timeout
" pk=03d18552fdfdf4414bc4009a862382dd5fcb90db65d583208b1b29e9de7fa6b8ca type=sudph
[2026-04-22T13:26:33-05:00] DEBUG [public_autoconnect]: Trying to add transport pk=039439186e7e355029e237e922f0198857dd1aa4ba61ae65856f7cd2f141af010a type=sudph
[2026-04-22T13:26:33-05:00] DEBUG [transport_manager]: Initializing TP with ID 566a7548-78c8-0c07-9a39-10eee0f079f9
[2026-04-22T13:26:33-05:00] DEBUG [transport_manager]: Dialing transport to 039439186e7e355029e237e922f0198857dd1aa4ba61ae65856f7cd2f141af010a via sudph
[2026-04-22T13:26:34-05:00] DEBUG [sudph]: Resolved PK 039439186e7e355029e237e922f0198857dd1aa4ba61ae65856f7cd2f141af010a to visor data {88.146.116.113:53516 false {53516 [127.0.0.1 192.168.88.107 ::1]}}
[2026-04-22T13:26:34-05:00] DEBUG [sudph]: Dialing public address: 88.146.116.113:53516
[2026-04-22T13:26:34-05:00] DEBUG [sudph]: Dialing 88.146.116.113:53516
[2026-04-22T13:26:34-05:00] DEBUG [sudph]: Dialed 88.146.116.113:53516
[2026-04-22T13:26:34-05:00] DEBUG [sudph]: Performing handshake with 88.146.116.113:53516
[2026-04-22T13:26:35-05:00] DEBUG ClientSession.DialStream [dmsgC]: Stream closed on failure. close_error=<nil> dst_addr=0246834bf9cf11972cdd17bc0389076ab2d1c405f95437ef95e7d5ee860229ea8b:100 error="i/o deadline reached" ports_reserved=14 session=03717576ada5b1744e395c66c2bb11cea73b0e23d0dcd54422139b1a7f12e962c4
[2026-04-22T13:26:35-05:00] DEBUG [dmsgC]: DialStream failed, trying next session error="i/o deadline reached" server=03717576ada5b1744e395c66c2bb11cea73b0e23d0dcd54422139b1a7f12e962c4
[2026-04-22T13:26:40-05:00] DEBUG ClientSession.DialStream [dmsgC]: Stream closed on failure. close_error=<nil> dst_addr=0246834bf9cf11972cdd17bc0389076ab2d1c405f95437ef95e7d5ee860229ea8b:100 error="i/o deadline reached" ports_reserved=15 session=02a49bc0aa1b5b78f638e9189be4ed095bac5d6839c828465a8350f80ac07629c0
[2026-04-22T13:26:40-05:00] DEBUG [dmsgC]: DialStream failed, trying next session error="i/o deadline reached" server=02a49bc0aa1b5b78f638e9189be4ed095bac5d6839c828465a8350f80ac07629c0
[2026-04-22T13:26:40-05:00] DEBUG ClientSession.DialStream [dmsgC]: Stream closed on failure. close_error=<nil> dst_addr=0246834bf9cf11972cdd17bc0389076ab2d1c405f95437ef95e7d5ee860229ea8b:100 error="context deadline exceeded" ports_reserved=15 session=03717576ada5b1744e395c66c2bb11cea73b0e23d0dcd54422139b1a7f12e962c4
[2026-04-22T13:26:40-05:00] DEBUG [dmsgC]: DialStream failed via new session, trying next server error="context deadline exceeded" server=03717576ada5b1744e395c66c2bb11cea73b0e23d0dcd54422139b1a7f12e962c4
[2026-04-22T13:26:40-05:00] DEBUG ClientSession.DialStream [dmsgC]: Stream closed on failure. close_error=<nil> dst_addr=0246834bf9cf11972cdd17bc0389076ab2d1c405f95437ef95e7d5ee860229ea8b:100 error="context deadline exceeded" ports_reserved=15 session=02a49bc0aa1b5b78f638e9189be4ed095bac5d6839c828465a8350f80ac07629c0
[2026-04-22T13:26:40-05:00] DEBUG [dmsgC]: DialStream failed via new session, trying next server error="context deadline exceeded" server=02a49bc0aa1b5b78f638e9189be4ed095bac5d6839c828465a8350f80ac07629c0
[2026-04-22T13:26:40-05:00] DEBUG [dht]: PutValue failed error="dht dmsg dial 0246834b: dmsg error 202 - cannot connect to delegated server" peer=0246834b
[2026-04-22T13:26:41-05:00] DEBUG [dht]: PutValue failed error="dht: remote rejected put: dht: sequence number must increase" peer=03cf0b00
[2026-04-22T13:26:41-05:00] DEBUG [dht]: PutValue failed error="dht: remote rejected put: dht: sequence number must increase" peer=0280df7c
[2026-04-22T13:26:42-05:00] DEBUG [dht]: PutValue failed error="dht: remote rejected put: dht: sequence number must increase" peer=02bc5f24
[2026-04-22T13:26:42-05:00] DEBUG [dht]: PutValue failed error="dht: remote rejected put: dht: sequence number must increase" peer=02986fcf
[2026-04-22T13:26:43-05:00] DEBUG [dht]: PutValue failed error="dht: remote rejected put: dht: sequence number must increase" peer=031b5196
[2026-04-22T13:26:43-05:00] DEBUG [dht]: PutValue failed error="dht: remote rejected put: dht: sequence number must increase" peer=022d2909
[2026-04-22T13:26:44-05:00] DEBUG [dht]: PutValue failed error="dht: remote rejected put: dht: sequence number must increase" peer=02d40845
[2026-04-22T13:26:44-05:00] DEBUG [transport_manager]: Error dialing transport to 039439186e7e355029e237e922f0198857dd1aa4ba61ae65856f7cd2f141af010a via sudph: mt.client.Dial: handshake failed: timeout

[2026-04-22T13:26:44-05:00] WARN [public_autoconnect]: Failed to add transport error="save transport: mt.client.Dial: handshake failed: timeout
" pk=039439186e7e355029e237e922f0198857dd1aa4ba61ae65856f7cd2f141af010a type=sudph
[2026-04-22T13:26:45-05:00] DEBUG [dht]: PutValue failed error="dht: remote rejected put: dht: sequence number must increase" peer=036df68c
[2026-04-22T13:26:45-05:00] DEBUG [public_autoconnect]: Trying to add transport pk=02261af992a25e284b24fd7d73c7bdf9eb7e4f064263202623af15e9bc1a90ebc3 type=sudph
[2026-04-22T13:26:45-05:00] DEBUG [transport_manager]: Initializing TP with ID 32ddf615-a770-0f7f-a11a-a702da3c8497
[2026-04-22T13:26:45-05:00] DEBUG [transport_manager]: Dialing transport to 02261af992a25e284b24fd7d73c7bdf9eb7e4f064263202623af15e9bc1a90ebc3 via sudph
[2026-04-22T13:26:45-05:00] DEBUG [dht]: PutValue failed error="dht: remote rejected put: dht: sequence number must increase" peer=02379bac
[2026-04-22T13:26:45-05:00] DEBUG [dht]: PutValue failed error="dht dmsg dial 02a2d4c3: dmsg error 102 - entry is not of client in discovery" peer=02a2d4c3
[2026-04-22T13:26:45-05:00] DEBUG [sudph]: Resolved PK 02261af992a25e284b24fd7d73c7bdf9eb7e4f064263202623af15e9bc1a90ebc3 to visor data {182.8.228.6:49799 false {34209 [127.0.0.1 192.168.2.225 ::1 fd5d:2544:a41c::2293 fd5d:2544:a41c:0:a124:4380:494b:2e78 fd5d:2544:a41c:0:c339:742a:2df5:f1e7]}}
[2026-04-22T13:26:45-05:00] DEBUG [sudph]: Dialing public address: 182.8.228.6:49799
[2026-04-22T13:26:45-05:00] DEBUG [sudph]: Dialing 182.8.228.6:49799
[2026-04-22T13:26:45-05:00] DEBUG [sudph]: Dialed 182.8.228.6:49799
[2026-04-22T13:26:45-05:00] DEBUG [sudph]: Performing handshake with 182.8.228.6:49799
[2026-04-22T13:26:46-05:00] DEBUG [cli_rpc]: CLI RPC stats: active=0, total=2, errors=0, peak=1
[2026-04-22T13:26:46-05:00] DEBUG [dht]: PutValue failed error="dht: remote rejected put: dht: sequence number must increase" peer=02d5c4e5
[2026-04-22T13:26:54-05:00] DEBUG ClientSession.DialStream [dmsgC]: Stream closed on failure. close_error=<nil> dst_addr=0215593fad3817adea95dfcedac271ba0050297bd48740bc8566bbcecfe65c3dce:100 error="i/o deadline reached" ports_reserved=16 session=03717576ada5b1744e395c66c2bb11cea73b0e23d0dcd54422139b1a7f12e962c4
[2026-04-22T13:26:54-05:00] DEBUG [dmsgC]: DialStream failed via cached route, evicting error="i/o deadline reached" server=03717576ada5b1744e395c66c2bb11cea73b0e23d0dcd54422139b1a7f12e962c4
[2026-04-22T13:26:55-05:00] DEBUG [transport_manager]: Error dialing transport to 02261af992a25e284b24fd7d73c7bdf9eb7e4f064263202623af15e9bc1a90ebc3 via sudph: mt.client.Dial: handshake failed: timeout

[2026-04-22T13:26:55-05:00] WARN [public_autoconnect]: Failed to add transport error="save transport: mt.client.Dial: handshake failed: timeout
" pk=02261af992a25e284b24fd7d73c7bdf9eb7e4f064263202623af15e9bc1a90ebc3 type=sudph
[2026-04-22T13:26:56-05:00] DEBUG [public_autoconnect]: Trying to add transport pk=039ffc4777198e36ef6b3a9361f0990bd26dcfbb177972fd463f8771a5b37f8404 type=sudph
[2026-04-22T13:26:56-05:00] DEBUG [transport_manager]: Initializing TP with ID ca4b8adc-fc4f-0149-816a-1c255d5ead0f
[2026-04-22T13:26:56-05:00] DEBUG [transport_manager]: Dialing transport to 039ffc4777198e36ef6b3a9361f0990bd26dcfbb177972fd463f8771a5b37f8404 via sudph
[2026-04-22T13:26:57-05:00] DEBUG [sudph]: Resolved PK 039ffc4777198e36ef6b3a9361f0990bd26dcfbb177972fd463f8771a5b37f8404 to visor data {88.146.116.113:47083 false {47083 [127.0.0.1 192.168.88.106 ::1]}}
[2026-04-22T13:26:57-05:00] DEBUG [sudph]: Dialing public address: 88.146.116.113:47083
[2026-04-22T13:26:57-05:00] DEBUG [sudph]: Dialing 88.146.116.113:47083
[2026-04-22T13:26:57-05:00] DEBUG [sudph]: Dialed 88.146.116.113:47083
[2026-04-22T13:26:57-05:00] DEBUG [sudph]: Performing handshake with 88.146.116.113:47083
[2026-04-22T13:27:00-05:00] DEBUG [dht]: PutValue failed error="dht: remote rejected put: dht: sequence number must increase" peer=03ce6a7b
[2026-04-22T13:27:01-05:00] DEBUG [dht]: PutValue failed error="dht: remote rejected put: dht: sequence number must increase" peer=0358ee2d
[2026-04-22T13:27:01-05:00] DEBUG [dht]: PutValue failed error="dht: remote rejected put: dht: sequence number must increase" peer=0334eb10
[2026-04-22T13:27:02-05:00] DEBUG [dht]: PutValue failed error="dht: remote rejected put: dht: sequence number must increase" peer=03797347
[2026-04-22T13:27:03-05:00] DEBUG [dht]: PutValue failed error="dht: remote rejected put: dht: sequence number must increase" peer=03abd117
[2026-04-22T13:27:07-05:00] DEBUG [transport_manager]: Error dialing transport to 039ffc4777198e36ef6b3a9361f0990bd26dcfbb177972fd463f8771a5b37f8404 via sudph: mt.client.Dial: handshake failed: timeout

[2026-04-22T13:27:07-05:00] WARN [public_autoconnect]: Failed to add transport error="save transport: mt.client.Dial: handshake failed: timeout
" pk=039ffc4777198e36ef6b3a9361f0990bd26dcfbb177972fd463f8771a5b37f8404 type=sudph
[2026-04-22T13:27:07-05:00] DEBUG [visor]: Saving transport to 0282213369836321323dfaa492564ceb8a9a5e7e8ff044c46c92949a787ec51fb0 via dmsg with label skycoin
[2026-04-22T13:27:07-05:00] DEBUG [transport_manager]: Initializing TP with ID 0c9ecea4-f8f8-0af5-8d92-8e0dca975f9f
[2026-04-22T13:27:07-05:00] DEBUG [transport_manager]: Using no-op discovery client for self-transport
[2026-04-22T13:27:07-05:00] DEBUG [transport_manager]: Dialing transport to 0282213369836321323dfaa492564ceb8a9a5e7e8ff044c46c92949a787ec51fb0 via dmsg
[2026-04-22T13:27:08-05:00] DEBUG [public_autoconnect]: Trying to add transport pk=027145c752989e64a198de1a02fc16ab716ca23e8569deab89e00209a1e744a3b5 type=sudph
[2026-04-22T13:27:08-05:00] DEBUG [transport_manager]: Initializing TP with ID 6aff0197-c329-0656-93eb-0584c0aca327
[2026-04-22T13:27:08-05:00] DEBUG [transport_manager]: Dialing transport to 027145c752989e64a198de1a02fc16ab716ca23e8569deab89e00209a1e744a3b5 via sudph
[2026-04-22T13:27:08-05:00] DEBUG [transport_manager]: recv transport request: type(dmsg) remote(0282213369836321323dfaa492564ceb8a9a5e7e8ff044c46c92949a787ec51fb0)
[2026-04-22T13:27:08-05:00] DEBUG [transport_manager]: No TP found, creating new one
[2026-04-22T13:27:08-05:00] DEBUG [transport_manager]: Using no-op discovery client for self-transport (accept)
[2026-04-22T13:27:08-05:00] DEBUG [tp:028221]: Skipping settlement handshake for self-connection (noop discovery client)
[2026-04-22T13:27:08-05:00] DEBUG [tp:028221]: Setting underlying transport...
[2026-04-22T13:27:08-05:00] DEBUG [tp:028221]: Serving. remote_pk=0282213369836321323dfaa492564ceb8a9a5e7e8ff044c46c92949a787ec51fb0 tp_id=0c9ecea4-f8f8-0af5-8d92-8e0dca975f9f tp_index=4
[2026-04-22T13:27:08-05:00] DEBUG [tp:028221]: Sent signal to 'mt.transportCh'.
[2026-04-22T13:27:08-05:00] DEBUG [transport_manager]: accepted tp: type(dmsg) remote(0282213369836321323dfaa492564ceb8a9a5e7e8ff044c46c92949a787ec51fb0) tpID(0c9ecea4-f8f8-0af5-8d92-8e0dca975f9f) new(true)
[2026-04-22T13:27:08-05:00] DEBUG [transport_manager]: Registration nudge received, debouncing...
[2026-04-22T13:27:08-05:00] DEBUG [tp:028221]: Skipping settlement handshake for self-connection (noop discovery client)
[2026-04-22T13:27:08-05:00] DEBUG [tp:028221]: Sent signal to 'mt.transportCh'.
[2026-04-22T13:27:08-05:00] DEBUG [transport_manager]: saved transport: remote(0282213369836321323dfaa492564ceb8a9a5e7e8ff044c46c92949a787ec51fb0) type(dmsg) tpID(0c9ecea4-f8f8-0af5-8d92-8e0dca975f9f)
[2026-04-22T13:27:08-05:00] DEBUG [tp:028221]: Serving. remote_pk=0282213369836321323dfaa492564ceb8a9a5e7e8ff044c46c92949a787ec51fb0 tp_id=0c9ecea4-f8f8-0af5-8d92-8e0dca975f9f tp_index=5
[2026-04-22T13:27:08-05:00] DEBUG [visor]: Saved transport to 0282213369836321323dfaa492564ceb8a9a5e7e8ff044c46c92949a787ec51fb0 via dmsg, label skycoin
[2026-04-22T13:27:08-05:00] DEBUG [transportable]: Visor transportability check passed
[2026-04-22T13:27:08-05:00] DEBUG [transport_manager]: Deletion nudge received, debouncing...
[2026-04-22T13:27:08-05:00] DEBUG [tp:028221]: Stopped log loop
[2026-04-22T13:27:08-05:00] DEBUG [tp:028221]: Stopped serving. remaining_tps=4 remote_pk=0282213369836321323dfaa492564ceb8a9a5e7e8ff044c46c92949a787ec51fb0 tp_id=0c9ecea4-f8f8-0af5-8d92-8e0dca975f9f tp_index=5
[2026-04-22T13:27:08-05:00] DEBUG ClientSession.DialStream [dmsgC]: Stream closed on failure. close_error=<nil> dst_addr=0259e2df61c7916d1d22a88647786e96cb157778e865a386d7560802c6160de612:100 error="i/o deadline reached" ports_reserved=17 session=03717576ada5b1744e395c66c2bb11cea73b0e23d0dcd54422139b1a7f12e962c4
[2026-04-22T13:27:08-05:00] DEBUG [dmsgC]: DialStream failed via cached route, evicting error="i/o deadline reached" server=03717576ada5b1744e395c66c2bb11cea73b0e23d0dcd54422139b1a7f12e962c4
[2026-04-22T13:27:08-05:00] DEBUG readPacket [tp:028221]: Failed to read packet header. error=EOF
[2026-04-22T13:27:08-05:00] DEBUG [tp:028221]: Transport closed, stopping read loop error=EOF src="read_loop"
[2026-04-22T13:27:08-05:00] DEBUG readPacket [tp:028221]: Failed to read packet header. error=EOF
[2026-04-22T13:27:08-05:00] DEBUG [tp:028221]: Transport closed, stopping read loop error=EOF src="read_loop"
[2026-04-22T13:27:08-05:00] DEBUG [tp:028221]: Stopped log loop
[2026-04-22T13:27:08-05:00] DEBUG [tp:028221]: Stopped serving. remaining_tps=3 remote_pk=0282213369836321323dfaa492564ceb8a9a5e7e8ff044c46c92949a787ec51fb0 tp_id=0c9ecea4-f8f8-0af5-8d92-8e0dca975f9f tp_index=4
[2026-04-22T13:27:09-05:00] DEBUG [dht]: PutValue failed error="dht: remote rejected put: dht: sequence number must increase" peer=0259e2df
[2026-04-22T13:27:09-05:00] DEBUG [sudph]: Resolved PK 027145c752989e64a198de1a02fc16ab716ca23e8569deab89e00209a1e744a3b5 to visor data {64.56.71.19:36995 false {57375 [192.168.3.20]}}
[2026-04-22T13:27:09-05:00] DEBUG [sudph]: Dialing public address: 64.56.71.19:36995
[2026-04-22T13:27:09-05:00] DEBUG [sudph]: Dialing 64.56.71.19:36995
[2026-04-22T13:27:09-05:00] DEBUG [sudph]: Dialed 64.56.71.19:36995
[2026-04-22T13:27:09-05:00] DEBUG [sudph]: Performing handshake with 64.56.71.19:36995
[2026-04-22T13:27:09-05:00] DEBUG [dht]: PutValue failed error="dht: remote rejected put: dht: sequence number must increase" peer=02e8ecb5
[2026-04-22T13:27:10-05:00] DEBUG [dht]: PutValue failed error="dht dmsg dial 02864d02: dmsg error 100 - entry is not found in discovery: entry of public key is not found" peer=02864d02
[2026-04-22T13:27:10-05:00] DEBUG [dht]: PutValue failed error="dht: remote rejected put: dht: sequence number must increase" peer=0371f571
[2026-04-22T13:27:11-05:00] DEBUG [dht]: PutValue failed error="dht: remote rejected put: dht: sequence number must increase" peer=03b647bc
[2026-04-22T13:27:11-05:00] DEBUG [dht]: PutValue failed error="dht: remote rejected put: dht: sequence number must increase" peer=03b9ca7b
[2026-04-22T13:27:12-05:00] DEBUG [dht]: PutValue failed error="dht: remote rejected put: dht: sequence number must increase" peer=0215593f
[2026-04-22T13:27:13-05:00] DEBUG [transport_manager]: Batch deleting 2 transports from TPD
[2026-04-22T13:27:13-05:00] DEBUG [transport_manager]: Batch deleted 0/2 transports from TPD
[2026-04-22T13:27:14-05:00] DEBUG [dht]: PutValue failed error="dht: remote rejected put: dht: sequence number must increase" peer=0336c02f
[2026-04-22T13:27:14-05:00] DEBUG [dht]: PutValue failed error="dht: remote rejected put: dht: sequence number must increase" peer=03b5a284
[2026-04-22T13:27:15-05:00] DEBUG [dht]: PutValue failed error="dht: remote rejected put: dht: sequence number must increase" peer=032a07b9
[2026-04-22T13:27:15-05:00] DEBUG [dht]: PutValue failed error="dht: remote rejected put: dht: sequence number must increase" peer=025c9a88
[2026-04-22T13:27:16-05:00] DEBUG [cli_rpc]: CLI RPC stats: active=0, total=2, errors=0, peak=1
[2026-04-22T13:27:16-05:00] WARN [router]: closing conn from untrusted setup node: <nil>
[2026-04-22T13:27:16-05:00] DEBUG [dht]: PutValue failed error="dht: remote rejected put: dht: sequence number must increase" peer=035c27a3
[2026-04-22T13:27:17-05:00] WARN [self_probe]: Self-probe FAILED: dmsg listener unreachable (persistent) consecutive_failures=16 cooldown_remaining=2m59s port=80
[2026-04-22T13:27:17-05:00] DEBUG [dht]: PutValue failed error="dht: remote rejected put: dht: sequence number must increase" peer=02df744c
[2026-04-22T13:27:18-05:00] DEBUG [dht]: PutValue failed error="dht: remote rejected put: dht: sequence number must increase" peer=023d00ea
[2026-04-22T13:27:18-05:00] DEBUG [dht]: PutValue failed error="dht: remote rejected put: dht: sequence number must increase" peer=0315597d
[2026-04-22T13:27:19-05:00] DEBUG [transport_manager]: Error dialing transport to 027145c752989e64a198de1a02fc16ab716ca23e8569deab89e00209a1e744a3b5 via sudph: mt.client.Dial: handshake failed: timeout

[2026-04-22T13:27:19-05:00] WARN [public_autoconnect]: Failed to add transport error="save transport: mt.client.Dial: handshake failed: timeout
" pk=027145c752989e64a198de1a02fc16ab716ca23e8569deab89e00209a1e744a3b5 type=sudph
[2026-04-22T13:27:19-05:00] DEBUG [public_autoconnect]: Public autoconnect cycle completed public_visors=0 stcpr=3 sudph=0
[2026-04-22T13:27:19-05:00] INFO [public_autoconnect]: Fetching public visors
[2026-04-22T13:27:19-05:00] DEBUG [public_autoconnect]: Found public visors=3
[2026-04-22T13:27:19-05:00] DEBUG [public_autoconnect]: Fetching all transport discovery data for caching
[2026-04-22T13:27:20-05:00] DEBUG [public_autoconnect]: Successfully cached transport discovery data cached_keys=997
[2026-04-22T13:27:20-05:00] DEBUG [public_autoconnect]: Found visors to connect to total=533
[2026-04-22T13:27:20-05:00] DEBUG [dmsgC]: Updating entry.
 entry=	version: 0.0.1
	sequence: 17
	registered at: 1776882380186298137
	static public key: 0282213369836321323dfaa492564ceb8a9a5e7e8ff044c46c92949a787ec51fb0
	signature: c13f277a252930d9df21fd3fa98b0b6afa17d3a8ccf0d79516d027e87533b3077f92869e121f4cbff1686eb6d4f60f103a61e53322473e0a901a575c64779d8d01
	entry is registered as client. Related info: 
		delegated servers: 
			0371ab4bcff7b121f4b91f6856d6740c6f9dc1fe716977850aeb5d84378b300a13
			02a49bc0aa1b5b78f638e9189be4ed095bac5d6839c828465a8350f80ac07629c0
			03717576ada5b1744e395c66c2bb11cea73b0e23d0dcd54422139b1a7f12e962c4


[2026-04-22T13:27:21-05:00] DEBUG [public_autoconnect]: Cached SUDPH-capable visors from address resolver count=326
[2026-04-22T13:27:21-05:00] DEBUG [public_autoconnect]: Phase 1: Connecting to public visors via SUDPH
[2026-04-22T13:27:21-05:00] DEBUG [public_autoconnect]: Phase 2: Connecting to public visors via STCPR
[2026-04-22T13:27:21-05:00] DEBUG [public_autoconnect]: Trying to add transport pk=02e26350c58c54c79e472608b6f6600ca1d139038b822c296fb2f144670052e7ce type=stcpr
[2026-04-22T13:27:21-05:00] DEBUG [transport_manager]: Initializing TP with ID 4925daea-116b-04cc-923c-2749d51d83e3
[2026-04-22T13:27:21-05:00] DEBUG [transport_manager]: Dialing transport to 02e26350c58c54c79e472608b6f6600ca1d139038b822c296fb2f144670052e7ce via stcpr
[2026-04-22T13:27:21-05:00] DEBUG [stcpr]: Dialing PK 02e26350c58c54c79e472608b6f6600ca1d139038b822c296fb2f144670052e7ce
[2026-04-22T13:27:22-05:00] DEBUG [stcpr]: Resolved PK 02e26350c58c54c79e472608b6f6600ca1d139038b822c296fb2f144670052e7ce to visor data {194.103.157.198 false {30001 [192.168.1.6 194.103.157.198]}}
[2026-04-22T13:27:22-05:00] DEBUG [stcpr]: Dialing public address: 194.103.157.198:30001
[2026-04-22T13:27:22-05:00] DEBUG [stcpr]: Performing handshake with 194.103.157.198:30001
[2026-04-22T13:27:23-05:00] DEBUG [stcpr]: Sent handshake to 194.103.157.198:30001, local addr 0282213369836321323dfaa492564ceb8a9a5e7e8ff044c46c92949a787ec51fb0:49156, remote addr 02e26350c58c54c79e472608b6f6600ca1d139038b822c296fb2f144670052e7ce:45
[2026-04-22T13:27:23-05:00] DEBUG [tp:02e263]: Sent signal to 'mt.transportCh'.
[2026-04-22T13:27:23-05:00] DEBUG [transport_manager]: saved transport: remote(02e26350c58c54c79e472608b6f6600ca1d139038b822c296fb2f144670052e7ce) type(stcpr) tpID(4925daea-116b-04cc-923c-2749d51d83e3)
[2026-04-22T13:27:23-05:00] DEBUG [tp:02e263]: Serving. remote_pk=02e26350c58c54c79e472608b6f6600ca1d139038b822c296fb2f144670052e7ce tp_id=4925daea-116b-04cc-923c-2749d51d83e3 tp_index=4
[2026-04-22T13:27:23-05:00] DEBUG [public_autoconnect]: Added transport to visor pk=02e26350c58c54c79e472608b6f6600ca1d139038b822c296fb2f144670052e7ce type=stcpr
[2026-04-22T13:27:23-05:00] DEBUG [public_autoconnect]: Phase 3: Connecting to other visors via SUDPH
[2026-04-22T13:27:24-05:00] DEBUG [public_autoconnect]: Trying to add transport pk=0272b01572218852f205afe80ac837ffb3eed36489fd4ab45efeed33390febcf2c type=sudph
[2026-04-22T13:27:24-05:00] DEBUG [transport_manager]: Initializing TP with ID be1f948a-ed1e-0df9-b4ec-a7521dd5ad38
[2026-04-22T13:27:24-05:00] DEBUG [transport_manager]: Dialing transport to 0272b01572218852f205afe80ac837ffb3eed36489fd4ab45efeed33390febcf2c via sudph
[2026-04-22T13:27:24-05:00] DEBUG [sudph]: Resolved PK 0272b01572218852f205afe80ac837ffb3eed36489fd4ab45efeed33390febcf2c to visor data {182.8.100.118:19582 false {50252 [127.0.0.1 192.168.1.78 172.17.0.1 192.168.60.39 ::1 2404:c0:b603:1329:6e47:96b5:b0ce:e0e2 2404:c0:b603:6a14:1341:bce5:ff33:2451 2404:c0:b603:a0a0:3e2d:c94d:5f2a:1c5 2404:c0:b601:1ce0:a33a:87c9:3f2c:1200]}}
[2026-04-22T13:27:24-05:00] DEBUG [sudph]: Dialing public address: 182.8.100.118:19582
[2026-04-22T13:27:24-05:00] DEBUG [sudph]: Dialing 182.8.100.118:19582
[2026-04-22T13:27:24-05:00] DEBUG [sudph]: Dialed 182.8.100.118:19582
[2026-04-22T13:27:24-05:00] DEBUG [sudph]: Performing handshake with 182.8.100.118:19582
[2026-04-22T13:27:30-05:00] DEBUG ClientSession.DialStream [dmsgC]: Stream closed on failure. close_error=<nil> dst_addr=02d5c4e5bbe097f870a0836836622dee09e243dc119740ef3f30e3651cf85dd3fb:100 error="i/o deadline reached" ports_reserved=18 session=03717576ada5b1744e395c66c2bb11cea73b0e23d0dcd54422139b1a7f12e962c4
[2026-04-22T13:27:30-05:00] DEBUG [dmsgC]: DialStream failed via cached route, evicting error="i/o deadline reached" server=03717576ada5b1744e395c66c2bb11cea73b0e23d0dcd54422139b1a7f12e962c4
[2026-04-22T13:27:34-05:00] DEBUG [transport_manager]: Error dialing transport to 0272b01572218852f205afe80ac837ffb3eed36489fd4ab45efeed33390febcf2c via sudph: mt.client.Dial: handshake failed: timeout

[2026-04-22T13:27:34-05:00] WARN [public_autoconnect]: Failed to add transport error="save transport: mt.client.Dial: handshake failed: timeout
" pk=0272b01572218852f205afe80ac837ffb3eed36489fd4ab45efeed33390febcf2c type=sudph
[2026-04-22T13:27:34-05:00] DEBUG [public_autoconnect]: Trying to add transport pk=03530e8f08787398f263cf915b521b9894db5d5063dfd2038aef371c20b66beddd type=sudph
[2026-04-22T13:27:34-05:00] DEBUG [transport_manager]: Initializing TP with ID 02e7ebd1-3f62-0c17-ae36-d8dca556003c
[2026-04-22T13:27:34-05:00] DEBUG [transport_manager]: Dialing transport to 03530e8f08787398f263cf915b521b9894db5d5063dfd2038aef371c20b66beddd via sudph
[2026-04-22T13:27:35-05:00] DEBUG ClientSession.DialStream [dmsgC]: Stream closed on failure. close_error=<nil> dst_addr=02d5c4e5bbe097f870a0836836622dee09e243dc119740ef3f30e3651cf85dd3fb:100 error="i/o deadline reached" ports_reserved=18 session=0371ab4bcff7b121f4b91f6856d6740c6f9dc1fe716977850aeb5d84378b300a13
[2026-04-22T13:27:35-05:00] DEBUG [dmsgC]: DialStream failed, trying next session error="i/o deadline reached" server=0371ab4bcff7b121f4b91f6856d6740c6f9dc1fe716977850aeb5d84378b300a13
[2026-04-22T13:27:35-05:00] DEBUG [dht]: PutValue failed error="dht: remote rejected put: dht: sequence number must increase" peer=02f10e04
[2026-04-22T13:27:35-05:00] DEBUG [sudph]: Resolved PK 03530e8f08787398f263cf915b521b9894db5d5063dfd2038aef371c20b66beddd to visor data {89.24.166.183:43195 false {43195 [127.0.0.1 192.168.1.190 ::1]}}
[2026-04-22T13:27:35-05:00] DEBUG [sudph]: Dialing public address: 89.24.166.183:43195
[2026-04-22T13:27:35-05:00] DEBUG [sudph]: Dialing 89.24.166.183:43195
[2026-04-22T13:27:35-05:00] DEBUG [sudph]: Dialed 89.24.166.183:43195
[2026-04-22T13:27:35-05:00] DEBUG [sudph]: Performing handshake with 89.24.166.183:43195
[2026-04-22T13:27:36-05:00] DEBUG [dht]: PutValue failed error="dht: remote rejected put: dht: sequence number must increase" peer=032f1e09
[2026-04-22T13:27:36-05:00] DEBUG [stcpr]: Re-registering STCPR with address resolver
[2026-04-22T13:27:36-05:00] DEBUG httpClient.BindSTCPR [address_resolver]: Address resolver binding with: [192.168.1.118 70.121.13.123]
[2026-04-22T13:27:37-05:00] DEBUG [dht]: PutValue failed error="dht: remote rejected put: dht: sequence number must increase" peer=0207abc2
[2026-04-22T13:27:37-05:00] DEBUG [stcpr]: Successfully re-registered STCPR
[2026-04-22T13:27:37-05:00] DEBUG [dht]: PutValue failed error="dht: remote rejected put: dht: sequence number must increase" peer=03415ebc
[2026-04-22T13:27:39-05:00] DEBUG [dht]: PutValue failed error="dht: remote rejected put: dht: sequence number must increase" peer=03021f2f
[2026-04-22T13:27:39-05:00] DEBUG [dht]: PutValue failed error="dht dmsg dial 0281a102: dmsg error 102 - entry is not of client in discovery" peer=0281a102
[2026-04-22T13:27:40-05:00] DEBUG [dht]: PutValue failed error="dht: remote rejected put: dht: sequence number must increase" peer=0324d126
[2026-04-22T13:27:40-05:00] DEBUG [dht]: PutValue failed error="dht dmsg dial 0246834b: dmsg error 100 - entry is not found in discovery: entry of public key is not found" peer=0246834b
[2026-04-22T13:27:41-05:00] DEBUG [dht]: PutValue failed error="dht: remote rejected put: dht: sequence number must increase" peer=03cf0b00
[2026-04-22T13:27:41-05:00] DEBUG [dht]: PutValue failed error="dht: remote rejected put: dht: sequence number must increase" peer=0280df7c
[2026-04-22T13:27:42-05:00] DEBUG [dht]: PutValue failed error="dht: remote rejected put: dht: sequence number must increase" peer=02bc5f24
[2026-04-22T13:27:42-05:00] DEBUG [dht]: PutValue failed error="dht: remote rejected put: dht: sequence number must increase" peer=02986fcf
[2026-04-22T13:27:43-05:00] DEBUG [dht]: PutValue failed error="dht: remote rejected put: dht: sequence number must increase" peer=031b5196
[2026-04-22T13:27:43-05:00] DEBUG [dht]: PutValue failed error="dht: remote rejected put: dht: sequence number must increase" peer=022d2909
[2026-04-22T13:27:44-05:00] DEBUG [dht]: PutValue failed error="dht: remote rejected put: dht: sequence number must increase" peer=02d40845
[2026-04-22T13:27:45-05:00] DEBUG [transport_manager]: Error dialing transport to 03530e8f08787398f263cf915b521b9894db5d5063dfd2038aef371c20b66beddd via sudph: mt.client.Dial: handshake failed: timeout

[2026-04-22T13:27:45-05:00] WARN [public_autoconnect]: Failed to add transport error="save transport: mt.client.Dial: handshake failed: timeout
" pk=03530e8f08787398f263cf915b521b9894db5d5063dfd2038aef371c20b66beddd type=sudph
[2026-04-22T13:27:46-05:00] DEBUG [cli_rpc]: CLI RPC stats: active=0, total=2, errors=0, peak=1
[2026-04-22T13:27:46-05:00] DEBUG [public_autoconnect]: Trying to add transport pk=024223842bba5a31fb0da23dfc822ef783667b74915edbecfc692a9c2a9c4adb56 type=sudph
[2026-04-22T13:27:46-05:00] DEBUG [transport_manager]: Initializing TP with ID a9932d9b-940f-0d58-a2af-c8d8b80a069a
[2026-04-22T13:27:46-05:00] DEBUG [transport_manager]: Dialing transport to 024223842bba5a31fb0da23dfc822ef783667b74915edbecfc692a9c2a9c4adb56 via sudph
[2026-04-22T13:27:46-05:00] DEBUG [sudph]: Resolved PK 024223842bba5a31fb0da23dfc822ef783667b74915edbecfc692a9c2a9c4adb56 to visor data {104.136.22.124:33832 false {33832 [127.0.0.1 192.168.0.4 ::1]}}
[2026-04-22T13:27:46-05:00] DEBUG [sudph]: Dialing public address: 104.136.22.124:33832
[2026-04-22T13:27:46-05:00] DEBUG [sudph]: Dialing 104.136.22.124:33832
[2026-04-22T13:27:46-05:00] DEBUG [sudph]: Dialed 104.136.22.124:33832
[2026-04-22T13:27:46-05:00] DEBUG [sudph]: Performing handshake with 104.136.22.124:33832
[2026-04-22T13:27:49-05:00] DEBUG ClientSession.DialStream [dmsgC]: Stream closed on failure. close_error=<nil> dst_addr=036df68c94a28d3ec71a2e11b2b9d3b16211ae69b52babe75915e9fcd638f1c536:100 error="i/o deadline reached" ports_reserved=19 session=03717576ada5b1744e395c66c2bb11cea73b0e23d0dcd54422139b1a7f12e962c4
[2026-04-22T13:27:49-05:00] DEBUG [dmsgC]: DialStream failed via cached route, evicting error="i/o deadline reached" server=03717576ada5b1744e395c66c2bb11cea73b0e23d0dcd54422139b1a7f12e962c4
[2026-04-22T13:27:53-05:00] DEBUG [dht]: Bootstrap ping failed error="dht dmsg dial 0281a102: dmsg error 102 - entry is not of client in discovery" pk=0281a102
[2026-04-22T13:27:54-05:00] DEBUG ClientSession.DialStream [dmsgC]: Stream closed on failure. close_error=<nil> dst_addr=036df68c94a28d3ec71a2e11b2b9d3b16211ae69b52babe75915e9fcd638f1c536:100 error="i/o deadline reached" ports_reserved=20 session=03717576ada5b1744e395c66c2bb11cea73b0e23d0dcd54422139b1a7f12e962c4
[2026-04-22T13:27:54-05:00] DEBUG [dmsgC]: DialStream failed, trying next session error="i/o deadline reached" server=03717576ada5b1744e395c66c2bb11cea73b0e23d0dcd54422139b1a7f12e962c4
[2026-04-22T13:27:54-05:00] DEBUG ClientSession.DialStream [dmsgC]: Stream closed on failure. close_error=<nil> dst_addr=036df68c94a28d3ec71a2e11b2b9d3b16211ae69b52babe75915e9fcd638f1c536:100 error="context deadline exceeded" ports_reserved=20 session=03717576ada5b1744e395c66c2bb11cea73b0e23d0dcd54422139b1a7f12e962c4
[2026-04-22T13:27:54-05:00] DEBUG [dmsgC]: DialStream failed via new session, trying next server error="context deadline exceeded" server=03717576ada5b1744e395c66c2bb11cea73b0e23d0dcd54422139b1a7f12e962c4
[2026-04-22T13:27:54-05:00] DEBUG [dht]: PutValue failed error="dht dmsg dial 036df68c: dmsg error 202 - cannot connect to delegated server" peer=036df68c
[2026-04-22T13:27:54-05:00] DEBUG [dht]: PutValue failed error="dht: remote rejected put: dht: sequence number must increase" peer=02379bac
[2026-04-22T13:27:55-05:00] DEBUG [dht]: PutValue failed error="dht dmsg dial 02a2d4c3: dmsg error 102 - entry is not of client in discovery" peer=02a2d4c3
[2026-04-22T13:27:56-05:00] DEBUG [dht]: PutValue failed error="dht: remote rejected put: dht: sequence number must increase" peer=02d5c4e5
[2026-04-22T13:27:56-05:00] DEBUG [transport_manager]: Error dialing transport to 024223842bba5a31fb0da23dfc822ef783667b74915edbecfc692a9c2a9c4adb56 via sudph: mt.client.Dial: handshake failed: timeout

[2026-04-22T13:27:56-05:00] WARN [public_autoconnect]: Failed to add transport error="save transport: mt.client.Dial: handshake failed: timeout
" pk=024223842bba5a31fb0da23dfc822ef783667b74915edbecfc692a9c2a9c4adb56 type=sudph
[2026-04-22T13:27:57-05:00] DEBUG [public_autoconnect]: Trying to add transport pk=0388c582861cc09b138e79c4b23d8f76d2973db2ecb936658feaa2fd59523e44ee type=sudph
[2026-04-22T13:27:57-05:00] DEBUG [transport_manager]: Initializing TP with ID 8587aabd-da40-0d75-a4ea-829e52966103
[2026-04-22T13:27:57-05:00] DEBUG [transport_manager]: Dialing transport to 0388c582861cc09b138e79c4b23d8f76d2973db2ecb936658feaa2fd59523e44ee via sudph
[2026-04-22T13:27:58-05:00] DEBUG [sudph]: Resolved PK 0388c582861cc09b138e79c4b23d8f76d2973db2ecb936658feaa2fd59523e44ee to visor data {110.136.89.179:40104 false {35413 [127.0.0.1 192.168.150.1 10.210.90.41 10.10.10.3 ::1]}}
[2026-04-22T13:27:58-05:00] DEBUG [sudph]: Dialing public address: 110.136.89.179:40104
[2026-04-22T13:27:58-05:00] DEBUG [sudph]: Dialing 110.136.89.179:40104
[2026-04-22T13:27:58-05:00] DEBUG [sudph]: Dialed 110.136.89.179:40104
[2026-04-22T13:27:58-05:00] DEBUG [sudph]: Performing handshake with 110.136.89.179:40104
[2026-04-22T13:27:58-05:00] DEBUG ClientSession.DialStream [dmsgC]: Stream closed on failure. close_error=<nil> dst_addr=0371ab4bcff7b121f4b91f6856d6740c6f9dc1fe716977850aeb5d84378b300a13:100 error="i/o deadline reached" ports_reserved=22 session=0371ab4bcff7b121f4b91f6856d6740c6f9dc1fe716977850aeb5d84378b300a13
[2026-04-22T13:27:58-05:00] DEBUG [dht]: Bootstrap ping failed error="dht dmsg dial 0371ab4b: dmsg error 102 - entry is not of client in discovery" pk=0371ab4b
[2026-04-22T13:27:59-05:00] DEBUG [dht]: Bootstrap ping failed error="dht dmsg dial 0326978f: dmsg error 102 - entry is not of client in discovery" pk=0326978f
[2026-04-22T13:27:59-05:00] DEBUG [dht]: Bootstrap ping failed error="dht dmsg dial 02a2d4c3: dmsg error 102 - entry is not of client in discovery" pk=02a2d4c3
[2026-04-22T13:28:05-05:00] DEBUG ClientSession.DialStream [dmsgC]: Stream closed on failure. close_error=<nil> dst_addr=03717576ada5b1744e395c66c2bb11cea73b0e23d0dcd54422139b1a7f12e962c4:100 error="i/o deadline reached" ports_reserved=22 session=03717576ada5b1744e395c66c2bb11cea73b0e23d0dcd54422139b1a7f12e962c4
[2026-04-22T13:28:05-05:00] DEBUG [dht]: Bootstrap ping failed error="dht dmsg dial 03717576: dmsg error 102 - entry is not of client in discovery" pk=03717576
[2026-04-22T13:28:05-05:00] INFO [dht]: DHT bootstrap succeeded peers=1
[2026-04-22T13:28:05-05:00] DEBUG [dht]: PutValue failed error="dht: remote rejected put: dht: sequence number must increase" peer=03ce6a7b
[2026-04-22T13:28:07-05:00] DEBUG [dht]: PutValue failed error="dht: remote rejected put: dht: sequence number must increase" peer=0358ee2d
[2026-04-22T13:28:08-05:00] DEBUG [transport_manager]: Error dialing transport to 0388c582861cc09b138e79c4b23d8f76d2973db2ecb936658feaa2fd59523e44ee via sudph: mt.client.Dial: handshake failed: timeout

[2026-04-22T13:28:08-05:00] WARN [public_autoconnect]: Failed to add transport error="save transport: mt.client.Dial: handshake failed: timeout
" pk=0388c582861cc09b138e79c4b23d8f76d2973db2ecb936658feaa2fd59523e44ee type=sudph
[2026-04-22T13:28:09-05:00] DEBUG [dht]: PutValue failed error="dht: remote rejected put: dht: sequence number must increase" peer=0334eb10
[2026-04-22T13:28:09-05:00] DEBUG [dht]: PutValue failed error="dht: remote rejected put: dht: sequence number must increase" peer=03797347
[2026-04-22T13:28:11-05:00] DEBUG [dht]: PutValue failed error="dht: remote rejected put: dht: sequence number must increase" peer=03abd117
[2026-04-22T13:28:12-05:00] DEBUG [dht]: PutValue failed error="dht: remote rejected put: dht: sequence number must increase" peer=0259e2df
[2026-04-22T13:28:12-05:00] DEBUG [dht]: PutValue failed error="dht: remote rejected put: dht: sequence number must increase" peer=02e8ecb5
[2026-04-22T13:28:12-05:00] DEBUG ClientSession.DialStream [dmsgC]: Stream closed on failure. close_error=<nil> dst_addr=03dd9f33c648abeffa362ccf8fcd2476ee0425172601ed68220373c8719f93ff9b:100 error="i/o deadline reached" ports_reserved=23 session=0371ab4bcff7b121f4b91f6856d6740c6f9dc1fe716977850aeb5d84378b300a13
[2026-04-22T13:28:12-05:00] DEBUG [dmsgC]: DialStream failed, trying next session error="i/o deadline reached" server=0371ab4bcff7b121f4b91f6856d6740c6f9dc1fe716977850aeb5d84378b300a13
[2026-04-22T13:28:13-05:00] DEBUG [dht]: PutValue failed error="dht dmsg dial 02864d02: dmsg error 100 - entry is not found in discovery: entry of public key is not found" peer=02864d02
[2026-04-22T13:28:13-05:00] DEBUG ClientSession.DialStream [dmsgC]: Stream closed on failure. close_error=<nil> dst_addr=038cde7dc248e5f86b0759f9b57548386a1b802d9709bd0c8673f8d90cee3f43a3:136 error="i/o deadline reached" ports_reserved=24 session=0371ab4bcff7b121f4b91f6856d6740c6f9dc1fe716977850aeb5d84378b300a13
[2026-04-22T13:28:13-05:00] DEBUG [dmsgC]: DialStream failed, trying next session error="i/o deadline reached" server=0371ab4bcff7b121f4b91f6856d6740c6f9dc1fe716977850aeb5d84378b300a13
[2026-04-22T13:28:13-05:00] DEBUG ClientSession.DialStream [dmsgC]: Stream closed on failure. close_error=<nil> dst_addr=038cde7dc248e5f86b0759f9b57548386a1b802d9709bd0c8673f8d90cee3f43a3:136 error="context deadline exceeded" ports_reserved=24 session=0371ab4bcff7b121f4b91f6856d6740c6f9dc1fe716977850aeb5d84378b300a13
[2026-04-22T13:28:13-05:00] DEBUG [dmsgC]: DialStream failed via new session, trying next server error="context deadline exceeded" server=0371ab4bcff7b121f4b91f6856d6740c6f9dc1fe716977850aeb5d84378b300a13
[2026-04-22T13:28:13-05:00] DEBUG [public_autoconnect]: Skipping visor: dmsg probe failed (unreachable) pk=038cde7dc248e5f86b0759f9b57548386a1b802d9709bd0c8673f8d90cee3f43a3 type=sudph
[2026-04-22T13:28:13-05:00] DEBUG [dht]: PutValue failed error="dht: remote rejected put: dht: sequence number must increase" peer=0371f571
[2026-04-22T13:28:14-05:00] DEBUG [dht]: PutValue failed error="dht: remote rejected put: dht: sequence number must increase" peer=03b647bc
[2026-04-22T13:28:14-05:00] DEBUG [public_autoconnect]: Trying to add transport pk=0248a42a9e4d4379daa15af744f862ddea1cc10e9e21ebe2e5860b8888da89082a type=sudph
[2026-04-22T13:28:14-05:00] DEBUG [transport_manager]: Initializing TP with ID a5c65569-85f5-09f0-811e-42759729a419
[2026-04-22T13:28:14-05:00] DEBUG [transport_manager]: Dialing transport to 0248a42a9e4d4379daa15af744f862ddea1cc10e9e21ebe2e5860b8888da89082a via sudph
[2026-04-22T13:28:14-05:00] DEBUG [dht]: PutValue failed error="dht: remote rejected put: dht: sequence number must increase" peer=03b9ca7b
[2026-04-22T13:28:15-05:00] DEBUG [dht]: PutValue failed error="dht: remote rejected put: dht: sequence number must increase" peer=0215593f
[2026-04-22T13:28:16-05:00] DEBUG [cli_rpc]: CLI RPC stats: active=0, total=2, errors=0, peak=1
[2026-04-22T13:28:16-05:00] DEBUG [sudph]: Resolved PK 0248a42a9e4d4379daa15af744f862ddea1cc10e9e21ebe2e5860b8888da89082a to visor data {182.8.229.6:11717 false {43839 [127.0.0.1 192.168.100.2 172.17.0.1 192.168.60.47 ::1 2404:c0:ba02:abd5:77d7:8262:849:a43e]}}
[2026-04-22T13:28:16-05:00] DEBUG [sudph]: Dialing public address: 182.8.229.6:11717
[2026-04-22T13:28:16-05:00] DEBUG [sudph]: Dialing 182.8.229.6:11717
[2026-04-22T13:28:16-05:00] DEBUG [sudph]: Dialed 182.8.229.6:11717
[2026-04-22T13:28:16-05:00] DEBUG [sudph]: Performing handshake with 182.8.229.6:11717
[2026-04-22T13:28:16-05:00] WARN [router]: closing conn from untrusted setup node: <nil>
[2026-04-22T13:28:17-05:00] WARN [self_probe]: Self-probe FAILED: dmsg listener unreachable (persistent) consecutive_failures=17 cooldown_remaining=1m59s port=80
[2026-04-22T13:28:20-05:00] DEBUG ClientSession.DialStream [dmsgC]: Stream closed on failure. close_error=<nil> dst_addr=0336c02fb94f1fac308bf9a374d36b744bf3ba50378f486d17cac3168aed46b9cd:100 error="i/o deadline reached" ports_reserved=23 session=02a49bc0aa1b5b78f638e9189be4ed095bac5d6839c828465a8350f80ac07629c0
[2026-04-22T13:28:20-05:00] DEBUG [dmsgC]: DialStream failed via cached route, evicting error="i/o deadline reached" server=02a49bc0aa1b5b78f638e9189be4ed095bac5d6839c828465a8350f80ac07629c0
[2026-04-22T13:28:21-05:00] DEBUG [dmsgC]: Updating entry.
 entry=	version: 0.0.1
	sequence: 18
	registered at: 1776882440882394418
	static public key: 0282213369836321323dfaa492564ceb8a9a5e7e8ff044c46c92949a787ec51fb0
	signature: 3c033ea36b5eb7a8d4459ab16fb66d9a9d3878105551d781070daffc7036bb5335c10b6744ae5cc6127956869f6500373ad40a7dd1e6cf235e2e8030520f3ad300
	entry is registered as client. Related info: 
		delegated servers: 
			0371ab4bcff7b121f4b91f6856d6740c6f9dc1fe716977850aeb5d84378b300a13
			02a49bc0aa1b5b78f638e9189be4ed095bac5d6839c828465a8350f80ac07629c0
			03717576ada5b1744e395c66c2bb11cea73b0e23d0dcd54422139b1a7f12e962c4


[2026-04-22T13:28:25-05:00] DEBUG ClientSession.DialStream [dmsgC]: Stream closed on failure. close_error=<nil> dst_addr=0336c02fb94f1fac308bf9a374d36b744bf3ba50378f486d17cac3168aed46b9cd:100 error="i/o deadline reached" ports_reserved=23 session=02a49bc0aa1b5b78f638e9189be4ed095bac5d6839c828465a8350f80ac07629c0
[2026-04-22T13:28:25-05:00] DEBUG [dmsgC]: DialStream failed, trying next session error="i/o deadline reached" server=02a49bc0aa1b5b78f638e9189be4ed095bac5d6839c828465a8350f80ac07629c0
[2026-04-22T13:28:25-05:00] DEBUG ClientSession.DialStream [dmsgC]: Stream closed on failure. close_error=<nil> dst_addr=0336c02fb94f1fac308bf9a374d36b744bf3ba50378f486d17cac3168aed46b9cd:100 error="context deadline exceeded" ports_reserved=23 session=0371ab4bcff7b121f4b91f6856d6740c6f9dc1fe716977850aeb5d84378b300a13
[2026-04-22T13:28:25-05:00] DEBUG [dmsgC]: DialStream failed via new session, trying next server error="context deadline exceeded" server=0371ab4bcff7b121f4b91f6856d6740c6f9dc1fe716977850aeb5d84378b300a13
[2026-04-22T13:28:25-05:00] DEBUG ClientSession.DialStream [dmsgC]: Stream closed on failure. close_error=<nil> dst_addr=0336c02fb94f1fac308bf9a374d36b744bf3ba50378f486d17cac3168aed46b9cd:100 error="context deadline exceeded" ports_reserved=23 session=02a49bc0aa1b5b78f638e9189be4ed095bac5d6839c828465a8350f80ac07629c0
[2026-04-22T13:28:25-05:00] DEBUG [dmsgC]: DialStream failed via new session, trying next server error="context deadline exceeded" server=02a49bc0aa1b5b78f638e9189be4ed095bac5d6839c828465a8350f80ac07629c0
[2026-04-22T13:28:25-05:00] DEBUG [dht]: PutValue failed error="dht dmsg dial 0336c02f: dmsg error 202 - cannot connect to delegated server" peer=0336c02f
[2026-04-22T13:28:26-05:00] DEBUG [transport_manager]: Error dialing transport to 0248a42a9e4d4379daa15af744f862ddea1cc10e9e21ebe2e5860b8888da89082a via sudph: mt.client.Dial: handshake failed: timeout

[2026-04-22T13:28:26-05:00] WARN [public_autoconnect]: Failed to add transport error="save transport: mt.client.Dial: handshake failed: timeout
" pk=0248a42a9e4d4379daa15af744f862ddea1cc10e9e21ebe2e5860b8888da89082a type=sudph
[2026-04-22T13:28:26-05:00] DEBUG [dht]: PutValue failed error="dht: remote rejected put: dht: sequence number must increase" peer=03b5a284
[2026-04-22T13:28:26-05:00] DEBUG [dht]: PutValue failed error="dht: remote rejected put: dht: sequence number must increase" peer=032a07b9
[2026-04-22T13:28:26-05:00] DEBUG [public_autoconnect]: Trying to add transport pk=02d4fe680660d82c4dbfd89ba11840bf9083f51d2c958a7783894551fb5ef3367d type=sudph
[2026-04-22T13:28:26-05:00] DEBUG [transport_manager]: Initializing TP with ID 000c66a9-3116-0203-9a0a-74865db4785b
[2026-04-22T13:28:26-05:00] DEBUG [transport_manager]: Dialing transport to 02d4fe680660d82c4dbfd89ba11840bf9083f51d2c958a7783894551fb5ef3367d via sudph
[2026-04-22T13:28:27-05:00] DEBUG [dht]: PutValue failed error="dht: remote rejected put: dht: sequence number must increase" peer=025c9a88
[2026-04-22T13:28:27-05:00] DEBUG [dht]: PutValue failed error="dht: remote rejected put: dht: sequence number must increase" peer=035c27a3
[2026-04-22T13:28:27-05:00] DEBUG [sudph]: Resolved PK 02d4fe680660d82c4dbfd89ba11840bf9083f51d2c958a7783894551fb5ef3367d to visor data {103.130.167.75:16425 false {16425 [127.0.0.1 192.168.35.222 192.168.168.199 172.17.0.1 10.182.0.1 10.182.2.1 10.182.1.1 ::1]}}
[2026-04-22T13:28:27-05:00] DEBUG [sudph]: Dialing public address: 103.130.167.75:16425
[2026-04-22T13:28:27-05:00] DEBUG [sudph]: Dialing 103.130.167.75:16425
[2026-04-22T13:28:27-05:00] DEBUG [sudph]: Dialed 103.130.167.75:16425
[2026-04-22T13:28:27-05:00] DEBUG [sudph]: Performing handshake with 103.130.167.75:16425
[2026-04-22T13:28:28-05:00] DEBUG [dht]: PutValue failed error="dht: remote rejected put: dht: sequence number must increase" peer=02df744c
[2026-04-22T13:28:29-05:00] DEBUG [dht]: PutValue failed error="dht: remote rejected put: dht: sequence number must increase" peer=023d00ea
[2026-04-22T13:28:30-05:00] DEBUG [dht]: PutValue failed error="dht: remote rejected put: dht: sequence number must increase" peer=0315597d
[2026-04-22T13:28:37-05:00] DEBUG [dht]: PutValue failed error="dht: remote rejected put: dht: sequence number must increase" peer=02f10e04
[2026-04-22T13:28:37-05:00] DEBUG [transport_manager]: Error dialing transport to 02d4fe680660d82c4dbfd89ba11840bf9083f51d2c958a7783894551fb5ef3367d via sudph: mt.client.Dial: handshake failed: timeout

[2026-04-22T13:28:37-05:00] WARN [public_autoconnect]: Failed to add transport error="save transport: mt.client.Dial: handshake failed: timeout
" pk=02d4fe680660d82c4dbfd89ba11840bf9083f51d2c958a7783894551fb5ef3367d type=sudph
[2026-04-22T13:28:38-05:00] DEBUG [public_autoconnect]: Skipping visor: dmsg probe failed (unreachable) pk=02a3ceae911ff555b1870c949bc491cb77a504fb8bb8471b75d9b1176eeb3cbf3b type=sudph
[2026-04-22T13:28:38-05:00] DEBUG [dht]: PutValue failed error="dht: remote rejected put: dht: sequence number must increase" peer=032f1e09
[2026-04-22T13:28:38-05:00] DEBUG [public_autoconnect]: Trying to add transport pk=03e6f56e6a25b02b6cf8d08040c2a2506ba43fc623f291b6fd1472df969bbf5a77 type=sudph
[2026-04-22T13:28:38-05:00] DEBUG [transport_manager]: Initializing TP with ID a5d3e792-94c2-031f-bca4-f251cc0ae333
[2026-04-22T13:28:38-05:00] DEBUG [transport_manager]: Dialing transport to 03e6f56e6a25b02b6cf8d08040c2a2506ba43fc623f291b6fd1472df969bbf5a77 via sudph
[2026-04-22T13:28:38-05:00] DEBUG [dht]: PutValue failed error="dht: remote rejected put: dht: sequence number must increase" peer=0207abc2
[2026-04-22T13:28:39-05:00] DEBUG [dht]: PutValue failed error="dht: remote rejected put: dht: sequence number must increase" peer=03415ebc
[2026-04-22T13:28:39-05:00] DEBUG [sudph]: Resolved PK 03e6f56e6a25b02b6cf8d08040c2a2506ba43fc623f291b6fd1472df969bbf5a77 to visor data {103.67.79.241:54269 false {43527 [192.168.3.43]}}
[2026-04-22T13:28:39-05:00] DEBUG [sudph]: Dialing public address: 103.67.79.241:54269
[2026-04-22T13:28:39-05:00] DEBUG [sudph]: Dialing 103.67.79.241:54269
[2026-04-22T13:28:39-05:00] DEBUG [sudph]: Dialed 103.67.79.241:54269
[2026-04-22T13:28:39-05:00] DEBUG [sudph]: Performing handshake with 103.67.79.241:54269
[2026-04-22T13:28:40-05:00] DEBUG [dht]: PutValue failed error="dht: remote rejected put: dht: sequence number must increase" peer=03021f2f
[2026-04-22T13:28:41-05:00] DEBUG [dht]: PutValue failed error="dht dmsg dial 0281a102: dmsg error 102 - entry is not of client in discovery" peer=0281a102
[2026-04-22T13:28:41-05:00] DEBUG [dht]: PutValue failed error="dht: remote rejected put: dht: sequence number must increase" peer=0324d126
[2026-04-22T13:28:42-05:00] DEBUG [dht]: PutValue failed error="dht dmsg dial 0246834b: dmsg error 100 - entry is not found in discovery: entry of public key is not found" peer=0246834b
[2026-04-22T13:28:46-05:00] DEBUG [cli_rpc]: CLI RPC stats: active=0, total=2, errors=0, peak=1
[2026-04-22T13:28:47-05:00] DEBUG [dht]: PutValue failed error="dht dmsg dial 02a2d4c3: dmsg error 102 - entry is not of client in discovery" peer=02a2d4c3
[2026-04-22T13:28:49-05:00] DEBUG [transport_manager]: Error dialing transport to 03e6f56e6a25b02b6cf8d08040c2a2506ba43fc623f291b6fd1472df969bbf5a77 via sudph: mt.client.Dial: handshake failed: timeout

[2026-04-22T13:28:49-05:00] WARN [public_autoconnect]: Failed to add transport error="save transport: mt.client.Dial: handshake failed: timeout
" pk=03e6f56e6a25b02b6cf8d08040c2a2506ba43fc623f291b6fd1472df969bbf5a77 type=sudph
[2026-04-22T13:28:50-05:00] DEBUG [public_autoconnect]: Trying to add transport pk=0231168c19e03af1cf062d807b4fc4e9f41d0ab6227999078a1ddd28a1f6af6515 type=sudph
[2026-04-22T13:28:50-05:00] DEBUG [transport_manager]: Initializing TP with ID 72132e7a-5b44-01e5-91e3-4932ed1f9239
[2026-04-22T13:28:50-05:00] DEBUG [transport_manager]: Dialing transport to 0231168c19e03af1cf062d807b4fc4e9f41d0ab6227999078a1ddd28a1f6af6515 via sudph
[2026-04-22T13:28:51-05:00] DEBUG [sudph]: Resolved PK 0231168c19e03af1cf062d807b4fc4e9f41d0ab6227999078a1ddd28a1f6af6515 to visor data {103.67.79.241:49202 false {36144 [192.168.3.50]}}
[2026-04-22T13:28:51-05:00] DEBUG [sudph]: Dialing public address: 103.67.79.241:49202
[2026-04-22T13:28:51-05:00] DEBUG [sudph]: Dialing 103.67.79.241:49202
[2026-04-22T13:28:51-05:00] DEBUG [sudph]: Dialed 103.67.79.241:49202
[2026-04-22T13:28:51-05:00] DEBUG [sudph]: Performing handshake with 103.67.79.241:49202
[2026-04-22T13:28:53-05:00] DEBUG [tp:02e263]: No transport pong received, falling back to RSN latency measurement
[2026-04-22T13:28:53-05:00] DEBUG [router]: Measuring latency (RSN fallback) for transport 4925daea-116b-04cc-923c-2749d51d83e3 to 02e26350c58c54c79e472608b6f6600ca1d139038b822c296fb2f144670052e7ce
[2026-04-22T13:28:53-05:00] DEBUG [router]: PingRoute opts: TransportID=4925daea-116b-04cc-923c-2749d51d83e3, ForwardHops=0, ReverseHops=0
[2026-04-22T13:28:53-05:00] DEBUG [router]: Using specified transport 4925daea-116b-04cc-923c-2749d51d83e3 for direct route to 02e26350c58c54c79e472608b6f6600ca1d139038b822c296fb2f144670052e7ce
[2026-04-22T13:28:53-05:00] DEBUG [router]: setupPingRoute: Desc.SrcPK=0282213369836321323dfaa492564ceb8a9a5e7e8ff044c46c92949a787ec51fb0, Desc.DstPK=02e26350c58c54c79e472608b6f6600ca1d139038b822c296fb2f144670052e7ce
[2026-04-22T13:28:53-05:00] DEBUG [router]: setupPingRoute: Forward[0] TpID=4925daea-116b-04cc-923c-2749d51d83e3 From=0282213369836321323dfaa492564ceb8a9a5e7e8ff044c46c92949a787ec51fb0 To=02e26350c58c54c79e472608b6f6600ca1d139038b822c296fb2f144670052e7ce
[2026-04-22T13:28:53-05:00] DEBUG [router]: setupPingRoute: Reverse[0] TpID=4925daea-116b-04cc-923c-2749d51d83e3 From=02e26350c58c54c79e472608b6f6600ca1d139038b822c296fb2f144670052e7ce To=0282213369836321323dfaa492564ceb8a9a5e7e8ff044c46c92949a787ec51fb0
[2026-04-22T13:28:54-05:00] INFO [router]: connected to setup node: 0324579f003e6b4048bae2def4365e634d8e0e3054a20fc7af49daf2a179658557
[2026-04-22T13:28:54-05:00] ERROR [router]: Error dialing ping route group error="route setup: route setup: destination circuit breaker open: circuit open: 02e26350c58c54c79e472608b6f6600ca1d139038b822c296fb2f144670052e7ce unreachable"
[2026-04-22T13:28:54-05:00] DEBUG [router]: RSN latency fallback failed for transport 4925daea-116b-04cc-923c-2749d51d83e3 error="failed to establish ping route: route setup: route setup: destination circuit breaker open: circuit open: 02e26350c58c54c79e472608b6f6600ca1d139038b822c296fb2f144670052e7ce unreachable"
[2026-04-22T13:28:56-05:00] DEBUG ClientSession.DialStream [dmsgC]: Stream closed on failure. close_error=<nil> dst_addr=0215593fad3817adea95dfcedac271ba0050297bd48740bc8566bbcecfe65c3dce:100 error="i/o deadline reached" ports_reserved=24 session=03717576ada5b1744e395c66c2bb11cea73b0e23d0dcd54422139b1a7f12e962c4
[2026-04-22T13:28:56-05:00] DEBUG [dmsgC]: DialStream failed via cached route, evicting error="i/o deadline reached" server=03717576ada5b1744e395c66c2bb11cea73b0e23d0dcd54422139b1a7f12e962c4
[2026-04-22T13:29:01-05:00] DEBUG [transport_manager]: Error dialing transport to 0231168c19e03af1cf062d807b4fc4e9f41d0ab6227999078a1ddd28a1f6af6515 via sudph: mt.client.Dial: handshake failed: timeout

[2026-04-22T13:29:01-05:00] WARN [public_autoconnect]: Failed to add transport error="save transport: mt.client.Dial: handshake failed: timeout
" pk=0231168c19e03af1cf062d807b4fc4e9f41d0ab6227999078a1ddd28a1f6af6515 type=sudph
[2026-04-22T13:29:01-05:00] DEBUG ClientSession.DialStream [dmsgC]: Stream closed on failure. close_error=<nil> dst_addr=0215593fad3817adea95dfcedac271ba0050297bd48740bc8566bbcecfe65c3dce:100 error="i/o deadline reached" ports_reserved=24 session=03717576ada5b1744e395c66c2bb11cea73b0e23d0dcd54422139b1a7f12e962c4
[2026-04-22T13:29:01-05:00] DEBUG [dmsgC]: DialStream failed, trying next session error="i/o deadline reached" server=03717576ada5b1744e395c66c2bb11cea73b0e23d0dcd54422139b1a7f12e962c4
[2026-04-22T13:29:02-05:00] DEBUG [public_autoconnect]: Trying to add transport pk=0360be745ff4a1d72a11700aa7fc359d442ed215b04af73f378af0e139c4a5bd69 type=sudph
[2026-04-22T13:29:02-05:00] DEBUG [transport_manager]: Initializing TP with ID 20e50396-8dff-00b0-9d54-b5885d00cf4b
[2026-04-22T13:29:02-05:00] DEBUG [transport_manager]: Dialing transport to 0360be745ff4a1d72a11700aa7fc359d442ed215b04af73f378af0e139c4a5bd69 via sudph
[2026-04-22T13:29:03-05:00] DEBUG [sudph]: Resolved PK 0360be745ff4a1d72a11700aa7fc359d442ed215b04af73f378af0e139c4a5bd69 to visor data {182.9.2.118:25310 false {38204 [127.0.0.1 192.168.100.2 ::1 2404:c0:be01:3302:f1e9:5e33:c5fd:e4b4]}}
[2026-04-22T13:29:03-05:00] DEBUG [sudph]: Dialing public address: 182.9.2.118:25310
[2026-04-22T13:29:03-05:00] DEBUG [sudph]: Dialing 182.9.2.118:25310
[2026-04-22T13:29:03-05:00] DEBUG [sudph]: Dialed 182.9.2.118:25310
[2026-04-22T13:29:03-05:00] DEBUG [sudph]: Performing handshake with 182.9.2.118:25310
[2026-04-22T13:29:06-05:00] DEBUG [stcpr]: Re-registering STCPR with address resolver
[2026-04-22T13:29:06-05:00] DEBUG httpClient.BindSTCPR [address_resolver]: Address resolver binding with: [192.168.1.118 70.121.13.123]
[2026-04-22T13:29:07-05:00] DEBUG [stcpr]: Successfully re-registered STCPR
[2026-04-22T13:29:11-05:00] DEBUG [dht]: PutValue failed error="dht dmsg dial 02864d02: dmsg error 100 - entry is not found in discovery: entry of public key is not found" peer=02864d02
[2026-04-22T13:29:13-05:00] DEBUG [transport_manager]: Error dialing transport to 0360be745ff4a1d72a11700aa7fc359d442ed215b04af73f378af0e139c4a5bd69 via sudph: mt.client.Dial: handshake failed: timeout

[2026-04-22T13:29:13-05:00] WARN [public_autoconnect]: Failed to add transport error="save transport: mt.client.Dial: handshake failed: timeout
" pk=0360be745ff4a1d72a11700aa7fc359d442ed215b04af73f378af0e139c4a5bd69 type=sudph
[2026-04-22T13:29:16-05:00] DEBUG [cli_rpc]: CLI RPC stats: active=0, total=2, errors=0, peak=1
[2026-04-22T13:29:16-05:00] WARN [router]: closing conn from untrusted setup node: <nil>
[2026-04-22T13:29:17-05:00] WARN [self_probe]: Self-probe FAILED: dmsg listener unreachable (persistent) consecutive_failures=18 cooldown_remaining=59s port=80
[2026-04-22T13:29:17-05:00] DEBUG ClientSession.DialStream [dmsgC]: Stream closed on failure. close_error=<nil> dst_addr=0215593fad3817adea95dfcedac271ba0050297bd48740bc8566bbcecfe65c3dce:100 error="i/o deadline reached" ports_reserved=26 session=03717576ada5b1744e395c66c2bb11cea73b0e23d0dcd54422139b1a7f12e962c4
[2026-04-22T13:29:17-05:00] DEBUG [dmsgC]: DialStream failed, trying next session error="i/o deadline reached" server=03717576ada5b1744e395c66c2bb11cea73b0e23d0dcd54422139b1a7f12e962c4
[2026-04-22T13:29:18-05:00] DEBUG ClientSession.DialStream [dmsgC]: Stream closed on failure. close_error=<nil> dst_addr=0361d4e834f5112fa58122f8abe93f56ca59053c369dbd8cada33f310b25ab60fb:136 error="i/o deadline reached" ports_reserved=26 session=03717576ada5b1744e395c66c2bb11cea73b0e23d0dcd54422139b1a7f12e962c4
[2026-04-22T13:29:18-05:00] DEBUG [dmsgC]: DialStream failed, trying next session error="i/o deadline reached" server=03717576ada5b1744e395c66c2bb11cea73b0e23d0dcd54422139b1a7f12e962c4
[2026-04-22T13:29:18-05:00] DEBUG [public_autoconnect]: Skipping visor: dmsg probe failed (unreachable) pk=0361d4e834f5112fa58122f8abe93f56ca59053c369dbd8cada33f310b25ab60fb type=sudph
[2026-04-22T13:29:19-05:00] DEBUG [public_autoconnect]: Trying to add transport pk=037b304d23419e0c33d3f0d6df71e7d4e2417d438c9e8cbaca549b348abae076b5 type=sudph
[2026-04-22T13:29:19-05:00] DEBUG [transport_manager]: Initializing TP with ID 165532e2-9e05-0b7c-9cc4-b465e88fd0d3
[2026-04-22T13:29:19-05:00] DEBUG [transport_manager]: Dialing transport to 037b304d23419e0c33d3f0d6df71e7d4e2417d438c9e8cbaca549b348abae076b5 via sudph
[2026-04-22T13:29:19-05:00] DEBUG [sudph]: Resolved PK 037b304d23419e0c33d3f0d6df71e7d4e2417d438c9e8cbaca549b348abae076b5 to visor data {110.136.89.19:5816 false {49460 [127.0.0.1 192.168.150.1 10.208.133.157 10.10.11.8 ::1]}}
[2026-04-22T13:29:19-05:00] DEBUG [sudph]: Dialing public address: 110.136.89.19:5816
[2026-04-22T13:29:19-05:00] DEBUG [sudph]: Dialing 110.136.89.19:5816
[2026-04-22T13:29:19-05:00] DEBUG [sudph]: Dialed 110.136.89.19:5816
[2026-04-22T13:29:19-05:00] DEBUG [sudph]: Performing handshake with 110.136.89.19:5816
[2026-04-22T13:29:22-05:00] DEBUG [dmsgC]: Updating entry.
 entry=	version: 0.0.1
	sequence: 19
	registered at: 1776882501540119572
	static public key: 0282213369836321323dfaa492564ceb8a9a5e7e8ff044c46c92949a787ec51fb0
	signature: b39832397ca466215cb96426920595a9ef9289d81b1d0fec628685019087c784090b7160b935231d8605d3fa755eb91d5cde115dd9377a96878be4a266869f7901
	entry is registered as client. Related info: 
		delegated servers: 
			02a49bc0aa1b5b78f638e9189be4ed095bac5d6839c828465a8350f80ac07629c0
			03717576ada5b1744e395c66c2bb11cea73b0e23d0dcd54422139b1a7f12e962c4
			0371ab4bcff7b121f4b91f6856d6740c6f9dc1fe716977850aeb5d84378b300a13


[2026-04-22T13:29:29-05:00] DEBUG [transport_manager]: Error dialing transport to 037b304d23419e0c33d3f0d6df71e7d4e2417d438c9e8cbaca549b348abae076b5 via sudph: mt.client.Dial: handshake failed: timeout

[2026-04-22T13:29:29-05:00] WARN [public_autoconnect]: Failed to add transport error="save transport: mt.client.Dial: handshake failed: timeout
" pk=037b304d23419e0c33d3f0d6df71e7d4e2417d438c9e8cbaca549b348abae076b5 type=sudph
[2026-04-22T13:29:29-05:00] DEBUG [public_autoconnect]: Skipping visor: dmsg probe failed (unreachable) pk=027ca43a03e60d6f02c0610a1847b10630740e06272e3cdada92c0c42e8a5c09c1 type=sudph
[2026-04-22T13:29:30-05:00] DEBUG ClientSession.DialStream [dmsgC]: Stream closed on failure. close_error=<nil> dst_addr=032f1e09a0ac1ed151622bb017a4b0fab6568c611e457eaa82e328ff2183580bfe:100 error="i/o deadline reached" ports_reserved=27 session=03717576ada5b1744e395c66c2bb11cea73b0e23d0dcd54422139b1a7f12e962c4
[2026-04-22T13:29:30-05:00] DEBUG [dmsgC]: DialStream failed via cached route, evicting error="i/o deadline reached" server=03717576ada5b1744e395c66c2bb11cea73b0e23d0dcd54422139b1a7f12e962c4
[2026-04-22T13:29:30-05:00] DEBUG [public_autoconnect]: Trying to add transport pk=0261824b1ddb839c9afb44f3c81daa050da14a2a11fbd92752fa4f0c14176fb67d type=sudph
[2026-04-22T13:29:30-05:00] DEBUG [transport_manager]: Initializing TP with ID 2935c30b-55b5-0dd9-a7d1-5710f0a9cc69
[2026-04-22T13:29:30-05:00] DEBUG [transport_manager]: Dialing transport to 0261824b1ddb839c9afb44f3c81daa050da14a2a11fbd92752fa4f0c14176fb67d via sudph
[2026-04-22T13:29:31-05:00] DEBUG [sudph]: Resolved PK 0261824b1ddb839c9afb44f3c81daa050da14a2a11fbd92752fa4f0c14176fb67d to visor data {110.136.89.105:57259 false {54886 [127.0.0.1 192.168.150.1 10.208.249.10 10.10.11.3 ::1]}}
[2026-04-22T13:29:31-05:00] DEBUG [sudph]: Dialing public address: 110.136.89.105:57259
[2026-04-22T13:29:31-05:00] DEBUG [sudph]: Dialing 110.136.89.105:57259
[2026-04-22T13:29:31-05:00] DEBUG [sudph]: Dialed 110.136.89.105:57259
[2026-04-22T13:29:31-05:00] DEBUG [sudph]: Performing handshake with 110.136.89.105:57259
[2026-04-22T13:29:35-05:00] DEBUG ClientSession.DialStream [dmsgC]: Stream closed on failure. close_error=<nil> dst_addr=032f1e09a0ac1ed151622bb017a4b0fab6568c611e457eaa82e328ff2183580bfe:100 error="i/o deadline reached" ports_reserved=26 session=03717576ada5b1744e395c66c2bb11cea73b0e23d0dcd54422139b1a7f12e962c4
[2026-04-22T13:29:35-05:00] DEBUG [dmsgC]: DialStream failed, trying next session error="i/o deadline reached" server=03717576ada5b1744e395c66c2bb11cea73b0e23d0dcd54422139b1a7f12e962c4
[2026-04-22T13:29:41-05:00] DEBUG [transport_manager]: Error dialing transport to 0261824b1ddb839c9afb44f3c81daa050da14a2a11fbd92752fa4f0c14176fb67d via sudph: mt.client.Dial: handshake failed: timeout

[2026-04-22T13:29:41-05:00] WARN [public_autoconnect]: Failed to add transport error="save transport: mt.client.Dial: handshake failed: timeout
" pk=0261824b1ddb839c9afb44f3c81daa050da14a2a11fbd92752fa4f0c14176fb67d type=sudph
[2026-04-22T13:29:42-05:00] DEBUG [public_autoconnect]: Trying to add transport pk=02f42769e3b410407e7eafa8f36a944ec8aaf54b6292a94d0c5bad4b2383434893 type=sudph
[2026-04-22T13:29:42-05:00] DEBUG [transport_manager]: Initializing TP with ID 67c98485-c5f6-0a48-9931-2e6f641cf502
[2026-04-22T13:29:42-05:00] DEBUG [transport_manager]: Dialing transport to 02f42769e3b410407e7eafa8f36a944ec8aaf54b6292a94d0c5bad4b2383434893 via sudph
[2026-04-22T13:29:43-05:00] DEBUG [sudph]: Resolved PK 02f42769e3b410407e7eafa8f36a944ec8aaf54b6292a94d0c5bad4b2383434893 to visor data {104.136.22.124:40785 false {40785 [127.0.0.1 192.168.0.9 ::1]}}
[2026-04-22T13:29:43-05:00] DEBUG [sudph]: Dialing public address: 104.136.22.124:40785
[2026-04-22T13:29:43-05:00] DEBUG [sudph]: Dialing 104.136.22.124:40785
[2026-04-22T13:29:43-05:00] DEBUG [sudph]: Dialed 104.136.22.124:40785
[2026-04-22T13:29:43-05:00] DEBUG [sudph]: Performing handshake with 104.136.22.124:40785
[2026-04-22T13:29:45-05:00] DEBUG ClientSession.DialStream [dmsgC]: Stream closed on failure. close_error=<nil> dst_addr=032f1e09a0ac1ed151622bb017a4b0fab6568c611e457eaa82e328ff2183580bfe:100 error="i/o deadline reached" ports_reserved=27 session=03717576ada5b1744e395c66c2bb11cea73b0e23d0dcd54422139b1a7f12e962c4
[2026-04-22T13:29:45-05:00] DEBUG [dmsgC]: DialStream failed, trying next session error="i/o deadline reached" server=03717576ada5b1744e395c66c2bb11cea73b0e23d0dcd54422139b1a7f12e962c4
[2026-04-22T13:29:45-05:00] DEBUG [cli_rpc]: CLI RPC stats: active=0, total=2, errors=0, peak=1
[2026-04-22T13:29:49-05:00] DEBUG [dht]: PutValue failed error="dht dmsg dial 0281a102: dmsg error 102 - entry is not of client in discovery" peer=0281a102
[2026-04-22T13:29:50-05:00] DEBUG [dht]: PutValue failed error="dht dmsg dial 0246834b: dmsg error 100 - entry is not found in discovery: entry of public key is not found" peer=0246834b
[2026-04-22T13:29:53-05:00] DEBUG [transport_manager]: Error dialing transport to 02f42769e3b410407e7eafa8f36a944ec8aaf54b6292a94d0c5bad4b2383434893 via sudph: mt.client.Dial: handshake failed: timeout

[2026-04-22T13:29:53-05:00] WARN [public_autoconnect]: Failed to add transport error="save transport: mt.client.Dial: handshake failed: timeout
" pk=02f42769e3b410407e7eafa8f36a944ec8aaf54b6292a94d0c5bad4b2383434893 type=sudph
[2026-04-22T13:29:56-05:00] DEBUG [dht]: PutValue failed error="dht dmsg dial 02a2d4c3: dmsg error 102 - entry is not of client in discovery" peer=02a2d4c3
[2026-04-22T13:29:58-05:00] DEBUG ClientSession.DialStream [dmsgC]: Stream closed on failure. close_error=<nil> dst_addr=03c0de442df14bf8105ce95763e320cf2520dccd6fa1a7cd3319a7c24689613faa:136 error="i/o deadline reached" ports_reserved=30 session=0371ab4bcff7b121f4b91f6856d6740c6f9dc1fe716977850aeb5d84378b300a13
[2026-04-22T13:29:58-05:00] DEBUG [dmsgC]: DialStream failed, trying next session error="i/o deadline reached" server=0371ab4bcff7b121f4b91f6856d6740c6f9dc1fe716977850aeb5d84378b300a13
[2026-04-22T13:29:58-05:00] DEBUG [public_autoconnect]: Skipping visor: dmsg probe failed (unreachable) pk=03c0de442df14bf8105ce95763e320cf2520dccd6fa1a7cd3319a7c24689613faa type=sudph
[2026-04-22T13:29:59-05:00] DEBUG [public_autoconnect]: Trying to add transport pk=0232004ec69b023aedd2a251aed73d79a44acbd253478e2a7d804a136fe9494f9f type=sudph
[2026-04-22T13:29:59-05:00] DEBUG [transport_manager]: Initializing TP with ID fbf3d3a6-2703-06d3-8290-1e99ea3c776d
[2026-04-22T13:29:59-05:00] DEBUG [transport_manager]: Dialing transport to 0232004ec69b023aedd2a251aed73d79a44acbd253478e2a7d804a136fe9494f9f via sudph
[2026-04-22T13:30:00-05:00] DEBUG [sudph]: Resolved PK 0232004ec69b023aedd2a251aed73d79a44acbd253478e2a7d804a136fe9494f9f to visor data {123.50.139.49:48927 false {48927 [127.0.0.1 192.168.0.3 ::1]}}
[2026-04-22T13:30:00-05:00] DEBUG [sudph]: Dialing public address: 123.50.139.49:48927
[2026-04-22T13:30:00-05:00] DEBUG [sudph]: Dialing 123.50.139.49:48927
[2026-04-22T13:30:00-05:00] DEBUG [sudph]: Dialed 123.50.139.49:48927
[2026-04-22T13:30:00-05:00] DEBUG [sudph]: Performing handshake with 123.50.139.49:48927
[2026-04-22T13:30:07-05:00] DEBUG ClientSession.DialStream [dmsgC]: Stream closed on failure. close_error=<nil> dst_addr=03b5a2848c732aa6cccd2eae61f9d3991be050389433beddcef05a8cb85d70a3e0:100 error="i/o deadline reached" ports_reserved=28 session=03717576ada5b1744e395c66c2bb11cea73b0e23d0dcd54422139b1a7f12e962c4
[2026-04-22T13:30:07-05:00] DEBUG [dmsgC]: DialStream failed via cached route, evicting error="i/o deadline reached" server=03717576ada5b1744e395c66c2bb11cea73b0e23d0dcd54422139b1a7f12e962c4
[2026-04-22T13:30:10-05:00] DEBUG [transport_manager]: Error dialing transport to 0232004ec69b023aedd2a251aed73d79a44acbd253478e2a7d804a136fe9494f9f via sudph: mt.client.Dial: handshake failed: timeout

[2026-04-22T13:30:10-05:00] WARN [public_autoconnect]: Failed to add transport error="save transport: mt.client.Dial: handshake failed: timeout
" pk=0232004ec69b023aedd2a251aed73d79a44acbd253478e2a7d804a136fe9494f9f type=sudph
[2026-04-22T13:30:10-05:00] DEBUG [public_autoconnect]: Trying to add transport pk=0383db4244c99a06c09e76274429cf1dd74812e5364e5c93f6dd2479ae0b809d2c type=sudph
[2026-04-22T13:30:10-05:00] DEBUG [transport_manager]: Initializing TP with ID e3c21964-f30a-0918-9ccf-6ae4593d2f62
[2026-04-22T13:30:10-05:00] DEBUG [transport_manager]: Dialing transport to 0383db4244c99a06c09e76274429cf1dd74812e5364e5c93f6dd2479ae0b809d2c via sudph
[2026-04-22T13:30:11-05:00] DEBUG [sudph]: Resolved PK 0383db4244c99a06c09e76274429cf1dd74812e5364e5c93f6dd2479ae0b809d2c to visor data {103.94.191.154:61176 false {39422 [127.0.0.1 10.21.48.118 ::1]}}
[2026-04-22T13:30:11-05:00] DEBUG [sudph]: Dialing public address: 103.94.191.154:61176
[2026-04-22T13:30:11-05:00] DEBUG [sudph]: Dialing 103.94.191.154:61176
[2026-04-22T13:30:11-05:00] DEBUG [sudph]: Dialed 103.94.191.154:61176
[2026-04-22T13:30:11-05:00] DEBUG [sudph]: Performing handshake with 103.94.191.154:61176
[2026-04-22T13:30:13-05:00] DEBUG ClientSession.DialStream [dmsgC]: Stream closed on failure. close_error=<nil> dst_addr=025c9a88815cf837c44d9043a522ebdc2a77fa521e8678d58e115795731af498dc:100 error="i/o deadline reached" ports_reserved=29 session=03717576ada5b1744e395c66c2bb11cea73b0e23d0dcd54422139b1a7f12e962c4
[2026-04-22T13:30:13-05:00] DEBUG [dmsgC]: DialStream failed via cached route, evicting error="i/o deadline reached" server=03717576ada5b1744e395c66c2bb11cea73b0e23d0dcd54422139b1a7f12e962c4
[2026-04-22T13:30:16-05:00] DEBUG [cli_rpc]: CLI RPC stats: active=0, total=2, errors=0, peak=1
[2026-04-22T13:30:16-05:00] WARN [router]: closing conn from untrusted setup node: <nil>
[2026-04-22T13:30:17-05:00] WARN [self_probe]: Self-probe FAILED: dmsg listener unreachable (persistent) consecutive_failures=19 port=80
[2026-04-22T13:30:17-05:00] DEBUG [dmsgC]: Session shut down, stopping accept loop. error="session shutdown" session=0371ab4bcff7b121f4b91f6856d6740c6f9dc1fe716977850aeb5d84378b300a13
[2026-04-22T13:30:17-05:00] DEBUG [dmsgC]: Session shut down, stopping accept loop. error="session shutdown" session=02a49bc0aa1b5b78f638e9189be4ed095bac5d6839c828465a8350f80ac07629c0
[2026-04-22T13:30:17-05:00] DEBUG [dmsgC]: Session stopped. error="failed to serve dialed session to 0371ab4bcff7b121f4b91f6856d6740c6f9dc1fe716977850aeb5d84378b300a13: session shutdown"
[2026-04-22T13:30:17-05:00] DEBUG ClientSession.DialStream [dmsgC]: Stream closed on failure. close_error=<nil> dst_addr=0358ee2dd4d5f4049ea7017f67f41d3ff9b7524609d9f4b9508b848a18932775a0:100 error=EOF ports_reserved=9 session=03717576ada5b1744e395c66c2bb11cea73b0e23d0dcd54422139b1a7f12e962c4
[2026-04-22T13:30:17-05:00] WARN [self_probe]: Self-probe recovery: forced DMSG session reconnect; reconnect loop will re-dial within 15s sessions_closed=3
[2026-04-22T13:30:17-05:00] DEBUG [dmsgC]: Dialing session... remote_pk=0326978f5a53aff537dbb47fed58b1f123af3b00132d365f1309a14db4168dcff7
[2026-04-22T13:30:17-05:00] DEBUG [dmsgC]: Session shut down, stopping accept loop. error="session shutdown" session=03717576ada5b1744e395c66c2bb11cea73b0e23d0dcd54422139b1a7f12e962c4
[2026-04-22T13:30:17-05:00] DEBUG [dmsgC]: DialStream failed via cached route, evicting error=EOF server=03717576ada5b1744e395c66c2bb11cea73b0e23d0dcd54422139b1a7f12e962c4
[2026-04-22T13:30:17-05:00] DEBUG [dmsgC]: DialStream failed, trying next session error="session shutdown" server=03717576ada5b1744e395c66c2bb11cea73b0e23d0dcd54422139b1a7f12e962c4
[2026-04-22T13:30:17-05:00] INFO [dmsgC]: yamux stream session initial for 0326978f5a53aff537dbb47fed58b1f123af3b00132d365f1309a14db4168dcff7
[2026-04-22T13:30:17-05:00] DEBUG [dmsgC]: Session stopped. error="failed to serve dialed session to 02a49bc0aa1b5b78f638e9189be4ed095bac5d6839c828465a8350f80ac07629c0: session shutdown"
[2026-04-22T13:30:17-05:00] DEBUG [dmsgC]: Dialing session... remote_pk=0281a102c82820e811368c8d028cf11b1a985043b726b1bcdb8fce89b27384b2cb
[2026-04-22T13:30:17-05:00] DEBUG [dmsgC]: Serving session. remote_pk=0326978f5a53aff537dbb47fed58b1f123af3b00132d365f1309a14db4168dcff7
[2026-04-22T13:30:17-05:00] INFO [dmsgC]: yamux stream session initial for 0281a102c82820e811368c8d028cf11b1a985043b726b1bcdb8fce89b27384b2cb
[2026-04-22T13:30:17-05:00] DEBUG [dmsgC]: Serving session. remote_pk=0281a102c82820e811368c8d028cf11b1a985043b726b1bcdb8fce89b27384b2cb
[2026-04-22T13:30:17-05:00] DEBUG [dmsgC]: Discovering dmsg servers...
[2026-04-22T13:30:18-05:00] DEBUG [dmsgC]: Session stopped. error="failed to serve dialed session to 03717576ada5b1744e395c66c2bb11cea73b0e23d0dcd54422139b1a7f12e962c4: session shutdown"
[2026-04-22T13:30:18-05:00] DEBUG [dmsgC]: Dialing session... remote_pk=02a49bc0aa1b5b78f638e9189be4ed095bac5d6839c828465a8350f80ac07629c0
[2026-04-22T13:30:18-05:00] INFO [dmsgC]: yamux stream session initial for 02a49bc0aa1b5b78f638e9189be4ed095bac5d6839c828465a8350f80ac07629c0
[2026-04-22T13:30:18-05:00] DEBUG [dmsgC]: Serving session. remote_pk=02a49bc0aa1b5b78f638e9189be4ed095bac5d6839c828465a8350f80ac07629c0
[2026-04-22T13:30:18-05:00] DEBUG [dmsgC]: Updating entry.
 entry=	version: 0.0.1
	sequence: 20
	registered at: 1776882562182913863
	static public key: 0282213369836321323dfaa492564ceb8a9a5e7e8ff044c46c92949a787ec51fb0
	signature: e62a8465b84b1a95e1bd904f71135e47219ae0219f846a44b8fd199c6531493d723d3cae3f7dc0e853f4e6fa29fc88cc8da030ac9ed2ac7b819e72eb9506181a01
	entry is registered as client. Related info: 
		delegated servers: 
			0326978f5a53aff537dbb47fed58b1f123af3b00132d365f1309a14db4168dcff7
			0281a102c82820e811368c8d028cf11b1a985043b726b1bcdb8fce89b27384b2cb
			02a49bc0aa1b5b78f638e9189be4ed095bac5d6839c828465a8350f80ac07629c0


[2026-04-22T13:30:21-05:00] DEBUG [transport_manager]: Error dialing transport to 0383db4244c99a06c09e76274429cf1dd74812e5364e5c93f6dd2479ae0b809d2c via sudph: mt.client.Dial: handshake failed: timeout

[2026-04-22T13:30:21-05:00] WARN [public_autoconnect]: Failed to add transport error="save transport: mt.client.Dial: handshake failed: timeout
" pk=0383db4244c99a06c09e76274429cf1dd74812e5364e5c93f6dd2479ae0b809d2c type=sudph
[2026-04-22T13:30:21-05:00] DEBUG [dht]: PutValue failed error="dht dmsg dial 02864d02: dmsg error 100 - entry is not found in discovery: entry of public key is not found" peer=02864d02
[2026-04-22T13:30:22-05:00] DEBUG [public_autoconnect]: Trying to add transport pk=031b80d5d295d341b3096aedd5663e459ca6bd8358e4ed1d70fefed641d221dc54 type=sudph
[2026-04-22T13:30:22-05:00] DEBUG [transport_manager]: Initializing TP with ID 91b19904-f892-0bbd-8494-cc40dc731362
[2026-04-22T13:30:22-05:00] DEBUG [transport_manager]: Dialing transport to 031b80d5d295d341b3096aedd5663e459ca6bd8358e4ed1d70fefed641d221dc54 via sudph
[2026-04-22T13:30:23-05:00] DEBUG [sudph]: Resolved PK 031b80d5d295d341b3096aedd5663e459ca6bd8358e4ed1d70fefed641d221dc54 to visor data {114.10.47.11:48677 false {38018 [127.0.0.1 192.168.1.14 192.168.65.20 ::1]}}
[2026-04-22T13:30:23-05:00] DEBUG [sudph]: Dialing public address: 114.10.47.11:48677
[2026-04-22T13:30:23-05:00] DEBUG [sudph]: Dialing 114.10.47.11:48677
[2026-04-22T13:30:23-05:00] DEBUG [sudph]: Dialed 114.10.47.11:48677
[2026-04-22T13:30:23-05:00] DEBUG [sudph]: Performing handshake with 114.10.47.11:48677
[2026-04-22T13:30:23-05:00] DEBUG readPacket [tp:02e263]: Failed to read packet header. error="read tcp 192.168.1.118:59540->194.103.157.198:30001: i/o timeout"
[2026-04-22T13:30:23-05:00] WARN [tp:02e263]: Failed to read packet, closing transport error="read tcp 192.168.1.118:59540->194.103.157.198:30001: i/o timeout" src="read_loop"
[2026-04-22T13:30:23-05:00] DEBUG [tp:02e263]: Stopped log loop
[2026-04-22T13:30:23-05:00] DEBUG [transport_manager]: Deletion nudge received, debouncing...
[2026-04-22T13:30:23-05:00] DEBUG [tp:02e263]: Stopped serving. remaining_tps=3 remote_pk=02e26350c58c54c79e472608b6f6600ca1d139038b822c296fb2f144670052e7ce tp_id=4925daea-116b-04cc-923c-2749d51d83e3 tp_index=4
[2026-04-22T13:30:24-05:00] DEBUG [transport_manager]: Deleted 1 unused transport entries
[2026-04-22T13:30:28-05:00] DEBUG [transport_manager]: Batch deleting 1 transports from TPD
[2026-04-22T13:30:29-05:00] DEBUG [transport_manager]: Batch deleted 0/1 transports from TPD
[2026-04-22T13:30:33-05:00] DEBUG [transport_manager]: Error dialing transport to 031b80d5d295d341b3096aedd5663e459ca6bd8358e4ed1d70fefed641d221dc54 via sudph: mt.client.Dial: handshake failed: timeout

[2026-04-22T13:30:33-05:00] WARN [public_autoconnect]: Failed to add transport error="save transport: mt.client.Dial: handshake failed: timeout
" pk=031b80d5d295d341b3096aedd5663e459ca6bd8358e4ed1d70fefed641d221dc54 type=sudph
[2026-04-22T13:30:33-05:00] DEBUG [public_autoconnect]: Trying to add transport pk=02ea98a2030761577c81455bc8072cac6c1bef3a3d59e32b448480b0f13fae0381 type=sudph
[2026-04-22T13:30:33-05:00] DEBUG [transport_manager]: Initializing TP with ID 515d5ca0-84a2-0d37-8bc5-692a94e2a315
[2026-04-22T13:30:33-05:00] DEBUG [transport_manager]: Dialing transport to 02ea98a2030761577c81455bc8072cac6c1bef3a3d59e32b448480b0f13fae0381 via sudph
[2026-04-22T13:30:34-05:00] DEBUG [sudph]: Resolved PK 02ea98a2030761577c81455bc8072cac6c1bef3a3d59e32b448480b0f13fae0381 to visor data {202.65.236.91:43106 false {33928 [127.0.0.1 192.168.110.8 192.168.60.104 172.17.0.1 ::1]}}
[2026-04-22T13:30:34-05:00] DEBUG [sudph]: Dialing public address: 202.65.236.91:43106
[2026-04-22T13:30:34-05:00] DEBUG [sudph]: Dialing 202.65.236.91:43106
[2026-04-22T13:30:34-05:00] DEBUG [sudph]: Dialed 202.65.236.91:43106
[2026-04-22T13:30:34-05:00] DEBUG [sudph]: Performing handshake with 202.65.236.91:43106
[2026-04-22T13:30:36-05:00] DEBUG [stcpr]: Re-registering STCPR with address resolver
[2026-04-22T13:30:36-05:00] DEBUG httpClient.BindSTCPR [address_resolver]: Address resolver binding with: [192.168.1.118 70.121.13.123]
[2026-04-22T13:30:37-05:00] DEBUG [stcpr]: Successfully re-registered STCPR
[2026-04-22T13:30:41-05:00] DEBUG [dht]: PutValue failed error="dht dmsg dial 0246834b: dmsg error 100 - entry is not found in discovery: entry of public key is not found" peer=0246834b
[2026-04-22T13:30:44-05:00] DEBUG [transport_manager]: Error dialing transport to 02ea98a2030761577c81455bc8072cac6c1bef3a3d59e32b448480b0f13fae0381 via sudph: mt.client.Dial: handshake failed: timeout

[2026-04-22T13:30:44-05:00] WARN [public_autoconnect]: Failed to add transport error="save transport: mt.client.Dial: handshake failed: timeout
" pk=02ea98a2030761577c81455bc8072cac6c1bef3a3d59e32b448480b0f13fae0381 type=sudph
[2026-04-22T13:30:44-05:00] DEBUG [public_autoconnect]: Skipping visor: dmsg probe failed (unreachable) pk=026a9a799cada39a04e4455e95ae4f441e0a055058425ca894be1406d508e81cda type=sudph
[2026-04-22T13:30:45-05:00] DEBUG [dht]: PutValue failed error="dht dmsg dial 02a2d4c3: dmsg error 102 - entry is not of client in discovery" peer=02a2d4c3
[2026-04-22T13:30:45-05:00] DEBUG [cli_rpc]: CLI RPC stats: active=0, total=2, errors=0, peak=1
[2026-04-22T13:30:50-05:00] DEBUG ClientSession.DialStream [dmsgC]: Stream closed on failure. close_error=<nil> dst_addr=024c4dfca2e3e0f7f4e1c0de414d6b0abb0b67cca22e96254c131e8946a92e324f:136 error="i/o deadline reached" ports_reserved=10 session=0326978f5a53aff537dbb47fed58b1f123af3b00132d365f1309a14db4168dcff7
[2026-04-22T13:30:50-05:00] DEBUG [dmsgC]: DialStream failed, trying next session error="i/o deadline reached" server=0326978f5a53aff537dbb47fed58b1f123af3b00132d365f1309a14db4168dcff7
[2026-04-22T13:30:50-05:00] DEBUG ClientSession.DialStream [dmsgC]: Stream closed on failure. close_error=<nil> dst_addr=024c4dfca2e3e0f7f4e1c0de414d6b0abb0b67cca22e96254c131e8946a92e324f:136 error="context deadline exceeded" ports_reserved=10 session=0326978f5a53aff537dbb47fed58b1f123af3b00132d365f1309a14db4168dcff7
[2026-04-22T13:30:50-05:00] DEBUG [dmsgC]: DialStream failed via new session, trying next server error="context deadline exceeded" server=0326978f5a53aff537dbb47fed58b1f123af3b00132d365f1309a14db4168dcff7
[2026-04-22T13:30:50-05:00] DEBUG ClientSession.DialStream [dmsgC]: Stream closed on failure. close_error=<nil> dst_addr=024c4dfca2e3e0f7f4e1c0de414d6b0abb0b67cca22e96254c131e8946a92e324f:136 error="context deadline exceeded" ports_reserved=10 session=0281a102c82820e811368c8d028cf11b1a985043b726b1bcdb8fce89b27384b2cb
[2026-04-22T13:30:50-05:00] DEBUG [dmsgC]: DialStream failed via new session, trying next server error="context deadline exceeded" server=0281a102c82820e811368c8d028cf11b1a985043b726b1bcdb8fce89b27384b2cb
[2026-04-22T13:30:50-05:00] DEBUG [public_autoconnect]: Skipping visor: dmsg probe failed (unreachable) pk=024c4dfca2e3e0f7f4e1c0de414d6b0abb0b67cca22e96254c131e8946a92e324f type=sudph
[2026-04-22T13:30:50-05:00] DEBUG [public_autoconnect]: Trying to add transport pk=023fb925bc56b35656c1e930b5593617a4c413a961610639c92125670513ffd3a9 type=sudph
[2026-04-22T13:30:50-05:00] DEBUG [transport_manager]: Initializing TP with ID b43699f7-eb54-09bf-b6b5-f2c72a9ea5fa
[2026-04-22T13:30:50-05:00] DEBUG [transport_manager]: Dialing transport to 023fb925bc56b35656c1e930b5593617a4c413a961610639c92125670513ffd3a9 via sudph
[2026-04-22T13:30:51-05:00] DEBUG [sudph]: Resolved PK 023fb925bc56b35656c1e930b5593617a4c413a961610639c92125670513ffd3a9 to visor data {123.50.139.49:53415 false {53415 [127.0.0.1 192.168.0.2 ::1]}}
[2026-04-22T13:30:51-05:00] DEBUG [sudph]: Dialing public address: 123.50.139.49:53415
[2026-04-22T13:30:51-05:00] DEBUG [sudph]: Dialing 123.50.139.49:53415
[2026-04-22T13:30:51-05:00] DEBUG [sudph]: Dialed 123.50.139.49:53415
[2026-04-22T13:30:51-05:00] DEBUG [sudph]: Performing handshake with 123.50.139.49:53415
[2026-04-22T13:30:59-05:00] DEBUG [dht]: PutValue failed error="dht dmsg dial 02864d02: dmsg error 100 - entry is not found in discovery: entry of public key is not found" peer=02864d02
[2026-04-22T13:31:01-05:00] DEBUG [transport_manager]: Error dialing transport to 023fb925bc56b35656c1e930b5593617a4c413a961610639c92125670513ffd3a9 via sudph: mt.client.Dial: handshake failed: timeout

[2026-04-22T13:31:01-05:00] WARN [public_autoconnect]: Failed to add transport error="save transport: mt.client.Dial: handshake failed: timeout
" pk=023fb925bc56b35656c1e930b5593617a4c413a961610639c92125670513ffd3a9 type=sudph
[2026-04-22T13:31:01-05:00] DEBUG [public_autoconnect]: Trying to add transport pk=02074e8177092a1bbc44b379d59dbf5a936f7144a89a58406d128f8c3d864105db type=sudph
[2026-04-22T13:31:01-05:00] DEBUG [transport_manager]: Initializing TP with ID e0a68d01-bd5c-006a-bcc7-8d82195ef545
[2026-04-22T13:31:01-05:00] DEBUG [transport_manager]: Dialing transport to 02074e8177092a1bbc44b379d59dbf5a936f7144a89a58406d128f8c3d864105db via sudph
[2026-04-22T13:31:02-05:00] DEBUG [sudph]: Resolved PK 02074e8177092a1bbc44b379d59dbf5a936f7144a89a58406d128f8c3d864105db to visor data {110.136.89.208:11686 false {34076 [127.0.0.1 192.168.150.1 10.208.118.87 10.10.12.1 ::1]}}
[2026-04-22T13:31:02-05:00] DEBUG [sudph]: Dialing public address: 110.136.89.208:11686
[2026-04-22T13:31:02-05:00] DEBUG [sudph]: Dialing 110.136.89.208:11686
[2026-04-22T13:31:02-05:00] DEBUG [sudph]: Dialed 110.136.89.208:11686
[2026-04-22T13:31:02-05:00] DEBUG [sudph]: Performing handshake with 110.136.89.208:11686
[2026-04-22T13:31:07-05:00] DEBUG [tpd_concurrency]: TPD query returned client error (4xx), not retrying error="404 Not Found: {"error":"transport not found"}"
[2026-04-22T13:31:12-05:00] DEBUG [transport_manager]: Error dialing transport to 02074e8177092a1bbc44b379d59dbf5a936f7144a89a58406d128f8c3d864105db via sudph: mt.client.Dial: handshake failed: timeout

[2026-04-22T13:31:12-05:00] WARN [public_autoconnect]: Failed to add transport error="save transport: mt.client.Dial: handshake failed: timeout
" pk=02074e8177092a1bbc44b379d59dbf5a936f7144a89a58406d128f8c3d864105db type=sudph
[2026-04-22T13:31:13-05:00] DEBUG [public_autoconnect]: Trying to add transport pk=03c758a0daabab4b4bbd524cf46306212818b051b9d92949bd8acdf6226aad32e6 type=sudph
[2026-04-22T13:31:13-05:00] DEBUG [transport_manager]: Initializing TP with ID 2523baa6-2760-0264-8bad-ac4593c4ed34
[2026-04-22T13:31:13-05:00] DEBUG [transport_manager]: Dialing transport to 03c758a0daabab4b4bbd524cf46306212818b051b9d92949bd8acdf6226aad32e6 via sudph
[2026-04-22T13:31:13-05:00] DEBUG [sudph]: Resolved PK 03c758a0daabab4b4bbd524cf46306212818b051b9d92949bd8acdf6226aad32e6 to visor data {70.121.13.123:53622 false {53622 [127.0.0.1 192.168.1.129 ::1]}}
[2026-04-22T13:31:13-05:00] DEBUG [sudph]: Remote visor shares same public IP (70.121.13.123), trying LAN addresses first
[2026-04-22T13:31:13-05:00] DEBUG [sudph]: Trying LAN address: 192.168.1.129:53622
[2026-04-22T13:31:13-05:00] DEBUG [sudph]: Dialing 192.168.1.129:53622
[2026-04-22T13:31:13-05:00] DEBUG [sudph]: Dialed 192.168.1.129:53622
[2026-04-22T13:31:13-05:00] DEBUG [sudph]: Successfully connected via LAN address: 192.168.1.129:53622
[2026-04-22T13:31:13-05:00] DEBUG [sudph]: Performing handshake with 192.168.1.129:53622
[2026-04-22T13:31:15-05:00] DEBUG [cli_rpc]: CLI RPC stats: active=0, total=2, errors=0, peak=1
[2026-04-22T13:31:16-05:00] WARN [router]: closing conn from untrusted setup node: <nil>
[2026-04-22T13:31:16-05:00] WARN [self_probe]: Self-probe FAILED: dmsg listener unreachable (persistent) consecutive_failures=20 cooldown_remaining=4m1s port=80
[2026-04-22T13:31:19-05:00] DEBUG [dmsgC]: Updating entry.
 entry=	version: 0.0.1
	sequence: 21
	registered at: 1776882618787487757
	static public key: 0282213369836321323dfaa492564ceb8a9a5e7e8ff044c46c92949a787ec51fb0
	signature: 17dcfa7f341922affe80cc56cde531d14235cd058c58a37f02d5e57f912250ef75f1da7540c82e76f2ffb24eb7d2addc85be4419de4c984578f7429c3242740000
	entry is registered as client. Related info: 
		delegated servers: 
			0326978f5a53aff537dbb47fed58b1f123af3b00132d365f1309a14db4168dcff7
			0281a102c82820e811368c8d028cf11b1a985043b726b1bcdb8fce89b27384b2cb
			02a49bc0aa1b5b78f638e9189be4ed095bac5d6839c828465a8350f80ac07629c0


[2026-04-22T13:31:19-05:00] DEBUG [dht]: PutValue failed error="dht dmsg dial 0246834b: dmsg error 100 - entry is not found in discovery: entry of public key is not found" peer=0246834b
[2026-04-22T13:31:23-05:00] DEBUG [transport_manager]: Error dialing transport to 03c758a0daabab4b4bbd524cf46306212818b051b9d92949bd8acdf6226aad32e6 via sudph: mt.client.Dial: handshake failed: timeout

[2026-04-22T13:31:23-05:00] WARN [public_autoconnect]: Failed to add transport error="save transport: mt.client.Dial: handshake failed: timeout
" pk=03c758a0daabab4b4bbd524cf46306212818b051b9d92949bd8acdf6226aad32e6 type=sudph
[2026-04-22T13:31:24-05:00] DEBUG [dht]: PutValue failed error="dht dmsg dial 02a2d4c3: dmsg error 102 - entry is not of client in discovery" peer=02a2d4c3
[2026-04-22T13:31:29-05:00] DEBUG ClientSession.DialStream [dmsgC]: Stream closed on failure. close_error=<nil> dst_addr=0340a16be56c7b004eca2fdc8d149d8279b756030ef20ba2ef9ca6b9e07374b949:136 error="i/o deadline reached" ports_reserved=10 session=0326978f5a53aff537dbb47fed58b1f123af3b00132d365f1309a14db4168dcff7
[2026-04-22T13:31:29-05:00] DEBUG [dmsgC]: DialStream failed, trying next session error="i/o deadline reached" server=0326978f5a53aff537dbb47fed58b1f123af3b00132d365f1309a14db4168dcff7
[2026-04-22T13:31:29-05:00] DEBUG ClientSession.DialStream [dmsgC]: Stream closed on failure. close_error=<nil> dst_addr=0340a16be56c7b004eca2fdc8d149d8279b756030ef20ba2ef9ca6b9e07374b949:136 error="context deadline exceeded" ports_reserved=10 session=0281a102c82820e811368c8d028cf11b1a985043b726b1bcdb8fce89b27384b2cb
[2026-04-22T13:31:29-05:00] DEBUG [dmsgC]: DialStream failed via new session, trying next server error="context deadline exceeded" server=0281a102c82820e811368c8d028cf11b1a985043b726b1bcdb8fce89b27384b2cb
[2026-04-22T13:31:29-05:00] DEBUG ClientSession.DialStream [dmsgC]: Stream closed on failure. close_error=<nil> dst_addr=0340a16be56c7b004eca2fdc8d149d8279b756030ef20ba2ef9ca6b9e07374b949:136 error="context deadline exceeded" ports_reserved=10 session=0326978f5a53aff537dbb47fed58b1f123af3b00132d365f1309a14db4168dcff7
[2026-04-22T13:31:29-05:00] DEBUG [dmsgC]: DialStream failed via new session, trying next server error="context deadline exceeded" server=0326978f5a53aff537dbb47fed58b1f123af3b00132d365f1309a14db4168dcff7
[2026-04-22T13:31:29-05:00] DEBUG [public_autoconnect]: Skipping visor: dmsg probe failed (unreachable) pk=0340a16be56c7b004eca2fdc8d149d8279b756030ef20ba2ef9ca6b9e07374b949 type=sudph
[2026-04-22T13:31:29-05:00] DEBUG [public_autoconnect]: Trying to add transport pk=031ee8a48066962eae8b348555e1b29c0c1b9fc811a1142e9f701183b709a39085 type=sudph
[2026-04-22T13:31:29-05:00] DEBUG [transport_manager]: Initializing TP with ID 4c9b723e-59b6-01f5-869e-e3e78fe8a8e5
[2026-04-22T13:31:29-05:00] DEBUG [transport_manager]: Dialing transport to 031ee8a48066962eae8b348555e1b29c0c1b9fc811a1142e9f701183b709a39085 via sudph
[2026-04-22T13:31:30-05:00] DEBUG ClientSession.DialStream [dmsgC]: Stream closed on failure. close_error=<nil> dst_addr=03ce6a7b52b66fdc3c6a32a6bf90277ef1a678281a985babd27021e2d070f5678c:100 error="i/o deadline reached" ports_reserved=10 session=02a49bc0aa1b5b78f638e9189be4ed095bac5d6839c828465a8350f80ac07629c0
[2026-04-22T13:31:30-05:00] DEBUG [dmsgC]: DialStream failed via cached route, evicting error="i/o deadline reached" server=02a49bc0aa1b5b78f638e9189be4ed095bac5d6839c828465a8350f80ac07629c0
[2026-04-22T13:31:30-05:00] DEBUG [sudph]: Resolved PK 031ee8a48066962eae8b348555e1b29c0c1b9fc811a1142e9f701183b709a39085 to visor data {103.3.220.208:14160 false {56187 [192.168.56.1 192.168.1.10 ::1 127.0.0.1 172.28.240.1]}}
[2026-04-22T13:31:30-05:00] DEBUG [sudph]: Dialing public address: 103.3.220.208:14160
[2026-04-22T13:31:30-05:00] DEBUG [sudph]: Dialing 103.3.220.208:14160
[2026-04-22T13:31:30-05:00] DEBUG [sudph]: Dialed 103.3.220.208:14160
[2026-04-22T13:31:30-05:00] DEBUG [sudph]: Performing handshake with 103.3.220.208:14160
[2026-04-22T13:31:35-05:00] DEBUG ClientSession.DialStream [dmsgC]: Stream closed on failure. close_error=<nil> dst_addr=03ce6a7b52b66fdc3c6a32a6bf90277ef1a678281a985babd27021e2d070f5678c:100 error="i/o deadline reached" ports_reserved=10 session=0281a102c82820e811368c8d028cf11b1a985043b726b1bcdb8fce89b27384b2cb
[2026-04-22T13:31:35-05:00] DEBUG [dmsgC]: DialStream failed, trying next session error="i/o deadline reached" server=0281a102c82820e811368c8d028cf11b1a985043b726b1bcdb8fce89b27384b2cb
[2026-04-22T13:31:35-05:00] DEBUG ClientSession.DialStream [dmsgC]: Stream closed on failure. close_error=<nil> dst_addr=03ce6a7b52b66fdc3c6a32a6bf90277ef1a678281a985babd27021e2d070f5678c:100 error="context deadline exceeded" ports_reserved=10 session=02a49bc0aa1b5b78f638e9189be4ed095bac5d6839c828465a8350f80ac07629c0
[2026-04-22T13:31:35-05:00] DEBUG [dmsgC]: DialStream failed via new session, trying next server error="context deadline exceeded" server=02a49bc0aa1b5b78f638e9189be4ed095bac5d6839c828465a8350f80ac07629c0
[2026-04-22T13:31:40-05:00] DEBUG [transport_manager]: Error dialing transport to 031ee8a48066962eae8b348555e1b29c0c1b9fc811a1142e9f701183b709a39085 via sudph: mt.client.Dial: handshake failed: timeout

[2026-04-22T13:31:40-05:00] WARN [public_autoconnect]: Failed to add transport error="save transport: mt.client.Dial: handshake failed: timeout
" pk=031ee8a48066962eae8b348555e1b29c0c1b9fc811a1142e9f701183b709a39085 type=sudph
[2026-04-22T13:31:41-05:00] DEBUG [public_autoconnect]: Skipping visor: dmsg probe failed (unreachable) pk=024b41df84ad5531d1454e2c3b7a8dab0b5619f52c5f1fba2328e6eb656710ff2e type=sudph
[2026-04-22T13:31:41-05:00] DEBUG [public_autoconnect]: Trying to add transport pk=029b5159ea31d1cec3bd3fa1ad9b5e07f83dab0c631624a45fbd6531093c5b02c4 type=sudph
[2026-04-22T13:31:41-05:00] DEBUG [transport_manager]: Initializing TP with ID 40011f75-db21-0714-bbf8-191ab2488210
[2026-04-22T13:31:41-05:00] DEBUG [transport_manager]: Dialing transport to 029b5159ea31d1cec3bd3fa1ad9b5e07f83dab0c631624a45fbd6531093c5b02c4 via sudph
[2026-04-22T13:31:42-05:00] DEBUG [sudph]: Resolved PK 029b5159ea31d1cec3bd3fa1ad9b5e07f83dab0c631624a45fbd6531093c5b02c4 to visor data {39.194.2.105:4399 false {57181 [127.0.0.1 192.168.2.104 172.17.0.1 192.168.60.120 ::1]}}
[2026-04-22T13:31:42-05:00] DEBUG [sudph]: Dialing public address: 39.194.2.105:4399
[2026-04-22T13:31:42-05:00] DEBUG [sudph]: Dialing 39.194.2.105:4399
[2026-04-22T13:31:42-05:00] DEBUG [sudph]: Dialed 39.194.2.105:4399
[2026-04-22T13:31:42-05:00] DEBUG [sudph]: Performing handshake with 39.194.2.105:4399
[2026-04-22T13:31:46-05:00] DEBUG [cli_rpc]: CLI RPC stats: active=0, total=2, errors=0, peak=1
[2026-04-22T13:31:47-05:00] DEBUG ClientSession.DialStream [dmsgC]: Stream closed on failure. close_error=<nil> dst_addr=03ce6a7b52b66fdc3c6a32a6bf90277ef1a678281a985babd27021e2d070f5678c:100 error="i/o deadline reached" ports_reserved=11 session=0281a102c82820e811368c8d028cf11b1a985043b726b1bcdb8fce89b27384b2cb
[2026-04-22T13:31:47-05:00] DEBUG [dmsgC]: DialStream failed, trying next session error="i/o deadline reached" server=0281a102c82820e811368c8d028cf11b1a985043b726b1bcdb8fce89b27384b2cb
[2026-04-22T13:31:52-05:00] DEBUG [dht]: PutValue failed error="dht dmsg dial 02864d02: dmsg error 100 - entry is not found in discovery: entry of public key is not found" peer=02864d02
[2026-04-22T13:31:52-05:00] DEBUG [transport_manager]: Error dialing transport to 029b5159ea31d1cec3bd3fa1ad9b5e07f83dab0c631624a45fbd6531093c5b02c4 via sudph: mt.client.Dial: handshake failed: timeout

[2026-04-22T13:31:52-05:00] WARN [public_autoconnect]: Failed to add transport error="save transport: mt.client.Dial: handshake failed: timeout
" pk=029b5159ea31d1cec3bd3fa1ad9b5e07f83dab0c631624a45fbd6531093c5b02c4 type=sudph
[2026-04-22T13:31:57-05:00] DEBUG ClientSession.DialStream [dmsgC]: Stream closed on failure. close_error=<nil> dst_addr=0364cf243d3397603d11813cc05b080d0df771633a58bfe9c312b7fddcc0ce8f75:136 error="i/o deadline reached" ports_reserved=12 session=0326978f5a53aff537dbb47fed58b1f123af3b00132d365f1309a14db4168dcff7
[2026-04-22T13:31:57-05:00] DEBUG [dmsgC]: DialStream failed, trying next session error="i/o deadline reached" server=0326978f5a53aff537dbb47fed58b1f123af3b00132d365f1309a14db4168dcff7
[2026-04-22T13:31:57-05:00] DEBUG [public_autoconnect]: Skipping visor: dmsg probe failed (unreachable) pk=0364cf243d3397603d11813cc05b080d0df771633a58bfe9c312b7fddcc0ce8f75 type=sudph
[2026-04-22T13:31:58-05:00] DEBUG [public_autoconnect]: Trying to add transport pk=02dc1678999a287fa76782b88e06bd71e6f5422e79522fa847a441c3a5a3055f65 type=sudph
[2026-04-22T13:31:58-05:00] DEBUG [transport_manager]: Initializing TP with ID 80116b46-7d7e-00d5-aaea-7a0dd3f86e75
[2026-04-22T13:31:58-05:00] DEBUG [transport_manager]: Dialing transport to 02dc1678999a287fa76782b88e06bd71e6f5422e79522fa847a441c3a5a3055f65 via sudph
[2026-04-22T13:31:59-05:00] DEBUG [sudph]: Resolved PK 02dc1678999a287fa76782b88e06bd71e6f5422e79522fa847a441c3a5a3055f65 to visor data {104.136.22.124:37015 false {37015 [127.0.0.1 192.168.0.2 ::1]}}
[2026-04-22T13:31:59-05:00] DEBUG [sudph]: Dialing public address: 104.136.22.124:37015
[2026-04-22T13:31:59-05:00] DEBUG [sudph]: Dialing 104.136.22.124:37015
[2026-04-22T13:31:59-05:00] DEBUG [sudph]: Dialed 104.136.22.124:37015
[2026-04-22T13:31:59-05:00] DEBUG [sudph]: Performing handshake with 104.136.22.124:37015
[2026-04-22T13:32:06-05:00] DEBUG [stcpr]: Re-registering STCPR with address resolver
[2026-04-22T13:32:06-05:00] DEBUG httpClient.BindSTCPR [address_resolver]: Address resolver binding with: [192.168.1.118 70.121.13.123]
[2026-04-22T13:32:07-05:00] DEBUG [stcpr]: Successfully re-registered STCPR
[2026-04-22T13:32:08-05:00] DEBUG [visor]: Saving transport to 0282213369836321323dfaa492564ceb8a9a5e7e8ff044c46c92949a787ec51fb0 via dmsg with label skycoin
[2026-04-22T13:32:08-05:00] DEBUG [transport_manager]: Initializing TP with ID 0c9ecea4-f8f8-0af5-8d92-8e0dca975f9f
[2026-04-22T13:32:08-05:00] DEBUG [transport_manager]: Using no-op discovery client for self-transport
[2026-04-22T13:32:08-05:00] DEBUG [transport_manager]: Dialing transport to 0282213369836321323dfaa492564ceb8a9a5e7e8ff044c46c92949a787ec51fb0 via dmsg
[2026-04-22T13:32:08-05:00] DEBUG [transport_manager]: recv transport request: type(dmsg) remote(0282213369836321323dfaa492564ceb8a9a5e7e8ff044c46c92949a787ec51fb0)
[2026-04-22T13:32:08-05:00] DEBUG [transport_manager]: No TP found, creating new one
[2026-04-22T13:32:08-05:00] DEBUG [transport_manager]: Using no-op discovery client for self-transport (accept)
[2026-04-22T13:32:08-05:00] DEBUG [tp:028221]: Skipping settlement handshake for self-connection (noop discovery client)
[2026-04-22T13:32:08-05:00] DEBUG [tp:028221]: Setting underlying transport...
[2026-04-22T13:32:08-05:00] DEBUG [tp:028221]: Serving. remote_pk=0282213369836321323dfaa492564ceb8a9a5e7e8ff044c46c92949a787ec51fb0 tp_id=0c9ecea4-f8f8-0af5-8d92-8e0dca975f9f tp_index=4
[2026-04-22T13:32:08-05:00] DEBUG [tp:028221]: Sent signal to 'mt.transportCh'.
[2026-04-22T13:32:08-05:00] DEBUG [transport_manager]: accepted tp: type(dmsg) remote(0282213369836321323dfaa492564ceb8a9a5e7e8ff044c46c92949a787ec51fb0) tpID(0c9ecea4-f8f8-0af5-8d92-8e0dca975f9f) new(true)
[2026-04-22T13:32:08-05:00] DEBUG [transport_manager]: Registration nudge received, debouncing...
[2026-04-22T13:32:08-05:00] DEBUG [tp:028221]: Skipping settlement handshake for self-connection (noop discovery client)
[2026-04-22T13:32:08-05:00] DEBUG [tp:028221]: Sent signal to 'mt.transportCh'.
[2026-04-22T13:32:08-05:00] DEBUG [transport_manager]: saved transport: remote(0282213369836321323dfaa492564ceb8a9a5e7e8ff044c46c92949a787ec51fb0) type(dmsg) tpID(0c9ecea4-f8f8-0af5-8d92-8e0dca975f9f)
[2026-04-22T13:32:08-05:00] DEBUG [visor]: Saved transport to 0282213369836321323dfaa492564ceb8a9a5e7e8ff044c46c92949a787ec51fb0 via dmsg, label skycoin
[2026-04-22T13:32:08-05:00] DEBUG [tp:028221]: Serving. remote_pk=0282213369836321323dfaa492564ceb8a9a5e7e8ff044c46c92949a787ec51fb0 tp_id=0c9ecea4-f8f8-0af5-8d92-8e0dca975f9f tp_index=5
[2026-04-22T13:32:08-05:00] DEBUG [transport_manager]: Deletion nudge received, debouncing...
[2026-04-22T13:32:08-05:00] DEBUG [transportable]: Visor transportability check passed
[2026-04-22T13:32:08-05:00] DEBUG [tp:028221]: Stopped log loop
[2026-04-22T13:32:08-05:00] DEBUG [tp:028221]: Stopped serving. remaining_tps=4 remote_pk=0282213369836321323dfaa492564ceb8a9a5e7e8ff044c46c92949a787ec51fb0 tp_id=0c9ecea4-f8f8-0af5-8d92-8e0dca975f9f tp_index=5
[2026-04-22T13:32:08-05:00] WARN [tp:028221]: Failed to read packet, closing transport error="transport is no longer being served" src="read_loop"
[2026-04-22T13:32:08-05:00] DEBUG readPacket [tp:028221]: Failed to read packet header. error=EOF
[2026-04-22T13:32:08-05:00] DEBUG [tp:028221]: Transport closed, stopping read loop error=EOF src="read_loop"
[2026-04-22T13:32:08-05:00] DEBUG [tp:028221]: Stopped log loop
[2026-04-22T13:32:08-05:00] DEBUG [tp:028221]: Stopped serving. remaining_tps=3 remote_pk=0282213369836321323dfaa492564ceb8a9a5e7e8ff044c46c92949a787ec51fb0 tp_id=0c9ecea4-f8f8-0af5-8d92-8e0dca975f9f tp_index=4
[2026-04-22T13:32:09-05:00] DEBUG [transport_manager]: Error dialing transport to 02dc1678999a287fa76782b88e06bd71e6f5422e79522fa847a441c3a5a3055f65 via sudph: mt.client.Dial: handshake failed: timeout

[2026-04-22T13:32:09-05:00] WARN [public_autoconnect]: Failed to add transport error="save transport: mt.client.Dial: handshake failed: timeout
" pk=02dc1678999a287fa76782b88e06bd71e6f5422e79522fa847a441c3a5a3055f65 type=sudph
[2026-04-22T13:32:09-05:00] DEBUG [public_autoconnect]: Trying to add transport pk=02354c9fb93bce030d5463f44ddd474549c9d8202ac7c4348520e89821aaa04e58 type=sudph
[2026-04-22T13:32:09-05:00] DEBUG [transport_manager]: Initializing TP with ID 5d9b3e95-6e0c-0667-869a-1b052cb90169
[2026-04-22T13:32:09-05:00] DEBUG [transport_manager]: Dialing transport to 02354c9fb93bce030d5463f44ddd474549c9d8202ac7c4348520e89821aaa04e58 via sudph
[2026-04-22T13:32:10-05:00] DEBUG [sudph]: Resolved PK 02354c9fb93bce030d5463f44ddd474549c9d8202ac7c4348520e89821aaa04e58 to visor data {157.85.198.5:1873 false {55882 [127.0.0.1 192.168.1.204 172.17.0.1 192.168.60.8 ::1]}}
[2026-04-22T13:32:10-05:00] DEBUG [sudph]: Dialing public address: 157.85.198.5:1873
[2026-04-22T13:32:10-05:00] DEBUG [sudph]: Dialing 157.85.198.5:1873
[2026-04-22T13:32:10-05:00] DEBUG [sudph]: Dialed 157.85.198.5:1873
[2026-04-22T13:32:10-05:00] DEBUG [sudph]: Performing handshake with 157.85.198.5:1873
[2026-04-22T13:32:12-05:00] DEBUG [dht]: PutValue failed error="dht dmsg dial 0246834b: dmsg error 100 - entry is not found in discovery: entry of public key is not found" peer=0246834b
[2026-04-22T13:32:13-05:00] DEBUG [transport_manager]: Batch deleting 2 transports from TPD
[2026-04-22T13:32:13-05:00] DEBUG [transport_manager]: Batch deleted 0/2 transports from TPD
[2026-04-22T13:32:16-05:00] DEBUG [cli_rpc]: CLI RPC stats: active=0, total=2, errors=0, peak=1
[2026-04-22T13:32:16-05:00] WARN [router]: closing conn from untrusted setup node: <nil>
[2026-04-22T13:32:16-05:00] WARN [self_probe]: Self-probe FAILED: dmsg listener unreachable (persistent) consecutive_failures=21 cooldown_remaining=3m1s port=80
[2026-04-22T13:32:16-05:00] DEBUG [dht]: PutValue failed error="dht dmsg dial 02a2d4c3: dmsg error 102 - entry is not of client in discovery" peer=02a2d4c3
[2026-04-22T13:32:19-05:00] DEBUG [dmsgC]: Updating entry.
 entry=	version: 0.0.1
	sequence: 22
	registered at: 1776882679354479666
	static public key: 0282213369836321323dfaa492564ceb8a9a5e7e8ff044c46c92949a787ec51fb0
	signature: b386217d11e9db3eca57890ae27cc6e76bcec6a082b2f5c89a9bd66c71c243456ff7d2944cb79cd2388b1f4196de78b04a26ecfa35f152bf4e1a0af0d2b4719d00
	entry is registered as client. Related info: 
		delegated servers: 
			0281a102c82820e811368c8d028cf11b1a985043b726b1bcdb8fce89b27384b2cb
			02a49bc0aa1b5b78f638e9189be4ed095bac5d6839c828465a8350f80ac07629c0
			0326978f5a53aff537dbb47fed58b1f123af3b00132d365f1309a14db4168dcff7


[2026-04-22T13:32:20-05:00] DEBUG [transport_manager]: Error dialing transport to 02354c9fb93bce030d5463f44ddd474549c9d8202ac7c4348520e89821aaa04e58 via sudph: mt.client.Dial: handshake failed: timeout

[2026-04-22T13:32:20-05:00] WARN [public_autoconnect]: Failed to add transport error="save transport: mt.client.Dial: handshake failed: timeout
" pk=02354c9fb93bce030d5463f44ddd474549c9d8202ac7c4348520e89821aaa04e58 type=sudph
[2026-04-22T13:32:20-05:00] DEBUG [public_autoconnect]: Trying to add transport pk=035fa49ac24c696a982a186d5a7b24d494e87360537ebe76dd1ca50f1880c4cc98 type=sudph
[2026-04-22T13:32:20-05:00] DEBUG [transport_manager]: Initializing TP with ID cc098929-7657-0efd-8d11-e34a6cceb7b0
[2026-04-22T13:32:20-05:00] DEBUG [transport_manager]: Dialing transport to 035fa49ac24c696a982a186d5a7b24d494e87360537ebe76dd1ca50f1880c4cc98 via sudph
[2026-04-22T13:32:21-05:00] DEBUG [sudph]: Resolved PK 035fa49ac24c696a982a186d5a7b24d494e87360537ebe76dd1ca50f1880c4cc98 to visor data {153.124.161.206:59505 false {59505 [127.0.0.1 192.168.1.101 ::1]}}
[2026-04-22T13:32:21-05:00] DEBUG [sudph]: Dialing public address: 153.124.161.206:59505
[2026-04-22T13:32:21-05:00] DEBUG [sudph]: Dialing 153.124.161.206:59505
[2026-04-22T13:32:21-05:00] DEBUG [sudph]: Dialed 153.124.161.206:59505
[2026-04-22T13:32:21-05:00] DEBUG [sudph]: Performing handshake with 153.124.161.206:59505
[2026-04-22T13:32:31-05:00] DEBUG [transport_manager]: Error dialing transport to 035fa49ac24c696a982a186d5a7b24d494e87360537ebe76dd1ca50f1880c4cc98 via sudph: mt.client.Dial: handshake failed: timeout

[2026-04-22T13:32:31-05:00] WARN [public_autoconnect]: Failed to add transport error="save transport: mt.client.Dial: handshake failed: timeout
" pk=035fa49ac24c696a982a186d5a7b24d494e87360537ebe76dd1ca50f1880c4cc98 type=sudph
[2026-04-22T13:32:31-05:00] DEBUG [public_autoconnect]: Trying to add transport pk=03e8ba9b72b48bb91f89939da523e61c8ec97a68258f7fdde48a374b9ee5b709e5 type=sudph
[2026-04-22T13:32:31-05:00] DEBUG [transport_manager]: Initializing TP with ID 230872d4-2248-08da-b2b8-154ec6cc37e3
[2026-04-22T13:32:31-05:00] DEBUG [transport_manager]: Dialing transport to 03e8ba9b72b48bb91f89939da523e61c8ec97a68258f7fdde48a374b9ee5b709e5 via sudph
[2026-04-22T13:32:32-05:00] DEBUG [sudph]: Resolved PK 03e8ba9b72b48bb91f89939da523e61c8ec97a68258f7fdde48a374b9ee5b709e5 to visor data {104.136.22.124:46009 false {46009 [127.0.0.1 192.168.0.8 ::1]}}
[2026-04-22T13:32:32-05:00] DEBUG [sudph]: Dialing public address: 104.136.22.124:46009
[2026-04-22T13:32:32-05:00] DEBUG [sudph]: Dialing 104.136.22.124:46009
[2026-04-22T13:32:32-05:00] DEBUG [sudph]: Dialed 104.136.22.124:46009
[2026-04-22T13:32:32-05:00] DEBUG [sudph]: Performing handshake with 104.136.22.124:46009
[2026-04-22T13:32:32-05:00] DEBUG ClientSession.DialStream [dmsgC]: Stream closed on failure. close_error=<nil> dst_addr=02df744c491f4a0ec5a26b4817f47763145fb02bcf71ac547415babefef2dbaa65:100 error="i/o deadline reached" ports_reserved=12 session=0326978f5a53aff537dbb47fed58b1f123af3b00132d365f1309a14db4168dcff7
[2026-04-22T13:32:32-05:00] DEBUG [dmsgC]: DialStream failed via cached route, evicting error="i/o deadline reached" server=0326978f5a53aff537dbb47fed58b1f123af3b00132d365f1309a14db4168dcff7
[2026-04-22T13:32:40-05:00] DEBUG [dht]: PutValue failed error="dht dmsg dial 02864d02: dmsg error 100 - entry is not found in discovery: entry of public key is not found" peer=02864d02
[2026-04-22T13:32:42-05:00] DEBUG [transport_manager]: Error dialing transport to 03e8ba9b72b48bb91f89939da523e61c8ec97a68258f7fdde48a374b9ee5b709e5 via sudph: mt.client.Dial: handshake failed: timeout

[2026-04-22T13:32:42-05:00] WARN [public_autoconnect]: Failed to add transport error="save transport: mt.client.Dial: handshake failed: timeout
" pk=03e8ba9b72b48bb91f89939da523e61c8ec97a68258f7fdde48a374b9ee5b709e5 type=sudph
[2026-04-22T13:32:43-05:00] DEBUG [public_autoconnect]: Trying to add transport pk=0300e958d92eb33410ea4604ff42b657d4162b4fa8ed4dcfb70931c852e7779bee type=sudph
[2026-04-22T13:32:43-05:00] DEBUG [transport_manager]: Initializing TP with ID a78c493c-6c65-0aa4-836d-2bf7d426ebe6
[2026-04-22T13:32:43-05:00] DEBUG [transport_manager]: Dialing transport to 0300e958d92eb33410ea4604ff42b657d4162b4fa8ed4dcfb70931c852e7779bee via sudph
[2026-04-22T13:32:44-05:00] DEBUG [sudph]: Resolved PK 0300e958d92eb33410ea4604ff42b657d4162b4fa8ed4dcfb70931c852e7779bee to visor data {110.136.89.15:15814 false {42565 [127.0.0.1 10.208.109.178 10.10.11.1 ::1]}}
[2026-04-22T13:32:44-05:00] DEBUG [sudph]: Dialing public address: 110.136.89.15:15814
[2026-04-22T13:32:44-05:00] DEBUG [sudph]: Dialing 110.136.89.15:15814
[2026-04-22T13:32:44-05:00] DEBUG [sudph]: Dialed 110.136.89.15:15814
[2026-04-22T13:32:44-05:00] DEBUG [sudph]: Performing handshake with 110.136.89.15:15814
[2026-04-22T13:32:45-05:00] DEBUG ClientSession.DialStream [dmsgC]: Stream closed on failure. close_error=<nil> dst_addr=03b9ca7bef87eec4d5943de54f261ed03c69b5441f8c24967d8196756912952a6d:100 error="i/o deadline reached" ports_reserved=13 session=0281a102c82820e811368c8d028cf11b1a985043b726b1bcdb8fce89b27384b2cb
[2026-04-22T13:32:45-05:00] DEBUG [dmsgC]: DialStream failed via cached route, evicting error="i/o deadline reached" server=0281a102c82820e811368c8d028cf11b1a985043b726b1bcdb8fce89b27384b2cb
[2026-04-22T13:32:46-05:00] DEBUG [cli_rpc]: CLI RPC stats: active=0, total=2, errors=0, peak=1
[2026-04-22T13:32:53-05:00] DEBUG ClientSession.DialStream [dmsgC]: Stream closed on failure. close_error=<nil> dst_addr=03b5a2848c732aa6cccd2eae61f9d3991be050389433beddcef05a8cb85d70a3e0:100 error="i/o deadline reached" ports_reserved=14 session=02a49bc0aa1b5b78f638e9189be4ed095bac5d6839c828465a8350f80ac07629c0
[2026-04-22T13:32:53-05:00] DEBUG [dmsgC]: DialStream failed via cached route, evicting error="i/o deadline reached" server=02a49bc0aa1b5b78f638e9189be4ed095bac5d6839c828465a8350f80ac07629c0
[2026-04-22T13:32:54-05:00] DEBUG [transport_manager]: Error dialing transport to 0300e958d92eb33410ea4604ff42b657d4162b4fa8ed4dcfb70931c852e7779bee via sudph: mt.client.Dial: handshake failed: timeout

[2026-04-22T13:32:54-05:00] WARN [public_autoconnect]: Failed to add transport error="save transport: mt.client.Dial: handshake failed: timeout
" pk=0300e958d92eb33410ea4604ff42b657d4162b4fa8ed4dcfb70931c852e7779bee type=sudph
[2026-04-22T13:32:55-05:00] DEBUG [public_autoconnect]: Trying to add transport pk=03fd63577169eb155ccdab0e17fff066e3107158f279c234d2a996e368ee4899d1 type=sudph
[2026-04-22T13:32:55-05:00] DEBUG [transport_manager]: Initializing TP with ID b22f4dfa-8a26-0a38-8b6f-6c689355fecd
[2026-04-22T13:32:55-05:00] DEBUG [transport_manager]: Dialing transport to 03fd63577169eb155ccdab0e17fff066e3107158f279c234d2a996e368ee4899d1 via sudph
[2026-04-22T13:32:56-05:00] DEBUG [sudph]: Resolved PK 03fd63577169eb155ccdab0e17fff066e3107158f279c234d2a996e368ee4899d1 to visor data {110.136.89.249:38628 false {35525 [127.0.0.1 192.168.150.1 10.210.73.21 10.10.10.1 10.182.0.1 10.182.2.1 ::1]}}
[2026-04-22T13:32:56-05:00] DEBUG [sudph]: Dialing public address: 110.136.89.249:38628
[2026-04-22T13:32:56-05:00] DEBUG [sudph]: Dialing 110.136.89.249:38628
[2026-04-22T13:32:56-05:00] DEBUG [sudph]: Dialed 110.136.89.249:38628
[2026-04-22T13:32:56-05:00] DEBUG [sudph]: Performing handshake with 110.136.89.249:38628
[2026-04-22T13:33:06-05:00] DEBUG [transport_manager]: Error dialing transport to 03fd63577169eb155ccdab0e17fff066e3107158f279c234d2a996e368ee4899d1 via sudph: mt.client.Dial: handshake failed: timeout

[2026-04-22T13:33:06-05:00] WARN [public_autoconnect]: Failed to add transport error="save transport: mt.client.Dial: handshake failed: timeout
" pk=03fd63577169eb155ccdab0e17fff066e3107158f279c234d2a996e368ee4899d1 type=sudph
[2026-04-22T13:33:09-05:00] DEBUG [dht]: PutValue failed error="dht dmsg dial 0246834b: dmsg error 100 - entry is not found in discovery: entry of public key is not found" peer=0246834b
[2026-04-22T13:33:11-05:00] DEBUG ClientSession.DialStream [dmsgC]: Stream closed on failure. close_error=<nil> dst_addr=025d921df3312d999784294b9d29afe090b41d7e35002cfe2d8bc85f5dc9e67379:136 error="i/o deadline reached" ports_reserved=15 session=0281a102c82820e811368c8d028cf11b1a985043b726b1bcdb8fce89b27384b2cb
[2026-04-22T13:33:11-05:00] DEBUG [dmsgC]: DialStream failed, trying next session error="i/o deadline reached" server=0281a102c82820e811368c8d028cf11b1a985043b726b1bcdb8fce89b27384b2cb
[2026-04-22T13:33:11-05:00] DEBUG ClientSession.DialStream [dmsgC]: Stream closed on failure. close_error=<nil> dst_addr=025d921df3312d999784294b9d29afe090b41d7e35002cfe2d8bc85f5dc9e67379:136 error="context deadline exceeded" ports_reserved=15 session=0281a102c82820e811368c8d028cf11b1a985043b726b1bcdb8fce89b27384b2cb
[2026-04-22T13:33:11-05:00] DEBUG [dmsgC]: DialStream failed via new session, trying next server error="context deadline exceeded" server=0281a102c82820e811368c8d028cf11b1a985043b726b1bcdb8fce89b27384b2cb
[2026-04-22T13:33:11-05:00] DEBUG [public_autoconnect]: Skipping visor: dmsg probe failed (unreachable) pk=025d921df3312d999784294b9d29afe090b41d7e35002cfe2d8bc85f5dc9e67379 type=sudph
[2026-04-22T13:33:16-05:00] DEBUG [cli_rpc]: CLI RPC stats: active=0, total=2, errors=0, peak=1
[2026-04-22T13:33:16-05:00] DEBUG [dht]: PutValue failed error="dht dmsg dial 02a2d4c3: dmsg error 102 - entry is not of client in discovery" peer=02a2d4c3
[2026-04-22T13:33:16-05:00] DEBUG ClientSession.DialStream [dmsgC]: Stream closed on failure. close_error=<nil> dst_addr=02866ae2f0217b8f6ed415c68b7f6110f5e31bbe1735ae6288b7c4eea90632fe86:136 error="i/o deadline reached" ports_reserved=15 session=0326978f5a53aff537dbb47fed58b1f123af3b00132d365f1309a14db4168dcff7
[2026-04-22T13:33:16-05:00] DEBUG [dmsgC]: DialStream failed, trying next session error="i/o deadline reached" server=0326978f5a53aff537dbb47fed58b1f123af3b00132d365f1309a14db4168dcff7
[2026-04-22T13:33:16-05:00] DEBUG [public_autoconnect]: Skipping visor: dmsg probe failed (unreachable) pk=02866ae2f0217b8f6ed415c68b7f6110f5e31bbe1735ae6288b7c4eea90632fe86 type=sudph
[2026-04-22T13:33:16-05:00] WARN [router]: closing conn from untrusted setup node: <nil>
[2026-04-22T13:33:16-05:00] WARN [self_probe]: Self-probe FAILED: dmsg listener unreachable (persistent) consecutive_failures=22 cooldown_remaining=2m1s port=80
[2026-04-22T13:33:17-05:00] DEBUG [public_autoconnect]: Trying to add transport pk=03a88bacbd48af68523c1c65ad7a9f2212a978df851f916ff1b666d5436bcc14b1 type=sudph
[2026-04-22T13:33:17-05:00] DEBUG [transport_manager]: Initializing TP with ID 49495e86-1643-0f91-94d9-d94ded0df64c
[2026-04-22T13:33:17-05:00] DEBUG [transport_manager]: Dialing transport to 03a88bacbd48af68523c1c65ad7a9f2212a978df851f916ff1b666d5436bcc14b1 via sudph
[2026-04-22T13:33:18-05:00] DEBUG [sudph]: Resolved PK 03a88bacbd48af68523c1c65ad7a9f2212a978df851f916ff1b666d5436bcc14b1 to visor data {180.247.86.88:52020 false {52020 [127.0.0.1 192.168.1.9 ::1 2001:448a:c0f0:2c59:c82b:f603:1761:47b9]}}
[2026-04-22T13:33:18-05:00] DEBUG [sudph]: Dialing public address: 180.247.86.88:52020
[2026-04-22T13:33:18-05:00] DEBUG [sudph]: Dialing 180.247.86.88:52020
[2026-04-22T13:33:18-05:00] DEBUG [sudph]: Dialed 180.247.86.88:52020
[2026-04-22T13:33:18-05:00] DEBUG [sudph]: Performing handshake with 180.247.86.88:52020
[2026-04-22T13:33:20-05:00] DEBUG [dmsgC]: Updating entry.
 entry=	version: 0.0.1
	sequence: 23
	registered at: 1776882739959573135
	static public key: 0282213369836321323dfaa492564ceb8a9a5e7e8ff044c46c92949a787ec51fb0
	signature: f24b3d9a6ea5fbaa5d25751cbfb42a21ffcac6462ec7e6d41b4d80787288aff50de3c459dc2292bd404457d27f4adc37042c693f53c91125e66ab784f342eafc00
	entry is registered as client. Related info: 
		delegated servers: 
			0326978f5a53aff537dbb47fed58b1f123af3b00132d365f1309a14db4168dcff7
			0281a102c82820e811368c8d028cf11b1a985043b726b1bcdb8fce89b27384b2cb
			02a49bc0aa1b5b78f638e9189be4ed095bac5d6839c828465a8350f80ac07629c0


[2026-04-22T13:33:20-05:00] DEBUG [dht]: Bootstrap ping failed error="dht dmsg dial 0371ab4b: dmsg error 102 - entry is not of client in discovery" pk=0371ab4b
[2026-04-22T13:33:26-05:00] DEBUG ClientSession.DialStream [dmsgC]: Stream closed on failure. close_error=<nil> dst_addr=0326978f5a53aff537dbb47fed58b1f123af3b00132d365f1309a14db4168dcff7:100 error="i/o deadline reached" ports_reserved=16 session=0326978f5a53aff537dbb47fed58b1f123af3b00132d365f1309a14db4168dcff7
[2026-04-22T13:33:26-05:00] DEBUG [dht]: Bootstrap ping failed error="dht dmsg dial 0326978f: dmsg error 102 - entry is not of client in discovery" pk=0326978f
[2026-04-22T13:33:26-05:00] DEBUG [dht]: Bootstrap ping failed error="dht dmsg dial 02a2d4c3: dmsg error 102 - entry is not of client in discovery" pk=02a2d4c3
[2026-04-22T13:33:27-05:00] DEBUG [dht]: Bootstrap ping failed error="dht dmsg dial 03717576: dmsg error 102 - entry is not of client in discovery" pk=03717576
[2026-04-22T13:33:27-05:00] INFO [dht]: DHT bootstrap succeeded peers=2
[2026-04-22T13:33:28-05:00] DEBUG [transport_manager]: Error dialing transport to 03a88bacbd48af68523c1c65ad7a9f2212a978df851f916ff1b666d5436bcc14b1 via sudph: mt.client.Dial: handshake failed: timeout

[2026-04-22T13:33:28-05:00] WARN [public_autoconnect]: Failed to add transport error="save transport: mt.client.Dial: handshake failed: timeout
" pk=03a88bacbd48af68523c1c65ad7a9f2212a978df851f916ff1b666d5436bcc14b1 type=sudph
[2026-04-22T13:33:28-05:00] DEBUG ClientSession.DialStream [dmsgC]: Stream closed on failure. close_error=<nil> dst_addr=0371f571cc72cb4200cc370e548eee902af9a3d97aefd37e1628abdd99f34767de:100 error="i/o deadline reached" ports_reserved=19 session=0326978f5a53aff537dbb47fed58b1f123af3b00132d365f1309a14db4168dcff7
[2026-04-22T13:33:28-05:00] DEBUG [dmsgC]: DialStream failed via cached route, evicting error="i/o deadline reached" server=0326978f5a53aff537dbb47fed58b1f123af3b00132d365f1309a14db4168dcff7
[2026-04-22T13:33:33-05:00] DEBUG ClientSession.DialStream [dmsgC]: Stream closed on failure. close_error=<nil> dst_addr=0371f571cc72cb4200cc370e548eee902af9a3d97aefd37e1628abdd99f34767de:100 error="i/o deadline reached" ports_reserved=17 session=0281a102c82820e811368c8d028cf11b1a985043b726b1bcdb8fce89b27384b2cb
[2026-04-22T13:33:33-05:00] DEBUG [dmsgC]: DialStream failed, trying next session error="i/o deadline reached" server=0281a102c82820e811368c8d028cf11b1a985043b726b1bcdb8fce89b27384b2cb
[2026-04-22T13:33:33-05:00] DEBUG ClientSession.DialStream [dmsgC]: Stream closed on failure. close_error=<nil> dst_addr=0371f571cc72cb4200cc370e548eee902af9a3d97aefd37e1628abdd99f34767de:100 error="context deadline exceeded" ports_reserved=17 session=02a49bc0aa1b5b78f638e9189be4ed095bac5d6839c828465a8350f80ac07629c0
[2026-04-22T13:33:33-05:00] DEBUG [dmsgC]: DialStream failed via new session, trying next server error="context deadline exceeded" server=02a49bc0aa1b5b78f638e9189be4ed095bac5d6839c828465a8350f80ac07629c0
[2026-04-22T13:33:33-05:00] DEBUG ClientSession.DialStream [dmsgC]: Stream closed on failure. close_error=<nil> dst_addr=0371f571cc72cb4200cc370e548eee902af9a3d97aefd37e1628abdd99f34767de:100 error="context deadline exceeded" ports_reserved=17 session=0281a102c82820e811368c8d028cf11b1a985043b726b1bcdb8fce89b27384b2cb
[2026-04-22T13:33:33-05:00] DEBUG [dmsgC]: DialStream failed via new session, trying next server error="context deadline exceeded" server=0281a102c82820e811368c8d028cf11b1a985043b726b1bcdb8fce89b27384b2cb
[2026-04-22T13:33:33-05:00] DEBUG ClientSession.DialStream [dmsgC]: Stream closed on failure. close_error=<nil> dst_addr=03e124f95191c026169e59f8d86e29714006fcc482afcd17193461bda3f92ca6c5:136 error="i/o deadline reached" ports_reserved=17 session=0326978f5a53aff537dbb47fed58b1f123af3b00132d365f1309a14db4168dcff7
[2026-04-22T13:33:33-05:00] DEBUG [dmsgC]: DialStream failed, trying next session error="i/o deadline reached" server=0326978f5a53aff537dbb47fed58b1f123af3b00132d365f1309a14db4168dcff7
[2026-04-22T13:33:33-05:00] DEBUG ClientSession.DialStream [dmsgC]: Stream closed on failure. close_error=<nil> dst_addr=03e124f95191c026169e59f8d86e29714006fcc482afcd17193461bda3f92ca6c5:136 error="context deadline exceeded" ports_reserved=17 session=0281a102c82820e811368c8d028cf11b1a985043b726b1bcdb8fce89b27384b2cb
[2026-04-22T13:33:33-05:00] DEBUG [dmsgC]: DialStream failed via new session, trying next server error="context deadline exceeded" server=0281a102c82820e811368c8d028cf11b1a985043b726b1bcdb8fce89b27384b2cb
[2026-04-22T13:33:33-05:00] DEBUG ClientSession.DialStream [dmsgC]: Stream closed on failure. close_error=<nil> dst_addr=03e124f95191c026169e59f8d86e29714006fcc482afcd17193461bda3f92ca6c5:136 error="context deadline exceeded" ports_reserved=17 session=0326978f5a53aff537dbb47fed58b1f123af3b00132d365f1309a14db4168dcff7
[2026-04-22T13:33:33-05:00] DEBUG [dmsgC]: DialStream failed via new session, trying next server error="context deadline exceeded" server=0326978f5a53aff537dbb47fed58b1f123af3b00132d365f1309a14db4168dcff7
[2026-04-22T13:33:33-05:00] DEBUG [public_autoconnect]: Skipping visor: dmsg probe failed (unreachable) pk=03e124f95191c026169e59f8d86e29714006fcc482afcd17193461bda3f92ca6c5 type=sudph
[2026-04-22T13:33:34-05:00] DEBUG [public_autoconnect]: Trying to add transport pk=039ba8b45699bdfb67f3ec83bdddaccefc5d30853d4d133cca6957079e2d82fc5a type=sudph
[2026-04-22T13:33:34-05:00] DEBUG [transport_manager]: Initializing TP with ID 55cfd464-1747-0d38-88b8-84f07c22932f
[2026-04-22T13:33:34-05:00] DEBUG [transport_manager]: Dialing transport to 039ba8b45699bdfb67f3ec83bdddaccefc5d30853d4d133cca6957079e2d82fc5a via sudph
[2026-04-22T13:33:34-05:00] DEBUG ClientSession.DialStream [dmsgC]: Stream closed on failure. close_error=<nil> dst_addr=0222283364bed08a4798f12c48c4778f18247ba8be4db9f6c19d66ee88da4b9503:100 error="i/o deadline reached" ports_reserved=17 session=02a49bc0aa1b5b78f638e9189be4ed095bac5d6839c828465a8350f80ac07629c0
[2026-04-22T13:33:34-05:00] DEBUG [dmsgC]: DialStream failed via cached route, evicting error="i/o deadline reached" server=02a49bc0aa1b5b78f638e9189be4ed095bac5d6839c828465a8350f80ac07629c0
[2026-04-22T13:33:35-05:00] DEBUG [sudph]: Resolved PK 039ba8b45699bdfb67f3ec83bdddaccefc5d30853d4d133cca6957079e2d82fc5a to visor data {103.167.4.141:37929 false {37929 [127.0.0.1 192.168.7.221 ::1]}}
[2026-04-22T13:33:35-05:00] DEBUG [sudph]: Dialing public address: 103.167.4.141:37929
[2026-04-22T13:33:35-05:00] DEBUG [sudph]: Dialing 103.167.4.141:37929
[2026-04-22T13:33:35-05:00] DEBUG [sudph]: Dialed 103.167.4.141:37929
[2026-04-22T13:33:35-05:00] DEBUG [sudph]: Performing handshake with 103.167.4.141:37929
[2026-04-22T13:33:36-05:00] DEBUG [stcpr]: Re-registering STCPR with address resolver
[2026-04-22T13:33:36-05:00] DEBUG httpClient.BindSTCPR [address_resolver]: Address resolver binding with: [192.168.1.118 70.121.13.123]
[2026-04-22T13:33:37-05:00] DEBUG [stcpr]: Successfully re-registered STCPR
[2026-04-22T13:33:42-05:00] DEBUG ClientSession.DialStream [dmsgC]: Stream closed on failure. close_error=<nil> dst_addr=024635f39c281e7b8a92d732064d93a7877dd68653263c3c955ed733078c73c181:100 error="i/o deadline reached" ports_reserved=19 session=0281a102c82820e811368c8d028cf11b1a985043b726b1bcdb8fce89b27384b2cb
[2026-04-22T13:33:42-05:00] DEBUG [dmsgC]: DialStream failed, trying next session error="i/o deadline reached" server=0281a102c82820e811368c8d028cf11b1a985043b726b1bcdb8fce89b27384b2cb
[2026-04-22T13:33:45-05:00] DEBUG [transport_manager]: Error dialing transport to 039ba8b45699bdfb67f3ec83bdddaccefc5d30853d4d133cca6957079e2d82fc5a via sudph: mt.client.Dial: handshake failed: timeout

[2026-04-22T13:33:45-05:00] WARN [public_autoconnect]: Failed to add transport error="save transport: mt.client.Dial: handshake failed: timeout
" pk=039ba8b45699bdfb67f3ec83bdddaccefc5d30853d4d133cca6957079e2d82fc5a type=sudph
[2026-04-22T13:33:46-05:00] DEBUG [cli_rpc]: CLI RPC stats: active=0, total=2, errors=0, peak=1
[2026-04-22T13:33:46-05:00] DEBUG [public_autoconnect]: Trying to add transport pk=0398853f181ea1ac75e1696a0b695584fe37e14bc0b4de2d3c9d6176e4982e2eb4 type=sudph
[2026-04-22T13:33:46-05:00] DEBUG [transport_manager]: Initializing TP with ID 485c9e73-267d-0ff9-bfca-c6b2cfe8271b
[2026-04-22T13:33:46-05:00] DEBUG [transport_manager]: Dialing transport to 0398853f181ea1ac75e1696a0b695584fe37e14bc0b4de2d3c9d6176e4982e2eb4 via sudph
[2026-04-22T13:33:46-05:00] DEBUG ClientSession.DialStream [dmsgC]: Stream closed on failure. close_error=<nil> dst_addr=03abd11790f38acb38c21432bdc7cfe2673fa57913d47e18b699d7508b120a8a5c:100 error="i/o deadline reached" ports_reserved=19 session=0326978f5a53aff537dbb47fed58b1f123af3b00132d365f1309a14db4168dcff7
[2026-04-22T13:33:46-05:00] DEBUG [dmsgC]: DialStream failed via cached route, evicting error="i/o deadline reached" server=0326978f5a53aff537dbb47fed58b1f123af3b00132d365f1309a14db4168dcff7
[2026-04-22T13:33:46-05:00] DEBUG [sudph]: Resolved PK 0398853f181ea1ac75e1696a0b695584fe37e14bc0b4de2d3c9d6176e4982e2eb4 to visor data {114.10.74.34:6889 false {60119 [127.0.0.1 192.168.4.109 172.17.0.1 192.168.60.91 ::1]}}
[2026-04-22T13:33:46-05:00] DEBUG [sudph]: Dialing public address: 114.10.74.34:6889
[2026-04-22T13:33:46-05:00] DEBUG [sudph]: Dialing 114.10.74.34:6889
[2026-04-22T13:33:46-05:00] DEBUG [sudph]: Dialed 114.10.74.34:6889
[2026-04-22T13:33:46-05:00] DEBUG [sudph]: Performing handshake with 114.10.74.34:6889
[2026-04-22T13:33:51-05:00] DEBUG ClientSession.DialStream [dmsgC]: Stream closed on failure. close_error=<nil> dst_addr=03abd11790f38acb38c21432bdc7cfe2673fa57913d47e18b699d7508b120a8a5c:100 error="i/o deadline reached" ports_reserved=19 session=0326978f5a53aff537dbb47fed58b1f123af3b00132d365f1309a14db4168dcff7
[2026-04-22T13:33:51-05:00] DEBUG [dmsgC]: DialStream failed, trying next session error="i/o deadline reached" server=0326978f5a53aff537dbb47fed58b1f123af3b00132d365f1309a14db4168dcff7
[2026-04-22T13:33:51-05:00] DEBUG ClientSession.DialStream [dmsgC]: Stream closed on failure. close_error=<nil> dst_addr=03abd11790f38acb38c21432bdc7cfe2673fa57913d47e18b699d7508b120a8a5c:100 error="context deadline exceeded" ports_reserved=19 session=0326978f5a53aff537dbb47fed58b1f123af3b00132d365f1309a14db4168dcff7
[2026-04-22T13:33:51-05:00] DEBUG [dmsgC]: DialStream failed via new session, trying next server error="context deadline exceeded" server=0326978f5a53aff537dbb47fed58b1f123af3b00132d365f1309a14db4168dcff7
[2026-04-22T13:33:51-05:00] DEBUG [dht]: PutValue failed error="dht dmsg dial 03abd117: dmsg error 202 - cannot connect to delegated server" peer=03abd117
[2026-04-22T13:33:52-05:00] DEBUG [dht]: PutValue failed error="dht dmsg dial 02864d02: dmsg error 100 - entry is not found in discovery: entry of public key is not found" peer=02864d02
[2026-04-22T13:33:56-05:00] DEBUG [transport_manager]: Error dialing transport to 0398853f181ea1ac75e1696a0b695584fe37e14bc0b4de2d3c9d6176e4982e2eb4 via sudph: mt.client.Dial: handshake failed: timeout

[2026-04-22T13:33:56-05:00] WARN [public_autoconnect]: Failed to add transport error="save transport: mt.client.Dial: handshake failed: timeout
" pk=0398853f181ea1ac75e1696a0b695584fe37e14bc0b4de2d3c9d6176e4982e2eb4 type=sudph
[2026-04-22T13:33:57-05:00] DEBUG [public_autoconnect]: Trying to add transport pk=035aff36439180108de31ecb84d41a90a20cde302db630c25cf5708aad57f5f3bd type=sudph
[2026-04-22T13:33:57-05:00] DEBUG [transport_manager]: Initializing TP with ID 22cfd481-acea-0eef-ba82-a69616aae9b2
[2026-04-22T13:33:57-05:00] DEBUG [transport_manager]: Dialing transport to 035aff36439180108de31ecb84d41a90a20cde302db630c25cf5708aad57f5f3bd via sudph
[2026-04-22T13:33:58-05:00] DEBUG [sudph]: Resolved PK 035aff36439180108de31ecb84d41a90a20cde302db630c25cf5708aad57f5f3bd to visor data {103.189.207.232:59563 false {59563 [127.0.0.1 192.168.18.67 172.17.0.1 192.168.60.28 ::1]}}
[2026-04-22T13:33:58-05:00] DEBUG [sudph]: Dialing public address: 103.189.207.232:59563
[2026-04-22T13:33:58-05:00] DEBUG [sudph]: Dialing 103.189.207.232:59563
[2026-04-22T13:33:58-05:00] DEBUG [sudph]: Dialed 103.189.207.232:59563
[2026-04-22T13:33:58-05:00] DEBUG [sudph]: Performing handshake with 103.189.207.232:59563
[2026-04-22T13:34:08-05:00] DEBUG [transport_manager]: Error dialing transport to 035aff36439180108de31ecb84d41a90a20cde302db630c25cf5708aad57f5f3bd via sudph: mt.client.Dial: handshake failed: timeout

[2026-04-22T13:34:08-05:00] WARN [public_autoconnect]: Failed to add transport error="save transport: mt.client.Dial: handshake failed: timeout
" pk=035aff36439180108de31ecb84d41a90a20cde302db630c25cf5708aad57f5f3bd type=sudph
[2026-04-22T13:34:13-05:00] DEBUG ClientSession.DialStream [dmsgC]: Stream closed on failure. close_error=<nil> dst_addr=028521452202cb3cccd4069bab49fad428f8d3624e06963c1dd7ee8d6366f49845:136 error="i/o deadline reached" ports_reserved=20 session=0326978f5a53aff537dbb47fed58b1f123af3b00132d365f1309a14db4168dcff7
[2026-04-22T13:34:13-05:00] DEBUG [dmsgC]: DialStream failed, trying next session error="i/o deadline reached" server=0326978f5a53aff537dbb47fed58b1f123af3b00132d365f1309a14db4168dcff7
[2026-04-22T13:34:13-05:00] DEBUG ClientSession.DialStream [dmsgC]: Stream closed on failure. close_error=<nil> dst_addr=028521452202cb3cccd4069bab49fad428f8d3624e06963c1dd7ee8d6366f49845:136 error="context deadline exceeded" ports_reserved=20 session=0326978f5a53aff537dbb47fed58b1f123af3b00132d365f1309a14db4168dcff7
[2026-04-22T13:34:13-05:00] DEBUG [dmsgC]: DialStream failed via new session, trying next server error="context deadline exceeded" server=0326978f5a53aff537dbb47fed58b1f123af3b00132d365f1309a14db4168dcff7
[2026-04-22T13:34:13-05:00] DEBUG [public_autoconnect]: Skipping visor: dmsg probe failed (unreachable) pk=028521452202cb3cccd4069bab49fad428f8d3624e06963c1dd7ee8d6366f49845 type=sudph
[2026-04-22T13:34:14-05:00] DEBUG [public_autoconnect]: Trying to add transport pk=02261af992a25e284b24fd7d73c7bdf9eb7e4f064263202623af15e9bc1a90ebc3 type=sudph
[2026-04-22T13:34:14-05:00] DEBUG [transport_manager]: Initializing TP with ID 32ddf615-a770-0f7f-a11a-a702da3c8497
[2026-04-22T13:34:14-05:00] DEBUG [transport_manager]: Dialing transport to 02261af992a25e284b24fd7d73c7bdf9eb7e4f064263202623af15e9bc1a90ebc3 via sudph
[2026-04-22T13:34:15-05:00] DEBUG [sudph]: Resolved PK 02261af992a25e284b24fd7d73c7bdf9eb7e4f064263202623af15e9bc1a90ebc3 to visor data {182.8.228.6:49799 false {34209 [127.0.0.1 192.168.2.225 ::1 fd5d:2544:a41c::2293 fd5d:2544:a41c:0:a124:4380:494b:2e78 fd5d:2544:a41c:0:c339:742a:2df5:f1e7]}}
[2026-04-22T13:34:15-05:00] DEBUG [sudph]: Dialing public address: 182.8.228.6:49799
[2026-04-22T13:34:15-05:00] DEBUG [sudph]: Dialing 182.8.228.6:49799
[2026-04-22T13:34:15-05:00] DEBUG [sudph]: Dialed 182.8.228.6:49799
[2026-04-22T13:34:15-05:00] DEBUG [sudph]: Performing handshake with 182.8.228.6:49799
[2026-04-22T13:34:16-05:00] DEBUG [cli_rpc]: CLI RPC stats: active=0, total=2, errors=0, peak=1
[2026-04-22T13:34:16-05:00] DEBUG ClientSession.DialStream [dmsgC]: Stream closed on failure. close_error=<nil> dst_addr=0207abc28c19492fd22ffc39985982bbb2b76b892a6c11b64d03ba9adeaf520f80:100 error="i/o deadline reached" ports_reserved=20 session=0281a102c82820e811368c8d028cf11b1a985043b726b1bcdb8fce89b27384b2cb
[2026-04-22T13:34:16-05:00] DEBUG [dmsgC]: DialStream failed via cached route, evicting error="i/o deadline reached" server=0281a102c82820e811368c8d028cf11b1a985043b726b1bcdb8fce89b27384b2cb
[2026-04-22T13:34:16-05:00] WARN [router]: closing conn from untrusted setup node: <nil>
[2026-04-22T13:34:16-05:00] WARN [self_probe]: Self-probe FAILED: dmsg listener unreachable (persistent) consecutive_failures=23 cooldown_remaining=1m1s port=80
[2026-04-22T13:34:20-05:00] DEBUG [dht]: PutValue failed error="dht dmsg dial 0246834b: dmsg error 100 - entry is not found in discovery: entry of public key is not found" peer=0246834b
[2026-04-22T13:34:21-05:00] DEBUG [dmsgC]: Updating entry.
 entry=	version: 0.0.1
	sequence: 24
	registered at: 1776882800517595208
	static public key: 0282213369836321323dfaa492564ceb8a9a5e7e8ff044c46c92949a787ec51fb0
	signature: 85558256675c9a248d3dba5f325f571c4fdb78eadc6eacb85ee195fc109b5cd967810ef3a01b9617b7fef84c7e7470d9b6d11bb0c810b0a5375f786811e2b87200
	entry is registered as client. Related info: 
		delegated servers: 
			0281a102c82820e811368c8d028cf11b1a985043b726b1bcdb8fce89b27384b2cb
			02a49bc0aa1b5b78f638e9189be4ed095bac5d6839c828465a8350f80ac07629c0
			0326978f5a53aff537dbb47fed58b1f123af3b00132d365f1309a14db4168dcff7


[2026-04-22T13:34:25-05:00] DEBUG [transport_manager]: Error dialing transport to 02261af992a25e284b24fd7d73c7bdf9eb7e4f064263202623af15e9bc1a90ebc3 via sudph: mt.client.Dial: handshake failed: timeout

[2026-04-22T13:34:25-05:00] WARN [public_autoconnect]: Failed to add transport error="save transport: mt.client.Dial: handshake failed: timeout
" pk=02261af992a25e284b24fd7d73c7bdf9eb7e4f064263202623af15e9bc1a90ebc3 type=sudph
[2026-04-22T13:34:25-05:00] DEBUG [dht]: PutValue failed error="dht dmsg dial 02a2d4c3: dmsg error 102 - entry is not of client in discovery" peer=02a2d4c3
[2026-04-22T13:34:30-05:00] DEBUG ClientSession.DialStream [dmsgC]: Stream closed on failure. close_error=<nil> dst_addr=02a4703d00508f93f9c0416ff860cd67fa0c141755cafabdca79f1e83dbc0c687a:136 error="i/o deadline reached" ports_reserved=21 session=0326978f5a53aff537dbb47fed58b1f123af3b00132d365f1309a14db4168dcff7
[2026-04-22T13:34:30-05:00] DEBUG [dmsgC]: DialStream failed, trying next session error="i/o deadline reached" server=0326978f5a53aff537dbb47fed58b1f123af3b00132d365f1309a14db4168dcff7
[2026-04-22T13:34:30-05:00] DEBUG ClientSession.DialStream [dmsgC]: Stream closed on failure. close_error=<nil> dst_addr=02a4703d00508f93f9c0416ff860cd67fa0c141755cafabdca79f1e83dbc0c687a:136 error="context deadline exceeded" ports_reserved=21 session=0326978f5a53aff537dbb47fed58b1f123af3b00132d365f1309a14db4168dcff7
[2026-04-22T13:34:30-05:00] DEBUG [dmsgC]: DialStream failed via new session, trying next server error="context deadline exceeded" server=0326978f5a53aff537dbb47fed58b1f123af3b00132d365f1309a14db4168dcff7
[2026-04-22T13:34:30-05:00] DEBUG [public_autoconnect]: Skipping visor: dmsg probe failed (unreachable) pk=02a4703d00508f93f9c0416ff860cd67fa0c141755cafabdca79f1e83dbc0c687a type=sudph
[2026-04-22T13:34:30-05:00] DEBUG [public_autoconnect]: Trying to add transport pk=039439186e7e355029e237e922f0198857dd1aa4ba61ae65856f7cd2f141af010a type=sudph
[2026-04-22T13:34:30-05:00] DEBUG [transport_manager]: Initializing TP with ID 566a7548-78c8-0c07-9a39-10eee0f079f9
[2026-04-22T13:34:30-05:00] DEBUG [transport_manager]: Dialing transport to 039439186e7e355029e237e922f0198857dd1aa4ba61ae65856f7cd2f141af010a via sudph
[2026-04-22T13:34:31-05:00] DEBUG [sudph]: Resolved PK 039439186e7e355029e237e922f0198857dd1aa4ba61ae65856f7cd2f141af010a to visor data {88.146.116.113:53516 false {53516 [127.0.0.1 192.168.88.107 ::1]}}
[2026-04-22T13:34:31-05:00] DEBUG [sudph]: Dialing public address: 88.146.116.113:53516
[2026-04-22T13:34:31-05:00] DEBUG [sudph]: Dialing 88.146.116.113:53516
[2026-04-22T13:34:31-05:00] DEBUG [sudph]: Dialed 88.146.116.113:53516
[2026-04-22T13:34:31-05:00] DEBUG [sudph]: Performing handshake with 88.146.116.113:53516
[2026-04-22T13:34:32-05:00] DEBUG ClientSession.DialStream [dmsgC]: Stream closed on failure. close_error=<nil> dst_addr=0371f571cc72cb4200cc370e548eee902af9a3d97aefd37e1628abdd99f34767de:100 error="i/o deadline reached" ports_reserved=21 session=0281a102c82820e811368c8d028cf11b1a985043b726b1bcdb8fce89b27384b2cb
[2026-04-22T13:34:32-05:00] DEBUG [dmsgC]: DialStream failed via cached route, evicting error="i/o deadline reached" server=0281a102c82820e811368c8d028cf11b1a985043b726b1bcdb8fce89b27384b2cb
[2026-04-22T13:34:37-05:00] DEBUG ClientSession.DialStream [dmsgC]: Stream closed on failure. close_error=<nil> dst_addr=0371f571cc72cb4200cc370e548eee902af9a3d97aefd37e1628abdd99f34767de:100 error="i/o deadline reached" ports_reserved=21 session=0281a102c82820e811368c8d028cf11b1a985043b726b1bcdb8fce89b27384b2cb
[2026-04-22T13:34:37-05:00] DEBUG [dmsgC]: DialStream failed, trying next session error="i/o deadline reached" server=0281a102c82820e811368c8d028cf11b1a985043b726b1bcdb8fce89b27384b2cb
[2026-04-22T13:34:41-05:00] DEBUG [transport_manager]: Error dialing transport to 039439186e7e355029e237e922f0198857dd1aa4ba61ae65856f7cd2f141af010a via sudph: mt.client.Dial: handshake failed: timeout

[2026-04-22T13:34:41-05:00] WARN [public_autoconnect]: Failed to add transport error="save transport: mt.client.Dial: handshake failed: timeout
" pk=039439186e7e355029e237e922f0198857dd1aa4ba61ae65856f7cd2f141af010a type=sudph
[2026-04-22T13:34:42-05:00] DEBUG [public_autoconnect]: Skipping visor: dmsg probe failed (unreachable) pk=02864d02a205708990db700c65cdaead2a9dac6d499bf02b40dba13a51dc0e5a9d type=sudph
[2026-04-22T13:34:42-05:00] DEBUG [public_autoconnect]: Trying to add transport pk=02bce9b7a5f83f30b358cbdee76414b1a2c340801e7a554aae28abb7105ae121e2 type=sudph
[2026-04-22T13:34:42-05:00] DEBUG [transport_manager]: Initializing TP with ID 77cac4dc-f3e9-06d6-bf44-783634ddb6ff
[2026-04-22T13:34:42-05:00] DEBUG [transport_manager]: Dialing transport to 02bce9b7a5f83f30b358cbdee76414b1a2c340801e7a554aae28abb7105ae121e2 via sudph
[2026-04-22T13:34:43-05:00] DEBUG [sudph]: Resolved PK 02bce9b7a5f83f30b358cbdee76414b1a2c340801e7a554aae28abb7105ae121e2 to visor data {104.136.22.124:37950 false {37950 [127.0.0.1 192.168.0.10 ::1]}}
[2026-04-22T13:34:43-05:00] DEBUG [sudph]: Dialing public address: 104.136.22.124:37950
[2026-04-22T13:34:43-05:00] DEBUG [sudph]: Dialing 104.136.22.124:37950
[2026-04-22T13:34:43-05:00] DEBUG [sudph]: Dialed 104.136.22.124:37950
[2026-04-22T13:34:43-05:00] DEBUG [sudph]: Performing handshake with 104.136.22.124:37950
[2026-04-22T13:34:44-05:00] DEBUG ClientSession.DialStream [dmsgC]: Stream closed on failure. close_error=<nil> dst_addr=0336c02fb94f1fac308bf9a374d36b744bf3ba50378f486d17cac3168aed46b9cd:100 error="i/o deadline reached" ports_reserved=22 session=0326978f5a53aff537dbb47fed58b1f123af3b00132d365f1309a14db4168dcff7
[2026-04-22T13:34:44-05:00] DEBUG [dmsgC]: DialStream failed via cached route, evicting error="i/o deadline reached" server=0326978f5a53aff537dbb47fed58b1f123af3b00132d365f1309a14db4168dcff7
[2026-04-22T13:34:46-05:00] DEBUG [cli_rpc]: CLI RPC stats: active=0, total=2, errors=0, peak=1
[2026-04-22T13:34:53-05:00] DEBUG [transport_manager]: Error dialing transport to 02bce9b7a5f83f30b358cbdee76414b1a2c340801e7a554aae28abb7105ae121e2 via sudph: mt.client.Dial: handshake failed: timeout

[2026-04-22T13:34:53-05:00] WARN [public_autoconnect]: Failed to add transport error="save transport: mt.client.Dial: handshake failed: timeout
" pk=02bce9b7a5f83f30b358cbdee76414b1a2c340801e7a554aae28abb7105ae121e2 type=sudph
[2026-04-22T13:34:53-05:00] DEBUG [public_autoconnect]: Public autoconnect cycle completed public_visors=1 stcpr=4 sudph=0
[2026-04-22T13:34:53-05:00] INFO [public_autoconnect]: Fetching public visors
[2026-04-22T13:34:53-05:00] DEBUG [public_autoconnect]: Found public visors=3
[2026-04-22T13:34:53-05:00] DEBUG [public_autoconnect]: Fetching all transport discovery data for caching
[2026-04-22T13:34:55-05:00] DEBUG [public_autoconnect]: Successfully cached transport discovery data cached_keys=1016
[2026-04-22T13:34:55-05:00] DEBUG [public_autoconnect]: Found visors to connect to total=492
[2026-04-22T13:34:55-05:00] DEBUG ClientSession.DialStream [dmsgC]: Stream closed on failure. close_error=<nil> dst_addr=03abd11790f38acb38c21432bdc7cfe2673fa57913d47e18b699d7508b120a8a5c:100 error="i/o deadline reached" ports_reserved=23 session=0281a102c82820e811368c8d028cf11b1a985043b726b1bcdb8fce89b27384b2cb
[2026-04-22T13:34:55-05:00] DEBUG [dmsgC]: DialStream failed via cached route, evicting error="i/o deadline reached" server=0281a102c82820e811368c8d028cf11b1a985043b726b1bcdb8fce89b27384b2cb
[2026-04-22T13:34:56-05:00] DEBUG [public_autoconnect]: Cached SUDPH-capable visors from address resolver count=324
[2026-04-22T13:34:56-05:00] DEBUG [public_autoconnect]: Phase 1: Connecting to public visors via SUDPH
[2026-04-22T13:34:56-05:00] DEBUG [public_autoconnect]: Phase 2: Connecting to public visors via STCPR
[2026-04-22T13:34:56-05:00] DEBUG [public_autoconnect]: Trying to add transport pk=02e26350c58c54c79e472608b6f6600ca1d139038b822c296fb2f144670052e7ce type=stcpr
[2026-04-22T13:34:56-05:00] DEBUG [transport_manager]: Initializing TP with ID 4925daea-116b-04cc-923c-2749d51d83e3
[2026-04-22T13:34:56-05:00] DEBUG [transport_manager]: Dialing transport to 02e26350c58c54c79e472608b6f6600ca1d139038b822c296fb2f144670052e7ce via stcpr
[2026-04-22T13:34:56-05:00] DEBUG [stcpr]: Dialing PK 02e26350c58c54c79e472608b6f6600ca1d139038b822c296fb2f144670052e7ce
[2026-04-22T13:34:56-05:00] DEBUG [stcpr]: Resolved PK 02e26350c58c54c79e472608b6f6600ca1d139038b822c296fb2f144670052e7ce to visor data {194.103.157.198 false {30001 [192.168.1.6 194.103.157.198]}}
[2026-04-22T13:34:56-05:00] DEBUG [stcpr]: Dialing public address: 194.103.157.198:30001
[2026-04-22T13:34:57-05:00] DEBUG [stcpr]: Performing handshake with 194.103.157.198:30001
[2026-04-22T13:35:00-05:00] DEBUG ClientSession.DialStream [dmsgC]: Stream closed on failure. close_error=<nil> dst_addr=03abd11790f38acb38c21432bdc7cfe2673fa57913d47e18b699d7508b120a8a5c:100 error="i/o deadline reached" ports_reserved=23 session=0281a102c82820e811368c8d028cf11b1a985043b726b1bcdb8fce89b27384b2cb
[2026-04-22T13:35:00-05:00] DEBUG [dmsgC]: DialStream failed, trying next session error="i/o deadline reached" server=0281a102c82820e811368c8d028cf11b1a985043b726b1bcdb8fce89b27384b2cb
[2026-04-22T13:35:00-05:00] DEBUG ClientSession.DialStream [dmsgC]: Stream closed on failure. close_error=<nil> dst_addr=03abd11790f38acb38c21432bdc7cfe2673fa57913d47e18b699d7508b120a8a5c:100 error="context deadline exceeded" ports_reserved=23 session=02a49bc0aa1b5b78f638e9189be4ed095bac5d6839c828465a8350f80ac07629c0
[2026-04-22T13:35:00-05:00] DEBUG [dmsgC]: DialStream failed via new session, trying next server error="context deadline exceeded" server=02a49bc0aa1b5b78f638e9189be4ed095bac5d6839c828465a8350f80ac07629c0
[2026-04-22T13:35:00-05:00] DEBUG [dht]: PutValue failed error="dht dmsg dial 03abd117: dmsg error 202 - cannot connect to delegated server" peer=03abd117
[2026-04-22T13:35:02-05:00] DEBUG [stcpr]: Sent handshake to 194.103.157.198:30001, local addr 0282213369836321323dfaa492564ceb8a9a5e7e8ff044c46c92949a787ec51fb0:49157, remote addr 02e26350c58c54c79e472608b6f6600ca1d139038b822c296fb2f144670052e7ce:45
[2026-04-22T13:35:03-05:00] DEBUG [tp:02e263]: Sent signal to 'mt.transportCh'.
[2026-04-22T13:35:03-05:00] DEBUG [transport_manager]: saved transport: remote(02e26350c58c54c79e472608b6f6600ca1d139038b822c296fb2f144670052e7ce) type(stcpr) tpID(4925daea-116b-04cc-923c-2749d51d83e3)
[2026-04-22T13:35:03-05:00] DEBUG [public_autoconnect]: Added transport to visor pk=02e26350c58c54c79e472608b6f6600ca1d139038b822c296fb2f144670052e7ce type=stcpr
[2026-04-22T13:35:03-05:00] DEBUG [public_autoconnect]: Phase 3: Connecting to other visors via SUDPH
[2026-04-22T13:35:03-05:00] DEBUG [tp:02e263]: Serving. remote_pk=02e26350c58c54c79e472608b6f6600ca1d139038b822c296fb2f144670052e7ce tp_id=4925daea-116b-04cc-923c-2749d51d83e3 tp_index=4
[2026-04-22T13:35:03-05:00] DEBUG [public_autoconnect]: Trying to add transport pk=02da9031d2713b54d13e2d3615bf6356a314a3e74a0b6e8b872c321bd3c8b3c779 type=sudph
[2026-04-22T13:35:03-05:00] DEBUG [transport_manager]: Initializing TP with ID b548ec7e-20b2-0905-a868-471b8f99da99
[2026-04-22T13:35:03-05:00] DEBUG [transport_manager]: Dialing transport to 02da9031d2713b54d13e2d3615bf6356a314a3e74a0b6e8b872c321bd3c8b3c779 via sudph
[2026-04-22T13:35:04-05:00] DEBUG [sudph]: Resolved PK 02da9031d2713b54d13e2d3615bf6356a314a3e74a0b6e8b872c321bd3c8b3c779 to visor data {103.67.79.241:42926 false {39874 [192.168.3.48]}}
[2026-04-22T13:35:04-05:00] DEBUG [sudph]: Dialing public address: 103.67.79.241:42926
[2026-04-22T13:35:04-05:00] DEBUG [sudph]: Dialing 103.67.79.241:42926
[2026-04-22T13:35:04-05:00] DEBUG [sudph]: Dialed 103.67.79.241:42926
[2026-04-22T13:35:04-05:00] DEBUG [sudph]: Performing handshake with 103.67.79.241:42926
[2026-04-22T13:35:06-05:00] DEBUG [stcpr]: Re-registering STCPR with address resolver
[2026-04-22T13:35:06-05:00] DEBUG httpClient.BindSTCPR [address_resolver]: Address resolver binding with: [192.168.1.118 70.121.13.123]
[2026-04-22T13:35:06-05:00] DEBUG ClientSession.DialStream [dmsgC]: Stream closed on failure. close_error=<nil> dst_addr=02e8ecb5c32a510f32967be997eeaab549e45a5c0d01ca49061f7c1b8e707a01e6:100 error="i/o deadline reached" ports_reserved=24 session=0281a102c82820e811368c8d028cf11b1a985043b726b1bcdb8fce89b27384b2cb
[2026-04-22T13:35:06-05:00] DEBUG [dmsgC]: DialStream failed via cached route, evicting error="i/o deadline reached" server=0281a102c82820e811368c8d028cf11b1a985043b726b1bcdb8fce89b27384b2cb
[2026-04-22T13:35:07-05:00] DEBUG [stcpr]: Successfully re-registered STCPR
[2026-04-22T13:35:07-05:00] DEBUG [dht]: PutValue failed error="dht dmsg dial 02864d02: dmsg error 100 - entry is not found in discovery: entry of public key is not found" peer=02864d02
[2026-04-22T13:35:13-05:00] DEBUG ClientSession.DialStream [dmsgC]: Stream closed on failure. close_error=<nil> dst_addr=0371f571cc72cb4200cc370e548eee902af9a3d97aefd37e1628abdd99f34767de:100 error="i/o deadline reached" ports_reserved=25 session=0281a102c82820e811368c8d028cf11b1a985043b726b1bcdb8fce89b27384b2cb
[2026-04-22T13:35:13-05:00] DEBUG [dmsgC]: DialStream failed, trying next session error="i/o deadline reached" server=0281a102c82820e811368c8d028cf11b1a985043b726b1bcdb8fce89b27384b2cb
[2026-04-22T13:35:14-05:00] DEBUG [transport_manager]: Error dialing transport to 02da9031d2713b54d13e2d3615bf6356a314a3e74a0b6e8b872c321bd3c8b3c779 via sudph: mt.client.Dial: handshake failed: timeout

[2026-04-22T13:35:14-05:00] WARN [public_autoconnect]: Failed to add transport error="save transport: mt.client.Dial: handshake failed: timeout
" pk=02da9031d2713b54d13e2d3615bf6356a314a3e74a0b6e8b872c321bd3c8b3c779 type=sudph
[2026-04-22T13:35:16-05:00] DEBUG [cli_rpc]: CLI RPC stats: active=0, total=2, errors=0, peak=1
[2026-04-22T13:35:16-05:00] WARN [router]: closing conn from untrusted setup node: <nil>
[2026-04-22T13:35:16-05:00] WARN [self_probe]: Self-probe FAILED: dmsg listener unreachable (persistent) consecutive_failures=24 cooldown_remaining=1s port=80
[2026-04-22T13:35:19-05:00] DEBUG ClientSession.DialStream [dmsgC]: Stream closed on failure. close_error=<nil> dst_addr=03b8eb4e729c26540ca0e56956fec9fe1d6ad4faf17113c401dad8f098d19eb206:136 error="i/o deadline reached" ports_reserved=25 session=0281a102c82820e811368c8d028cf11b1a985043b726b1bcdb8fce89b27384b2cb
[2026-04-22T13:35:19-05:00] DEBUG [dmsgC]: DialStream failed, trying next session error="i/o deadline reached" server=0281a102c82820e811368c8d028cf11b1a985043b726b1bcdb8fce89b27384b2cb
[2026-04-22T13:35:19-05:00] DEBUG ClientSession.DialStream [dmsgC]: Stream closed on failure. close_error=<nil> dst_addr=03b8eb4e729c26540ca0e56956fec9fe1d6ad4faf17113c401dad8f098d19eb206:136 error="context deadline exceeded" ports_reserved=25 session=0281a102c82820e811368c8d028cf11b1a985043b726b1bcdb8fce89b27384b2cb
[2026-04-22T13:35:19-05:00] DEBUG [dmsgC]: DialStream failed via new session, trying next server error="context deadline exceeded" server=0281a102c82820e811368c8d028cf11b1a985043b726b1bcdb8fce89b27384b2cb
[2026-04-22T13:35:19-05:00] DEBUG [public_autoconnect]: Skipping visor: dmsg probe failed (unreachable) pk=03b8eb4e729c26540ca0e56956fec9fe1d6ad4faf17113c401dad8f098d19eb206 type=sudph
[2026-04-22T13:35:21-05:00] DEBUG [dmsgC]: Updating entry.
 entry=	version: 0.0.1
	sequence: 25
	registered at: 1776882861057277756
	static public key: 0282213369836321323dfaa492564ceb8a9a5e7e8ff044c46c92949a787ec51fb0
	signature: 7ce772d5e41f1ea83bba5db5da214c83daf1dc44f87138fc9db7e59cb4b102415e2249578cfb8b5db773befa97e762554f2571196f4e76ff15c9a83ce47d9b0f01
	entry is registered as client. Related info: 
		delegated servers: 
			0326978f5a53aff537dbb47fed58b1f123af3b00132d365f1309a14db4168dcff7
			0281a102c82820e811368c8d028cf11b1a985043b726b1bcdb8fce89b27384b2cb
			02a49bc0aa1b5b78f638e9189be4ed095bac5d6839c828465a8350f80ac07629c0


[2026-04-22T13:35:24-05:00] DEBUG ClientSession.DialStream [dmsgC]: Stream closed on failure. close_error=<nil> dst_addr=031b882128a9bb0313f75d176a2f16a3cab56338fa77ed4a253650c40fcf976e4f:136 error="i/o deadline reached" ports_reserved=26 session=0281a102c82820e811368c8d028cf11b1a985043b726b1bcdb8fce89b27384b2cb
[2026-04-22T13:35:24-05:00] DEBUG [dmsgC]: DialStream failed, trying next session error="i/o deadline reached" server=0281a102c82820e811368c8d028cf11b1a985043b726b1bcdb8fce89b27384b2cb
[2026-04-22T13:35:24-05:00] DEBUG ClientSession.DialStream [dmsgC]: Stream closed on failure. close_error=<nil> dst_addr=031b882128a9bb0313f75d176a2f16a3cab56338fa77ed4a253650c40fcf976e4f:136 error="context deadline exceeded" ports_reserved=26 session=0281a102c82820e811368c8d028cf11b1a985043b726b1bcdb8fce89b27384b2cb
[2026-04-22T13:35:24-05:00] DEBUG [dmsgC]: DialStream failed via new session, trying next server error="context deadline exceeded" server=0281a102c82820e811368c8d028cf11b1a985043b726b1bcdb8fce89b27384b2cb
[2026-04-22T13:35:24-05:00] DEBUG [public_autoconnect]: Skipping visor: dmsg probe failed (unreachable) pk=031b882128a9bb0313f75d176a2f16a3cab56338fa77ed4a253650c40fcf976e4f type=sudph
[2026-04-22T13:35:29-05:00] DEBUG ClientSession.DialStream [dmsgC]: Stream closed on failure. close_error=<nil> dst_addr=03f387c925ae3e28085fdb5e08abd7d03dfc1d1b685c7f69ee180b8d76c0a5b53d:136 error="i/o deadline reached" ports_reserved=26 session=0281a102c82820e811368c8d028cf11b1a985043b726b1bcdb8fce89b27384b2cb
[2026-04-22T13:35:29-05:00] DEBUG [dmsgC]: DialStream failed, trying next session error="i/o deadline reached" server=0281a102c82820e811368c8d028cf11b1a985043b726b1bcdb8fce89b27384b2cb
[2026-04-22T13:35:29-05:00] DEBUG ClientSession.DialStream [dmsgC]: Stream closed on failure. close_error=<nil> dst_addr=03f387c925ae3e28085fdb5e08abd7d03dfc1d1b685c7f69ee180b8d76c0a5b53d:136 error="context deadline exceeded" ports_reserved=26 session=0281a102c82820e811368c8d028cf11b1a985043b726b1bcdb8fce89b27384b2cb
[2026-04-22T13:35:29-05:00] DEBUG [dmsgC]: DialStream failed via new session, trying next server error="context deadline exceeded" server=0281a102c82820e811368c8d028cf11b1a985043b726b1bcdb8fce89b27384b2cb
[2026-04-22T13:35:29-05:00] DEBUG [public_autoconnect]: Skipping visor: dmsg probe failed (unreachable) pk=03f387c925ae3e28085fdb5e08abd7d03dfc1d1b685c7f69ee180b8d76c0a5b53d type=sudph
[2026-04-22T13:35:30-05:00] DEBUG ClientSession.DialStream [dmsgC]: Stream closed on failure. close_error=<nil> dst_addr=032f1e09a0ac1ed151622bb017a4b0fab6568c611e457eaa82e328ff2183580bfe:100 error="i/o deadline reached" ports_reserved=26 session=02a49bc0aa1b5b78f638e9189be4ed095bac5d6839c828465a8350f80ac07629c0
[2026-04-22T13:35:30-05:00] DEBUG [dmsgC]: DialStream failed via cached route, evicting error="i/o deadline reached" server=02a49bc0aa1b5b78f638e9189be4ed095bac5d6839c828465a8350f80ac07629c0
[2026-04-22T13:35:30-05:00] DEBUG [public_autoconnect]: Trying to add transport pk=02dc1678999a287fa76782b88e06bd71e6f5422e79522fa847a441c3a5a3055f65 type=sudph
[2026-04-22T13:35:30-05:00] DEBUG [transport_manager]: Initializing TP with ID 80116b46-7d7e-00d5-aaea-7a0dd3f86e75
[2026-04-22T13:35:30-05:00] DEBUG [transport_manager]: Dialing transport to 02dc1678999a287fa76782b88e06bd71e6f5422e79522fa847a441c3a5a3055f65 via sudph
[2026-04-22T13:35:30-05:00] DEBUG [sudph]: Resolved PK 02dc1678999a287fa76782b88e06bd71e6f5422e79522fa847a441c3a5a3055f65 to visor data {104.136.22.124:37015 false {37015 [127.0.0.1 192.168.0.2 ::1]}}
[2026-04-22T13:35:30-05:00] DEBUG [sudph]: Dialing public address: 104.136.22.124:37015
[2026-04-22T13:35:30-05:00] DEBUG [sudph]: Dialing 104.136.22.124:37015
[2026-04-22T13:35:30-05:00] DEBUG [sudph]: Dialed 104.136.22.124:37015
[2026-04-22T13:35:30-05:00] DEBUG [sudph]: Performing handshake with 104.136.22.124:37015
[2026-04-22T13:35:40-05:00] DEBUG [dmsgC]: Session shut down, stopping accept loop. error=EOF session=0326978f5a53aff537dbb47fed58b1f123af3b00132d365f1309a14db4168dcff7
[2026-04-22T13:35:40-05:00] DEBUG [dmsgC]: Session stopped. error="failed to serve dialed session to 0326978f5a53aff537dbb47fed58b1f123af3b00132d365f1309a14db4168dcff7: EOF"
[2026-04-22T13:35:40-05:00] DEBUG [dmsgC]: Dialing session... remote_pk=0371ab4bcff7b121f4b91f6856d6740c6f9dc1fe716977850aeb5d84378b300a13
[2026-04-22T13:35:40-05:00] DEBUG [dmsg_http:dmsgDC]: Session shut down, stopping accept loop. error=EOF session=0326978f5a53aff537dbb47fed58b1f123af3b00132d365f1309a14db4168dcff7
[2026-04-22T13:35:40-05:00] DEBUG [dmsg_http:dmsgDC]: Session stopped. error="failed to serve dialed session to 0326978f5a53aff537dbb47fed58b1f123af3b00132d365f1309a14db4168dcff7: EOF"
[2026-04-22T13:35:40-05:00] DEBUG [dmsg_http:dmsgDC]: Dialing session... remote_pk=02a2d4c346dabd165fd555dfdba4a7f4d18786fe7e055e562397cd5102bdd7f8dd
[2026-04-22T13:35:40-05:00] INFO [dmsgC]: yamux stream session initial for 0371ab4bcff7b121f4b91f6856d6740c6f9dc1fe716977850aeb5d84378b300a13
[2026-04-22T13:35:40-05:00] DEBUG [dmsgC]: Serving session. remote_pk=0371ab4bcff7b121f4b91f6856d6740c6f9dc1fe716977850aeb5d84378b300a13
[2026-04-22T13:35:40-05:00] INFO [dmsg_http:dmsgDC]: yamux stream session initial for 02a2d4c346dabd165fd555dfdba4a7f4d18786fe7e055e562397cd5102bdd7f8dd
[2026-04-22T13:35:40-05:00] DEBUG [dmsg_http:dmsgDC]: Serving session. remote_pk=02a2d4c346dabd165fd555dfdba4a7f4d18786fe7e055e562397cd5102bdd7f8dd
[2026-04-22T13:35:40-05:00] DEBUG [transport_manager]: Error dialing transport to 02dc1678999a287fa76782b88e06bd71e6f5422e79522fa847a441c3a5a3055f65 via sudph: mt.client.Dial: handshake failed: timeout

[2026-04-22T13:35:40-05:00] WARN [public_autoconnect]: Failed to add transport error="save transport: mt.client.Dial: handshake failed: timeout
" pk=02dc1678999a287fa76782b88e06bd71e6f5422e79522fa847a441c3a5a3055f65 type=sudph
[2026-04-22T13:35:42-05:00] DEBUG [dmsgC]: Updating entry.
 entry=	version: 0.0.1
	sequence: 26
	registered at: 1776882921791149133
	static public key: 0282213369836321323dfaa492564ceb8a9a5e7e8ff044c46c92949a787ec51fb0
	signature: 4240efd9ea7e6c14525fd9c5e4d40739251a4805ca5527c72df943bcb759e0ce5a4618ec67a54cd24438bd350a0cd9848de01d44d369213bdee0bb3b63eb6c0a01
	entry is registered as client. Related info: 
		delegated servers: 
			0371ab4bcff7b121f4b91f6856d6740c6f9dc1fe716977850aeb5d84378b300a13
			0281a102c82820e811368c8d028cf11b1a985043b726b1bcdb8fce89b27384b2cb
			02a49bc0aa1b5b78f638e9189be4ed095bac5d6839c828465a8350f80ac07629c0


[2026-04-22T13:35:44-05:00] DEBUG [dht]: PutValue failed error="dht dmsg dial 0246834b: dmsg error 100 - entry is not found in discovery: entry of public key is not found" peer=0246834b
[2026-04-22T13:35:46-05:00] DEBUG [cli_rpc]: CLI RPC stats: active=0, total=2, errors=0, peak=1
[2026-04-22T13:35:49-05:00] DEBUG ClientSession.DialStream [dmsgC]: Stream closed on failure. close_error=<nil> dst_addr=03ddaaceba054977e04417e8b35d6dd6f83824273bc2d558ce21f60819c4682131:136 error="i/o deadline reached" ports_reserved=22 session=0281a102c82820e811368c8d028cf11b1a985043b726b1bcdb8fce89b27384b2cb
[2026-04-22T13:35:49-05:00] DEBUG [dmsgC]: DialStream failed, trying next session error="i/o deadline reached" server=0281a102c82820e811368c8d028cf11b1a985043b726b1bcdb8fce89b27384b2cb
[2026-04-22T13:35:49-05:00] DEBUG ClientSession.DialStream [dmsgC]: Stream closed on failure. close_error=<nil> dst_addr=03ddaaceba054977e04417e8b35d6dd6f83824273bc2d558ce21f60819c4682131:136 error="context deadline exceeded" ports_reserved=22 session=0281a102c82820e811368c8d028cf11b1a985043b726b1bcdb8fce89b27384b2cb
[2026-04-22T13:35:49-05:00] DEBUG [dmsgC]: DialStream failed via new session, trying next server error="context deadline exceeded" server=0281a102c82820e811368c8d028cf11b1a985043b726b1bcdb8fce89b27384b2cb
[2026-04-22T13:35:49-05:00] DEBUG ClientSession.DialStream [dmsgC]: Stream closed on failure. close_error=<nil> dst_addr=03ddaaceba054977e04417e8b35d6dd6f83824273bc2d558ce21f60819c4682131:136 error="context deadline exceeded" ports_reserved=22 session=0371ab4bcff7b121f4b91f6856d6740c6f9dc1fe716977850aeb5d84378b300a13
[2026-04-22T13:35:49-05:00] DEBUG [dmsgC]: DialStream failed via new session, trying next server error="context deadline exceeded" server=0371ab4bcff7b121f4b91f6856d6740c6f9dc1fe716977850aeb5d84378b300a13
[2026-04-22T13:35:49-05:00] DEBUG [public_autoconnect]: Skipping visor: dmsg probe failed (unreachable) pk=03ddaaceba054977e04417e8b35d6dd6f83824273bc2d558ce21f60819c4682131 type=sudph
[2026-04-22T13:35:51-05:00] DEBUG ClientSession.DialStream [dmsgC]: Stream closed on failure. close_error=<nil> dst_addr=02bc5f2418c60ac3471ff5f91a5a9bf28ee6c9fe5849891291abfb3b6e99eca7ed:100 error="i/o deadline reached" ports_reserved=23 session=0281a102c82820e811368c8d028cf11b1a985043b726b1bcdb8fce89b27384b2cb
[2026-04-22T13:35:51-05:00] DEBUG [dmsgC]: DialStream failed via cached route, evicting error="i/o deadline reached" server=0281a102c82820e811368c8d028cf11b1a985043b726b1bcdb8fce89b27384b2cb
[2026-04-22T13:35:54-05:00] DEBUG ClientSession.DialStream [dmsgC]: Stream closed on failure. close_error=<nil> dst_addr=022cf035af5200850c3bd6c6c2ada7f7d4a7e3e568134fb77f2ad1258ec746849d:136 error="i/o deadline reached" ports_reserved=23 session=0281a102c82820e811368c8d028cf11b1a985043b726b1bcdb8fce89b27384b2cb
[2026-04-22T13:35:54-05:00] DEBUG [dmsgC]: DialStream failed, trying next session error="i/o deadline reached" server=0281a102c82820e811368c8d028cf11b1a985043b726b1bcdb8fce89b27384b2cb
[2026-04-22T13:35:54-05:00] DEBUG [public_autoconnect]: Skipping visor: dmsg probe failed (unreachable) pk=022cf035af5200850c3bd6c6c2ada7f7d4a7e3e568134fb77f2ad1258ec746849d type=sudph
[2026-04-22T13:35:55-05:00] DEBUG [public_autoconnect]: Trying to add transport pk=0365544c33b265436822c2244545aa9508832975f1640b92f5048be54ecdb78ead type=sudph
[2026-04-22T13:35:55-05:00] DEBUG [transport_manager]: Initializing TP with ID ba53480d-0e9b-0726-b5ca-2997d92403b9
[2026-04-22T13:35:55-05:00] DEBUG [transport_manager]: Dialing transport to 0365544c33b265436822c2244545aa9508832975f1640b92f5048be54ecdb78ead via sudph
[2026-04-22T13:35:55-05:00] DEBUG [sudph]: Resolved PK 0365544c33b265436822c2244545aa9508832975f1640b92f5048be54ecdb78ead to visor data {217.138.195.19:50644 false {44213 [127.0.0.1 192.168.1.108 ::1]}}
[2026-04-22T13:35:55-05:00] DEBUG [sudph]: Dialing public address: 217.138.195.19:50644
[2026-04-22T13:35:55-05:00] DEBUG [sudph]: Dialing 217.138.195.19:50644
[2026-04-22T13:35:55-05:00] DEBUG [sudph]: Dialed 217.138.195.19:50644
[2026-04-22T13:35:55-05:00] DEBUG [sudph]: Performing handshake with 217.138.195.19:50644
[2026-04-22T13:35:56-05:00] DEBUG ClientSession.DialStream [dmsgC]: Stream closed on failure. close_error=<nil> dst_addr=02bc5f2418c60ac3471ff5f91a5a9bf28ee6c9fe5849891291abfb3b6e99eca7ed:100 error="i/o deadline reached" ports_reserved=22 session=0281a102c82820e811368c8d028cf11b1a985043b726b1bcdb8fce89b27384b2cb
[2026-04-22T13:35:56-05:00] DEBUG [dmsgC]: DialStream failed, trying next session error="i/o deadline reached" server=0281a102c82820e811368c8d028cf11b1a985043b726b1bcdb8fce89b27384b2cb
[2026-04-22T13:35:56-05:00] DEBUG ClientSession.DialStream [dmsgC]: Stream closed on failure. close_error=<nil> dst_addr=02bc5f2418c60ac3471ff5f91a5a9bf28ee6c9fe5849891291abfb3b6e99eca7ed:100 error="context deadline exceeded" ports_reserved=22 session=0371ab4bcff7b121f4b91f6856d6740c6f9dc1fe716977850aeb5d84378b300a13
[2026-04-22T13:35:56-05:00] DEBUG [dmsgC]: DialStream failed via new session, trying next server error="context deadline exceeded" server=0371ab4bcff7b121f4b91f6856d6740c6f9dc1fe716977850aeb5d84378b300a13
[2026-04-22T13:35:56-05:00] DEBUG [dht]: PutValue failed error="dht dmsg dial 02bc5f24: dmsg error 202 - cannot connect to delegated server" peer=02bc5f24
[2026-04-22T13:36:01-05:00] DEBUG ClientSession.DialStream [dmsgC]: Stream closed on failure. close_error=<nil> dst_addr=02986fcf65175095198e0111bf261efcf0fe544c3896d0eda816765f4ce0a2c942:100 error="i/o deadline reached" ports_reserved=23 session=0281a102c82820e811368c8d028cf11b1a985043b726b1bcdb8fce89b27384b2cb
[2026-04-22T13:36:01-05:00] DEBUG [dmsgC]: DialStream failed, trying next session error="i/o deadline reached" server=0281a102c82820e811368c8d028cf11b1a985043b726b1bcdb8fce89b27384b2cb
[2026-04-22T13:36:05-05:00] DEBUG [transport_manager]: Error dialing transport to 0365544c33b265436822c2244545aa9508832975f1640b92f5048be54ecdb78ead via sudph: mt.client.Dial: handshake failed: timeout

[2026-04-22T13:36:05-05:00] WARN [public_autoconnect]: Failed to add transport error="save transport: mt.client.Dial: handshake failed: timeout
" pk=0365544c33b265436822c2244545aa9508832975f1640b92f5048be54ecdb78ead type=sudph
[2026-04-22T13:36:06-05:00] DEBUG ClientSession.DialStream [dmsgC]: Stream closed on failure. close_error=<nil> dst_addr=02986fcf65175095198e0111bf261efcf0fe544c3896d0eda816765f4ce0a2c942:100 error="i/o deadline reached" ports_reserved=24 session=02a49bc0aa1b5b78f638e9189be4ed095bac5d6839c828465a8350f80ac07629c0
[2026-04-22T13:36:06-05:00] DEBUG [dmsgC]: DialStream failed, trying next session error="i/o deadline reached" server=02a49bc0aa1b5b78f638e9189be4ed095bac5d6839c828465a8350f80ac07629c0
[2026-04-22T13:36:06-05:00] DEBUG ClientSession.DialStream [dmsgC]: Stream closed on failure. close_error=<nil> dst_addr=02986fcf65175095198e0111bf261efcf0fe544c3896d0eda816765f4ce0a2c942:100 error="context deadline exceeded" ports_reserved=24 session=0371ab4bcff7b121f4b91f6856d6740c6f9dc1fe716977850aeb5d84378b300a13
[2026-04-22T13:36:06-05:00] DEBUG [dmsgC]: DialStream failed via new session, trying next server error="context deadline exceeded" server=0371ab4bcff7b121f4b91f6856d6740c6f9dc1fe716977850aeb5d84378b300a13
[2026-04-22T13:36:06-05:00] DEBUG [dht]: PutValue failed error="dht dmsg dial 02986fcf: dmsg error 202 - cannot connect to delegated server" peer=02986fcf
[2026-04-22T13:36:06-05:00] DEBUG [public_autoconnect]: Trying to add transport pk=02e52bf2a962463002e92e4116c39641d0cd77d26c2aa66308c16519165dbdd5e6 type=sudph
[2026-04-22T13:36:06-05:00] DEBUG [transport_manager]: Initializing TP with ID 1fe99754-0a93-0fb9-b105-1e6c5f0ffa05
[2026-04-22T13:36:06-05:00] DEBUG [transport_manager]: Dialing transport to 02e52bf2a962463002e92e4116c39641d0cd77d26c2aa66308c16519165dbdd5e6 via sudph
[2026-04-22T13:36:07-05:00] DEBUG [sudph]: Resolved PK 02e52bf2a962463002e92e4116c39641d0cd77d26c2aa66308c16519165dbdd5e6 to visor data {139.180.216.55:54226 false {54226 [127.0.0.1 192.168.7.90 ::1]}}
[2026-04-22T13:36:07-05:00] DEBUG [sudph]: Dialing public address: 139.180.216.55:54226
[2026-04-22T13:36:07-05:00] DEBUG [sudph]: Dialing 139.180.216.55:54226
[2026-04-22T13:36:07-05:00] DEBUG [sudph]: Dialed 139.180.216.55:54226
[2026-04-22T13:36:07-05:00] DEBUG [sudph]: Performing handshake with 139.180.216.55:54226
[2026-04-22T13:36:13-05:00] DEBUG ClientSession.DialStream [dmsgC]: Stream closed on failure. close_error=<nil> dst_addr=02d40845f5ea39cc0d9c7e97e1694a701cd6271fbe3f72e3ee02df6e342083201f:100 error="i/o deadline reached" ports_reserved=24 session=0281a102c82820e811368c8d028cf11b1a985043b726b1bcdb8fce89b27384b2cb
[2026-04-22T13:36:13-05:00] DEBUG [dmsgC]: DialStream failed, trying next session error="i/o deadline reached" server=0281a102c82820e811368c8d028cf11b1a985043b726b1bcdb8fce89b27384b2cb
[2026-04-22T13:36:16-05:00] DEBUG [cli_rpc]: CLI RPC stats: active=0, total=2, errors=0, peak=1
[2026-04-22T13:36:16-05:00] WARN [router]: closing conn from untrusted setup node: <nil>
[2026-04-22T13:36:17-05:00] DEBUG [transport_manager]: Error dialing transport to 02e52bf2a962463002e92e4116c39641d0cd77d26c2aa66308c16519165dbdd5e6 via sudph: mt.client.Dial: handshake failed: timeout

[2026-04-22T13:36:17-05:00] WARN [public_autoconnect]: Failed to add transport error="save transport: mt.client.Dial: handshake failed: timeout
" pk=02e52bf2a962463002e92e4116c39641d0cd77d26c2aa66308c16519165dbdd5e6 type=sudph
[2026-04-22T13:36:17-05:00] WARN [self_probe]: Self-probe FAILED: dmsg listener unreachable (persistent) consecutive_failures=25 port=80
[2026-04-22T13:36:17-05:00] DEBUG [dmsgC]: Session shut down, stopping accept loop. error="session shutdown" session=0371ab4bcff7b121f4b91f6856d6740c6f9dc1fe716977850aeb5d84378b300a13
[2026-04-22T13:36:17-05:00] DEBUG [dmsgC]: Session shut down, stopping accept loop. error="session shutdown" session=0281a102c82820e811368c8d028cf11b1a985043b726b1bcdb8fce89b27384b2cb
[2026-04-22T13:36:17-05:00] DEBUG [dmsgC]: Session stopped. error="failed to serve dialed session to 0371ab4bcff7b121f4b91f6856d6740c6f9dc1fe716977850aeb5d84378b300a13: session shutdown"
[2026-04-22T13:36:17-05:00] DEBUG [dmsgC]: Session shut down, stopping accept loop. error="session shutdown" session=02a49bc0aa1b5b78f638e9189be4ed095bac5d6839c828465a8350f80ac07629c0
[2026-04-22T13:36:17-05:00] DEBUG [dmsgC]: Dialing session... remote_pk=03717576ada5b1744e395c66c2bb11cea73b0e23d0dcd54422139b1a7f12e962c4
[2026-04-22T13:36:17-05:00] WARN [self_probe]: Self-probe recovery: forced DMSG session reconnect; reconnect loop will re-dial within 15s sessions_closed=3
[2026-04-22T13:36:17-05:00] DEBUG ClientSession.DialStream [dmsgC]: Stream closed on failure. close_error=<nil> dst_addr=02d40845f5ea39cc0d9c7e97e1694a701cd6271fbe3f72e3ee02df6e342083201f:100 error=EOF ports_reserved=9 session=02a49bc0aa1b5b78f638e9189be4ed095bac5d6839c828465a8350f80ac07629c0
[2026-04-22T13:36:17-05:00] DEBUG [dmsgC]: DialStream failed, trying next session error=EOF server=02a49bc0aa1b5b78f638e9189be4ed095bac5d6839c828465a8350f80ac07629c0
[2026-04-22T13:36:17-05:00] DEBUG [dmsgC]: DialStream failed, trying next session error="session shutdown" server=0371ab4bcff7b121f4b91f6856d6740c6f9dc1fe716977850aeb5d84378b300a13
[2026-04-22T13:36:17-05:00] DEBUG [dmsgC]: DialStream failed, trying next session error="session shutdown" server=02a49bc0aa1b5b78f638e9189be4ed095bac5d6839c828465a8350f80ac07629c0
[2026-04-22T13:36:17-05:00] INFO [dmsgC]: yamux stream session initial for 03717576ada5b1744e395c66c2bb11cea73b0e23d0dcd54422139b1a7f12e962c4
[2026-04-22T13:36:17-05:00] DEBUG [dmsgC]: Session stopped. error="failed to serve dialed session to 0281a102c82820e811368c8d028cf11b1a985043b726b1bcdb8fce89b27384b2cb: session shutdown"
[2026-04-22T13:36:17-05:00] DEBUG [dmsgC]: Serving session. remote_pk=03717576ada5b1744e395c66c2bb11cea73b0e23d0dcd54422139b1a7f12e962c4
[2026-04-22T13:36:17-05:00] DEBUG [dmsgC]: Dialing session... remote_pk=02a2d4c346dabd165fd555dfdba4a7f4d18786fe7e055e562397cd5102bdd7f8dd
[2026-04-22T13:36:18-05:00] INFO [dmsgC]: yamux stream session initial for 02a2d4c346dabd165fd555dfdba4a7f4d18786fe7e055e562397cd5102bdd7f8dd
[2026-04-22T13:36:18-05:00] DEBUG [dmsgC]: Serving session. remote_pk=02a2d4c346dabd165fd555dfdba4a7f4d18786fe7e055e562397cd5102bdd7f8dd
[2026-04-22T13:36:18-05:00] DEBUG [dmsgC]: Session stopped. error="failed to serve dialed session to 02a49bc0aa1b5b78f638e9189be4ed095bac5d6839c828465a8350f80ac07629c0: session shutdown"
[2026-04-22T13:36:18-05:00] DEBUG ClientSession.DialStream [dmsgC]: Stream closed on failure. close_error=<nil> dst_addr=02d40845f5ea39cc0d9c7e97e1694a701cd6271fbe3f72e3ee02df6e342083201f:100 error="context deadline exceeded" ports_reserved=9 session=03717576ada5b1744e395c66c2bb11cea73b0e23d0dcd54422139b1a7f12e962c4
[2026-04-22T13:36:18-05:00] DEBUG [dmsgC]: DialStream failed via new session, trying next server error="context deadline exceeded" server=03717576ada5b1744e395c66c2bb11cea73b0e23d0dcd54422139b1a7f12e962c4
[2026-04-22T13:36:18-05:00] DEBUG [dmsgC]: Session shut down, stopping accept loop. error=EOF session=02a2d4c346dabd165fd555dfdba4a7f4d18786fe7e055e562397cd5102bdd7f8dd
[2026-04-22T13:36:18-05:00] DEBUG [dmsgC]: Dialing session... remote_pk=0371ab4bcff7b121f4b91f6856d6740c6f9dc1fe716977850aeb5d84378b300a13
[2026-04-22T13:36:18-05:00] INFO [dmsgC]: yamux stream session initial for 0371ab4bcff7b121f4b91f6856d6740c6f9dc1fe716977850aeb5d84378b300a13
[2026-04-22T13:36:18-05:00] DEBUG [dmsgC]: Updating entry.
 entry=	version: 0.0.1
	sequence: 27
	registered at: 1776882942539693402
	static public key: 0282213369836321323dfaa492564ceb8a9a5e7e8ff044c46c92949a787ec51fb0
	signature: cca0b2b27f59f27fa37cfa846ef33435cc644e2975c8081f4a2b48e09501e38c4dca4651a7c3111ca68442623c1170373c9ae7db158ee394300e1ef57ebb1f5601
	entry is registered as client. Related info: 
		delegated servers: 
			03717576ada5b1744e395c66c2bb11cea73b0e23d0dcd54422139b1a7f12e962c4
			02a2d4c346dabd165fd555dfdba4a7f4d18786fe7e055e562397cd5102bdd7f8dd


[2026-04-22T13:36:19-05:00] DEBUG [dmsgC]: Serving session. remote_pk=0371ab4bcff7b121f4b91f6856d6740c6f9dc1fe716977850aeb5d84378b300a13
[2026-04-22T13:36:19-05:00] DEBUG [dmsgC]: Dialing session... remote_pk=0326978f5a53aff537dbb47fed58b1f123af3b00132d365f1309a14db4168dcff7
[2026-04-22T13:36:19-05:00] INFO [dmsgC]: yamux stream session initial for 0326978f5a53aff537dbb47fed58b1f123af3b00132d365f1309a14db4168dcff7
[2026-04-22T13:36:19-05:00] DEBUG [dmsgC]: Serving session. remote_pk=0326978f5a53aff537dbb47fed58b1f123af3b00132d365f1309a14db4168dcff7
[2026-04-22T13:36:19-05:00] DEBUG [dht]: PutValue failed error="dht dmsg dial 02d40845: dmsg error 202 - cannot connect to delegated server" peer=02d40845
[2026-04-22T13:36:19-05:00] DEBUG [dmsgC]: Session stopped. error="failed to serve dialed session to 02a2d4c346dabd165fd555dfdba4a7f4d18786fe7e055e562397cd5102bdd7f8dd: EOF"
[2026-04-22T13:36:19-05:00] DEBUG [dmsgC]: Dialing session... remote_pk=0281a102c82820e811368c8d028cf11b1a985043b726b1bcdb8fce89b27384b2cb
[2026-04-22T13:36:19-05:00] DEBUG [dmsgC]: Session ping failed consecutive_fails=1 error="session shutdown" server=02a2d4c346dabd165fd555dfdba4a7f4d18786fe7e055e562397cd5102bdd7f8dd
[2026-04-22T13:36:19-05:00] INFO [dmsgC]: yamux stream session initial for 0281a102c82820e811368c8d028cf11b1a985043b726b1bcdb8fce89b27384b2cb
[2026-04-22T13:36:19-05:00] DEBUG [dmsgC]: Discovering dmsg servers...
[2026-04-22T13:36:19-05:00] DEBUG [dmsgC]: Serving session. remote_pk=0281a102c82820e811368c8d028cf11b1a985043b726b1bcdb8fce89b27384b2cb
[2026-04-22T13:36:19-05:00] DEBUG [public_autoconnect]: Trying to add transport pk=0208bf99efd4b8dc066044d6da90c649b78f8f78f30d876e74823ceb79ff2f504b type=sudph
[2026-04-22T13:36:19-05:00] DEBUG [transport_manager]: Initializing TP with ID 28b64184-eb10-05a5-94ce-49f839d7537c
[2026-04-22T13:36:19-05:00] DEBUG [transport_manager]: Dialing transport to 0208bf99efd4b8dc066044d6da90c649b78f8f78f30d876e74823ceb79ff2f504b via sudph
[2026-04-22T13:36:20-05:00] DEBUG [dmsgC]: Updating entry.
 entry=	version: 0.0.1
	sequence: 28
	registered at: 1776882978777302304
	static public key: 0282213369836321323dfaa492564ceb8a9a5e7e8ff044c46c92949a787ec51fb0
	signature: c07d4c9654a8fce5be180366c149b8371def8b84b0d597e783f70d2563f306ee43fb3f42f2b3750775c3e347fa887ee3136390b3d77e2be230d6fb570af7a0ff00
	entry is registered as client. Related info: 
		delegated servers: 
			03717576ada5b1744e395c66c2bb11cea73b0e23d0dcd54422139b1a7f12e962c4
			0281a102c82820e811368c8d028cf11b1a985043b726b1bcdb8fce89b27384b2cb
			0371ab4bcff7b121f4b91f6856d6740c6f9dc1fe716977850aeb5d84378b300a13
			0326978f5a53aff537dbb47fed58b1f123af3b00132d365f1309a14db4168dcff7


[2026-04-22T13:36:20-05:00] DEBUG [sudph]: Resolved PK 0208bf99efd4b8dc066044d6da90c649b78f8f78f30d876e74823ceb79ff2f504b to visor data {125.164.249.195:3885 false {47210 [127.0.0.1 192.168.150.1 10.219.12.75 10.10.10.2 10.182.0.1 10.182.1.1 10.182.3.1 ::1]}}
[2026-04-22T13:36:20-05:00] DEBUG [sudph]: Dialing public address: 125.164.249.195:3885
[2026-04-22T13:36:20-05:00] DEBUG [sudph]: Dialing 125.164.249.195:3885
[2026-04-22T13:36:20-05:00] DEBUG [sudph]: Dialed 125.164.249.195:3885
[2026-04-22T13:36:20-05:00] DEBUG [sudph]: Performing handshake with 125.164.249.195:3885
[2026-04-22T13:36:21-05:00] DEBUG [sudph]: Sent handshake to 125.164.249.195:3885, local addr 0282213369836321323dfaa492564ceb8a9a5e7e8ff044c46c92949a787ec51fb0:49240, remote addr 0208bf99efd4b8dc066044d6da90c649b78f8f78f30d876e74823ceb79ff2f504b:45
[2026-04-22T13:36:22-05:00] DEBUG [tp:0208bf]: Sent signal to 'mt.transportCh'.
[2026-04-22T13:36:22-05:00] DEBUG [transport_manager]: saved transport: remote(0208bf99efd4b8dc066044d6da90c649b78f8f78f30d876e74823ceb79ff2f504b) type(sudph) tpID(28b64184-eb10-05a5-94ce-49f839d7537c)
[2026-04-22T13:36:22-05:00] DEBUG [tp:0208bf]: Serving. remote_pk=0208bf99efd4b8dc066044d6da90c649b78f8f78f30d876e74823ceb79ff2f504b tp_id=28b64184-eb10-05a5-94ce-49f839d7537c tp_index=5
[2026-04-22T13:36:22-05:00] DEBUG [public_autoconnect]: Added transport to visor pk=0208bf99efd4b8dc066044d6da90c649b78f8f78f30d876e74823ceb79ff2f504b type=sudph
[2026-04-22T13:36:24-05:00] DEBUG ClientSession.DialStream [dmsgC]: Stream closed on failure. close_error=<nil> dst_addr=036df68c94a28d3ec71a2e11b2b9d3b16211ae69b52babe75915e9fcd638f1c536:100 error="i/o deadline reached" ports_reserved=11 session=03717576ada5b1744e395c66c2bb11cea73b0e23d0dcd54422139b1a7f12e962c4
[2026-04-22T13:36:24-05:00] DEBUG [dmsgC]: DialStream failed, trying next session error="i/o deadline reached" server=03717576ada5b1744e395c66c2bb11cea73b0e23d0dcd54422139b1a7f12e962c4
[2026-04-22T13:36:27-05:00] DEBUG ClientSession.DialStream [dmsgC]: Stream closed on failure. close_error=<nil> dst_addr=02175376dbb8e54b7b9e10ac0a3e9319a6995d9b9067d01abd8fd08835663677a2:136 error="i/o deadline reached" ports_reserved=11 session=03717576ada5b1744e395c66c2bb11cea73b0e23d0dcd54422139b1a7f12e962c4
[2026-04-22T13:36:27-05:00] DEBUG [dmsgC]: DialStream failed, trying next session error="i/o deadline reached" server=03717576ada5b1744e395c66c2bb11cea73b0e23d0dcd54422139b1a7f12e962c4
[2026-04-22T13:36:27-05:00] DEBUG [public_autoconnect]: Skipping visor: dmsg probe failed (unreachable) pk=02175376dbb8e54b7b9e10ac0a3e9319a6995d9b9067d01abd8fd08835663677a2 type=sudph
[2026-04-22T13:36:29-05:00] DEBUG ClientSession.DialStream [dmsgC]: Stream closed on failure. close_error=<nil> dst_addr=036df68c94a28d3ec71a2e11b2b9d3b16211ae69b52babe75915e9fcd638f1c536:100 error="i/o deadline reached" ports_reserved=11 session=0371ab4bcff7b121f4b91f6856d6740c6f9dc1fe716977850aeb5d84378b300a13
[2026-04-22T13:36:29-05:00] DEBUG [dmsgC]: DialStream failed, trying next session error="i/o deadline reached" server=0371ab4bcff7b121f4b91f6856d6740c6f9dc1fe716977850aeb5d84378b300a13
[2026-04-22T13:36:29-05:00] DEBUG ClientSession.DialStream [dmsgC]: Stream closed on failure. close_error=<nil> dst_addr=036df68c94a28d3ec71a2e11b2b9d3b16211ae69b52babe75915e9fcd638f1c536:100 error="context deadline exceeded" ports_reserved=11 session=03717576ada5b1744e395c66c2bb11cea73b0e23d0dcd54422139b1a7f12e962c4
[2026-04-22T13:36:29-05:00] DEBUG [dmsgC]: DialStream failed via new session, trying next server error="context deadline exceeded" server=03717576ada5b1744e395c66c2bb11cea73b0e23d0dcd54422139b1a7f12e962c4
[2026-04-22T13:36:29-05:00] DEBUG ClientSession.DialStream [dmsgC]: Stream closed on failure. close_error=<nil> dst_addr=036df68c94a28d3ec71a2e11b2b9d3b16211ae69b52babe75915e9fcd638f1c536:100 error="context deadline exceeded" ports_reserved=11 session=0371ab4bcff7b121f4b91f6856d6740c6f9dc1fe716977850aeb5d84378b300a13
[2026-04-22T13:36:29-05:00] DEBUG [dmsgC]: DialStream failed via new session, trying next server error="context deadline exceeded" server=0371ab4bcff7b121f4b91f6856d6740c6f9dc1fe716977850aeb5d84378b300a13
[2026-04-22T13:36:29-05:00] DEBUG [dht]: PutValue failed error="dht dmsg dial 036df68c: dmsg error 202 - cannot connect to delegated server" peer=036df68c
[2026-04-22T13:36:33-05:00] DEBUG ClientSession.DialStream [dmsgC]: Stream closed on failure. close_error=<nil> dst_addr=037019ab3ecd28f22d3558bdf358a7c8512e9b5c70d2b64cdb4b2d6c3b36ee9ff5:136 error="i/o deadline reached" ports_reserved=11 session=0281a102c82820e811368c8d028cf11b1a985043b726b1bcdb8fce89b27384b2cb
[2026-04-22T13:36:33-05:00] DEBUG [dmsgC]: DialStream failed, trying next session error="i/o deadline reached" server=0281a102c82820e811368c8d028cf11b1a985043b726b1bcdb8fce89b27384b2cb
[2026-04-22T13:36:33-05:00] DEBUG ClientSession.DialStream [dmsgC]: Stream closed on failure. close_error=<nil> dst_addr=037019ab3ecd28f22d3558bdf358a7c8512e9b5c70d2b64cdb4b2d6c3b36ee9ff5:136 error="context deadline exceeded" ports_reserved=11 session=0281a102c82820e811368c8d028cf11b1a985043b726b1bcdb8fce89b27384b2cb
[2026-04-22T13:36:33-05:00] DEBUG [dmsgC]: DialStream failed via new session, trying next server error="context deadline exceeded" server=0281a102c82820e811368c8d028cf11b1a985043b726b1bcdb8fce89b27384b2cb
[2026-04-22T13:36:33-05:00] DEBUG [public_autoconnect]: Skipping visor: dmsg probe failed (unreachable) pk=037019ab3ecd28f22d3558bdf358a7c8512e9b5c70d2b64cdb4b2d6c3b36ee9ff5 type=sudph
[2026-04-22T13:36:33-05:00] DEBUG [tp:02e263]: No transport pong received, falling back to RSN latency measurement
[2026-04-22T13:36:33-05:00] DEBUG [router]: Measuring latency (RSN fallback) for transport 4925daea-116b-04cc-923c-2749d51d83e3 to 02e26350c58c54c79e472608b6f6600ca1d139038b822c296fb2f144670052e7ce
[2026-04-22T13:36:33-05:00] DEBUG [router]: PingRoute opts: TransportID=4925daea-116b-04cc-923c-2749d51d83e3, ForwardHops=0, ReverseHops=0
[2026-04-22T13:36:33-05:00] DEBUG [router]: Using specified transport 4925daea-116b-04cc-923c-2749d51d83e3 for direct route to 02e26350c58c54c79e472608b6f6600ca1d139038b822c296fb2f144670052e7ce
[2026-04-22T13:36:33-05:00] DEBUG [router]: setupPingRoute: Desc.SrcPK=0282213369836321323dfaa492564ceb8a9a5e7e8ff044c46c92949a787ec51fb0, Desc.DstPK=02e26350c58c54c79e472608b6f6600ca1d139038b822c296fb2f144670052e7ce
[2026-04-22T13:36:33-05:00] DEBUG [router]: setupPingRoute: Forward[0] TpID=4925daea-116b-04cc-923c-2749d51d83e3 From=0282213369836321323dfaa492564ceb8a9a5e7e8ff044c46c92949a787ec51fb0 To=02e26350c58c54c79e472608b6f6600ca1d139038b822c296fb2f144670052e7ce
[2026-04-22T13:36:33-05:00] DEBUG [router]: setupPingRoute: Reverse[0] TpID=4925daea-116b-04cc-923c-2749d51d83e3 From=02e26350c58c54c79e472608b6f6600ca1d139038b822c296fb2f144670052e7ce To=0282213369836321323dfaa492564ceb8a9a5e7e8ff044c46c92949a787ec51fb0
[2026-04-22T13:36:33-05:00] INFO [router]: connected to setup node: 0324579f003e6b4048bae2def4365e634d8e0e3054a20fc7af49daf2a179658557
[2026-04-22T13:36:33-05:00] DEBUG [public_autoconnect]: Trying to add transport pk=03e8ba9b72b48bb91f89939da523e61c8ec97a68258f7fdde48a374b9ee5b709e5 type=sudph
[2026-04-22T13:36:33-05:00] DEBUG [transport_manager]: Initializing TP with ID 230872d4-2248-08da-b2b8-154ec6cc37e3
[2026-04-22T13:36:33-05:00] DEBUG [transport_manager]: Dialing transport to 03e8ba9b72b48bb91f89939da523e61c8ec97a68258f7fdde48a374b9ee5b709e5 via sudph
[2026-04-22T13:36:34-05:00] DEBUG [router]: handling setup request: setupPK(0324579f003e6b4048bae2def4365e634d8e0e3054a20fc7af49daf2a179658557)
[2026-04-22T13:36:34-05:00] DEBUG [router]: Saved routing rule: keyRtID=1 type=Forward (total rules: 1)
[2026-04-22T13:36:34-05:00] DEBUG [router]: Save new Routing Rule with ID 1 FWD(keyRtID:1, nxtRtID:307, nxtTpID:4925daea-116b-04cc-923c-2749d51d83e3, rAddr:02e26350c58c54c79e472608b6f6600ca1d139038b822c296fb2f144670052e7ce:46, lAddr:0282213369836321323dfaa492564ceb8a9a5e7e8ff044c46c92949a787ec51fb0:46)
[2026-04-22T13:36:34-05:00] DEBUG [router]: Saved routing rule: keyRtID=2 type=Consume (total rules: 2)
[2026-04-22T13:36:34-05:00] DEBUG [router]: Save new Routing Rule with ID 2 REV(keyRtID:2, rAddr:0282213369836321323dfaa492564ceb8a9a5e7e8ff044c46c92949a787ec51fb0:46, lAddr:02e26350c58c54c79e472608b6f6600ca1d139038b822c296fb2f144670052e7ce:46)
[2026-04-22T13:36:34-05:00] DEBUG [router]: Saving route group rules with desc: rAddr:0282213369836321323dfaa492564ceb8a9a5e7e8ff044c46c92949a787ec51fb0:46, lAddr:02e26350c58c54c79e472608b6f6600ca1d139038b822c296fb2f144670052e7ce:46
[2026-04-22T13:36:34-05:00] DEBUG [RouteGroup rAddr:0282213369836321323dfaa492564ceb8a9a5e7e8ff044c46c92949a787ec51fb0:46, lAddr:02e26350c58c54c79e472608b6f6600ca1d139038b822c296fb2f144670052e7ce:46]: Sent handshake via transport 4925daea-116b-04cc-923c-2749d51d83e3
[2026-04-22T13:36:34-05:00] DEBUG [RouteGroup rAddr:0282213369836321323dfaa492564ceb8a9a5e7e8ff044c46c92949a787ec51fb0:46, lAddr:02e26350c58c54c79e472608b6f6600ca1d139038b822c296fb2f144670052e7ce:46]: Route multiplexing enabled (both peers support CapMux)
[2026-04-22T13:36:34-05:00] DEBUG [RouteGroup rAddr:0282213369836321323dfaa492564ceb8a9a5e7e8ff044c46c92949a787ec51fb0:46, lAddr:02e26350c58c54c79e472608b6f6600ca1d139038b822c296fb2f144670052e7ce:46]: SACK retransmission enabled (both peers support CapSACK)
[2026-04-22T13:36:34-05:00] DEBUG [router]: Created new ping route to 02e26350c58c54c79e472608b6f6600ca1d139038b822c296fb2f144670052e7ce on port 46
[2026-04-22T13:36:34-05:00] DEBUG ClientSession.DialStream [dmsgC]: Stream closed on failure. close_error=<nil> dst_addr=02379bac43d2bb1d135f785b3a4c0adc41a2f2672225649da47fa68e2c6d8b6617:100 error="i/o deadline reached" ports_reserved=11 session=0326978f5a53aff537dbb47fed58b1f123af3b00132d365f1309a14db4168dcff7
[2026-04-22T13:36:34-05:00] DEBUG [dmsgC]: DialStream failed via cached route, evicting error="i/o deadline reached" server=0326978f5a53aff537dbb47fed58b1f123af3b00132d365f1309a14db4168dcff7
[2026-04-22T13:36:34-05:00] DEBUG [RouteGroup rAddr:0282213369836321323dfaa492564ceb8a9a5e7e8ff044c46c92949a787ec51fb0:46, lAddr:02e26350c58c54c79e472608b6f6600ca1d139038b822c296fb2f144670052e7ce:46]: Ping 1/5: 155.39 ms
[2026-04-22T13:36:35-05:00] DEBUG [sudph]: Resolved PK 03e8ba9b72b48bb91f89939da523e61c8ec97a68258f7fdde48a374b9ee5b709e5 to visor data {104.136.22.124:46009 false {46009 [127.0.0.1 192.168.0.8 ::1]}}
[2026-04-22T13:36:35-05:00] DEBUG [sudph]: Dialing public address: 104.136.22.124:46009
[2026-04-22T13:36:35-05:00] DEBUG [sudph]: Dialing 104.136.22.124:46009
[2026-04-22T13:36:35-05:00] DEBUG [sudph]: Dialed 104.136.22.124:46009
[2026-04-22T13:36:35-05:00] DEBUG [sudph]: Performing handshake with 104.136.22.124:46009
[2026-04-22T13:36:35-05:00] DEBUG [RouteGroup rAddr:0282213369836321323dfaa492564ceb8a9a5e7e8ff044c46c92949a787ec51fb0:46, lAddr:02e26350c58c54c79e472608b6f6600ca1d139038b822c296fb2f144670052e7ce:46]: Ping 2/5: 156.98 ms
[2026-04-22T13:36:35-05:00] DEBUG [RouteGroup rAddr:0282213369836321323dfaa492564ceb8a9a5e7e8ff044c46c92949a787ec51fb0:46, lAddr:02e26350c58c54c79e472608b6f6600ca1d139038b822c296fb2f144670052e7ce:46]: Ping 3/5: 149.75 ms
[2026-04-22T13:36:35-05:00] DEBUG [dht]: PutValue failed error="dht dmsg dial 02a2d4c3: dmsg error 102 - entry is not of client in discovery" peer=02a2d4c3
[2026-04-22T13:36:35-05:00] DEBUG [RouteGroup rAddr:0282213369836321323dfaa492564ceb8a9a5e7e8ff044c46c92949a787ec51fb0:46, lAddr:02e26350c58c54c79e472608b6f6600ca1d139038b822c296fb2f144670052e7ce:46]: Ping 4/5: 146.09 ms
[2026-04-22T13:36:35-05:00] DEBUG [RouteGroup rAddr:0282213369836321323dfaa492564ceb8a9a5e7e8ff044c46c92949a787ec51fb0:46, lAddr:02e26350c58c54c79e472608b6f6600ca1d139038b822c296fb2f144670052e7ce:46]: Ping 5/5: 164.23 ms
[2026-04-22T13:36:35-05:00] DEBUG [router]: Transport 4925daea-116b-04cc-923c-2749d51d83e3 latency (RSN): min=146.09 max=164.23 avg=154.49 ms
[2026-04-22T13:36:36-05:00] DEBUG [RouteGroup rAddr:0282213369836321323dfaa492564ceb8a9a5e7e8ff044c46c92949a787ec51fb0:46, lAddr:02e26350c58c54c79e472608b6f6600ca1d139038b822c296fb2f144670052e7ce:46]: Got close packet with code 0
[2026-04-22T13:36:36-05:00] DEBUG [RouteGroup rAddr:0282213369836321323dfaa492564ceb8a9a5e7e8ff044c46c92949a787ec51fb0:46, lAddr:02e26350c58c54c79e472608b6f6600ca1d139038b822c296fb2f144670052e7ce:46]: Handling response close packet with code 0
[2026-04-22T13:36:36-05:00] DEBUG [router]: Transport 4925daea-116b-04cc-923c-2749d51d83e3 latency (RSN fallback): 154.49 ms
[2026-04-22T13:36:36-05:00] DEBUG [RouteGroup rAddr:0282213369836321323dfaa492564ceb8a9a5e7e8ff044c46c92949a787ec51fb0:46, lAddr:02e26350c58c54c79e472608b6f6600ca1d139038b822c296fb2f144670052e7ce:46]: RouteGroup closed, stopping keep-alive loop
[2026-04-22T13:36:36-05:00] DEBUG [transport_manager]: Transport 4925daea-116b-04cc-923c-2749d51d83e3 latency (RSN fallback): 154.49 ms
[2026-04-22T13:36:36-05:00] DEBUG [RouteGroup rAddr:0282213369836321323dfaa492564ceb8a9a5e7e8ff044c46c92949a787ec51fb0:46, lAddr:02e26350c58c54c79e472608b6f6600ca1d139038b822c296fb2f144670052e7ce:46]: RouteGroup closed, stopping sack loop
[2026-04-22T13:36:36-05:00] DEBUG [stcpr]: Re-registering STCPR with address resolver
[2026-04-22T13:36:36-05:00] DEBUG httpClient.BindSTCPR [address_resolver]: Address resolver binding with: [192.168.1.118 70.121.13.123]
[2026-04-22T13:36:37-05:00] DEBUG [stcpr]: Successfully re-registered STCPR
[2026-04-22T13:36:41-05:00] DEBUG ClientSession.DialStream [dmsgC]: Stream closed on failure. close_error=<nil> dst_addr=0358ee2dd4d5f4049ea7017f67f41d3ff9b7524609d9f4b9508b848a18932775a0:100 error="i/o deadline reached" ports_reserved=12 session=0326978f5a53aff537dbb47fed58b1f123af3b00132d365f1309a14db4168dcff7
[2026-04-22T13:36:41-05:00] DEBUG [dmsgC]: DialStream failed via cached route, evicting error="i/o deadline reached" server=0326978f5a53aff537dbb47fed58b1f123af3b00132d365f1309a14db4168dcff7
[2026-04-22T13:36:45-05:00] DEBUG [transport_manager]: Error dialing transport to 03e8ba9b72b48bb91f89939da523e61c8ec97a68258f7fdde48a374b9ee5b709e5 via sudph: mt.client.Dial: handshake failed: timeout

[2026-04-22T13:36:45-05:00] WARN [public_autoconnect]: Failed to add transport error="save transport: mt.client.Dial: handshake failed: timeout
" pk=03e8ba9b72b48bb91f89939da523e61c8ec97a68258f7fdde48a374b9ee5b709e5 type=sudph
[2026-04-22T13:36:46-05:00] DEBUG [cli_rpc]: CLI RPC stats: active=0, total=2, errors=0, peak=1
[2026-04-22T13:36:47-05:00] DEBUG ClientSession.DialStream [dmsgC]: Stream closed on failure. close_error=<nil> dst_addr=037973476149b071e02086c7e91199104bbb32a0103b47566ba14342064a78904a:100 error="i/o deadline reached" ports_reserved=14 session=0281a102c82820e811368c8d028cf11b1a985043b726b1bcdb8fce89b27384b2cb
[2026-04-22T13:36:47-05:00] DEBUG [dmsgC]: DialStream failed via cached route, evicting error="i/o deadline reached" server=0281a102c82820e811368c8d028cf11b1a985043b726b1bcdb8fce89b27384b2cb
[2026-04-22T13:36:50-05:00] DEBUG ClientSession.DialStream [dmsgC]: Stream closed on failure. close_error=<nil> dst_addr=02115765cd328289ec3a9d6d3395eebcb43ea9ee849427fb382230c908692855c4:136 error="i/o deadline reached" ports_reserved=14 session=0326978f5a53aff537dbb47fed58b1f123af3b00132d365f1309a14db4168dcff7
[2026-04-22T13:36:50-05:00] DEBUG [dmsgC]: DialStream failed via cached route, evicting error="i/o deadline reached" server=0326978f5a53aff537dbb47fed58b1f123af3b00132d365f1309a14db4168dcff7
[2026-04-22T13:36:50-05:00] DEBUG ClientSession.DialStream [dmsgC]: Stream closed on failure. close_error=<nil> dst_addr=02115765cd328289ec3a9d6d3395eebcb43ea9ee849427fb382230c908692855c4:136 error="context deadline exceeded" ports_reserved=14 session=0371ab4bcff7b121f4b91f6856d6740c6f9dc1fe716977850aeb5d84378b300a13
[2026-04-22T13:36:50-05:00] DEBUG [dmsgC]: DialStream failed via new session, trying next server error="context deadline exceeded" server=0371ab4bcff7b121f4b91f6856d6740c6f9dc1fe716977850aeb5d84378b300a13
[2026-04-22T13:36:50-05:00] DEBUG [public_autoconnect]: Skipping visor: dmsg probe failed (unreachable) pk=02115765cd328289ec3a9d6d3395eebcb43ea9ee849427fb382230c908692855c4 type=sudph
[2026-04-22T13:36:51-05:00] DEBUG [public_autoconnect]: Trying to add transport pk=0364cf243d3397603d11813cc05b080d0df771633a58bfe9c312b7fddcc0ce8f75 type=sudph
[2026-04-22T13:36:51-05:00] DEBUG [transport_manager]: Initializing TP with ID 0403cf1a-9db0-0e06-9996-7b639f3edaac
[2026-04-22T13:36:51-05:00] DEBUG [transport_manager]: Dialing transport to 0364cf243d3397603d11813cc05b080d0df771633a58bfe9c312b7fddcc0ce8f75 via sudph
[2026-04-22T13:36:51-05:00] DEBUG [sudph]: Resolved PK 0364cf243d3397603d11813cc05b080d0df771633a58bfe9c312b7fddcc0ce8f75 to visor data {103.250.14.222:54841 false {54841 [127.0.0.1 192.168.3.28 172.17.0.1 ::1]}}
[2026-04-22T13:36:51-05:00] DEBUG [sudph]: Dialing public address: 103.250.14.222:54841
[2026-04-22T13:36:51-05:00] DEBUG [sudph]: Dialing 103.250.14.222:54841
[2026-04-22T13:36:51-05:00] DEBUG [sudph]: Dialed 103.250.14.222:54841
[2026-04-22T13:36:51-05:00] DEBUG [sudph]: Performing handshake with 103.250.14.222:54841
[2026-04-22T13:36:53-05:00] DEBUG ClientSession.DialStream [dmsgC]: Stream closed on failure. close_error=<nil> dst_addr=02e8ecb5c32a510f32967be997eeaab549e45a5c0d01ca49061f7c1b8e707a01e6:100 error="i/o deadline reached" ports_reserved=14 session=0371ab4bcff7b121f4b91f6856d6740c6f9dc1fe716977850aeb5d84378b300a13
[2026-04-22T13:36:53-05:00] DEBUG [dmsgC]: DialStream failed, trying next session error="i/o deadline reached" server=0371ab4bcff7b121f4b91f6856d6740c6f9dc1fe716977850aeb5d84378b300a13
[2026-04-22T13:36:58-05:00] DEBUG ClientSession.DialStream [dmsgC]: Stream closed on failure. close_error=<nil> dst_addr=02e8ecb5c32a510f32967be997eeaab549e45a5c0d01ca49061f7c1b8e707a01e6:100 error="i/o deadline reached" ports_reserved=14 session=03717576ada5b1744e395c66c2bb11cea73b0e23d0dcd54422139b1a7f12e962c4
[2026-04-22T13:36:58-05:00] DEBUG [dmsgC]: DialStream failed, trying next session error="i/o deadline reached" server=03717576ada5b1744e395c66c2bb11cea73b0e23d0dcd54422139b1a7f12e962c4
[2026-04-22T13:37:01-05:00] DEBUG [transport_manager]: Error dialing transport to 0364cf243d3397603d11813cc05b080d0df771633a58bfe9c312b7fddcc0ce8f75 via sudph: mt.client.Dial: handshake failed: timeout

[2026-04-22T13:37:01-05:00] WARN [public_autoconnect]: Failed to add transport error="save transport: mt.client.Dial: handshake failed: timeout
" pk=0364cf243d3397603d11813cc05b080d0df771633a58bfe9c312b7fddcc0ce8f75 type=sudph
[2026-04-22T13:37:04-05:00] DEBUG ClientSession.DialStream [dmsgC]: Stream closed on failure. close_error=<nil> dst_addr=0215593fad3817adea95dfcedac271ba0050297bd48740bc8566bbcecfe65c3dce:100 error="i/o deadline reached" ports_reserved=17 session=03717576ada5b1744e395c66c2bb11cea73b0e23d0dcd54422139b1a7f12e962c4
[2026-04-22T13:37:04-05:00] DEBUG [dmsgC]: DialStream failed, trying next session error="i/o deadline reached" server=03717576ada5b1744e395c66c2bb11cea73b0e23d0dcd54422139b1a7f12e962c4
[2026-04-22T13:37:04-05:00] DEBUG ClientSession.DialStream [dmsgC]: Stream closed on failure. close_error=<nil> dst_addr=03b647bc37980d0fea7aad2f7ccc5d8086b31f5c9ae8485ffd02b8777e030c9ace:100 error="i/o deadline reached" ports_reserved=18 session=0326978f5a53aff537dbb47fed58b1f123af3b00132d365f1309a14db4168dcff7
[2026-04-22T13:37:04-05:00] DEBUG [dmsgC]: DialStream failed via cached route, evicting error="i/o deadline reached" server=0326978f5a53aff537dbb47fed58b1f123af3b00132d365f1309a14db4168dcff7
[2026-04-22T13:37:06-05:00] DEBUG ClientSession.DialStream [dmsgC]: Stream closed on failure. close_error=<nil> dst_addr=0332a0fcf643a9d4a56ba252e6a6e67bab885d0cb4ec942f8b93c40c0df5152b09:136 error="i/o deadline reached" ports_reserved=18 session=0326978f5a53aff537dbb47fed58b1f123af3b00132d365f1309a14db4168dcff7
[2026-04-22T13:37:06-05:00] DEBUG [dmsgC]: DialStream failed via cached route, evicting error="i/o deadline reached" server=0326978f5a53aff537dbb47fed58b1f123af3b00132d365f1309a14db4168dcff7
[2026-04-22T13:37:06-05:00] DEBUG ClientSession.DialStream [dmsgC]: Stream closed on failure. close_error=<nil> dst_addr=0332a0fcf643a9d4a56ba252e6a6e67bab885d0cb4ec942f8b93c40c0df5152b09:136 error="context deadline exceeded" ports_reserved=18 session=0281a102c82820e811368c8d028cf11b1a985043b726b1bcdb8fce89b27384b2cb
[2026-04-22T13:37:06-05:00] DEBUG [dmsgC]: DialStream failed via new session, trying next server error="context deadline exceeded" server=0281a102c82820e811368c8d028cf11b1a985043b726b1bcdb8fce89b27384b2cb
[2026-04-22T13:37:06-05:00] DEBUG [public_autoconnect]: Skipping visor: dmsg probe failed (unreachable) pk=0332a0fcf643a9d4a56ba252e6a6e67bab885d0cb4ec942f8b93c40c0df5152b09 type=sudph
[2026-04-22T13:37:08-05:00] DEBUG [visor]: Saving transport to 0282213369836321323dfaa492564ceb8a9a5e7e8ff044c46c92949a787ec51fb0 via dmsg with label skycoin
[2026-04-22T13:37:08-05:00] DEBUG [transport_manager]: Initializing TP with ID 0c9ecea4-f8f8-0af5-8d92-8e0dca975f9f
[2026-04-22T13:37:08-05:00] DEBUG [transport_manager]: Using no-op discovery client for self-transport
[2026-04-22T13:37:08-05:00] DEBUG [transport_manager]: Dialing transport to 0282213369836321323dfaa492564ceb8a9a5e7e8ff044c46c92949a787ec51fb0 via dmsg
[2026-04-22T13:37:09-05:00] DEBUG [transport_manager]: recv transport request: type(dmsg) remote(0282213369836321323dfaa492564ceb8a9a5e7e8ff044c46c92949a787ec51fb0)
[2026-04-22T13:37:09-05:00] DEBUG [transport_manager]: No TP found, creating new one
[2026-04-22T13:37:09-05:00] DEBUG [transport_manager]: Using no-op discovery client for self-transport (accept)
[2026-04-22T13:37:09-05:00] DEBUG [tp:028221]: Skipping settlement handshake for self-connection (noop discovery client)
[2026-04-22T13:37:09-05:00] DEBUG [tp:028221]: Serving. remote_pk=0282213369836321323dfaa492564ceb8a9a5e7e8ff044c46c92949a787ec51fb0 tp_id=0c9ecea4-f8f8-0af5-8d92-8e0dca975f9f tp_index=6
[2026-04-22T13:37:09-05:00] DEBUG [tp:028221]: Setting underlying transport...
[2026-04-22T13:37:09-05:00] DEBUG [tp:028221]: Sent signal to 'mt.transportCh'.
[2026-04-22T13:37:09-05:00] DEBUG [transport_manager]: accepted tp: type(dmsg) remote(0282213369836321323dfaa492564ceb8a9a5e7e8ff044c46c92949a787ec51fb0) tpID(0c9ecea4-f8f8-0af5-8d92-8e0dca975f9f) new(true)
[2026-04-22T13:37:09-05:00] DEBUG [transport_manager]: Registration nudge received, debouncing...
[2026-04-22T13:37:09-05:00] DEBUG ClientSession.DialStream [dmsgC]: Stream closed on failure. close_error=<nil> dst_addr=0215593fad3817adea95dfcedac271ba0050297bd48740bc8566bbcecfe65c3dce:100 error="i/o deadline reached" ports_reserved=18 session=0371ab4bcff7b121f4b91f6856d6740c6f9dc1fe716977850aeb5d84378b300a13
[2026-04-22T13:37:09-05:00] DEBUG [dmsgC]: DialStream failed, trying next session error="i/o deadline reached" server=0371ab4bcff7b121f4b91f6856d6740c6f9dc1fe716977850aeb5d84378b300a13
[2026-04-22T13:37:09-05:00] DEBUG ClientSession.DialStream [dmsgC]: Stream closed on failure. close_error=<nil> dst_addr=0215593fad3817adea95dfcedac271ba0050297bd48740bc8566bbcecfe65c3dce:100 error="context deadline exceeded" ports_reserved=18 session=03717576ada5b1744e395c66c2bb11cea73b0e23d0dcd54422139b1a7f12e962c4
[2026-04-22T13:37:09-05:00] DEBUG [dmsgC]: DialStream failed via new session, trying next server error="context deadline exceeded" server=03717576ada5b1744e395c66c2bb11cea73b0e23d0dcd54422139b1a7f12e962c4
[2026-04-22T13:37:09-05:00] DEBUG ClientSession.DialStream [dmsgC]: Stream closed on failure. close_error=<nil> dst_addr=03b647bc37980d0fea7aad2f7ccc5d8086b31f5c9ae8485ffd02b8777e030c9ace:100 error="i/o deadline reached" ports_reserved=18 session=03717576ada5b1744e395c66c2bb11cea73b0e23d0dcd54422139b1a7f12e962c4
[2026-04-22T13:37:09-05:00] DEBUG [dmsgC]: DialStream failed, trying next session error="i/o deadline reached" server=03717576ada5b1744e395c66c2bb11cea73b0e23d0dcd54422139b1a7f12e962c4
[2026-04-22T13:37:09-05:00] DEBUG ClientSession.DialStream [dmsgC]: Stream closed on failure. close_error=<nil> dst_addr=03b647bc37980d0fea7aad2f7ccc5d8086b31f5c9ae8485ffd02b8777e030c9ace:100 error="context deadline exceeded" ports_reserved=18 session=0281a102c82820e811368c8d028cf11b1a985043b726b1bcdb8fce89b27384b2cb
[2026-04-22T13:37:09-05:00] DEBUG [dmsgC]: DialStream failed via new session, trying next server error="context deadline exceeded" server=0281a102c82820e811368c8d028cf11b1a985043b726b1bcdb8fce89b27384b2cb
[2026-04-22T13:37:09-05:00] DEBUG [tp:028221]: Skipping settlement handshake for self-connection (noop discovery client)
[2026-04-22T13:37:09-05:00] DEBUG [tp:028221]: Sent signal to 'mt.transportCh'.
[2026-04-22T13:37:09-05:00] DEBUG [transport_manager]: saved transport: remote(0282213369836321323dfaa492564ceb8a9a5e7e8ff044c46c92949a787ec51fb0) type(dmsg) tpID(0c9ecea4-f8f8-0af5-8d92-8e0dca975f9f)
[2026-04-22T13:37:09-05:00] DEBUG [tp:028221]: Serving. remote_pk=0282213369836321323dfaa492564ceb8a9a5e7e8ff044c46c92949a787ec51fb0 tp_id=0c9ecea4-f8f8-0af5-8d92-8e0dca975f9f tp_index=7
[2026-04-22T13:37:09-05:00] DEBUG [visor]: Saved transport to 0282213369836321323dfaa492564ceb8a9a5e7e8ff044c46c92949a787ec51fb0 via dmsg, label skycoin
[2026-04-22T13:37:09-05:00] DEBUG [transportable]: Visor transportability check passed
[2026-04-22T13:37:09-05:00] DEBUG [tp:028221]: Stopped log loop
[2026-04-22T13:37:09-05:00] DEBUG [tp:028221]: Stopped serving. remaining_tps=6 remote_pk=0282213369836321323dfaa492564ceb8a9a5e7e8ff044c46c92949a787ec51fb0 tp_id=0c9ecea4-f8f8-0af5-8d92-8e0dca975f9f tp_index=7
[2026-04-22T13:37:09-05:00] WARN [tp:028221]: Failed to read packet, closing transport error="transport is no longer being served" src="read_loop"
[2026-04-22T13:37:09-05:00] DEBUG [transport_manager]: Deletion nudge received, debouncing...
[2026-04-22T13:37:09-05:00] DEBUG readPacket [tp:028221]: Failed to read packet header. error=EOF
[2026-04-22T13:37:09-05:00] DEBUG [tp:028221]: Transport closed, stopping read loop error=EOF src="read_loop"
[2026-04-22T13:37:09-05:00] DEBUG [tp:028221]: Stopped log loop
[2026-04-22T13:37:09-05:00] DEBUG [tp:028221]: Stopped serving. remaining_tps=5 remote_pk=0282213369836321323dfaa492564ceb8a9a5e7e8ff044c46c92949a787ec51fb0 tp_id=0c9ecea4-f8f8-0af5-8d92-8e0dca975f9f tp_index=6
[2026-04-22T13:37:11-05:00] DEBUG ClientSession.DialStream [dmsgC]: Stream closed on failure. close_error=<nil> dst_addr=03dfb9788f2cf54f340998357654aaa7306989f40a43f6c5a77c4327335fb3ad41:136 error="i/o deadline reached" ports_reserved=17 session=0371ab4bcff7b121f4b91f6856d6740c6f9dc1fe716977850aeb5d84378b300a13
[2026-04-22T13:37:11-05:00] DEBUG [dmsgC]: DialStream failed via cached route, evicting error="i/o deadline reached" server=0371ab4bcff7b121f4b91f6856d6740c6f9dc1fe716977850aeb5d84378b300a13
[2026-04-22T13:37:11-05:00] DEBUG ClientSession.DialStream [dmsgC]: Stream closed on failure. close_error=<nil> dst_addr=03dfb9788f2cf54f340998357654aaa7306989f40a43f6c5a77c4327335fb3ad41:136 error="context deadline exceeded" ports_reserved=17 session=0281a102c82820e811368c8d028cf11b1a985043b726b1bcdb8fce89b27384b2cb
[2026-04-22T13:37:11-05:00] DEBUG [dmsgC]: DialStream failed via new session, trying next server error="context deadline exceeded" server=0281a102c82820e811368c8d028cf11b1a985043b726b1bcdb8fce89b27384b2cb
[2026-04-22T13:37:11-05:00] DEBUG ClientSession.DialStream [dmsgC]: Stream closed on failure. close_error=<nil> dst_addr=03dfb9788f2cf54f340998357654aaa7306989f40a43f6c5a77c4327335fb3ad41:136 error="context deadline exceeded" ports_reserved=17 session=0371ab4bcff7b121f4b91f6856d6740c6f9dc1fe716977850aeb5d84378b300a13
[2026-04-22T13:37:11-05:00] DEBUG [dmsgC]: DialStream failed via new session, trying next server error="context deadline exceeded" server=0371ab4bcff7b121f4b91f6856d6740c6f9dc1fe716977850aeb5d84378b300a13
[2026-04-22T13:37:11-05:00] DEBUG [public_autoconnect]: Skipping visor: dmsg probe failed (unreachable) pk=03dfb9788f2cf54f340998357654aaa7306989f40a43f6c5a77c4327335fb3ad41 type=sudph
[2026-04-22T13:37:14-05:00] DEBUG [transport_manager]: Batch deleting 2 transports from TPD
[2026-04-22T13:37:14-05:00] DEBUG ClientSession.DialStream [dmsgC]: Stream closed on failure. close_error=<nil> dst_addr=03b5a2848c732aa6cccd2eae61f9d3991be050389433beddcef05a8cb85d70a3e0:100 error="i/o deadline reached" ports_reserved=18 session=0326978f5a53aff537dbb47fed58b1f123af3b00132d365f1309a14db4168dcff7
[2026-04-22T13:37:14-05:00] DEBUG [dmsgC]: DialStream failed via cached route, evicting error="i/o deadline reached" server=0326978f5a53aff537dbb47fed58b1f123af3b00132d365f1309a14db4168dcff7
[2026-04-22T13:37:14-05:00] DEBUG [transport_manager]: Batch deleted 0/2 transports from TPD
[2026-04-22T13:37:16-05:00] DEBUG [cli_rpc]: CLI RPC stats: active=0, total=2, errors=0, peak=1
[2026-04-22T13:37:16-05:00] WARN [router]: closing conn from untrusted setup node: <nil>
[2026-04-22T13:37:17-05:00] WARN [self_probe]: Self-probe FAILED: dmsg listener unreachable (persistent) consecutive_failures=26 cooldown_remaining=4m0s port=80
[2026-04-22T13:37:17-05:00] DEBUG ClientSession.DialStream [dmsgC]: Stream closed on failure. close_error=<nil> dst_addr=031b80d5d295d341b3096aedd5663e459ca6bd8358e4ed1d70fefed641d221dc54:136 error="i/o deadline reached" ports_reserved=19 session=0326978f5a53aff537dbb47fed58b1f123af3b00132d365f1309a14db4168dcff7
[2026-04-22T13:37:17-05:00] DEBUG [dmsgC]: DialStream failed via cached route, evicting error="i/o deadline reached" server=0326978f5a53aff537dbb47fed58b1f123af3b00132d365f1309a14db4168dcff7
[2026-04-22T13:37:17-05:00] DEBUG ClientSession.DialStream [dmsgC]: Stream closed on failure. close_error=<nil> dst_addr=031b80d5d295d341b3096aedd5663e459ca6bd8358e4ed1d70fefed641d221dc54:136 error="context deadline exceeded" ports_reserved=19 session=0281a102c82820e811368c8d028cf11b1a985043b726b1bcdb8fce89b27384b2cb
[2026-04-22T13:37:17-05:00] DEBUG [dmsgC]: DialStream failed via new session, trying next server error="context deadline exceeded" server=0281a102c82820e811368c8d028cf11b1a985043b726b1bcdb8fce89b27384b2cb
[2026-04-22T13:37:17-05:00] DEBUG ClientSession.DialStream [dmsgC]: Stream closed on failure. close_error=<nil> dst_addr=031b80d5d295d341b3096aedd5663e459ca6bd8358e4ed1d70fefed641d221dc54:136 error="context deadline exceeded" ports_reserved=19 session=0371ab4bcff7b121f4b91f6856d6740c6f9dc1fe716977850aeb5d84378b300a13
[2026-04-22T13:37:17-05:00] DEBUG [dmsgC]: DialStream failed via new session, trying next server error="context deadline exceeded" server=0371ab4bcff7b121f4b91f6856d6740c6f9dc1fe716977850aeb5d84378b300a13
[2026-04-22T13:37:17-05:00] DEBUG [public_autoconnect]: Skipping visor: dmsg probe failed (unreachable) pk=031b80d5d295d341b3096aedd5663e459ca6bd8358e4ed1d70fefed641d221dc54 type=sudph
[2026-04-22T13:37:17-05:00] DEBUG [public_autoconnect]: Trying to add transport pk=0312761f684fafd2dc2ece3d70805239d9773bc305b4d6d2b0e02d968e6a863330 type=sudph
[2026-04-22T13:37:17-05:00] DEBUG [transport_manager]: Initializing TP with ID 15e09c55-413d-0eca-955f-c86943a60bdd
[2026-04-22T13:37:17-05:00] DEBUG [transport_manager]: Dialing transport to 0312761f684fafd2dc2ece3d70805239d9773bc305b4d6d2b0e02d968e6a863330 via sudph
[2026-04-22T13:37:18-05:00] DEBUG [sudph]: Resolved PK 0312761f684fafd2dc2ece3d70805239d9773bc305b4d6d2b0e02d968e6a863330 to visor data {103.167.4.142:43595 false {43595 [127.0.0.1 192.168.7.236 ::1]}}
[2026-04-22T13:37:18-05:00] DEBUG [sudph]: Dialing public address: 103.167.4.142:43595
[2026-04-22T13:37:18-05:00] DEBUG [sudph]: Dialing 103.167.4.142:43595
[2026-04-22T13:37:18-05:00] DEBUG [sudph]: Dialed 103.167.4.142:43595
[2026-04-22T13:37:18-05:00] DEBUG [sudph]: Performing handshake with 103.167.4.142:43595
[2026-04-22T13:37:20-05:00] DEBUG ClientSession.DialStream [dmsgC]: Stream closed on failure. close_error=<nil> dst_addr=02df744c491f4a0ec5a26b4817f47763145fb02bcf71ac547415babefef2dbaa65:100 error="i/o deadline reached" ports_reserved=19 session=0281a102c82820e811368c8d028cf11b1a985043b726b1bcdb8fce89b27384b2cb
[2026-04-22T13:37:20-05:00] DEBUG [dmsgC]: DialStream failed via cached route, evicting error="i/o deadline reached" server=0281a102c82820e811368c8d028cf11b1a985043b726b1bcdb8fce89b27384b2cb
[2026-04-22T13:37:20-05:00] DEBUG ClientSession.DialStream [dmsgC]: Stream closed on failure. close_error=<nil> dst_addr=035c27a3ddc0071efd2e50c96bf81bc252ddb0e0167d2cd3a34285856476249d35:100 error="i/o deadline reached" ports_reserved=20 session=0326978f5a53aff537dbb47fed58b1f123af3b00132d365f1309a14db4168dcff7
[2026-04-22T13:37:20-05:00] DEBUG [dmsgC]: DialStream failed via cached route, evicting error="i/o deadline reached" server=0326978f5a53aff537dbb47fed58b1f123af3b00132d365f1309a14db4168dcff7
[2026-04-22T13:37:21-05:00] DEBUG [dmsgC]: Updating entry.
 entry=	version: 0.0.1
	sequence: 29
	registered at: 1776882980565314052
	static public key: 0282213369836321323dfaa492564ceb8a9a5e7e8ff044c46c92949a787ec51fb0
	signature: b8dad2534508e8fefccc721dc33928853b529f5463c1e87c250c0214de47a0bd48d20383e9f32b7edd64846aab5a092711ce776440fbaba10efe2cfa06860e9901
	entry is registered as client. Related info: 
		delegated servers: 
			03717576ada5b1744e395c66c2bb11cea73b0e23d0dcd54422139b1a7f12e962c4
			0281a102c82820e811368c8d028cf11b1a985043b726b1bcdb8fce89b27384b2cb
			0371ab4bcff7b121f4b91f6856d6740c6f9dc1fe716977850aeb5d84378b300a13
			0326978f5a53aff537dbb47fed58b1f123af3b00132d365f1309a14db4168dcff7


[2026-04-22T13:37:28-05:00] DEBUG [transport_manager]: Error dialing transport to 0312761f684fafd2dc2ece3d70805239d9773bc305b4d6d2b0e02d968e6a863330 via sudph: mt.client.Dial: handshake failed: timeout

[2026-04-22T13:37:28-05:00] WARN [public_autoconnect]: Failed to add transport error="save transport: mt.client.Dial: handshake failed: timeout
" pk=0312761f684fafd2dc2ece3d70805239d9773bc305b4d6d2b0e02d968e6a863330 type=sudph
[2026-04-22T13:37:29-05:00] DEBUG [public_autoconnect]: Skipping visor: dmsg probe failed (unreachable) pk=0282e8907d4b87b5469bcd5d9446095c54c5a61b5610d3d736cd317f63c21b429b type=sudph
[2026-04-22T13:37:34-05:00] DEBUG ClientSession.DialStream [dmsgC]: Stream closed on failure. close_error=<nil> dst_addr=02e8ecb5c32a510f32967be997eeaab549e45a5c0d01ca49061f7c1b8e707a01e6:100 error="i/o deadline reached" ports_reserved=21 session=0371ab4bcff7b121f4b91f6856d6740c6f9dc1fe716977850aeb5d84378b300a13
[2026-04-22T13:37:34-05:00] DEBUG [dmsgC]: DialStream failed, trying next session error="i/o deadline reached" server=0371ab4bcff7b121f4b91f6856d6740c6f9dc1fe716977850aeb5d84378b300a13
[2026-04-22T13:37:34-05:00] DEBUG ClientSession.DialStream [dmsgC]: Stream closed on failure. close_error=<nil> dst_addr=025997ad608f043e697742518d384e5ef019b62b2838362b0dee63f8587f32c91a:136 error="i/o deadline reached" ports_reserved=21 session=0281a102c82820e811368c8d028cf11b1a985043b726b1bcdb8fce89b27384b2cb
[2026-04-22T13:37:34-05:00] DEBUG [dmsgC]: DialStream failed, trying next session error="i/o deadline reached" server=0281a102c82820e811368c8d028cf11b1a985043b726b1bcdb8fce89b27384b2cb
[2026-04-22T13:37:34-05:00] DEBUG ClientSession.DialStream [dmsgC]: Stream closed on failure. close_error=<nil> dst_addr=025997ad608f043e697742518d384e5ef019b62b2838362b0dee63f8587f32c91a:136 error="context deadline exceeded" ports_reserved=21 session=0281a102c82820e811368c8d028cf11b1a985043b726b1bcdb8fce89b27384b2cb
[2026-04-22T13:37:34-05:00] DEBUG [dmsgC]: DialStream failed via new session, trying next server error="context deadline exceeded" server=0281a102c82820e811368c8d028cf11b1a985043b726b1bcdb8fce89b27384b2cb
[2026-04-22T13:37:34-05:00] DEBUG [public_autoconnect]: Skipping visor: dmsg probe failed (unreachable) pk=025997ad608f043e697742518d384e5ef019b62b2838362b0dee63f8587f32c91a type=sudph
[2026-04-22T13:37:39-05:00] DEBUG ClientSession.DialStream [dmsgC]: Stream closed on failure. close_error=<nil> dst_addr=02e8ecb5c32a510f32967be997eeaab549e45a5c0d01ca49061f7c1b8e707a01e6:100 error="i/o deadline reached" ports_reserved=21 session=0326978f5a53aff537dbb47fed58b1f123af3b00132d365f1309a14db4168dcff7
[2026-04-22T13:37:39-05:00] DEBUG [dmsgC]: DialStream failed, trying next session error="i/o deadline reached" server=0326978f5a53aff537dbb47fed58b1f123af3b00132d365f1309a14db4168dcff7
[2026-04-22T13:37:39-05:00] DEBUG ClientSession.DialStream [dmsgC]: Stream closed on failure. close_error=<nil> dst_addr=02e8ecb5c32a510f32967be997eeaab549e45a5c0d01ca49061f7c1b8e707a01e6:100 error="context deadline exceeded" ports_reserved=21 session=0371ab4bcff7b121f4b91f6856d6740c6f9dc1fe716977850aeb5d84378b300a13
[2026-04-22T13:37:39-05:00] DEBUG [dmsgC]: DialStream failed via new session, trying next server error="context deadline exceeded" server=0371ab4bcff7b121f4b91f6856d6740c6f9dc1fe716977850aeb5d84378b300a13
[2026-04-22T13:37:39-05:00] DEBUG [dht]: PutValue failed error="dht dmsg dial 02e8ecb5: dmsg error 202 - cannot connect to delegated server" peer=02e8ecb5
[2026-04-22T13:37:39-05:00] DEBUG [dht]: PutValue failed error="dht dmsg dial 02864d02: dmsg error 100 - entry is not found in discovery: entry of public key is not found" peer=02864d02
[2026-04-22T13:37:39-05:00] DEBUG ClientSession.DialStream [dmsgC]: Stream closed on failure. close_error=<nil> dst_addr=020b5b6ba5422d38e466009ccf78853bc4028e9a0bcbcdfa13d8ea3da61bd23c47:136 error="i/o deadline reached" ports_reserved=20 session=0281a102c82820e811368c8d028cf11b1a985043b726b1bcdb8fce89b27384b2cb
[2026-04-22T13:37:39-05:00] DEBUG [dmsgC]: DialStream failed, trying next session error="i/o deadline reached" server=0281a102c82820e811368c8d028cf11b1a985043b726b1bcdb8fce89b27384b2cb
[2026-04-22T13:37:39-05:00] DEBUG ClientSession.DialStream [dmsgC]: Stream closed on failure. close_error=<nil> dst_addr=020b5b6ba5422d38e466009ccf78853bc4028e9a0bcbcdfa13d8ea3da61bd23c47:136 error="context deadline exceeded" ports_reserved=20 session=0281a102c82820e811368c8d028cf11b1a985043b726b1bcdb8fce89b27384b2cb
[2026-04-22T13:37:39-05:00] DEBUG [dmsgC]: DialStream failed via new session, trying next server error="context deadline exceeded" server=0281a102c82820e811368c8d028cf11b1a985043b726b1bcdb8fce89b27384b2cb
[2026-04-22T13:37:39-05:00] DEBUG [public_autoconnect]: Skipping visor: dmsg probe failed (unreachable) pk=020b5b6ba5422d38e466009ccf78853bc4028e9a0bcbcdfa13d8ea3da61bd23c47 type=sudph
[2026-04-22T13:37:45-05:00] DEBUG ClientSession.DialStream [dmsgC]: Stream closed on failure. close_error=<nil> dst_addr=02a4703d00508f93f9c0416ff860cd67fa0c141755cafabdca79f1e83dbc0c687a:136 error="i/o deadline reached" ports_reserved=21 session=0371ab4bcff7b121f4b91f6856d6740c6f9dc1fe716977850aeb5d84378b300a13
[2026-04-22T13:37:45-05:00] DEBUG [dmsgC]: DialStream failed, trying next session error="i/o deadline reached" server=0371ab4bcff7b121f4b91f6856d6740c6f9dc1fe716977850aeb5d84378b300a13
[2026-04-22T13:37:45-05:00] DEBUG ClientSession.DialStream [dmsgC]: Stream closed on failure. close_error=<nil> dst_addr=02a4703d00508f93f9c0416ff860cd67fa0c141755cafabdca79f1e83dbc0c687a:136 error="context deadline exceeded" ports_reserved=21 session=0371ab4bcff7b121f4b91f6856d6740c6f9dc1fe716977850aeb5d84378b300a13
[2026-04-22T13:37:45-05:00] DEBUG [dmsgC]: DialStream failed via new session, trying next server error="context deadline exceeded" server=0371ab4bcff7b121f4b91f6856d6740c6f9dc1fe716977850aeb5d84378b300a13
[2026-04-22T13:37:45-05:00] DEBUG [public_autoconnect]: Skipping visor: dmsg probe failed (unreachable) pk=02a4703d00508f93f9c0416ff860cd67fa0c141755cafabdca79f1e83dbc0c687a type=sudph
[2026-04-22T13:37:45-05:00] DEBUG ClientSession.DialStream [dmsgC]: Stream closed on failure. close_error=<nil> dst_addr=03b647bc37980d0fea7aad2f7ccc5d8086b31f5c9ae8485ffd02b8777e030c9ace:100 error="i/o deadline reached" ports_reserved=22 session=0281a102c82820e811368c8d028cf11b1a985043b726b1bcdb8fce89b27384b2cb
[2026-04-22T13:37:45-05:00] DEBUG [dmsgC]: DialStream failed, trying next session error="i/o deadline reached" server=0281a102c82820e811368c8d028cf11b1a985043b726b1bcdb8fce89b27384b2cb
[2026-04-22T13:37:45-05:00] DEBUG [cli_rpc]: CLI RPC stats: active=0, total=2, errors=0, peak=1
[2026-04-22T13:37:50-05:00] DEBUG ClientSession.DialStream [dmsgC]: Stream closed on failure. close_error=<nil> dst_addr=0303bc0855349d92fd7abb5ea87905466c727aee30a763f49e144303946e972576:136 error="i/o deadline reached" ports_reserved=22 session=0371ab4bcff7b121f4b91f6856d6740c6f9dc1fe716977850aeb5d84378b300a13
[2026-04-22T13:37:50-05:00] DEBUG [dmsgC]: DialStream failed, trying next session error="i/o deadline reached" server=0371ab4bcff7b121f4b91f6856d6740c6f9dc1fe716977850aeb5d84378b300a13
[2026-04-22T13:37:50-05:00] DEBUG ClientSession.DialStream [dmsgC]: Stream closed on failure. close_error=<nil> dst_addr=0303bc0855349d92fd7abb5ea87905466c727aee30a763f49e144303946e972576:136 error="context deadline exceeded" ports_reserved=22 session=0281a102c82820e811368c8d028cf11b1a985043b726b1bcdb8fce89b27384b2cb
[2026-04-22T13:37:50-05:00] DEBUG [dmsgC]: DialStream failed via new session, trying next server error="context deadline exceeded" server=0281a102c82820e811368c8d028cf11b1a985043b726b1bcdb8fce89b27384b2cb
[2026-04-22T13:37:50-05:00] DEBUG ClientSession.DialStream [dmsgC]: Stream closed on failure. close_error=<nil> dst_addr=0303bc0855349d92fd7abb5ea87905466c727aee30a763f49e144303946e972576:136 error="context deadline exceeded" ports_reserved=22 session=0371ab4bcff7b121f4b91f6856d6740c6f9dc1fe716977850aeb5d84378b300a13
[2026-04-22T13:37:50-05:00] DEBUG [dmsgC]: DialStream failed via new session, trying next server error="context deadline exceeded" server=0371ab4bcff7b121f4b91f6856d6740c6f9dc1fe716977850aeb5d84378b300a13
[2026-04-22T13:37:50-05:00] DEBUG [public_autoconnect]: Skipping visor: dmsg probe failed (unreachable) pk=0303bc0855349d92fd7abb5ea87905466c727aee30a763f49e144303946e972576 type=sudph
[2026-04-22T13:37:50-05:00] DEBUG ClientSession.DialStream [dmsgC]: Stream closed on failure. close_error=<nil> dst_addr=03b647bc37980d0fea7aad2f7ccc5d8086b31f5c9ae8485ffd02b8777e030c9ace:100 error="i/o deadline reached" ports_reserved=22 session=03717576ada5b1744e395c66c2bb11cea73b0e23d0dcd54422139b1a7f12e962c4
[2026-04-22T13:37:50-05:00] DEBUG [dmsgC]: DialStream failed, trying next session error="i/o deadline reached" server=03717576ada5b1744e395c66c2bb11cea73b0e23d0dcd54422139b1a7f12e962c4
[2026-04-22T13:37:50-05:00] DEBUG ClientSession.DialStream [dmsgC]: Stream closed on failure. close_error=<nil> dst_addr=03b647bc37980d0fea7aad2f7ccc5d8086b31f5c9ae8485ffd02b8777e030c9ace:100 error="context deadline exceeded" ports_reserved=22 session=0281a102c82820e811368c8d028cf11b1a985043b726b1bcdb8fce89b27384b2cb
[2026-04-22T13:37:50-05:00] DEBUG [dmsgC]: DialStream failed via new session, trying next server error="context deadline exceeded" server=0281a102c82820e811368c8d028cf11b1a985043b726b1bcdb8fce89b27384b2cb
[2026-04-22T13:37:50-05:00] DEBUG [dht]: PutValue failed error="dht dmsg dial 03b647bc: dmsg error 202 - cannot connect to delegated server" peer=03b647bc
[2026-04-22T13:37:52-05:00] DEBUG [tp:0208bf]: No transport pong received, falling back to RSN latency measurement
[2026-04-22T13:37:52-05:00] DEBUG [router]: Measuring latency (RSN fallback) for transport 28b64184-eb10-05a5-94ce-49f839d7537c to 0208bf99efd4b8dc066044d6da90c649b78f8f78f30d876e74823ceb79ff2f504b
[2026-04-22T13:37:52-05:00] DEBUG [router]: PingRoute opts: TransportID=28b64184-eb10-05a5-94ce-49f839d7537c, ForwardHops=0, ReverseHops=0
[2026-04-22T13:37:52-05:00] DEBUG [router]: Using specified transport 28b64184-eb10-05a5-94ce-49f839d7537c for direct route to 0208bf99efd4b8dc066044d6da90c649b78f8f78f30d876e74823ceb79ff2f504b
[2026-04-22T13:37:52-05:00] DEBUG [router]: setupPingRoute: Desc.SrcPK=0282213369836321323dfaa492564ceb8a9a5e7e8ff044c46c92949a787ec51fb0, Desc.DstPK=0208bf99efd4b8dc066044d6da90c649b78f8f78f30d876e74823ceb79ff2f504b
[2026-04-22T13:37:52-05:00] DEBUG [router]: setupPingRoute: Forward[0] TpID=28b64184-eb10-05a5-94ce-49f839d7537c From=0282213369836321323dfaa492564ceb8a9a5e7e8ff044c46c92949a787ec51fb0 To=0208bf99efd4b8dc066044d6da90c649b78f8f78f30d876e74823ceb79ff2f504b
[2026-04-22T13:37:52-05:00] DEBUG [router]: setupPingRoute: Reverse[0] TpID=28b64184-eb10-05a5-94ce-49f839d7537c From=0208bf99efd4b8dc066044d6da90c649b78f8f78f30d876e74823ceb79ff2f504b To=0282213369836321323dfaa492564ceb8a9a5e7e8ff044c46c92949a787ec51fb0
[2026-04-22T13:37:52-05:00] INFO [router]: connected to setup node: 0324579f003e6b4048bae2def4365e634d8e0e3054a20fc7af49daf2a179658557
[2026-04-22T13:37:53-05:00] DEBUG [router]: Saved routing rule: keyRtID=3 type=Forward (total rules: 1)
[2026-04-22T13:37:53-05:00] DEBUG [router]: Save new Routing Rule with ID 3 FWD(keyRtID:3, nxtRtID:101, nxtTpID:28b64184-eb10-05a5-94ce-49f839d7537c, rAddr:0208bf99efd4b8dc066044d6da90c649b78f8f78f30d876e74823ceb79ff2f504b:46, lAddr:0282213369836321323dfaa492564ceb8a9a5e7e8ff044c46c92949a787ec51fb0:46)
[2026-04-22T13:37:53-05:00] DEBUG [router]: Saved routing rule: keyRtID=4 type=Consume (total rules: 2)
[2026-04-22T13:37:53-05:00] DEBUG [router]: Save new Routing Rule with ID 4 REV(keyRtID:4, rAddr:0282213369836321323dfaa492564ceb8a9a5e7e8ff044c46c92949a787ec51fb0:46, lAddr:0208bf99efd4b8dc066044d6da90c649b78f8f78f30d876e74823ceb79ff2f504b:46)
[2026-04-22T13:37:53-05:00] DEBUG [router]: Saving route group rules with desc: rAddr:0282213369836321323dfaa492564ceb8a9a5e7e8ff044c46c92949a787ec51fb0:46, lAddr:0208bf99efd4b8dc066044d6da90c649b78f8f78f30d876e74823ceb79ff2f504b:46
[2026-04-22T13:37:53-05:00] DEBUG [RouteGroup rAddr:0282213369836321323dfaa492564ceb8a9a5e7e8ff044c46c92949a787ec51fb0:46, lAddr:0208bf99efd4b8dc066044d6da90c649b78f8f78f30d876e74823ceb79ff2f504b:46]: Sent handshake via transport 28b64184-eb10-05a5-94ce-49f839d7537c
[2026-04-22T13:37:55-05:00] DEBUG ClientSession.DialStream [dmsgC]: Stream closed on failure. close_error=<nil> dst_addr=02c1e73909ff3477136c99126c0abb53fd1c2c375958e7fc84683972f5a7c225ea:136 error="i/o deadline reached" ports_reserved=22 session=0371ab4bcff7b121f4b91f6856d6740c6f9dc1fe716977850aeb5d84378b300a13
[2026-04-22T13:37:55-05:00] DEBUG [dmsgC]: DialStream failed, trying next session error="i/o deadline reached" server=0371ab4bcff7b121f4b91f6856d6740c6f9dc1fe716977850aeb5d84378b300a13
[2026-04-22T13:37:55-05:00] DEBUG ClientSession.DialStream [dmsgC]: Stream closed on failure. close_error=<nil> dst_addr=02c1e73909ff3477136c99126c0abb53fd1c2c375958e7fc84683972f5a7c225ea:136 error="context deadline exceeded" ports_reserved=22 session=0281a102c82820e811368c8d028cf11b1a985043b726b1bcdb8fce89b27384b2cb
[2026-04-22T13:37:55-05:00] DEBUG [dmsgC]: DialStream failed via new session, trying next server error="context deadline exceeded" server=0281a102c82820e811368c8d028cf11b1a985043b726b1bcdb8fce89b27384b2cb
[2026-04-22T13:37:55-05:00] DEBUG ClientSession.DialStream [dmsgC]: Stream closed on failure. close_error=<nil> dst_addr=02c1e73909ff3477136c99126c0abb53fd1c2c375958e7fc84683972f5a7c225ea:136 error="context deadline exceeded" ports_reserved=22 session=0371ab4bcff7b121f4b91f6856d6740c6f9dc1fe716977850aeb5d84378b300a13
[2026-04-22T13:37:55-05:00] DEBUG [dmsgC]: DialStream failed via new session, trying next server error="context deadline exceeded" server=0371ab4bcff7b121f4b91f6856d6740c6f9dc1fe716977850aeb5d84378b300a13
[2026-04-22T13:37:55-05:00] DEBUG [public_autoconnect]: Skipping visor: dmsg probe failed (unreachable) pk=02c1e73909ff3477136c99126c0abb53fd1c2c375958e7fc84683972f5a7c225ea type=sudph
[2026-04-22T13:37:55-05:00] DEBUG ClientSession.DialStream [dmsgC]: Stream closed on failure. close_error=<nil> dst_addr=03b9ca7bef87eec4d5943de54f261ed03c69b5441f8c24967d8196756912952a6d:100 error="i/o deadline reached" ports_reserved=23 session=0326978f5a53aff537dbb47fed58b1f123af3b00132d365f1309a14db4168dcff7
[2026-04-22T13:37:55-05:00] DEBUG [dmsgC]: DialStream failed via cached route, evicting error="i/o deadline reached" server=0326978f5a53aff537dbb47fed58b1f123af3b00132d365f1309a14db4168dcff7
[2026-04-22T13:38:00-05:00] DEBUG ClientSession.DialStream [dmsgC]: Stream closed on failure. close_error=<nil> dst_addr=035aff36439180108de31ecb84d41a90a20cde302db630c25cf5708aad57f5f3bd:136 error="i/o deadline reached" ports_reserved=23 session=0326978f5a53aff537dbb47fed58b1f123af3b00132d365f1309a14db4168dcff7
[2026-04-22T13:38:00-05:00] DEBUG [dmsgC]: DialStream failed via cached route, evicting error="i/o deadline reached" server=0326978f5a53aff537dbb47fed58b1f123af3b00132d365f1309a14db4168dcff7
[2026-04-22T13:38:00-05:00] DEBUG ClientSession.DialStream [dmsgC]: Stream closed on failure. close_error=<nil> dst_addr=035aff36439180108de31ecb84d41a90a20cde302db630c25cf5708aad57f5f3bd:136 error="context deadline exceeded" ports_reserved=23 session=03717576ada5b1744e395c66c2bb11cea73b0e23d0dcd54422139b1a7f12e962c4
[2026-04-22T13:38:00-05:00] DEBUG [dmsgC]: DialStream failed via new session, trying next server error="context deadline exceeded" server=03717576ada5b1744e395c66c2bb11cea73b0e23d0dcd54422139b1a7f12e962c4
[2026-04-22T13:38:00-05:00] DEBUG [public_autoconnect]: Skipping visor: dmsg probe failed (unreachable) pk=035aff36439180108de31ecb84d41a90a20cde302db630c25cf5708aad57f5f3bd type=sudph
[2026-04-22T13:38:01-05:00] DEBUG [public_autoconnect]: Skipping visor: dmsg probe failed (unreachable) pk=039ffc4777198e36ef6b3a9361f0990bd26dcfbb177972fd463f8771a5b37f8404 type=sudph
[2026-04-22T13:38:01-05:00] DEBUG ClientSession.DialStream [dmsgC]: Stream closed on failure. close_error=<nil> dst_addr=0215593fad3817adea95dfcedac271ba0050297bd48740bc8566bbcecfe65c3dce:100 error="i/o deadline reached" ports_reserved=24 session=0371ab4bcff7b121f4b91f6856d6740c6f9dc1fe716977850aeb5d84378b300a13
[2026-04-22T13:38:01-05:00] DEBUG [dmsgC]: DialStream failed, trying next session error="i/o deadline reached" server=0371ab4bcff7b121f4b91f6856d6740c6f9dc1fe716977850aeb5d84378b300a13
[2026-04-22T13:38:01-05:00] DEBUG [public_autoconnect]: Trying to add transport pk=027b7fc61d9582bf7f08559659fe39d0ea399d78e9ac5dc31dfb23788a5f0d23fb type=sudph
[2026-04-22T13:38:01-05:00] DEBUG [transport_manager]: Initializing TP with ID 7356dcad-1b76-0c04-a762-73883336d2d0
[2026-04-22T13:38:01-05:00] DEBUG [transport_manager]: Dialing transport to 027b7fc61d9582bf7f08559659fe39d0ea399d78e9ac5dc31dfb23788a5f0d23fb via sudph
[2026-04-22T13:38:02-05:00] DEBUG [sudph]: Resolved PK 027b7fc61d9582bf7f08559659fe39d0ea399d78e9ac5dc31dfb23788a5f0d23fb to visor data {153.124.161.206:49223 false {49223 [127.0.0.1 192.168.1.100 ::1]}}
[2026-04-22T13:38:02-05:00] DEBUG [sudph]: Dialing public address: 153.124.161.206:49223
[2026-04-22T13:38:02-05:00] DEBUG [sudph]: Dialing 153.124.161.206:49223
[2026-04-22T13:38:02-05:00] DEBUG [sudph]: Dialed 153.124.161.206:49223
[2026-04-22T13:38:02-05:00] DEBUG [sudph]: Performing handshake with 153.124.161.206:49223
[2026-04-22T13:38:06-05:00] DEBUG [stcpr]: Re-registering STCPR with address resolver
[2026-04-22T13:38:06-05:00] DEBUG httpClient.BindSTCPR [address_resolver]: Address resolver binding with: [192.168.1.118 70.121.13.123]
[2026-04-22T13:38:06-05:00] DEBUG ClientSession.DialStream [dmsgC]: Stream closed on failure. close_error=<nil> dst_addr=0215593fad3817adea95dfcedac271ba0050297bd48740bc8566bbcecfe65c3dce:100 error="i/o deadline reached" ports_reserved=23 session=03717576ada5b1744e395c66c2bb11cea73b0e23d0dcd54422139b1a7f12e962c4
[2026-04-22T13:38:06-05:00] DEBUG [dmsgC]: DialStream failed, trying next session error="i/o deadline reached" server=03717576ada5b1744e395c66c2bb11cea73b0e23d0dcd54422139b1a7f12e962c4
[2026-04-22T13:38:06-05:00] DEBUG ClientSession.DialStream [dmsgC]: Stream closed on failure. close_error=<nil> dst_addr=0215593fad3817adea95dfcedac271ba0050297bd48740bc8566bbcecfe65c3dce:100 error="context deadline exceeded" ports_reserved=23 session=03717576ada5b1744e395c66c2bb11cea73b0e23d0dcd54422139b1a7f12e962c4
[2026-04-22T13:38:06-05:00] DEBUG [dmsgC]: DialStream failed via new session, trying next server error="context deadline exceeded" server=03717576ada5b1744e395c66c2bb11cea73b0e23d0dcd54422139b1a7f12e962c4
[2026-04-22T13:38:06-05:00] DEBUG ClientSession.DialStream [dmsgC]: Stream closed on failure. close_error=<nil> dst_addr=0215593fad3817adea95dfcedac271ba0050297bd48740bc8566bbcecfe65c3dce:100 error="context deadline exceeded" ports_reserved=23 session=0371ab4bcff7b121f4b91f6856d6740c6f9dc1fe716977850aeb5d84378b300a13
[2026-04-22T13:38:06-05:00] DEBUG [dmsgC]: DialStream failed via new session, trying next server error="context deadline exceeded" server=0371ab4bcff7b121f4b91f6856d6740c6f9dc1fe716977850aeb5d84378b300a13
[2026-04-22T13:38:06-05:00] DEBUG [dht]: PutValue failed error="dht dmsg dial 0215593f: dmsg error 202 - cannot connect to delegated server" peer=0215593f
[2026-04-22T13:38:08-05:00] DEBUG [stcpr]: Successfully re-registered STCPR
[2026-04-22T13:38:12-05:00] DEBUG [transport_manager]: Error dialing transport to 027b7fc61d9582bf7f08559659fe39d0ea399d78e9ac5dc31dfb23788a5f0d23fb via sudph: mt.client.Dial: handshake failed: timeout

[2026-04-22T13:38:12-05:00] WARN [public_autoconnect]: Failed to add transport error="save transport: mt.client.Dial: handshake failed: timeout
" pk=027b7fc61d9582bf7f08559659fe39d0ea399d78e9ac5dc31dfb23788a5f0d23fb type=sudph
[2026-04-22T13:38:16-05:00] DEBUG [cli_rpc]: CLI RPC stats: active=0, total=2, errors=0, peak=1
[2026-04-22T13:38:16-05:00] WARN [router]: closing conn from untrusted setup node: <nil>
[2026-04-22T13:38:17-05:00] WARN [self_probe]: Self-probe FAILED: dmsg listener unreachable (persistent) consecutive_failures=27 cooldown_remaining=3m0s port=80
[2026-04-22T13:38:18-05:00] DEBUG ClientSession.DialStream [dmsgC]: Stream closed on failure. close_error=<nil> dst_addr=0383db4244c99a06c09e76274429cf1dd74812e5364e5c93f6dd2479ae0b809d2c:136 error="i/o deadline reached" ports_reserved=23 session=0371ab4bcff7b121f4b91f6856d6740c6f9dc1fe716977850aeb5d84378b300a13
[2026-04-22T13:38:18-05:00] DEBUG [dmsgC]: DialStream failed via cached route, evicting error="i/o deadline reached" server=0371ab4bcff7b121f4b91f6856d6740c6f9dc1fe716977850aeb5d84378b300a13
[2026-04-22T13:38:18-05:00] DEBUG ClientSession.DialStream [dmsgC]: Stream closed on failure. close_error=<nil> dst_addr=0383db4244c99a06c09e76274429cf1dd74812e5364e5c93f6dd2479ae0b809d2c:136 error="context deadline exceeded" ports_reserved=23 session=0371ab4bcff7b121f4b91f6856d6740c6f9dc1fe716977850aeb5d84378b300a13
[2026-04-22T13:38:18-05:00] DEBUG [dmsgC]: DialStream failed via new session, trying next server error="context deadline exceeded" server=0371ab4bcff7b121f4b91f6856d6740c6f9dc1fe716977850aeb5d84378b300a13
[2026-04-22T13:38:18-05:00] DEBUG [public_autoconnect]: Skipping visor: dmsg probe failed (unreachable) pk=0383db4244c99a06c09e76274429cf1dd74812e5364e5c93f6dd2479ae0b809d2c type=sudph
[2026-04-22T13:38:18-05:00] DEBUG [public_autoconnect]: Trying to add transport pk=030255ac60f6e9f42c2f301f81cade61fd85e6627d95c9ceca46381869e8dd3a14 type=sudph
[2026-04-22T13:38:18-05:00] DEBUG [transport_manager]: Initializing TP with ID cee30018-b76e-0b13-b4d0-ac746d219301
[2026-04-22T13:38:18-05:00] DEBUG [transport_manager]: Dialing transport to 030255ac60f6e9f42c2f301f81cade61fd85e6627d95c9ceca46381869e8dd3a14 via sudph
[2026-04-22T13:38:18-05:00] DEBUG [sudph]: Resolved PK 030255ac60f6e9f42c2f301f81cade61fd85e6627d95c9ceca46381869e8dd3a14 to visor data {89.24.166.183:39277 false {39277 [127.0.0.1 192.168.1.110 ::1 2001:1ae9:67:600:7cfd:218f:d4e9:ae84 2001:1ae9:67:600:4e3a:72cd:2a8:b2aa]}}
[2026-04-22T13:38:18-05:00] DEBUG [sudph]: Dialing public address: 89.24.166.183:39277
[2026-04-22T13:38:18-05:00] DEBUG [sudph]: Dialing 89.24.166.183:39277
[2026-04-22T13:38:18-05:00] DEBUG [sudph]: Dialed 89.24.166.183:39277
[2026-04-22T13:38:18-05:00] DEBUG [sudph]: Performing handshake with 89.24.166.183:39277
[2026-04-22T13:38:22-05:00] DEBUG [dmsgC]: Updating entry.
 entry=	version: 0.0.1
	sequence: 30
	registered at: 1776883041297817261
	static public key: 0282213369836321323dfaa492564ceb8a9a5e7e8ff044c46c92949a787ec51fb0
	signature: 50eabfdf7edd080e63ef29d8dece4dd6a82f3c508b5340d10c24da161359f8b51c9423ed3acbc7488916b916d2ebf28a60d85a3ba1148ecd9e6348cb6a11a82f00
	entry is registered as client. Related info: 
		delegated servers: 
			0281a102c82820e811368c8d028cf11b1a985043b726b1bcdb8fce89b27384b2cb
			0371ab4bcff7b121f4b91f6856d6740c6f9dc1fe716977850aeb5d84378b300a13
			0326978f5a53aff537dbb47fed58b1f123af3b00132d365f1309a14db4168dcff7
			03717576ada5b1744e395c66c2bb11cea73b0e23d0dcd54422139b1a7f12e962c4


[2026-04-22T13:38:23-05:00] DEBUG [router]: Created new ping route to 0208bf99efd4b8dc066044d6da90c649b78f8f78f30d876e74823ceb79ff2f504b on port 46
[2026-04-22T13:38:27-05:00] DEBUG [dht]: PutValue failed error="dht dmsg dial 02a49bc0: dmsg error 102 - entry is not of client in discovery" peer=02a49bc0
[2026-04-22T13:38:28-05:00] DEBUG [RouteGroup rAddr:0282213369836321323dfaa492564ceb8a9a5e7e8ff044c46c92949a787ec51fb0:46, lAddr:0208bf99efd4b8dc066044d6da90c649b78f8f78f30d876e74823ceb79ff2f504b:46]: Ping 1/5 timed out
[2026-04-22T13:38:28-05:00] DEBUG [transport_manager]: Error dialing transport to 030255ac60f6e9f42c2f301f81cade61fd85e6627d95c9ceca46381869e8dd3a14 via sudph: mt.client.Dial: handshake failed: timeout

[2026-04-22T13:38:28-05:00] WARN [public_autoconnect]: Failed to add transport error="save transport: mt.client.Dial: handshake failed: timeout
" pk=030255ac60f6e9f42c2f301f81cade61fd85e6627d95c9ceca46381869e8dd3a14 type=sudph
[2026-04-22T13:38:29-05:00] DEBUG [public_autoconnect]: Trying to add transport pk=03e124f95191c026169e59f8d86e29714006fcc482afcd17193461bda3f92ca6c5 type=sudph
[2026-04-22T13:38:29-05:00] DEBUG [transport_manager]: Initializing TP with ID dac25456-e7e4-063e-86d2-8541c7f68105
[2026-04-22T13:38:29-05:00] DEBUG [transport_manager]: Dialing transport to 03e124f95191c026169e59f8d86e29714006fcc482afcd17193461bda3f92ca6c5 via sudph
[2026-04-22T13:38:30-05:00] DEBUG [sudph]: Resolved PK 03e124f95191c026169e59f8d86e29714006fcc482afcd17193461bda3f92ca6c5 to visor data {95.98.41.11:43228 false {43228 [127.0.0.1 192.168.0.10 ::1]}}
[2026-04-22T13:38:30-05:00] DEBUG [sudph]: Dialing public address: 95.98.41.11:43228
[2026-04-22T13:38:30-05:00] DEBUG [sudph]: Dialing 95.98.41.11:43228
[2026-04-22T13:38:30-05:00] DEBUG [sudph]: Dialed 95.98.41.11:43228
[2026-04-22T13:38:30-05:00] DEBUG [sudph]: Performing handshake with 95.98.41.11:43228
[2026-04-22T13:38:30-05:00] DEBUG [dht]: PutValue failed error="dht dmsg dial 0246834b: dmsg error 100 - entry is not found in discovery: entry of public key is not found" peer=0246834b
[2026-04-22T13:38:33-05:00] DEBUG [RouteGroup rAddr:0282213369836321323dfaa492564ceb8a9a5e7e8ff044c46c92949a787ec51fb0:46, lAddr:0208bf99efd4b8dc066044d6da90c649b78f8f78f30d876e74823ceb79ff2f504b:46]: Ping 2/5 timed out
[2026-04-22T13:38:35-05:00] DEBUG [dht]: PutValue failed error="dht dmsg dial 02a2d4c3: dmsg error 102 - entry is not of client in discovery" peer=02a2d4c3
[2026-04-22T13:38:38-05:00] DEBUG [RouteGroup rAddr:0282213369836321323dfaa492564ceb8a9a5e7e8ff044c46c92949a787ec51fb0:46, lAddr:0208bf99efd4b8dc066044d6da90c649b78f8f78f30d876e74823ceb79ff2f504b:46]: Ping 3/5 timed out
[2026-04-22T13:38:40-05:00] DEBUG [transport_manager]: Error dialing transport to 03e124f95191c026169e59f8d86e29714006fcc482afcd17193461bda3f92ca6c5 via sudph: mt.client.Dial: handshake failed: timeout

[2026-04-22T13:38:40-05:00] WARN [public_autoconnect]: Failed to add transport error="save transport: mt.client.Dial: handshake failed: timeout
" pk=03e124f95191c026169e59f8d86e29714006fcc482afcd17193461bda3f92ca6c5 type=sudph
[2026-04-22T13:38:42-05:00] DEBUG ClientSession.DialStream [dmsgC]: Stream closed on failure. close_error=<nil> dst_addr=02e8ecb5c32a510f32967be997eeaab549e45a5c0d01ca49061f7c1b8e707a01e6:100 error="i/o deadline reached" ports_reserved=25 session=0371ab4bcff7b121f4b91f6856d6740c6f9dc1fe716977850aeb5d84378b300a13
[2026-04-22T13:38:42-05:00] DEBUG [dmsgC]: DialStream failed, trying next session error="i/o deadline reached" server=0371ab4bcff7b121f4b91f6856d6740c6f9dc1fe716977850aeb5d84378b300a13
[2026-04-22T13:38:43-05:00] DEBUG [RouteGroup rAddr:0282213369836321323dfaa492564ceb8a9a5e7e8ff044c46c92949a787ec51fb0:46, lAddr:0208bf99efd4b8dc066044d6da90c649b78f8f78f30d876e74823ceb79ff2f504b:46]: Ping 4/5 timed out
[2026-04-22T13:38:45-05:00] DEBUG ClientSession.DialStream [dmsgC]: Stream closed on failure. close_error=<nil> dst_addr=039439186e7e355029e237e922f0198857dd1aa4ba61ae65856f7cd2f141af010a:136 error="i/o deadline reached" ports_reserved=26 session=0281a102c82820e811368c8d028cf11b1a985043b726b1bcdb8fce89b27384b2cb
[2026-04-22T13:38:45-05:00] DEBUG [dmsgC]: DialStream failed, trying next session error="i/o deadline reached" server=0281a102c82820e811368c8d028cf11b1a985043b726b1bcdb8fce89b27384b2cb
[2026-04-22T13:38:45-05:00] DEBUG ClientSession.DialStream [dmsgC]: Stream closed on failure. close_error=<nil> dst_addr=039439186e7e355029e237e922f0198857dd1aa4ba61ae65856f7cd2f141af010a:136 error="context deadline exceeded" ports_reserved=26 session=0281a102c82820e811368c8d028cf11b1a985043b726b1bcdb8fce89b27384b2cb
[2026-04-22T13:38:45-05:00] DEBUG [dmsgC]: DialStream failed via new session, trying next server error="context deadline exceeded" server=0281a102c82820e811368c8d028cf11b1a985043b726b1bcdb8fce89b27384b2cb
[2026-04-22T13:38:45-05:00] DEBUG [public_autoconnect]: Skipping visor: dmsg probe failed (unreachable) pk=039439186e7e355029e237e922f0198857dd1aa4ba61ae65856f7cd2f141af010a type=sudph
[2026-04-22T13:38:46-05:00] DEBUG [cli_rpc]: CLI RPC stats: active=0, total=2, errors=0, peak=1
[2026-04-22T13:38:46-05:00] DEBUG [public_autoconnect]: Trying to add transport pk=030ffcafdcaa0d86c60ddf52ad31de283b2a5e1e93027ede1c7fa7695d3e546a92 type=sudph
[2026-04-22T13:38:46-05:00] DEBUG [transport_manager]: Initializing TP with ID 5506f603-82c7-0251-a35e-eff44547af42
[2026-04-22T13:38:46-05:00] DEBUG [transport_manager]: Dialing transport to 030ffcafdcaa0d86c60ddf52ad31de283b2a5e1e93027ede1c7fa7695d3e546a92 via sudph
[2026-04-22T13:38:46-05:00] DEBUG [dht]: Bootstrap ping failed error="dht dmsg dial 02a49bc0: dmsg error 102 - entry is not of client in discovery" pk=02a49bc0
[2026-04-22T13:38:46-05:00] DEBUG [dht]: Bootstrap ping failed error="dht dmsg dial 02a2d4c3: dmsg error 102 - entry is not of client in discovery" pk=02a2d4c3
[2026-04-22T13:38:47-05:00] DEBUG [sudph]: Resolved PK 030ffcafdcaa0d86c60ddf52ad31de283b2a5e1e93027ede1c7fa7695d3e546a92 to visor data {103.147.237.186:58924 false {58924 [127.0.0.1 192.168.31.233 ::1 fdeb:4727:8185::5e6 fdeb:4727:8185:0:142b:2c7e:4a18:8f73]}}
[2026-04-22T13:38:47-05:00] DEBUG [sudph]: Dialing public address: 103.147.237.186:58924
[2026-04-22T13:38:47-05:00] DEBUG [sudph]: Dialing 103.147.237.186:58924
[2026-04-22T13:38:47-05:00] DEBUG [sudph]: Dialed 103.147.237.186:58924
[2026-04-22T13:38:47-05:00] DEBUG [sudph]: Performing handshake with 103.147.237.186:58924
[2026-04-22T13:38:47-05:00] DEBUG ClientSession.DialStream [dmsgC]: Stream closed on failure. close_error=<nil> dst_addr=02e8ecb5c32a510f32967be997eeaab549e45a5c0d01ca49061f7c1b8e707a01e6:100 error="i/o deadline reached" ports_reserved=25 session=0326978f5a53aff537dbb47fed58b1f123af3b00132d365f1309a14db4168dcff7
[2026-04-22T13:38:47-05:00] DEBUG [dmsgC]: DialStream failed, trying next session error="i/o deadline reached" server=0326978f5a53aff537dbb47fed58b1f123af3b00132d365f1309a14db4168dcff7
[2026-04-22T13:38:47-05:00] DEBUG ClientSession.DialStream [dmsgC]: Stream closed on failure. close_error=<nil> dst_addr=02e8ecb5c32a510f32967be997eeaab549e45a5c0d01ca49061f7c1b8e707a01e6:100 error="context deadline exceeded" ports_reserved=25 session=0371ab4bcff7b121f4b91f6856d6740c6f9dc1fe716977850aeb5d84378b300a13
[2026-04-22T13:38:47-05:00] DEBUG [dmsgC]: DialStream failed via new session, trying next server error="context deadline exceeded" server=0371ab4bcff7b121f4b91f6856d6740c6f9dc1fe716977850aeb5d84378b300a13
[2026-04-22T13:38:48-05:00] DEBUG [RouteGroup rAddr:0282213369836321323dfaa492564ceb8a9a5e7e8ff044c46c92949a787ec51fb0:46, lAddr:0208bf99efd4b8dc066044d6da90c649b78f8f78f30d876e74823ceb79ff2f504b:46]: Ping 5/5 timed out
[2026-04-22T13:38:50-05:00] ERROR [RouteGroup rAddr:0282213369836321323dfaa492564ceb8a9a5e7e8ff044c46c92949a787ec51fb0:46, lAddr:0208bf99efd4b8dc066044d6da90c649b78f8f78f30d876e74823ceb79ff2f504b:46]: Error during close route group: close route group timed out after 2s
[2026-04-22T13:38:50-05:00] DEBUG [router]: RSN latency fallback failed for transport 28b64184-eb10-05a5-94ce-49f839d7537c error="failed to measure latency: no successful ping measurements"
[2026-04-22T13:38:50-05:00] DEBUG [RouteGroup rAddr:0282213369836321323dfaa492564ceb8a9a5e7e8ff044c46c92949a787ec51fb0:46, lAddr:0208bf99efd4b8dc066044d6da90c649b78f8f78f30d876e74823ceb79ff2f504b:46]: RouteGroup closed, stopping keep-alive loop
[2026-04-22T13:38:52-05:00] DEBUG ClientSession.DialStream [dmsgC]: Stream closed on failure. close_error=<nil> dst_addr=03717576ada5b1744e395c66c2bb11cea73b0e23d0dcd54422139b1a7f12e962c4:100 error="i/o deadline reached" ports_reserved=27 session=03717576ada5b1744e395c66c2bb11cea73b0e23d0dcd54422139b1a7f12e962c4
[2026-04-22T13:38:52-05:00] DEBUG [dht]: Bootstrap ping failed error="dht dmsg dial 03717576: dmsg error 102 - entry is not of client in discovery" pk=03717576
[2026-04-22T13:38:52-05:00] INFO [dht]: DHT bootstrap succeeded peers=3
[2026-04-22T13:38:53-05:00] DEBUG ClientSession.DialStream [dmsgC]: Stream closed on failure. close_error=<nil> dst_addr=03b647bc37980d0fea7aad2f7ccc5d8086b31f5c9ae8485ffd02b8777e030c9ace:100 error="i/o deadline reached" ports_reserved=29 session=0281a102c82820e811368c8d028cf11b1a985043b726b1bcdb8fce89b27384b2cb
[2026-04-22T13:38:53-05:00] DEBUG ClientSession.DialStream [dmsgC]: Stream closed on failure. close_error=<nil> dst_addr=0215593fad3817adea95dfcedac271ba0050297bd48740bc8566bbcecfe65c3dce:100 error="i/o deadline reached" ports_reserved=29 session=03717576ada5b1744e395c66c2bb11cea73b0e23d0dcd54422139b1a7f12e962c4
[2026-04-22T13:38:53-05:00] DEBUG [dmsgC]: DialStream failed, trying next session error="i/o deadline reached" server=0281a102c82820e811368c8d028cf11b1a985043b726b1bcdb8fce89b27384b2cb
[2026-04-22T13:38:53-05:00] DEBUG [dmsgC]: DialStream failed, trying next session error="i/o deadline reached" server=03717576ada5b1744e395c66c2bb11cea73b0e23d0dcd54422139b1a7f12e962c4
[2026-04-22T13:38:57-05:00] DEBUG [transport_manager]: Error dialing transport to 030ffcafdcaa0d86c60ddf52ad31de283b2a5e1e93027ede1c7fa7695d3e546a92 via sudph: mt.client.Dial: handshake failed: timeout

[2026-04-22T13:38:57-05:00] WARN [public_autoconnect]: Failed to add transport error="save transport: mt.client.Dial: handshake failed: timeout
" pk=030ffcafdcaa0d86c60ddf52ad31de283b2a5e1e93027ede1c7fa7695d3e546a92 type=sudph
[2026-04-22T13:38:58-05:00] DEBUG ClientSession.DialStream [dmsgC]: Stream closed on failure. close_error=<nil> dst_addr=03b647bc37980d0fea7aad2f7ccc5d8086b31f5c9ae8485ffd02b8777e030c9ace:100 error="i/o deadline reached" ports_reserved=30 session=03717576ada5b1744e395c66c2bb11cea73b0e23d0dcd54422139b1a7f12e962c4
[2026-04-22T13:38:58-05:00] DEBUG [dmsgC]: DialStream failed, trying next session error="i/o deadline reached" server=03717576ada5b1744e395c66c2bb11cea73b0e23d0dcd54422139b1a7f12e962c4
[2026-04-22T13:38:58-05:00] DEBUG ClientSession.DialStream [dmsgC]: Stream closed on failure. close_error=<nil> dst_addr=0215593fad3817adea95dfcedac271ba0050297bd48740bc8566bbcecfe65c3dce:100 error="i/o deadline reached" ports_reserved=30 session=0371ab4bcff7b121f4b91f6856d6740c6f9dc1fe716977850aeb5d84378b300a13
[2026-04-22T13:38:58-05:00] DEBUG [dmsgC]: DialStream failed, trying next session error="i/o deadline reached" server=0371ab4bcff7b121f4b91f6856d6740c6f9dc1fe716977850aeb5d84378b300a13
[2026-04-22T13:38:58-05:00] DEBUG ClientSession.DialStream [dmsgC]: Stream closed on failure. close_error=<nil> dst_addr=0215593fad3817adea95dfcedac271ba0050297bd48740bc8566bbcecfe65c3dce:100 error="context deadline exceeded" ports_reserved=30 session=03717576ada5b1744e395c66c2bb11cea73b0e23d0dcd54422139b1a7f12e962c4
[2026-04-22T13:38:58-05:00] DEBUG [dmsgC]: DialStream failed via new session, trying next server error="context deadline exceeded" server=03717576ada5b1744e395c66c2bb11cea73b0e23d0dcd54422139b1a7f12e962c4
[2026-04-22T13:38:58-05:00] DEBUG ClientSession.DialStream [dmsgC]: Stream closed on failure. close_error=<nil> dst_addr=03b647bc37980d0fea7aad2f7ccc5d8086b31f5c9ae8485ffd02b8777e030c9ace:100 error="context deadline exceeded" ports_reserved=30 session=03717576ada5b1744e395c66c2bb11cea73b0e23d0dcd54422139b1a7f12e962c4
[2026-04-22T13:38:58-05:00] DEBUG [dmsgC]: DialStream failed via new session, trying next server error="context deadline exceeded" server=03717576ada5b1744e395c66c2bb11cea73b0e23d0dcd54422139b1a7f12e962c4
[2026-04-22T13:38:58-05:00] DEBUG ClientSession.DialStream [dmsgC]: Stream closed on failure. close_error=<nil> dst_addr=03425e6f60a9710551bad692572803d0c8c4175d9948f3fdf3aa216412ea815e6e:100 error="i/o deadline reached" ports_reserved=33 session=0326978f5a53aff537dbb47fed58b1f123af3b00132d365f1309a14db4168dcff7
[2026-04-22T13:38:58-05:00] DEBUG [dmsgC]: DialStream failed via cached route, evicting error="i/o deadline reached" server=0326978f5a53aff537dbb47fed58b1f123af3b00132d365f1309a14db4168dcff7
[2026-04-22T13:38:58-05:00] DEBUG ClientSession.DialStream [dmsgC]: Stream closed on failure. close_error=<nil> dst_addr=02312042d2ae09b0275a39e865a11892c569581e2ebdc3d7178b642e03ab275d3d:100 error="i/o deadline reached" ports_reserved=34 session=0281a102c82820e811368c8d028cf11b1a985043b726b1bcdb8fce89b27384b2cb
[2026-04-22T13:38:58-05:00] DEBUG [dmsgC]: DialStream failed, trying next session error="i/o deadline reached" server=0281a102c82820e811368c8d028cf11b1a985043b726b1bcdb8fce89b27384b2cb
[2026-04-22T13:39:02-05:00] DEBUG ClientSession.DialStream [dmsgC]: Stream closed on failure. close_error=<nil> dst_addr=02bce9b7a5f83f30b358cbdee76414b1a2c340801e7a554aae28abb7105ae121e2:136 error="i/o deadline reached" ports_reserved=31 session=0326978f5a53aff537dbb47fed58b1f123af3b00132d365f1309a14db4168dcff7
[2026-04-22T13:39:02-05:00] DEBUG [dmsgC]: DialStream failed via cached route, evicting error="i/o deadline reached" server=0326978f5a53aff537dbb47fed58b1f123af3b00132d365f1309a14db4168dcff7
[2026-04-22T13:39:02-05:00] DEBUG ClientSession.DialStream [dmsgC]: Stream closed on failure. close_error=<nil> dst_addr=02bce9b7a5f83f30b358cbdee76414b1a2c340801e7a554aae28abb7105ae121e2:136 error="context deadline exceeded" ports_reserved=31 session=0281a102c82820e811368c8d028cf11b1a985043b726b1bcdb8fce89b27384b2cb
[2026-04-22T13:39:02-05:00] DEBUG [dmsgC]: DialStream failed via new session, trying next server error="context deadline exceeded" server=0281a102c82820e811368c8d028cf11b1a985043b726b1bcdb8fce89b27384b2cb
[2026-04-22T13:39:02-05:00] DEBUG ClientSession.DialStream [dmsgC]: Stream closed on failure. close_error=<nil> dst_addr=02bce9b7a5f83f30b358cbdee76414b1a2c340801e7a554aae28abb7105ae121e2:136 error="context deadline exceeded" ports_reserved=31 session=0371ab4bcff7b121f4b91f6856d6740c6f9dc1fe716977850aeb5d84378b300a13
[2026-04-22T13:39:02-05:00] DEBUG [dmsgC]: DialStream failed via new session, trying next server error="context deadline exceeded" server=0371ab4bcff7b121f4b91f6856d6740c6f9dc1fe716977850aeb5d84378b300a13
[2026-04-22T13:39:02-05:00] DEBUG [public_autoconnect]: Skipping visor: dmsg probe failed (unreachable) pk=02bce9b7a5f83f30b358cbdee76414b1a2c340801e7a554aae28abb7105ae121e2 type=sudph
[2026-04-22T13:39:02-05:00] DEBUG [public_autoconnect]: Trying to add transport pk=03c758a0daabab4b4bbd524cf46306212818b051b9d92949bd8acdf6226aad32e6 type=sudph
[2026-04-22T13:39:02-05:00] DEBUG [transport_manager]: Initializing TP with ID 2523baa6-2760-0264-8bad-ac4593c4ed34
[2026-04-22T13:39:02-05:00] DEBUG [transport_manager]: Dialing transport to 03c758a0daabab4b4bbd524cf46306212818b051b9d92949bd8acdf6226aad32e6 via sudph
[2026-04-22T13:39:03-05:00] DEBUG ClientSession.DialStream [dmsgC]: Stream closed on failure. close_error=<nil> dst_addr=02312042d2ae09b0275a39e865a11892c569581e2ebdc3d7178b642e03ab275d3d:100 error="i/o deadline reached" ports_reserved=30 session=0326978f5a53aff537dbb47fed58b1f123af3b00132d365f1309a14db4168dcff7
[2026-04-22T13:39:03-05:00] DEBUG [dmsgC]: DialStream failed, trying next session error="i/o deadline reached" server=0326978f5a53aff537dbb47fed58b1f123af3b00132d365f1309a14db4168dcff7
[2026-04-22T13:39:03-05:00] DEBUG ClientSession.DialStream [dmsgC]: Stream closed on failure. close_error=<nil> dst_addr=02312042d2ae09b0275a39e865a11892c569581e2ebdc3d7178b642e03ab275d3d:100 error="context deadline exceeded" ports_reserved=30 session=0281a102c82820e811368c8d028cf11b1a985043b726b1bcdb8fce89b27384b2cb
[2026-04-22T13:39:03-05:00] DEBUG [dmsgC]: DialStream failed via new session, trying next server error="context deadline exceeded" server=0281a102c82820e811368c8d028cf11b1a985043b726b1bcdb8fce89b27384b2cb
[2026-04-22T13:39:03-05:00] DEBUG [sudph]: Resolved PK 03c758a0daabab4b4bbd524cf46306212818b051b9d92949bd8acdf6226aad32e6 to visor data {70.121.13.123:53622 false {53622 [127.0.0.1 192.168.1.129 ::1]}}
[2026-04-22T13:39:03-05:00] DEBUG [sudph]: Remote visor shares same public IP (70.121.13.123), trying LAN addresses first
[2026-04-22T13:39:03-05:00] DEBUG [sudph]: Trying LAN address: 192.168.1.129:53622
[2026-04-22T13:39:03-05:00] DEBUG [sudph]: Dialing 192.168.1.129:53622
[2026-04-22T13:39:03-05:00] DEBUG [sudph]: Dialed 192.168.1.129:53622
[2026-04-22T13:39:03-05:00] DEBUG [sudph]: Successfully connected via LAN address: 192.168.1.129:53622
[2026-04-22T13:39:03-05:00] DEBUG [sudph]: Performing handshake with 192.168.1.129:53622
[2026-04-22T13:39:07-05:00] DEBUG [dht]: PutValue failed error="dht dmsg dial 02864d02: dmsg error 100 - entry is not found in discovery: entry of public key is not found" peer=02864d02
[2026-04-22T13:39:08-05:00] DEBUG ClientSession.DialStream [dmsgC]: Stream closed on failure. close_error=<nil> dst_addr=022bb802ee2fd19c22a1df2648696de9ea7f7428b0e4928591cdbff39f41f41ef4:100 error="i/o deadline reached" ports_reserved=31 session=0281a102c82820e811368c8d028cf11b1a985043b726b1bcdb8fce89b27384b2cb
[2026-04-22T13:39:08-05:00] DEBUG [dmsgC]: DialStream failed via cached route, evicting error="i/o deadline reached" server=0281a102c82820e811368c8d028cf11b1a985043b726b1bcdb8fce89b27384b2cb
[2026-04-22T13:39:13-05:00] DEBUG ClientSession.DialStream [dmsgC]: Stream closed on failure. close_error=<nil> dst_addr=03b647bc37980d0fea7aad2f7ccc5d8086b31f5c9ae8485ffd02b8777e030c9ace:100 error="i/o deadline reached" ports_reserved=31 session=0281a102c82820e811368c8d028cf11b1a985043b726b1bcdb8fce89b27384b2cb
[2026-04-22T13:39:13-05:00] DEBUG [dmsgC]: DialStream failed, trying next session error="i/o deadline reached" server=0281a102c82820e811368c8d028cf11b1a985043b726b1bcdb8fce89b27384b2cb
[2026-04-22T13:39:13-05:00] DEBUG [transport_manager]: Error dialing transport to 03c758a0daabab4b4bbd524cf46306212818b051b9d92949bd8acdf6226aad32e6 via sudph: mt.client.Dial: handshake failed: timeout

[2026-04-22T13:39:13-05:00] WARN [public_autoconnect]: Failed to add transport error="save transport: mt.client.Dial: handshake failed: timeout
" pk=03c758a0daabab4b4bbd524cf46306212818b051b9d92949bd8acdf6226aad32e6 type=sudph
[2026-04-22T13:39:15-05:00] DEBUG [public_autoconnect]: Trying to add transport pk=0319a75b8dfb168e41466c467022a3d1168b35ac63d5aad9a2edc8ab7f36ee5e6d type=sudph
[2026-04-22T13:39:15-05:00] DEBUG [transport_manager]: Initializing TP with ID 6ee14c8a-3b88-055b-a9fb-026edca4c6b7
[2026-04-22T13:39:15-05:00] DEBUG [transport_manager]: Dialing transport to 0319a75b8dfb168e41466c467022a3d1168b35ac63d5aad9a2edc8ab7f36ee5e6d via sudph
[2026-04-22T13:39:16-05:00] DEBUG [cli_rpc]: CLI RPC stats: active=0, total=2, errors=0, peak=1
[2026-04-22T13:39:16-05:00] DEBUG [sudph]: Resolved PK 0319a75b8dfb168e41466c467022a3d1168b35ac63d5aad9a2edc8ab7f36ee5e6d to visor data {36.73.153.250:34281 false {34281 [127.0.0.1 192.168.0.105 ::1]}}
[2026-04-22T13:39:16-05:00] DEBUG [sudph]: Dialing public address: 36.73.153.250:34281
[2026-04-22T13:39:16-05:00] DEBUG [sudph]: Dialing 36.73.153.250:34281
[2026-04-22T13:39:16-05:00] DEBUG [sudph]: Dialed 36.73.153.250:34281
[2026-04-22T13:39:16-05:00] DEBUG [sudph]: Performing handshake with 36.73.153.250:34281
[2026-04-22T13:39:16-05:00] WARN [router]: closing conn from untrusted setup node: <nil>
[2026-04-22T13:39:17-05:00] WARN [self_probe]: Self-probe FAILED: dmsg listener unreachable (persistent) consecutive_failures=28 cooldown_remaining=2m0s port=80
[2026-04-22T13:39:18-05:00] DEBUG ClientSession.DialStream [dmsgC]: Stream closed on failure. close_error=<nil> dst_addr=03b647bc37980d0fea7aad2f7ccc5d8086b31f5c9ae8485ffd02b8777e030c9ace:100 error="i/o deadline reached" ports_reserved=31 session=03717576ada5b1744e395c66c2bb11cea73b0e23d0dcd54422139b1a7f12e962c4
[2026-04-22T13:39:18-05:00] DEBUG [dmsgC]: DialStream failed, trying next session error="i/o deadline reached" server=03717576ada5b1744e395c66c2bb11cea73b0e23d0dcd54422139b1a7f12e962c4
[2026-04-22T13:39:18-05:00] DEBUG ClientSession.DialStream [dmsgC]: Stream closed on failure. close_error=<nil> dst_addr=03b647bc37980d0fea7aad2f7ccc5d8086b31f5c9ae8485ffd02b8777e030c9ace:100 error="context deadline exceeded" ports_reserved=31 session=03717576ada5b1744e395c66c2bb11cea73b0e23d0dcd54422139b1a7f12e962c4
[2026-04-22T13:39:18-05:00] DEBUG [dmsgC]: DialStream failed via new session, trying next server error="context deadline exceeded" server=03717576ada5b1744e395c66c2bb11cea73b0e23d0dcd54422139b1a7f12e962c4
[2026-04-22T13:39:18-05:00] DEBUG [dht]: PutValue failed error="dht dmsg dial 03b647bc: dmsg error 202 - cannot connect to delegated server" peer=03b647bc
[2026-04-22T13:39:22-05:00] DEBUG readPacket [tp:0208bf]: Failed to read packet header. error=timeout
[2026-04-22T13:39:22-05:00] WARN [tp:0208bf]: Failed to read packet, closing transport error=timeout src="read_loop"
[2026-04-22T13:39:22-05:00] DEBUG [transport_manager]: Deletion nudge received, debouncing...
[2026-04-22T13:39:22-05:00] DEBUG [tp:0208bf]: Stopped log loop
[2026-04-22T13:39:22-05:00] DEBUG [tp:0208bf]: Stopped serving. remaining_tps=4 remote_pk=0208bf99efd4b8dc066044d6da90c649b78f8f78f30d876e74823ceb79ff2f504b tp_id=28b64184-eb10-05a5-94ce-49f839d7537c tp_index=5
[2026-04-22T13:39:23-05:00] DEBUG [dmsgC]: Updating entry.
 entry=	version: 0.0.1
	sequence: 31
	registered at: 1776883102129198341
	static public key: 0282213369836321323dfaa492564ceb8a9a5e7e8ff044c46c92949a787ec51fb0
	signature: 18090d5065703c0e6202393f64051115858b65a6d89a947c0b268eca69406bd04ded6fce8ef7a838b04e9406d4fdd510b5ed91980b4a63e2862447238683aba800
	entry is registered as client. Related info: 
		delegated servers: 
			0326978f5a53aff537dbb47fed58b1f123af3b00132d365f1309a14db4168dcff7
			03717576ada5b1744e395c66c2bb11cea73b0e23d0dcd54422139b1a7f12e962c4
			0281a102c82820e811368c8d028cf11b1a985043b726b1bcdb8fce89b27384b2cb
			0371ab4bcff7b121f4b91f6856d6740c6f9dc1fe716977850aeb5d84378b300a13


[2026-04-22T13:39:23-05:00] DEBUG [transport_manager]: Deleted 1 unused transport entries
[2026-04-22T13:39:24-05:00] DEBUG ClientSession.DialStream [dmsgC]: Stream closed on failure. close_error=<nil> dst_addr=0215593fad3817adea95dfcedac271ba0050297bd48740bc8566bbcecfe65c3dce:100 error="i/o deadline reached" ports_reserved=32 session=0371ab4bcff7b121f4b91f6856d6740c6f9dc1fe716977850aeb5d84378b300a13
[2026-04-22T13:39:24-05:00] DEBUG [dmsgC]: DialStream failed, trying next session error="i/o deadline reached" server=0371ab4bcff7b121f4b91f6856d6740c6f9dc1fe716977850aeb5d84378b300a13
[2026-04-22T13:39:26-05:00] DEBUG [transport_manager]: Error dialing transport to 0319a75b8dfb168e41466c467022a3d1168b35ac63d5aad9a2edc8ab7f36ee5e6d via sudph: mt.client.Dial: handshake failed: timeout

[2026-04-22T13:39:26-05:00] WARN [public_autoconnect]: Failed to add transport error="save transport: mt.client.Dial: handshake failed: timeout
" pk=0319a75b8dfb168e41466c467022a3d1168b35ac63d5aad9a2edc8ab7f36ee5e6d type=sudph
[2026-04-22T13:39:26-05:00] DEBUG [public_autoconnect]: Trying to add transport pk=0388c582861cc09b138e79c4b23d8f76d2973db2ecb936658feaa2fd59523e44ee type=sudph
[2026-04-22T13:39:26-05:00] DEBUG [transport_manager]: Initializing TP with ID 8587aabd-da40-0d75-a4ea-829e52966103
[2026-04-22T13:39:26-05:00] DEBUG [transport_manager]: Dialing transport to 0388c582861cc09b138e79c4b23d8f76d2973db2ecb936658feaa2fd59523e44ee via sudph
[2026-04-22T13:39:27-05:00] DEBUG [transport_manager]: Batch deleting 1 transports from TPD
[2026-04-22T13:39:27-05:00] DEBUG [sudph]: Resolved PK 0388c582861cc09b138e79c4b23d8f76d2973db2ecb936658feaa2fd59523e44ee to visor data {110.136.89.179:40104 false {35413 [127.0.0.1 192.168.150.1 10.210.90.41 10.10.10.3 ::1]}}
[2026-04-22T13:39:27-05:00] DEBUG [sudph]: Dialing public address: 110.136.89.179:40104
[2026-04-22T13:39:27-05:00] DEBUG [sudph]: Dialing 110.136.89.179:40104
[2026-04-22T13:39:27-05:00] DEBUG [sudph]: Dialed 110.136.89.179:40104
[2026-04-22T13:39:27-05:00] DEBUG [sudph]: Performing handshake with 110.136.89.179:40104
[2026-04-22T13:39:27-05:00] DEBUG [transport_manager]: Batch deleted 1/1 transports from TPD
[2026-04-22T13:39:29-05:00] DEBUG ClientSession.DialStream [dmsgC]: Stream closed on failure. close_error=<nil> dst_addr=0215593fad3817adea95dfcedac271ba0050297bd48740bc8566bbcecfe65c3dce:100 error="i/o deadline reached" ports_reserved=32 session=03717576ada5b1744e395c66c2bb11cea73b0e23d0dcd54422139b1a7f12e962c4
[2026-04-22T13:39:29-05:00] DEBUG [dmsgC]: DialStream failed, trying next session error="i/o deadline reached" server=03717576ada5b1744e395c66c2bb11cea73b0e23d0dcd54422139b1a7f12e962c4
[2026-04-22T13:39:29-05:00] DEBUG ClientSession.DialStream [dmsgC]: Stream closed on failure. close_error=<nil> dst_addr=0215593fad3817adea95dfcedac271ba0050297bd48740bc8566bbcecfe65c3dce:100 error="context deadline exceeded" ports_reserved=32 session=03717576ada5b1744e395c66c2bb11cea73b0e23d0dcd54422139b1a7f12e962c4
[2026-04-22T13:39:29-05:00] DEBUG [dmsgC]: DialStream failed via new session, trying next server error="context deadline exceeded" server=03717576ada5b1744e395c66c2bb11cea73b0e23d0dcd54422139b1a7f12e962c4
[2026-04-22T13:39:29-05:00] DEBUG [dht]: PutValue failed error="dht dmsg dial 0215593f: dmsg error 202 - cannot connect to delegated server" peer=0215593f
[2026-04-22T13:39:36-05:00] DEBUG readPacket [tp:02e263]: Failed to read packet header. error="read tcp 192.168.1.118:46844->194.103.157.198:30001: i/o timeout"
[2026-04-22T13:39:36-05:00] WARN [tp:02e263]: Failed to read packet, closing transport error="read tcp 192.168.1.118:46844->194.103.157.198:30001: i/o timeout" src="read_loop"
[2026-04-22T13:39:36-05:00] DEBUG [tp:02e263]: Stopped log loop
[2026-04-22T13:39:36-05:00] DEBUG [tp:02e263]: Stopped serving. remaining_tps=3 remote_pk=02e26350c58c54c79e472608b6f6600ca1d139038b822c296fb2f144670052e7ce tp_id=4925daea-116b-04cc-923c-2749d51d83e3 tp_index=4
[2026-04-22T13:39:36-05:00] DEBUG [transport_manager]: Deletion nudge received, debouncing...
[2026-04-22T13:39:36-05:00] DEBUG [transport_manager]: Deleted 1 unused transport entries
[2026-04-22T13:39:36-05:00] DEBUG [stcpr]: Re-registering STCPR with address resolver
[2026-04-22T13:39:36-05:00] DEBUG httpClient.BindSTCPR [address_resolver]: Address resolver binding with: [192.168.1.118 70.121.13.123]
[2026-04-22T13:39:37-05:00] DEBUG [transport_manager]: Error dialing transport to 0388c582861cc09b138e79c4b23d8f76d2973db2ecb936658feaa2fd59523e44ee via sudph: mt.client.Dial: handshake failed: timeout

[2026-04-22T13:39:37-05:00] WARN [public_autoconnect]: Failed to add transport error="save transport: mt.client.Dial: handshake failed: timeout
" pk=0388c582861cc09b138e79c4b23d8f76d2973db2ecb936658feaa2fd59523e44ee type=sudph
[2026-04-22T13:39:37-05:00] DEBUG [stcpr]: Successfully re-registered STCPR
[2026-04-22T13:39:37-05:00] DEBUG ClientSession.DialStream [dmsgC]: Stream closed on failure. close_error=<nil> dst_addr=025c9a88815cf837c44d9043a522ebdc2a77fa521e8678d58e115795731af498dc:100 error="i/o deadline reached" ports_reserved=34 session=0326978f5a53aff537dbb47fed58b1f123af3b00132d365f1309a14db4168dcff7
[2026-04-22T13:39:37-05:00] DEBUG [dmsgC]: DialStream failed via cached route, evicting error="i/o deadline reached" server=0326978f5a53aff537dbb47fed58b1f123af3b00132d365f1309a14db4168dcff7
[2026-04-22T13:39:41-05:00] DEBUG [transport_manager]: Batch deleting 1 transports from TPD
[2026-04-22T13:39:41-05:00] DEBUG [transport_manager]: Batch deleted 0/1 transports from TPD
[2026-04-22T13:39:42-05:00] DEBUG ClientSession.DialStream [dmsgC]: Stream closed on failure. close_error=<nil> dst_addr=0361d4e834f5112fa58122f8abe93f56ca59053c369dbd8cada33f310b25ab60fb:136 error="i/o deadline reached" ports_reserved=34 session=0281a102c82820e811368c8d028cf11b1a985043b726b1bcdb8fce89b27384b2cb
[2026-04-22T13:39:42-05:00] DEBUG [dmsgC]: DialStream failed, trying next session error="i/o deadline reached" server=0281a102c82820e811368c8d028cf11b1a985043b726b1bcdb8fce89b27384b2cb
[2026-04-22T13:39:42-05:00] DEBUG ClientSession.DialStream [dmsgC]: Stream closed on failure. close_error=<nil> dst_addr=0361d4e834f5112fa58122f8abe93f56ca59053c369dbd8cada33f310b25ab60fb:136 error="context deadline exceeded" ports_reserved=34 session=0281a102c82820e811368c8d028cf11b1a985043b726b1bcdb8fce89b27384b2cb
[2026-04-22T13:39:42-05:00] DEBUG [dmsgC]: DialStream failed via new session, trying next server error="context deadline exceeded" server=0281a102c82820e811368c8d028cf11b1a985043b726b1bcdb8fce89b27384b2cb
[2026-04-22T13:39:42-05:00] DEBUG [public_autoconnect]: Skipping visor: dmsg probe failed (unreachable) pk=0361d4e834f5112fa58122f8abe93f56ca59053c369dbd8cada33f310b25ab60fb type=sudph
[2026-04-22T13:39:43-05:00] DEBUG [public_autoconnect]: Trying to add transport pk=0300e958d92eb33410ea4604ff42b657d4162b4fa8ed4dcfb70931c852e7779bee type=sudph
[2026-04-22T13:39:43-05:00] DEBUG [transport_manager]: Initializing TP with ID a78c493c-6c65-0aa4-836d-2bf7d426ebe6
[2026-04-22T13:39:43-05:00] DEBUG [transport_manager]: Dialing transport to 0300e958d92eb33410ea4604ff42b657d4162b4fa8ed4dcfb70931c852e7779bee via sudph
[2026-04-22T13:39:43-05:00] DEBUG [sudph]: Resolved PK 0300e958d92eb33410ea4604ff42b657d4162b4fa8ed4dcfb70931c852e7779bee to visor data {110.136.89.15:15814 false {42565 [127.0.0.1 10.208.109.178 10.10.11.1 ::1]}}
[2026-04-22T13:39:43-05:00] DEBUG [sudph]: Dialing public address: 110.136.89.15:15814
[2026-04-22T13:39:43-05:00] DEBUG [sudph]: Dialing 110.136.89.15:15814
[2026-04-22T13:39:43-05:00] DEBUG [sudph]: Dialed 110.136.89.15:15814
[2026-04-22T13:39:43-05:00] DEBUG [sudph]: Performing handshake with 110.136.89.15:15814
[2026-04-22T13:39:45-05:00] DEBUG ClientSession.DialStream [dmsgC]: Stream closed on failure. close_error=<nil> dst_addr=023d00ea6c2542ab046abe7cba30e95dd85f0772e07873ad44c54e177ee504dc6d:100 error="i/o deadline reached" ports_reserved=34 session=0281a102c82820e811368c8d028cf11b1a985043b726b1bcdb8fce89b27384b2cb
[2026-04-22T13:39:45-05:00] DEBUG [dmsgC]: DialStream failed via cached route, evicting error="i/o deadline reached" server=0281a102c82820e811368c8d028cf11b1a985043b726b1bcdb8fce89b27384b2cb
[2026-04-22T13:39:46-05:00] DEBUG [cli_rpc]: CLI RPC stats: active=0, total=2, errors=0, peak=1
[2026-04-22T13:39:50-05:00] DEBUG ClientSession.DialStream [dmsgC]: Stream closed on failure. close_error=<nil> dst_addr=023d00ea6c2542ab046abe7cba30e95dd85f0772e07873ad44c54e177ee504dc6d:100 error="i/o deadline reached" ports_reserved=34 session=0281a102c82820e811368c8d028cf11b1a985043b726b1bcdb8fce89b27384b2cb
[2026-04-22T13:39:50-05:00] DEBUG [dmsgC]: DialStream failed, trying next session error="i/o deadline reached" server=0281a102c82820e811368c8d028cf11b1a985043b726b1bcdb8fce89b27384b2cb
[2026-04-22T13:39:50-05:00] DEBUG ClientSession.DialStream [dmsgC]: Stream closed on failure. close_error=<nil> dst_addr=023d00ea6c2542ab046abe7cba30e95dd85f0772e07873ad44c54e177ee504dc6d:100 error="context deadline exceeded" ports_reserved=34 session=0281a102c82820e811368c8d028cf11b1a985043b726b1bcdb8fce89b27384b2cb
[2026-04-22T13:39:50-05:00] DEBUG [dmsgC]: DialStream failed via new session, trying next server error="context deadline exceeded" server=0281a102c82820e811368c8d028cf11b1a985043b726b1bcdb8fce89b27384b2cb
[2026-04-22T13:39:50-05:00] DEBUG ClientSession.DialStream [dmsgC]: Stream closed on failure. close_error=<nil> dst_addr=023d00ea6c2542ab046abe7cba30e95dd85f0772e07873ad44c54e177ee504dc6d:100 error="context deadline exceeded" ports_reserved=34 session=03717576ada5b1744e395c66c2bb11cea73b0e23d0dcd54422139b1a7f12e962c4
[2026-04-22T13:39:50-05:00] DEBUG [dmsgC]: DialStream failed via new session, trying next server error="context deadline exceeded" server=03717576ada5b1744e395c66c2bb11cea73b0e23d0dcd54422139b1a7f12e962c4
[2026-04-22T13:39:50-05:00] DEBUG [dht]: PutValue failed error="dht dmsg dial 023d00ea: dmsg error 202 - cannot connect to delegated server" peer=023d00ea
[2026-04-22T13:39:53-05:00] DEBUG [transport_manager]: Error dialing transport to 0300e958d92eb33410ea4604ff42b657d4162b4fa8ed4dcfb70931c852e7779bee via sudph: mt.client.Dial: handshake failed: timeout

[2026-04-22T13:39:53-05:00] WARN [public_autoconnect]: Failed to add transport error="save transport: mt.client.Dial: handshake failed: timeout
" pk=0300e958d92eb33410ea4604ff42b657d4162b4fa8ed4dcfb70931c852e7779bee type=sudph
[2026-04-22T13:39:54-05:00] DEBUG [public_autoconnect]: Skipping visor: dmsg probe failed (unreachable) pk=02864d02a205708990db700c65cdaead2a9dac6d499bf02b40dba13a51dc0e5a9d type=sudph
[2026-04-22T13:39:56-05:00] DEBUG ClientSession.DialStream [dmsgC]: Stream closed on failure. close_error=<nil> dst_addr=0315597da585c5577bba8bd7f2c31d79ebecb255067d5bc32f6596b7fa0b710b9e:100 error="i/o deadline reached" ports_reserved=36 session=0326978f5a53aff537dbb47fed58b1f123af3b00132d365f1309a14db4168dcff7
[2026-04-22T13:39:56-05:00] DEBUG [dmsgC]: DialStream failed via cached route, evicting error="i/o deadline reached" server=0326978f5a53aff537dbb47fed58b1f123af3b00132d365f1309a14db4168dcff7
[2026-04-22T13:39:59-05:00] DEBUG ClientSession.DialStream [dmsgC]: Stream closed on failure. close_error=<nil> dst_addr=0328066f61aa53707c75c5d17bd5102914568639f46f1a5e6af7238bb2246f9d1f:136 error="i/o deadline reached" ports_reserved=36 session=0281a102c82820e811368c8d028cf11b1a985043b726b1bcdb8fce89b27384b2cb
[2026-04-22T13:39:59-05:00] DEBUG [dmsgC]: DialStream failed, trying next session error="i/o deadline reached" server=0281a102c82820e811368c8d028cf11b1a985043b726b1bcdb8fce89b27384b2cb
[2026-04-22T13:39:59-05:00] DEBUG ClientSession.DialStream [dmsgC]: Stream closed on failure. close_error=<nil> dst_addr=0328066f61aa53707c75c5d17bd5102914568639f46f1a5e6af7238bb2246f9d1f:136 error="context deadline exceeded" ports_reserved=36 session=0281a102c82820e811368c8d028cf11b1a985043b726b1bcdb8fce89b27384b2cb
[2026-04-22T13:39:59-05:00] DEBUG [dmsgC]: DialStream failed via new session, trying next server error="context deadline exceeded" server=0281a102c82820e811368c8d028cf11b1a985043b726b1bcdb8fce89b27384b2cb
[2026-04-22T13:39:59-05:00] DEBUG ClientSession.DialStream [dmsgC]: Stream closed on failure. close_error=<nil> dst_addr=0328066f61aa53707c75c5d17bd5102914568639f46f1a5e6af7238bb2246f9d1f:136 error="context deadline exceeded" ports_reserved=36 session=0371ab4bcff7b121f4b91f6856d6740c6f9dc1fe716977850aeb5d84378b300a13
[2026-04-22T13:39:59-05:00] DEBUG [dmsgC]: DialStream failed via new session, trying next server error="context deadline exceeded" server=0371ab4bcff7b121f4b91f6856d6740c6f9dc1fe716977850aeb5d84378b300a13
[2026-04-22T13:39:59-05:00] DEBUG [public_autoconnect]: Skipping visor: dmsg probe failed (unreachable) pk=0328066f61aa53707c75c5d17bd5102914568639f46f1a5e6af7238bb2246f9d1f type=sudph
[2026-04-22T13:40:00-05:00] DEBUG [public_autoconnect]: Trying to add transport pk=028521452202cb3cccd4069bab49fad428f8d3624e06963c1dd7ee8d6366f49845 type=sudph
[2026-04-22T13:40:00-05:00] DEBUG [transport_manager]: Initializing TP with ID 80ad20c4-e02c-0469-9305-df9e32a182e4
[2026-04-22T13:40:00-05:00] DEBUG [transport_manager]: Dialing transport to 028521452202cb3cccd4069bab49fad428f8d3624e06963c1dd7ee8d6366f49845 via sudph
[2026-04-22T13:40:01-05:00] DEBUG ClientSession.DialStream [dmsgC]: Stream closed on failure. close_error=<nil> dst_addr=0315597da585c5577bba8bd7f2c31d79ebecb255067d5bc32f6596b7fa0b710b9e:100 error="i/o deadline reached" ports_reserved=35 session=0281a102c82820e811368c8d028cf11b1a985043b726b1bcdb8fce89b27384b2cb
[2026-04-22T13:40:01-05:00] DEBUG [dmsgC]: DialStream failed, trying next session error="i/o deadline reached" server=0281a102c82820e811368c8d028cf11b1a985043b726b1bcdb8fce89b27384b2cb
[2026-04-22T13:40:01-05:00] DEBUG ClientSession.DialStream [dmsgC]: Stream closed on failure. close_error=<nil> dst_addr=0315597da585c5577bba8bd7f2c31d79ebecb255067d5bc32f6596b7fa0b710b9e:100 error="context deadline exceeded" ports_reserved=35 session=03717576ada5b1744e395c66c2bb11cea73b0e23d0dcd54422139b1a7f12e962c4
[2026-04-22T13:40:01-05:00] DEBUG [dmsgC]: DialStream failed via new session, trying next server error="context deadline exceeded" server=03717576ada5b1744e395c66c2bb11cea73b0e23d0dcd54422139b1a7f12e962c4
[2026-04-22T13:40:01-05:00] DEBUG ClientSession.DialStream [dmsgC]: Stream closed on failure. close_error=<nil> dst_addr=0315597da585c5577bba8bd7f2c31d79ebecb255067d5bc32f6596b7fa0b710b9e:100 error="context deadline exceeded" ports_reserved=35 session=0281a102c82820e811368c8d028cf11b1a985043b726b1bcdb8fce89b27384b2cb
[2026-04-22T13:40:01-05:00] DEBUG [dmsgC]: DialStream failed via new session, trying next server error="context deadline exceeded" server=0281a102c82820e811368c8d028cf11b1a985043b726b1bcdb8fce89b27384b2cb
[2026-04-22T13:40:01-05:00] DEBUG [dht]: PutValue failed error="dht dmsg dial 0315597d: dmsg error 202 - cannot connect to delegated server" peer=0315597d
[2026-04-22T13:40:01-05:00] DEBUG [sudph]: Resolved PK 028521452202cb3cccd4069bab49fad428f8d3624e06963c1dd7ee8d6366f49845 to visor data {45.63.123.127:47303 false {47303 [127.0.0.1 192.168.7.43 ::1]}}
[2026-04-22T13:40:01-05:00] DEBUG [sudph]: Dialing public address: 45.63.123.127:47303
[2026-04-22T13:40:01-05:00] DEBUG [sudph]: Dialing 45.63.123.127:47303
[2026-04-22T13:40:01-05:00] DEBUG [sudph]: Dialed 45.63.123.127:47303
[2026-04-22T13:40:01-05:00] DEBUG [sudph]: Performing handshake with 45.63.123.127:47303
[2026-04-22T13:40:11-05:00] DEBUG [transport_manager]: Error dialing transport to 028521452202cb3cccd4069bab49fad428f8d3624e06963c1dd7ee8d6366f49845 via sudph: mt.client.Dial: handshake failed: timeout

[2026-04-22T13:40:11-05:00] WARN [public_autoconnect]: Failed to add transport error="save transport: mt.client.Dial: handshake failed: timeout
" pk=028521452202cb3cccd4069bab49fad428f8d3624e06963c1dd7ee8d6366f49845 type=sudph
[2026-04-22T13:40:12-05:00] DEBUG [public_autoconnect]: Trying to add transport pk=02018696c4715aae87f77f0f0b4ac6348c25f21a5469794ff7a9c84d448d2a525a type=sudph
[2026-04-22T13:40:12-05:00] DEBUG [transport_manager]: Initializing TP with ID 1dfcc670-a9c7-086f-9620-1525a35ea1b9
[2026-04-22T13:40:12-05:00] DEBUG [transport_manager]: Dialing transport to 02018696c4715aae87f77f0f0b4ac6348c25f21a5469794ff7a9c84d448d2a525a via sudph
[2026-04-22T13:40:12-05:00] DEBUG [sudph]: Resolved PK 02018696c4715aae87f77f0f0b4ac6348c25f21a5469794ff7a9c84d448d2a525a to visor data {182.8.99.234:4218 false {54445 [127.0.0.1 192.168.1.38]}}
[2026-04-22T13:40:12-05:00] DEBUG [sudph]: Dialing public address: 182.8.99.234:4218
[2026-04-22T13:40:12-05:00] DEBUG [sudph]: Dialing 182.8.99.234:4218
[2026-04-22T13:40:12-05:00] DEBUG [sudph]: Dialed 182.8.99.234:4218
[2026-04-22T13:40:12-05:00] DEBUG [sudph]: Performing handshake with 182.8.99.234:4218
[2026-04-22T13:40:14-05:00] DEBUG ClientSession.DialStream [dmsgC]: Stream closed on failure. close_error=<nil> dst_addr=0207abc28c19492fd22ffc39985982bbb2b76b892a6c11b64d03ba9adeaf520f80:100 error="i/o deadline reached" ports_reserved=36 session=0281a102c82820e811368c8d028cf11b1a985043b726b1bcdb8fce89b27384b2cb
[2026-04-22T13:40:14-05:00] DEBUG [dmsgC]: DialStream failed via cached route, evicting error="i/o deadline reached" server=0281a102c82820e811368c8d028cf11b1a985043b726b1bcdb8fce89b27384b2cb
[2026-04-22T13:40:16-05:00] DEBUG [cli_rpc]: CLI RPC stats: active=0, total=2, errors=0, peak=1
[2026-04-22T13:40:16-05:00] WARN [router]: closing conn from untrusted setup node: <nil>
[2026-04-22T13:40:17-05:00] WARN [self_probe]: Self-probe FAILED: dmsg listener unreachable (persistent) consecutive_failures=29 cooldown_remaining=1m0s port=80
[2026-04-22T13:40:19-05:00] DEBUG ClientSession.DialStream [dmsgC]: Stream closed on failure. close_error=<nil> dst_addr=0207abc28c19492fd22ffc39985982bbb2b76b892a6c11b64d03ba9adeaf520f80:100 error="i/o deadline reached" ports_reserved=36 session=0281a102c82820e811368c8d028cf11b1a985043b726b1bcdb8fce89b27384b2cb
[2026-04-22T13:40:19-05:00] DEBUG [dmsgC]: DialStream failed, trying next session error="i/o deadline reached" server=0281a102c82820e811368c8d028cf11b1a985043b726b1bcdb8fce89b27384b2cb
[2026-04-22T13:40:19-05:00] DEBUG ClientSession.DialStream [dmsgC]: Stream closed on failure. close_error=<nil> dst_addr=0207abc28c19492fd22ffc39985982bbb2b76b892a6c11b64d03ba9adeaf520f80:100 error="context deadline exceeded" ports_reserved=36 session=0281a102c82820e811368c8d028cf11b1a985043b726b1bcdb8fce89b27384b2cb
[2026-04-22T13:40:19-05:00] DEBUG [dmsgC]: DialStream failed via new session, trying next server error="context deadline exceeded" server=0281a102c82820e811368c8d028cf11b1a985043b726b1bcdb8fce89b27384b2cb
[2026-04-22T13:40:19-05:00] DEBUG ClientSession.DialStream [dmsgC]: Stream closed on failure. close_error=<nil> dst_addr=0207abc28c19492fd22ffc39985982bbb2b76b892a6c11b64d03ba9adeaf520f80:100 error="context deadline exceeded" ports_reserved=36 session=03717576ada5b1744e395c66c2bb11cea73b0e23d0dcd54422139b1a7f12e962c4
[2026-04-22T13:40:19-05:00] DEBUG [dmsgC]: DialStream failed via new session, trying next server error="context deadline exceeded" server=03717576ada5b1744e395c66c2bb11cea73b0e23d0dcd54422139b1a7f12e962c4
[2026-04-22T13:40:19-05:00] DEBUG [dht]: PutValue failed error="dht dmsg dial 0207abc2: dmsg error 202 - cannot connect to delegated server" peer=0207abc2
[2026-04-22T13:40:19-05:00] DEBUG [dht]: PutValue failed error="dht dmsg dial 02a49bc0: dmsg error 102 - entry is not of client in discovery" peer=02a49bc0
[2026-04-22T13:40:22-05:00] DEBUG [transport_manager]: Error dialing transport to 02018696c4715aae87f77f0f0b4ac6348c25f21a5469794ff7a9c84d448d2a525a via sudph: mt.client.Dial: handshake failed: timeout

[2026-04-22T13:40:22-05:00] WARN [public_autoconnect]: Failed to add transport error="save transport: mt.client.Dial: handshake failed: timeout
" pk=02018696c4715aae87f77f0f0b4ac6348c25f21a5469794ff7a9c84d448d2a525a type=sudph
[2026-04-22T13:40:23-05:00] DEBUG [public_autoconnect]: Trying to add transport pk=038cde7dc248e5f86b0759f9b57548386a1b802d9709bd0c8673f8d90cee3f43a3 type=sudph
[2026-04-22T13:40:23-05:00] DEBUG [transport_manager]: Initializing TP with ID d2fb34d9-2ef0-0f23-a5da-cccc40dfcb83
[2026-04-22T13:40:23-05:00] DEBUG [transport_manager]: Dialing transport to 038cde7dc248e5f86b0759f9b57548386a1b802d9709bd0c8673f8d90cee3f43a3 via sudph
[2026-04-22T13:40:24-05:00] DEBUG [dmsgC]: Updating entry.
 entry=	version: 0.0.1
	sequence: 32
	registered at: 1776883163329080855
	static public key: 0282213369836321323dfaa492564ceb8a9a5e7e8ff044c46c92949a787ec51fb0
	signature: 757885425232e9d654820f808a15c02e451376e97a6ab9d50fa0c14e27a4e2ea7b9153b11b9dd5fcdb8e6af8ee4ad5f1cfdd6d45a017c363eb76f86e54e26dff00
	entry is registered as client. Related info: 
		delegated servers: 
			0371ab4bcff7b121f4b91f6856d6740c6f9dc1fe716977850aeb5d84378b300a13
			0326978f5a53aff537dbb47fed58b1f123af3b00132d365f1309a14db4168dcff7
			03717576ada5b1744e395c66c2bb11cea73b0e23d0dcd54422139b1a7f12e962c4
			0281a102c82820e811368c8d028cf11b1a985043b726b1bcdb8fce89b27384b2cb


[2026-04-22T13:40:24-05:00] DEBUG [sudph]: Resolved PK 038cde7dc248e5f86b0759f9b57548386a1b802d9709bd0c8673f8d90cee3f43a3 to visor data {88.146.116.113:54151 false {54151 [127.0.0.1 192.168.88.108 ::1]}}
[2026-04-22T13:40:24-05:00] DEBUG [sudph]: Dialing public address: 88.146.116.113:54151
[2026-04-22T13:40:24-05:00] DEBUG [sudph]: Dialing 88.146.116.113:54151
[2026-04-22T13:40:24-05:00] DEBUG [sudph]: Dialed 88.146.116.113:54151
[2026-04-22T13:40:24-05:00] DEBUG [sudph]: Performing handshake with 88.146.116.113:54151
[2026-04-22T13:40:26-05:00] DEBUG ClientSession.DialStream [dmsgC]: Stream closed on failure. close_error=<nil> dst_addr=0324d126bcb472388274e50024cf0dc965fa8502c21bff2fbaa7b53354ec5dda63:100 error="i/o deadline reached" ports_reserved=37 session=0281a102c82820e811368c8d028cf11b1a985043b726b1bcdb8fce89b27384b2cb
[2026-04-22T13:40:26-05:00] DEBUG [dmsgC]: DialStream failed via cached route, evicting error="i/o deadline reached" server=0281a102c82820e811368c8d028cf11b1a985043b726b1bcdb8fce89b27384b2cb
[2026-04-22T13:40:29-05:00] DEBUG readPacket [tp:02859d]: Failed to read packet header. error=EOF
[2026-04-22T13:40:29-05:00] DEBUG [tp:02859d]: Transport closed, stopping read loop error=EOF src="read_loop"
[2026-04-22T13:40:29-05:00] DEBUG [tp:02859d]: Stopped log loop
[2026-04-22T13:40:29-05:00] DEBUG [transport_manager]: Deletion nudge received, debouncing...
[2026-04-22T13:40:29-05:00] DEBUG [tp:02859d]: Stopped serving. remaining_tps=2 remote_pk=02859d5aacdf74f20f4058d55613d232b512ef1b8e219ba42f57a8cfc76f661f7c tp_id=2cba831c-e519-0bb4-b6a0-b9f363754029 tp_index=1
[2026-04-22T13:40:30-05:00] DEBUG [transport_manager]: Deleted 1 unused transport entries
[2026-04-22T13:40:31-05:00] DEBUG ClientSession.DialStream [dmsgC]: Stream closed on failure. close_error=<nil> dst_addr=0324d126bcb472388274e50024cf0dc965fa8502c21bff2fbaa7b53354ec5dda63:100 error="i/o deadline reached" ports_reserved=37 session=0281a102c82820e811368c8d028cf11b1a985043b726b1bcdb8fce89b27384b2cb
[2026-04-22T13:40:31-05:00] DEBUG [dmsgC]: DialStream failed, trying next session error="i/o deadline reached" server=0281a102c82820e811368c8d028cf11b1a985043b726b1bcdb8fce89b27384b2cb
[2026-04-22T13:40:31-05:00] DEBUG ClientSession.DialStream [dmsgC]: Stream closed on failure. close_error=<nil> dst_addr=0324d126bcb472388274e50024cf0dc965fa8502c21bff2fbaa7b53354ec5dda63:100 error="context deadline exceeded" ports_reserved=37 session=03717576ada5b1744e395c66c2bb11cea73b0e23d0dcd54422139b1a7f12e962c4
[2026-04-22T13:40:31-05:00] DEBUG [dmsgC]: DialStream failed via new session, trying next server error="context deadline exceeded" server=03717576ada5b1744e395c66c2bb11cea73b0e23d0dcd54422139b1a7f12e962c4
[2026-04-22T13:40:31-05:00] DEBUG ClientSession.DialStream [dmsgC]: Stream closed on failure. close_error=<nil> dst_addr=0324d126bcb472388274e50024cf0dc965fa8502c21bff2fbaa7b53354ec5dda63:100 error="context deadline exceeded" ports_reserved=37 session=0281a102c82820e811368c8d028cf11b1a985043b726b1bcdb8fce89b27384b2cb
[2026-04-22T13:40:31-05:00] DEBUG [dmsgC]: DialStream failed via new session, trying next server error="context deadline exceeded" server=0281a102c82820e811368c8d028cf11b1a985043b726b1bcdb8fce89b27384b2cb
[2026-04-22T13:40:31-05:00] DEBUG [dht]: PutValue failed error="dht dmsg dial 0324d126: dmsg error 202 - cannot connect to delegated server" peer=0324d126
[2026-04-22T13:40:31-05:00] DEBUG [dht]: PutValue failed error="dht dmsg dial 0246834b: dmsg error 100 - entry is not found in discovery: entry of public key is not found" peer=0246834b
[2026-04-22T13:40:34-05:00] DEBUG [transport_manager]: Error dialing transport to 038cde7dc248e5f86b0759f9b57548386a1b802d9709bd0c8673f8d90cee3f43a3 via sudph: mt.client.Dial: handshake failed: timeout

[2026-04-22T13:40:34-05:00] WARN [public_autoconnect]: Failed to add transport error="save transport: mt.client.Dial: handshake failed: timeout
" pk=038cde7dc248e5f86b0759f9b57548386a1b802d9709bd0c8673f8d90cee3f43a3 type=sudph
[2026-04-22T13:40:34-05:00] DEBUG [public_autoconnect]: Public autoconnect cycle completed public_visors=1 stcpr=4 sudph=1
[2026-04-22T13:40:34-05:00] INFO [public_autoconnect]: Fetching public visors
[2026-04-22T13:40:34-05:00] DEBUG [public_autoconnect]: Found public visors=3
[2026-04-22T13:40:34-05:00] DEBUG [public_autoconnect]: Fetching all transport discovery data for caching
[2026-04-22T13:40:34-05:00] DEBUG [transport_manager]: Batch deleting 1 transports from TPD
[2026-04-22T13:40:36-05:00] DEBUG [public_autoconnect]: Successfully cached transport discovery data cached_keys=1038
[2026-04-22T13:40:36-05:00] DEBUG [public_autoconnect]: Found visors to connect to total=663
[2026-04-22T13:40:36-05:00] DEBUG [dht]: PutValue failed error="dht dmsg dial 02a2d4c3: dmsg error 102 - entry is not of client in discovery" peer=02a2d4c3
[2026-04-22T13:40:36-05:00] DEBUG [public_autoconnect]: Cached SUDPH-capable visors from address resolver count=324
[2026-04-22T13:40:36-05:00] DEBUG [public_autoconnect]: Phase 1: Connecting to public visors via SUDPH
[2026-04-22T13:40:36-05:00] DEBUG [public_autoconnect]: Phase 2: Connecting to public visors via STCPR
[2026-04-22T13:40:36-05:00] DEBUG [public_autoconnect]: Trying to add transport pk=02e26350c58c54c79e472608b6f6600ca1d139038b822c296fb2f144670052e7ce type=stcpr
[2026-04-22T13:40:36-05:00] DEBUG [transport_manager]: Initializing TP with ID 4925daea-116b-04cc-923c-2749d51d83e3
[2026-04-22T13:40:36-05:00] DEBUG [transport_manager]: Dialing transport to 02e26350c58c54c79e472608b6f6600ca1d139038b822c296fb2f144670052e7ce via stcpr
[2026-04-22T13:40:36-05:00] DEBUG [stcpr]: Dialing PK 02e26350c58c54c79e472608b6f6600ca1d139038b822c296fb2f144670052e7ce
[2026-04-22T13:40:36-05:00] DEBUG [transport_manager]: Batch deleted 0/1 transports from TPD
[2026-04-22T13:40:37-05:00] DEBUG [stcpr]: Resolved PK 02e26350c58c54c79e472608b6f6600ca1d139038b822c296fb2f144670052e7ce to visor data {194.103.157.198 false {30001 [192.168.1.6 194.103.157.198]}}
[2026-04-22T13:40:37-05:00] DEBUG [stcpr]: Dialing public address: 194.103.157.198:30001
[2026-04-22T13:40:37-05:00] DEBUG [stcpr]: Performing handshake with 194.103.157.198:30001
[2026-04-22T13:40:38-05:00] DEBUG [stcpr]: Sent handshake to 194.103.157.198:30001, local addr 0282213369836321323dfaa492564ceb8a9a5e7e8ff044c46c92949a787ec51fb0:49158, remote addr 02e26350c58c54c79e472608b6f6600ca1d139038b822c296fb2f144670052e7ce:45
[2026-04-22T13:40:38-05:00] DEBUG [tp:02e263]: Sent signal to 'mt.transportCh'.
[2026-04-22T13:40:38-05:00] DEBUG [transport_manager]: saved transport: remote(02e26350c58c54c79e472608b6f6600ca1d139038b822c296fb2f144670052e7ce) type(stcpr) tpID(4925daea-116b-04cc-923c-2749d51d83e3)
[2026-04-22T13:40:38-05:00] DEBUG [tp:02e263]: Serving. remote_pk=02e26350c58c54c79e472608b6f6600ca1d139038b822c296fb2f144670052e7ce tp_id=4925daea-116b-04cc-923c-2749d51d83e3 tp_index=3
[2026-04-22T13:40:38-05:00] DEBUG [public_autoconnect]: Added transport to visor pk=02e26350c58c54c79e472608b6f6600ca1d139038b822c296fb2f144670052e7ce type=stcpr
[2026-04-22T13:40:38-05:00] DEBUG [public_autoconnect]: Trying to add transport pk=03dc3488e49ded9250f3cca2827ab16f6331b7ccefdad614353c785a5fc76c1b13 type=stcpr
[2026-04-22T13:40:38-05:00] DEBUG [transport_manager]: Initializing TP with ID ff476724-6265-0396-a613-ada07f3b5399
[2026-04-22T13:40:38-05:00] DEBUG [transport_manager]: Dialing transport to 03dc3488e49ded9250f3cca2827ab16f6331b7ccefdad614353c785a5fc76c1b13 via stcpr
[2026-04-22T13:40:38-05:00] DEBUG [stcpr]: Dialing PK 03dc3488e49ded9250f3cca2827ab16f6331b7ccefdad614353c785a5fc76c1b13
[2026-04-22T13:40:38-05:00] DEBUG [stcpr]: Resolved PK 03dc3488e49ded9250f3cca2827ab16f6331b7ccefdad614353c785a5fc76c1b13 to visor data {94.32.70.55 false {7178 [192.168.1.201 94.32.70.55]}}
[2026-04-22T13:40:38-05:00] DEBUG [stcpr]: Dialing public address: 94.32.70.55:7178
[2026-04-22T13:40:38-05:00] DEBUG [stcpr]: Performing handshake with 94.32.70.55:7178
[2026-04-22T13:40:39-05:00] DEBUG [stcpr]: Sent handshake to 94.32.70.55:7178, local addr 0282213369836321323dfaa492564ceb8a9a5e7e8ff044c46c92949a787ec51fb0:49159, remote addr 03dc3488e49ded9250f3cca2827ab16f6331b7ccefdad614353c785a5fc76c1b13:45
[2026-04-22T13:40:39-05:00] DEBUG [tp:03dc34]: Sent signal to 'mt.transportCh'.
[2026-04-22T13:40:39-05:00] DEBUG [transport_manager]: saved transport: remote(03dc3488e49ded9250f3cca2827ab16f6331b7ccefdad614353c785a5fc76c1b13) type(stcpr) tpID(ff476724-6265-0396-a613-ada07f3b5399)
[2026-04-22T13:40:39-05:00] DEBUG [public_autoconnect]: Added transport to visor pk=03dc3488e49ded9250f3cca2827ab16f6331b7ccefdad614353c785a5fc76c1b13 type=stcpr
[2026-04-22T13:40:39-05:00] DEBUG [public_autoconnect]: Phase 3: Connecting to other visors via SUDPH
[2026-04-22T13:40:39-05:00] DEBUG [tp:03dc34]: Serving. remote_pk=03dc3488e49ded9250f3cca2827ab16f6331b7ccefdad614353c785a5fc76c1b13 tp_id=ff476724-6265-0396-a613-ada07f3b5399 tp_index=4
[2026-04-22T13:40:39-05:00] DEBUG [public_autoconnect]: Skipping visor: dmsg probe failed (unreachable) pk=039ffc4777198e36ef6b3a9361f0990bd26dcfbb177972fd463f8771a5b37f8404 type=sudph
[2026-04-22T13:40:40-05:00] DEBUG [public_autoconnect]: Trying to add transport pk=037793487efaf91877b903c54bcb6395a7989dc1bba2b186cbfa2084f8fd0a00fd type=sudph
[2026-04-22T13:40:40-05:00] DEBUG [transport_manager]: Initializing TP with ID 28dc8d2b-cb8c-0fad-be6a-d0f073cab991
[2026-04-22T13:40:40-05:00] DEBUG [transport_manager]: Dialing transport to 037793487efaf91877b903c54bcb6395a7989dc1bba2b186cbfa2084f8fd0a00fd via sudph
[2026-04-22T13:40:40-05:00] DEBUG [sudph]: Resolved PK 037793487efaf91877b903c54bcb6395a7989dc1bba2b186cbfa2084f8fd0a00fd to visor data {114.10.45.248:26004 false {35962 [127.0.0.1 192.168.1.35 192.168.1.36 ::1]}}
[2026-04-22T13:40:40-05:00] DEBUG [sudph]: Dialing public address: 114.10.45.248:26004
[2026-04-22T13:40:40-05:00] DEBUG [sudph]: Dialing 114.10.45.248:26004
[2026-04-22T13:40:40-05:00] DEBUG [sudph]: Dialed 114.10.45.248:26004
[2026-04-22T13:40:40-05:00] DEBUG [sudph]: Performing handshake with 114.10.45.248:26004
[2026-04-22T13:40:46-05:00] DEBUG [cli_rpc]: CLI RPC stats: active=0, total=2, errors=0, peak=1
[2026-04-22T13:40:48-05:00] DEBUG ClientSession.DialStream [dmsgC]: Stream closed on failure. close_error=<nil> dst_addr=025c9a88815cf837c44d9043a522ebdc2a77fa521e8678d58e115795731af498dc:100 error="i/o deadline reached" ports_reserved=38 session=0281a102c82820e811368c8d028cf11b1a985043b726b1bcdb8fce89b27384b2cb
[2026-04-22T13:40:48-05:00] DEBUG [dmsgC]: DialStream failed via cached route, evicting error="i/o deadline reached" server=0281a102c82820e811368c8d028cf11b1a985043b726b1bcdb8fce89b27384b2cb
[2026-04-22T13:40:50-05:00] DEBUG [transport_manager]: Error dialing transport to 037793487efaf91877b903c54bcb6395a7989dc1bba2b186cbfa2084f8fd0a00fd via sudph: mt.client.Dial: handshake failed: timeout

[2026-04-22T13:40:50-05:00] WARN [public_autoconnect]: Failed to add transport error="save transport: mt.client.Dial: handshake failed: timeout
" pk=037793487efaf91877b903c54bcb6395a7989dc1bba2b186cbfa2084f8fd0a00fd type=sudph
[2026-04-22T13:40:53-05:00] DEBUG ClientSession.DialStream [dmsgC]: Stream closed on failure. close_error=<nil> dst_addr=023d00ea6c2542ab046abe7cba30e95dd85f0772e07873ad44c54e177ee504dc6d:100 error="i/o deadline reached" ports_reserved=40 session=0281a102c82820e811368c8d028cf11b1a985043b726b1bcdb8fce89b27384b2cb
[2026-04-22T13:40:53-05:00] DEBUG [dmsgC]: DialStream failed, trying next session error="i/o deadline reached" server=0281a102c82820e811368c8d028cf11b1a985043b726b1bcdb8fce89b27384b2cb
[2026-04-22T13:40:56-05:00] DEBUG ClientSession.DialStream [dmsgC]: Stream closed on failure. close_error=<nil> dst_addr=02f42769e3b410407e7eafa8f36a944ec8aaf54b6292a94d0c5bad4b2383434893:136 error="i/o deadline reached" ports_reserved=40 session=0371ab4bcff7b121f4b91f6856d6740c6f9dc1fe716977850aeb5d84378b300a13
[2026-04-22T13:40:56-05:00] DEBUG [dmsgC]: DialStream failed, trying next session error="i/o deadline reached" server=0371ab4bcff7b121f4b91f6856d6740c6f9dc1fe716977850aeb5d84378b300a13
[2026-04-22T13:40:56-05:00] DEBUG ClientSession.DialStream [dmsgC]: Stream closed on failure. close_error=<nil> dst_addr=02f42769e3b410407e7eafa8f36a944ec8aaf54b6292a94d0c5bad4b2383434893:136 error="context deadline exceeded" ports_reserved=40 session=0371ab4bcff7b121f4b91f6856d6740c6f9dc1fe716977850aeb5d84378b300a13
[2026-04-22T13:40:56-05:00] DEBUG [dmsgC]: DialStream failed via new session, trying next server error="context deadline exceeded" server=0371ab4bcff7b121f4b91f6856d6740c6f9dc1fe716977850aeb5d84378b300a13
[2026-04-22T13:40:56-05:00] DEBUG [public_autoconnect]: Skipping visor: dmsg probe failed (unreachable) pk=02f42769e3b410407e7eafa8f36a944ec8aaf54b6292a94d0c5bad4b2383434893 type=sudph
[2026-04-22T13:40:56-05:00] DEBUG [public_autoconnect]: Trying to add transport pk=027b7fc61d9582bf7f08559659fe39d0ea399d78e9ac5dc31dfb23788a5f0d23fb type=sudph
[2026-04-22T13:40:56-05:00] DEBUG [transport_manager]: Initializing TP with ID 7356dcad-1b76-0c04-a762-73883336d2d0
[2026-04-22T13:40:56-05:00] DEBUG [transport_manager]: Dialing transport to 027b7fc61d9582bf7f08559659fe39d0ea399d78e9ac5dc31dfb23788a5f0d23fb via sudph
[2026-04-22T13:40:57-05:00] DEBUG [sudph]: Resolved PK 027b7fc61d9582bf7f08559659fe39d0ea399d78e9ac5dc31dfb23788a5f0d23fb to visor data {153.124.161.206:49223 false {49223 [127.0.0.1 192.168.1.100 ::1]}}
[2026-04-22T13:40:57-05:00] DEBUG [sudph]: Dialing public address: 153.124.161.206:49223
[2026-04-22T13:40:57-05:00] DEBUG [sudph]: Dialing 153.124.161.206:49223
[2026-04-22T13:40:57-05:00] DEBUG [sudph]: Dialed 153.124.161.206:49223
[2026-04-22T13:40:57-05:00] DEBUG [sudph]: Performing handshake with 153.124.161.206:49223
[2026-04-22T13:41:03-05:00] DEBUG ClientSession.DialStream [dmsgC]: Stream closed on failure. close_error=<nil> dst_addr=02e8ecb5c32a510f32967be997eeaab549e45a5c0d01ca49061f7c1b8e707a01e6:100 error="i/o deadline reached" ports_reserved=40 session=0371ab4bcff7b121f4b91f6856d6740c6f9dc1fe716977850aeb5d84378b300a13
[2026-04-22T13:41:03-05:00] DEBUG [dmsgC]: DialStream failed via cached route, evicting error="i/o deadline reached" server=0371ab4bcff7b121f4b91f6856d6740c6f9dc1fe716977850aeb5d84378b300a13
[2026-04-22T13:41:04-05:00] DEBUG [dht]: PutValue failed error="dht dmsg dial 02864d02: dmsg error 100 - entry is not found in discovery: entry of public key is not found" peer=02864d02
[2026-04-22T13:41:06-05:00] DEBUG [stcpr]: Re-registering STCPR with address resolver
[2026-04-22T13:41:06-05:00] DEBUG httpClient.BindSTCPR [address_resolver]: Address resolver binding with: [192.168.1.118 70.121.13.123]
[2026-04-22T13:41:07-05:00] DEBUG [transport_manager]: Error dialing transport to 027b7fc61d9582bf7f08559659fe39d0ea399d78e9ac5dc31dfb23788a5f0d23fb via sudph: mt.client.Dial: handshake failed: timeout

[2026-04-22T13:41:07-05:00] WARN [public_autoconnect]: Failed to add transport error="save transport: mt.client.Dial: handshake failed: timeout
" pk=027b7fc61d9582bf7f08559659fe39d0ea399d78e9ac5dc31dfb23788a5f0d23fb type=sudph
[2026-04-22T13:41:07-05:00] DEBUG [stcpr]: Successfully re-registered STCPR
[2026-04-22T13:41:12-05:00] DEBUG ClientSession.DialStream [dmsgC]: Stream closed on failure. close_error=<nil> dst_addr=028521452202cb3cccd4069bab49fad428f8d3624e06963c1dd7ee8d6366f49845:136 error="i/o deadline reached" ports_reserved=40 session=0281a102c82820e811368c8d028cf11b1a985043b726b1bcdb8fce89b27384b2cb
[2026-04-22T13:41:12-05:00] DEBUG [dmsgC]: DialStream failed via cached route, evicting error="i/o deadline reached" server=0281a102c82820e811368c8d028cf11b1a985043b726b1bcdb8fce89b27384b2cb
[2026-04-22T13:41:12-05:00] DEBUG ClientSession.DialStream [dmsgC]: Stream closed on failure. close_error=<nil> dst_addr=028521452202cb3cccd4069bab49fad428f8d3624e06963c1dd7ee8d6366f49845:136 error="context deadline exceeded" ports_reserved=40 session=0371ab4bcff7b121f4b91f6856d6740c6f9dc1fe716977850aeb5d84378b300a13
[2026-04-22T13:41:12-05:00] DEBUG [dmsgC]: DialStream failed via new session, trying next server error="context deadline exceeded" server=0371ab4bcff7b121f4b91f6856d6740c6f9dc1fe716977850aeb5d84378b300a13
[2026-04-22T13:41:12-05:00] DEBUG ClientSession.DialStream [dmsgC]: Stream closed on failure. close_error=<nil> dst_addr=028521452202cb3cccd4069bab49fad428f8d3624e06963c1dd7ee8d6366f49845:136 error="context deadline exceeded" ports_reserved=40 session=0281a102c82820e811368c8d028cf11b1a985043b726b1bcdb8fce89b27384b2cb
[2026-04-22T13:41:12-05:00] DEBUG [dmsgC]: DialStream failed via new session, trying next server error="context deadline exceeded" server=0281a102c82820e811368c8d028cf11b1a985043b726b1bcdb8fce89b27384b2cb
[2026-04-22T13:41:12-05:00] DEBUG [public_autoconnect]: Skipping visor: dmsg probe failed (unreachable) pk=028521452202cb3cccd4069bab49fad428f8d3624e06963c1dd7ee8d6366f49845 type=sudph
[2026-04-22T13:41:13-05:00] DEBUG [public_autoconnect]: Trying to add transport pk=038cde7dc248e5f86b0759f9b57548386a1b802d9709bd0c8673f8d90cee3f43a3 type=sudph
[2026-04-22T13:41:13-05:00] DEBUG [transport_manager]: Initializing TP with ID d2fb34d9-2ef0-0f23-a5da-cccc40dfcb83
[2026-04-22T13:41:13-05:00] DEBUG [transport_manager]: Dialing transport to 038cde7dc248e5f86b0759f9b57548386a1b802d9709bd0c8673f8d90cee3f43a3 via sudph
[2026-04-22T13:41:13-05:00] DEBUG [sudph]: Resolved PK 038cde7dc248e5f86b0759f9b57548386a1b802d9709bd0c8673f8d90cee3f43a3 to visor data {88.146.116.113:54151 false {54151 [127.0.0.1 192.168.88.108 ::1]}}
[2026-04-22T13:41:13-05:00] DEBUG [sudph]: Dialing public address: 88.146.116.113:54151
[2026-04-22T13:41:13-05:00] DEBUG [sudph]: Dialing 88.146.116.113:54151
[2026-04-22T13:41:13-05:00] DEBUG [sudph]: Dialed 88.146.116.113:54151
[2026-04-22T13:41:13-05:00] DEBUG [sudph]: Performing handshake with 88.146.116.113:54151
[2026-04-22T13:41:16-05:00] DEBUG [cli_rpc]: CLI RPC stats: active=0, total=2, errors=0, peak=1
[2026-04-22T13:41:16-05:00] WARN [router]: closing conn from untrusted setup node: <nil>
[2026-04-22T13:41:17-05:00] WARN [self_probe]: Self-probe FAILED: dmsg listener unreachable (persistent) consecutive_failures=30 port=80
[2026-04-22T13:41:17-05:00] DEBUG [dmsgC]: Session shut down, stopping accept loop. error="session shutdown" session=03717576ada5b1744e395c66c2bb11cea73b0e23d0dcd54422139b1a7f12e962c4
[2026-04-22T13:41:17-05:00] DEBUG [dmsgC]: Session shut down, stopping accept loop. error="session shutdown" session=0281a102c82820e811368c8d028cf11b1a985043b726b1bcdb8fce89b27384b2cb
[2026-04-22T13:41:17-05:00] DEBUG [dmsgC]: Session shut down, stopping accept loop. error="session shutdown" session=0371ab4bcff7b121f4b91f6856d6740c6f9dc1fe716977850aeb5d84378b300a13
[2026-04-22T13:41:17-05:00] DEBUG ClientSession.DialStream [dmsgC]: Stream closed on failure. close_error=<nil> dst_addr=0324d126bcb472388274e50024cf0dc965fa8502c21bff2fbaa7b53354ec5dda63:100 error=EOF ports_reserved=18 session=0281a102c82820e811368c8d028cf11b1a985043b726b1bcdb8fce89b27384b2cb
[2026-04-22T13:41:17-05:00] WARN [self_probe]: Self-probe recovery: forced DMSG session reconnect; reconnect loop will re-dial within 15s sessions_closed=4
[2026-04-22T13:41:17-05:00] DEBUG [dmsgC]: Session stopped. error="failed to serve dialed session to 03717576ada5b1744e395c66c2bb11cea73b0e23d0dcd54422139b1a7f12e962c4: session shutdown"
[2026-04-22T13:41:17-05:00] DEBUG [dmsgC]: Session already exists... remote_pk=0326978f5a53aff537dbb47fed58b1f123af3b00132d365f1309a14db4168dcff7
[2026-04-22T13:41:17-05:00] DEBUG [dmsgC]: Session shut down, stopping accept loop. error="session shutdown" session=0326978f5a53aff537dbb47fed58b1f123af3b00132d365f1309a14db4168dcff7
[2026-04-22T13:41:17-05:00] DEBUG [dmsgC]: DialStream failed, trying next session error=EOF server=0281a102c82820e811368c8d028cf11b1a985043b726b1bcdb8fce89b27384b2cb
[2026-04-22T13:41:17-05:00] DEBUG [dmsgC]: DialStream failed, trying next session error="session shutdown" server=03717576ada5b1744e395c66c2bb11cea73b0e23d0dcd54422139b1a7f12e962c4
[2026-04-22T13:41:17-05:00] DEBUG [dmsgC]: Dialing session... remote_pk=03717576ada5b1744e395c66c2bb11cea73b0e23d0dcd54422139b1a7f12e962c4
[2026-04-22T13:41:17-05:00] DEBUG [dmsgC]: DialStream failed, trying next session error="session shutdown" server=0326978f5a53aff537dbb47fed58b1f123af3b00132d365f1309a14db4168dcff7
[2026-04-22T13:41:17-05:00] INFO [dmsgC]: yamux stream session initial for 03717576ada5b1744e395c66c2bb11cea73b0e23d0dcd54422139b1a7f12e962c4
[2026-04-22T13:41:17-05:00] DEBUG [dmsgC]: Session stopped. error="failed to serve dialed session to 0281a102c82820e811368c8d028cf11b1a985043b726b1bcdb8fce89b27384b2cb: session shutdown"
[2026-04-22T13:41:17-05:00] DEBUG [dmsgC]: Dialing session... remote_pk=02a2d4c346dabd165fd555dfdba4a7f4d18786fe7e055e562397cd5102bdd7f8dd
[2026-04-22T13:41:17-05:00] DEBUG [dmsgC]: Serving session. remote_pk=03717576ada5b1744e395c66c2bb11cea73b0e23d0dcd54422139b1a7f12e962c4
[2026-04-22T13:41:18-05:00] INFO [dmsgC]: yamux stream session initial for 02a2d4c346dabd165fd555dfdba4a7f4d18786fe7e055e562397cd5102bdd7f8dd
[2026-04-22T13:41:18-05:00] DEBUG [dmsgC]: Session stopped. error="failed to serve dialed session to 0371ab4bcff7b121f4b91f6856d6740c6f9dc1fe716977850aeb5d84378b300a13: session shutdown"
[2026-04-22T13:41:18-05:00] DEBUG [dmsgC]: Serving session. remote_pk=02a2d4c346dabd165fd555dfdba4a7f4d18786fe7e055e562397cd5102bdd7f8dd
[2026-04-22T13:41:18-05:00] DEBUG [dmsgC]: Dialing session... remote_pk=0281a102c82820e811368c8d028cf11b1a985043b726b1bcdb8fce89b27384b2cb
[2026-04-22T13:41:18-05:00] INFO [dmsgC]: yamux stream session initial for 0281a102c82820e811368c8d028cf11b1a985043b726b1bcdb8fce89b27384b2cb
[2026-04-22T13:41:18-05:00] DEBUG [dmsgC]: Session stopped. error="failed to serve dialed session to 0326978f5a53aff537dbb47fed58b1f123af3b00132d365f1309a14db4168dcff7: session shutdown"
[2026-04-22T13:41:18-05:00] DEBUG [dmsgC]: Dialing session... remote_pk=0371ab4bcff7b121f4b91f6856d6740c6f9dc1fe716977850aeb5d84378b300a13
[2026-04-22T13:41:18-05:00] DEBUG [dmsgC]: Serving session. remote_pk=0281a102c82820e811368c8d028cf11b1a985043b726b1bcdb8fce89b27384b2cb
[2026-04-22T13:41:18-05:00] INFO [dmsgC]: yamux stream session initial for 0371ab4bcff7b121f4b91f6856d6740c6f9dc1fe716977850aeb5d84378b300a13
[2026-04-22T13:41:18-05:00] DEBUG [dmsgC]: Updating entry.
 entry=	version: 0.0.1
	sequence: 33
	registered at: 1776883224005290882
	static public key: 0282213369836321323dfaa492564ceb8a9a5e7e8ff044c46c92949a787ec51fb0
	signature: 48fa82468775c8e4ea69670b41051f710f30b51930157045067414bffd9640f975d39b656286fc71bc7c91c326e66bbb8020ef274e47feae081a59d66e0790b501
	entry is registered as client. Related info: 
		delegated servers: 
			03717576ada5b1744e395c66c2bb11cea73b0e23d0dcd54422139b1a7f12e962c4
			02a2d4c346dabd165fd555dfdba4a7f4d18786fe7e055e562397cd5102bdd7f8dd
			0281a102c82820e811368c8d028cf11b1a985043b726b1bcdb8fce89b27384b2cb


[2026-04-22T13:41:19-05:00] DEBUG [dmsgC]: Serving session. remote_pk=0371ab4bcff7b121f4b91f6856d6740c6f9dc1fe716977850aeb5d84378b300a13
[2026-04-22T13:41:20-05:00] DEBUG [dmsgC]: Updating entry.
 entry=	version: 0.0.1
	sequence: 34
	registered at: 1776883278803848530
	static public key: 0282213369836321323dfaa492564ceb8a9a5e7e8ff044c46c92949a787ec51fb0
	signature: c9c426e040206cde0c93c5709065500d2cb8fff96c910fe58c99fac522cb6ddb048b17a7f09e5b7599bd18fc6bb05eb4c02bf99f90376e8db34576d803cb74d000
	entry is registered as client. Related info: 
		delegated servers: 
			03717576ada5b1744e395c66c2bb11cea73b0e23d0dcd54422139b1a7f12e962c4
			02a2d4c346dabd165fd555dfdba4a7f4d18786fe7e055e562397cd5102bdd7f8dd
			0281a102c82820e811368c8d028cf11b1a985043b726b1bcdb8fce89b27384b2cb
			0371ab4bcff7b121f4b91f6856d6740c6f9dc1fe716977850aeb5d84378b300a13


[2026-04-22T13:41:23-05:00] DEBUG [transport_manager]: Error dialing transport to 038cde7dc248e5f86b0759f9b57548386a1b802d9709bd0c8673f8d90cee3f43a3 via sudph: mt.client.Dial: handshake failed: timeout

[2026-04-22T13:41:23-05:00] WARN [public_autoconnect]: Failed to add transport error="save transport: mt.client.Dial: handshake failed: timeout
" pk=038cde7dc248e5f86b0759f9b57548386a1b802d9709bd0c8673f8d90cee3f43a3 type=sudph
[2026-04-22T13:41:25-05:00] DEBUG [dht]: PutValue failed error="dht dmsg dial 02a49bc0: dmsg error 102 - entry is not of client in discovery" peer=02a49bc0
[2026-04-22T13:41:27-05:00] DEBUG [dht]: PutValue failed error="dht dmsg dial 0246834b: dmsg error 100 - entry is not found in discovery: entry of public key is not found" peer=0246834b
[2026-04-22T13:41:28-05:00] DEBUG [dht]: PutValue failed error="dht dmsg dial 0326978f: dmsg error 102 - entry is not of client in discovery" peer=0326978f
[2026-04-22T13:41:28-05:00] DEBUG ClientSession.DialStream [dmsgC]: Stream closed on failure. close_error=<nil> dst_addr=020f66a62bfca204e055c515f3cefcc9f207d785df76d868ff0fda9a18a3665901:136 error="i/o deadline reached" ports_reserved=10 session=0371ab4bcff7b121f4b91f6856d6740c6f9dc1fe716977850aeb5d84378b300a13
[2026-04-22T13:41:28-05:00] DEBUG [dmsgC]: DialStream failed via cached route, evicting error="i/o deadline reached" server=0371ab4bcff7b121f4b91f6856d6740c6f9dc1fe716977850aeb5d84378b300a13
[2026-04-22T13:41:28-05:00] DEBUG ClientSession.DialStream [dmsgC]: Stream closed on failure. close_error=<nil> dst_addr=020f66a62bfca204e055c515f3cefcc9f207d785df76d868ff0fda9a18a3665901:136 error="context deadline exceeded" ports_reserved=10 session=02a2d4c346dabd165fd555dfdba4a7f4d18786fe7e055e562397cd5102bdd7f8dd
[2026-04-22T13:41:28-05:00] DEBUG [dmsgC]: DialStream failed via new session, trying next server error="context deadline exceeded" server=02a2d4c346dabd165fd555dfdba4a7f4d18786fe7e055e562397cd5102bdd7f8dd
[2026-04-22T13:41:28-05:00] DEBUG ClientSession.DialStream [dmsgC]: Stream closed on failure. close_error=<nil> dst_addr=020f66a62bfca204e055c515f3cefcc9f207d785df76d868ff0fda9a18a3665901:136 error="context deadline exceeded" ports_reserved=10 session=0371ab4bcff7b121f4b91f6856d6740c6f9dc1fe716977850aeb5d84378b300a13
[2026-04-22T13:41:28-05:00] DEBUG [dmsgC]: DialStream failed via new session, trying next server error="context deadline exceeded" server=0371ab4bcff7b121f4b91f6856d6740c6f9dc1fe716977850aeb5d84378b300a13
[2026-04-22T13:41:28-05:00] DEBUG [public_autoconnect]: Skipping visor: dmsg probe failed (unreachable) pk=020f66a62bfca204e055c515f3cefcc9f207d785df76d868ff0fda9a18a3665901 type=sudph
[2026-04-22T13:41:29-05:00] DEBUG [public_autoconnect]: Trying to add transport pk=0326c42bb6f61689baa95b8230abb6dbf5acacda54d4d1ff82ed5c44bf8687ce8c type=sudph
[2026-04-22T13:41:29-05:00] DEBUG [transport_manager]: Initializing TP with ID a81c7855-bd8c-010a-a53b-a19a4420787f
[2026-04-22T13:41:29-05:00] DEBUG [transport_manager]: Dialing transport to 0326c42bb6f61689baa95b8230abb6dbf5acacda54d4d1ff82ed5c44bf8687ce8c via sudph
[2026-04-22T13:41:30-05:00] DEBUG [sudph]: Resolved PK 0326c42bb6f61689baa95b8230abb6dbf5acacda54d4d1ff82ed5c44bf8687ce8c to visor data {36.70.49.112:49158 false {49158 [127.0.0.1 192.168.1.20 172.17.0.1 192.168.58.130 ::1 2001:448a:10b1:47c3:e79c:a535:697a:4485]}}
[2026-04-22T13:41:30-05:00] DEBUG [sudph]: Dialing public address: 36.70.49.112:49158
[2026-04-22T13:41:30-05:00] DEBUG [sudph]: Dialing 36.70.49.112:49158
[2026-04-22T13:41:30-05:00] DEBUG [sudph]: Dialed 36.70.49.112:49158
[2026-04-22T13:41:30-05:00] DEBUG [sudph]: Performing handshake with 36.70.49.112:49158
[2026-04-22T13:41:40-05:00] DEBUG [transport_manager]: Error dialing transport to 0326c42bb6f61689baa95b8230abb6dbf5acacda54d4d1ff82ed5c44bf8687ce8c via sudph: mt.client.Dial: handshake failed: timeout

[2026-04-22T13:41:40-05:00] WARN [public_autoconnect]: Failed to add transport error="save transport: mt.client.Dial: handshake failed: timeout
" pk=0326c42bb6f61689baa95b8230abb6dbf5acacda54d4d1ff82ed5c44bf8687ce8c type=sudph
[2026-04-22T13:41:40-05:00] DEBUG [public_autoconnect]: Trying to add transport pk=03a934a4d3780ba3c9d91619faa36153041373bd6ce4ea57b0e9aeceb7f6771940 type=sudph
[2026-04-22T13:41:40-05:00] DEBUG [transport_manager]: Initializing TP with ID 877a7f2e-dde7-0943-9e03-63a450fe3cd9
[2026-04-22T13:41:40-05:00] DEBUG [transport_manager]: Dialing transport to 03a934a4d3780ba3c9d91619faa36153041373bd6ce4ea57b0e9aeceb7f6771940 via sudph
[2026-04-22T13:41:41-05:00] DEBUG [sudph]: Resolved PK 03a934a4d3780ba3c9d91619faa36153041373bd6ce4ea57b0e9aeceb7f6771940 to visor data {92.116.65.240:37257 false {37257 [127.0.0.1 192.168.178.213 ::1 2001:9e8:cf00:e000:6e42:6dbb:e54:a230 fd00::5ca9:dad7:8422:f2d2]}}
[2026-04-22T13:41:41-05:00] DEBUG [sudph]: Dialing public address: 92.116.65.240:37257
[2026-04-22T13:41:41-05:00] DEBUG [sudph]: Dialing 92.116.65.240:37257
[2026-04-22T13:41:41-05:00] DEBUG [sudph]: Dialed 92.116.65.240:37257
[2026-04-22T13:41:41-05:00] DEBUG [sudph]: Performing handshake with 92.116.65.240:37257
[2026-04-22T13:41:46-05:00] DEBUG [cli_rpc]: CLI RPC stats: active=0, total=2, errors=0, peak=1
[2026-04-22T13:41:46-05:00] DEBUG [dht]: PutValue failed error="dht dmsg dial 02864d02: dmsg error 100 - entry is not found in discovery: entry of public key is not found" peer=02864d02
[2026-04-22T13:41:51-05:00] DEBUG [transport_manager]: Error dialing transport to 03a934a4d3780ba3c9d91619faa36153041373bd6ce4ea57b0e9aeceb7f6771940 via sudph: mt.client.Dial: handshake failed: timeout

[2026-04-22T13:41:51-05:00] WARN [public_autoconnect]: Failed to add transport error="save transport: mt.client.Dial: handshake failed: timeout
" pk=03a934a4d3780ba3c9d91619faa36153041373bd6ce4ea57b0e9aeceb7f6771940 type=sudph
[2026-04-22T13:41:52-05:00] DEBUG [public_autoconnect]: Trying to add transport pk=025997ad608f043e697742518d384e5ef019b62b2838362b0dee63f8587f32c91a type=sudph
[2026-04-22T13:41:52-05:00] DEBUG [transport_manager]: Initializing TP with ID 7110f5b3-b304-0514-b528-d200e4f47837
[2026-04-22T13:41:52-05:00] DEBUG [transport_manager]: Dialing transport to 025997ad608f043e697742518d384e5ef019b62b2838362b0dee63f8587f32c91a via sudph
[2026-04-22T13:41:53-05:00] DEBUG [sudph]: Resolved PK 025997ad608f043e697742518d384e5ef019b62b2838362b0dee63f8587f32c91a to visor data {182.8.99.234:6027 false {36853 [127.0.0.1 192.168.1.30]}}
[2026-04-22T13:41:53-05:00] DEBUG [sudph]: Dialing public address: 182.8.99.234:6027
[2026-04-22T13:41:53-05:00] DEBUG [sudph]: Dialing 182.8.99.234:6027
[2026-04-22T13:41:53-05:00] DEBUG [sudph]: Dialed 182.8.99.234:6027
[2026-04-22T13:41:53-05:00] DEBUG [sudph]: Performing handshake with 182.8.99.234:6027
[2026-04-22T13:42:03-05:00] DEBUG [transport_manager]: Error dialing transport to 025997ad608f043e697742518d384e5ef019b62b2838362b0dee63f8587f32c91a via sudph: mt.client.Dial: handshake failed: timeout

[2026-04-22T13:42:03-05:00] WARN [public_autoconnect]: Failed to add transport error="save transport: mt.client.Dial: handshake failed: timeout
" pk=025997ad608f043e697742518d384e5ef019b62b2838362b0dee63f8587f32c91a type=sudph
[2026-04-22T13:42:06-05:00] DEBUG ClientSession.DialStream [dmsgC]: Stream closed on failure. close_error=<nil> dst_addr=02d40845f5ea39cc0d9c7e97e1694a701cd6271fbe3f72e3ee02df6e342083201f:100 error="i/o deadline reached" ports_reserved=11 session=03717576ada5b1744e395c66c2bb11cea73b0e23d0dcd54422139b1a7f12e962c4
[2026-04-22T13:42:06-05:00] DEBUG [dmsgC]: DialStream failed via cached route, evicting error="i/o deadline reached" server=03717576ada5b1744e395c66c2bb11cea73b0e23d0dcd54422139b1a7f12e962c4
[2026-04-22T13:42:08-05:00] DEBUG [tp:02e263]: No transport pong received, falling back to RSN latency measurement
[2026-04-22T13:42:08-05:00] DEBUG [router]: Measuring latency (RSN fallback) for transport 4925daea-116b-04cc-923c-2749d51d83e3 to 02e26350c58c54c79e472608b6f6600ca1d139038b822c296fb2f144670052e7ce
[2026-04-22T13:42:08-05:00] DEBUG [router]: PingRoute opts: TransportID=4925daea-116b-04cc-923c-2749d51d83e3, ForwardHops=0, ReverseHops=0
[2026-04-22T13:42:08-05:00] DEBUG [router]: Using specified transport 4925daea-116b-04cc-923c-2749d51d83e3 for direct route to 02e26350c58c54c79e472608b6f6600ca1d139038b822c296fb2f144670052e7ce
[2026-04-22T13:42:08-05:00] DEBUG [router]: setupPingRoute: Desc.SrcPK=0282213369836321323dfaa492564ceb8a9a5e7e8ff044c46c92949a787ec51fb0, Desc.DstPK=02e26350c58c54c79e472608b6f6600ca1d139038b822c296fb2f144670052e7ce
[2026-04-22T13:42:08-05:00] DEBUG [router]: setupPingRoute: Forward[0] TpID=4925daea-116b-04cc-923c-2749d51d83e3 From=0282213369836321323dfaa492564ceb8a9a5e7e8ff044c46c92949a787ec51fb0 To=02e26350c58c54c79e472608b6f6600ca1d139038b822c296fb2f144670052e7ce
[2026-04-22T13:42:08-05:00] DEBUG [router]: setupPingRoute: Reverse[0] TpID=4925daea-116b-04cc-923c-2749d51d83e3 From=02e26350c58c54c79e472608b6f6600ca1d139038b822c296fb2f144670052e7ce To=0282213369836321323dfaa492564ceb8a9a5e7e8ff044c46c92949a787ec51fb0
[2026-04-22T13:42:08-05:00] DEBUG ClientSession.DialStream [dmsgC]: Stream closed on failure. close_error=<nil> dst_addr=037019ab3ecd28f22d3558bdf358a7c8512e9b5c70d2b64cdb4b2d6c3b36ee9ff5:136 error="i/o deadline reached" ports_reserved=11 session=0281a102c82820e811368c8d028cf11b1a985043b726b1bcdb8fce89b27384b2cb
[2026-04-22T13:42:08-05:00] DEBUG [dmsgC]: DialStream failed, trying next session error="i/o deadline reached" server=0281a102c82820e811368c8d028cf11b1a985043b726b1bcdb8fce89b27384b2cb
[2026-04-22T13:42:08-05:00] DEBUG ClientSession.DialStream [dmsgC]: Stream closed on failure. close_error=<nil> dst_addr=037019ab3ecd28f22d3558bdf358a7c8512e9b5c70d2b64cdb4b2d6c3b36ee9ff5:136 error="context deadline exceeded" ports_reserved=11 session=0281a102c82820e811368c8d028cf11b1a985043b726b1bcdb8fce89b27384b2cb
[2026-04-22T13:42:08-05:00] DEBUG [dmsgC]: DialStream failed via new session, trying next server error="context deadline exceeded" server=0281a102c82820e811368c8d028cf11b1a985043b726b1bcdb8fce89b27384b2cb
[2026-04-22T13:42:08-05:00] DEBUG [public_autoconnect]: Skipping visor: dmsg probe failed (unreachable) pk=037019ab3ecd28f22d3558bdf358a7c8512e9b5c70d2b64cdb4b2d6c3b36ee9ff5 type=sudph
[2026-04-22T13:42:08-05:00] INFO [router]: connected to setup node: 0324579f003e6b4048bae2def4365e634d8e0e3054a20fc7af49daf2a179658557
[2026-04-22T13:42:09-05:00] ERROR [router]: Error dialing ping route group error="route setup: route setup: destination circuit breaker open: circuit open: 02e26350c58c54c79e472608b6f6600ca1d139038b822c296fb2f144670052e7ce unreachable"
[2026-04-22T13:42:09-05:00] DEBUG [router]: RSN latency fallback failed for transport 4925daea-116b-04cc-923c-2749d51d83e3 error="failed to establish ping route: route setup: route setup: destination circuit breaker open: circuit open: 02e26350c58c54c79e472608b6f6600ca1d139038b822c296fb2f144670052e7ce unreachable"
[2026-04-22T13:42:09-05:00] DEBUG [visor]: Saving transport to 0282213369836321323dfaa492564ceb8a9a5e7e8ff044c46c92949a787ec51fb0 via dmsg with label skycoin
[2026-04-22T13:42:09-05:00] DEBUG [transport_manager]: Initializing TP with ID 0c9ecea4-f8f8-0af5-8d92-8e0dca975f9f
[2026-04-22T13:42:09-05:00] DEBUG [transport_manager]: Using no-op discovery client for self-transport
[2026-04-22T13:42:09-05:00] DEBUG [transport_manager]: Dialing transport to 0282213369836321323dfaa492564ceb8a9a5e7e8ff044c46c92949a787ec51fb0 via dmsg
[2026-04-22T13:42:09-05:00] DEBUG [tp:03dc34]: No transport pong received, falling back to RSN latency measurement
[2026-04-22T13:42:09-05:00] DEBUG [router]: Measuring latency (RSN fallback) for transport ff476724-6265-0396-a613-ada07f3b5399 to 03dc3488e49ded9250f3cca2827ab16f6331b7ccefdad614353c785a5fc76c1b13
[2026-04-22T13:42:09-05:00] DEBUG [router]: PingRoute opts: TransportID=ff476724-6265-0396-a613-ada07f3b5399, ForwardHops=0, ReverseHops=0
[2026-04-22T13:42:09-05:00] DEBUG [router]: Using specified transport ff476724-6265-0396-a613-ada07f3b5399 for direct route to 03dc3488e49ded9250f3cca2827ab16f6331b7ccefdad614353c785a5fc76c1b13
[2026-04-22T13:42:09-05:00] DEBUG [router]: setupPingRoute: Desc.SrcPK=0282213369836321323dfaa492564ceb8a9a5e7e8ff044c46c92949a787ec51fb0, Desc.DstPK=03dc3488e49ded9250f3cca2827ab16f6331b7ccefdad614353c785a5fc76c1b13
[2026-04-22T13:42:09-05:00] DEBUG [router]: setupPingRoute: Forward[0] TpID=ff476724-6265-0396-a613-ada07f3b5399 From=0282213369836321323dfaa492564ceb8a9a5e7e8ff044c46c92949a787ec51fb0 To=03dc3488e49ded9250f3cca2827ab16f6331b7ccefdad614353c785a5fc76c1b13
[2026-04-22T13:42:09-05:00] DEBUG [router]: setupPingRoute: Reverse[0] TpID=ff476724-6265-0396-a613-ada07f3b5399 From=03dc3488e49ded9250f3cca2827ab16f6331b7ccefdad614353c785a5fc76c1b13 To=0282213369836321323dfaa492564ceb8a9a5e7e8ff044c46c92949a787ec51fb0
[2026-04-22T13:42:09-05:00] DEBUG [transport_manager]: recv transport request: type(dmsg) remote(0282213369836321323dfaa492564ceb8a9a5e7e8ff044c46c92949a787ec51fb0)
[2026-04-22T13:42:09-05:00] DEBUG [transport_manager]: No TP found, creating new one
[2026-04-22T13:42:09-05:00] DEBUG [transport_manager]: Using no-op discovery client for self-transport (accept)
[2026-04-22T13:42:09-05:00] DEBUG [tp:028221]: Skipping settlement handshake for self-connection (noop discovery client)
[2026-04-22T13:42:09-05:00] DEBUG [tp:028221]: Setting underlying transport...
[2026-04-22T13:42:09-05:00] DEBUG [tp:028221]: Sent signal to 'mt.transportCh'.
[2026-04-22T13:42:09-05:00] DEBUG [transport_manager]: accepted tp: type(dmsg) remote(0282213369836321323dfaa492564ceb8a9a5e7e8ff044c46c92949a787ec51fb0) tpID(0c9ecea4-f8f8-0af5-8d92-8e0dca975f9f) new(true)
[2026-04-22T13:42:09-05:00] DEBUG [transport_manager]: Registration nudge received, debouncing...
[2026-04-22T13:42:09-05:00] DEBUG [tp:028221]: Serving. remote_pk=0282213369836321323dfaa492564ceb8a9a5e7e8ff044c46c92949a787ec51fb0 tp_id=0c9ecea4-f8f8-0af5-8d92-8e0dca975f9f tp_index=5
[2026-04-22T13:42:09-05:00] INFO [router]: connected to setup node: 0324579f003e6b4048bae2def4365e634d8e0e3054a20fc7af49daf2a179658557
[2026-04-22T13:42:09-05:00] DEBUG [tp:028221]: Skipping settlement handshake for self-connection (noop discovery client)
[2026-04-22T13:42:09-05:00] DEBUG [tp:028221]: Sent signal to 'mt.transportCh'.
[2026-04-22T13:42:09-05:00] DEBUG [transport_manager]: saved transport: remote(0282213369836321323dfaa492564ceb8a9a5e7e8ff044c46c92949a787ec51fb0) type(dmsg) tpID(0c9ecea4-f8f8-0af5-8d92-8e0dca975f9f)
[2026-04-22T13:42:09-05:00] DEBUG [visor]: Saved transport to 0282213369836321323dfaa492564ceb8a9a5e7e8ff044c46c92949a787ec51fb0 via dmsg, label skycoin
[2026-04-22T13:42:09-05:00] DEBUG [transportable]: Visor transportability check passed
[2026-04-22T13:42:09-05:00] DEBUG [transport_manager]: Deletion nudge received, debouncing...
[2026-04-22T13:42:09-05:00] DEBUG [tp:028221]: Serving. remote_pk=0282213369836321323dfaa492564ceb8a9a5e7e8ff044c46c92949a787ec51fb0 tp_id=0c9ecea4-f8f8-0af5-8d92-8e0dca975f9f tp_index=6
[2026-04-22T13:42:09-05:00] DEBUG [tp:028221]: Stopped log loop
[2026-04-22T13:42:09-05:00] DEBUG [tp:028221]: Stopped serving. remaining_tps=5 remote_pk=0282213369836321323dfaa492564ceb8a9a5e7e8ff044c46c92949a787ec51fb0 tp_id=0c9ecea4-f8f8-0af5-8d92-8e0dca975f9f tp_index=6
[2026-04-22T13:42:09-05:00] WARN [tp:028221]: Failed to read packet, closing transport error="transport is no longer being served" src="read_loop"
[2026-04-22T13:42:09-05:00] DEBUG readPacket [tp:028221]: Failed to read packet header. error=EOF
[2026-04-22T13:42:09-05:00] DEBUG [tp:028221]: Transport closed, stopping read loop error=EOF src="read_loop"
[2026-04-22T13:42:09-05:00] DEBUG [tp:028221]: Stopped log loop
[2026-04-22T13:42:09-05:00] DEBUG [tp:028221]: Stopped serving. remaining_tps=4 remote_pk=0282213369836321323dfaa492564ceb8a9a5e7e8ff044c46c92949a787ec51fb0 tp_id=0c9ecea4-f8f8-0af5-8d92-8e0dca975f9f tp_index=5
[2026-04-22T13:42:09-05:00] ERROR [router]: Error dialing ping route group error="route setup: route setup: destination circuit breaker open: circuit open: 03dc3488e49ded9250f3cca2827ab16f6331b7ccefdad614353c785a5fc76c1b13 unreachable"
[2026-04-22T13:42:09-05:00] DEBUG [router]: RSN latency fallback failed for transport ff476724-6265-0396-a613-ada07f3b5399 error="failed to establish ping route: route setup: route setup: destination circuit breaker open: circuit open: 03dc3488e49ded9250f3cca2827ab16f6331b7ccefdad614353c785a5fc76c1b13 unreachable"
[2026-04-22T13:42:11-05:00] DEBUG ClientSession.DialStream [dmsgC]: Stream closed on failure. close_error=<nil> dst_addr=02f10e04bd1a4642254762876f9f25e43ae7ccda78605f34c5e4ce70998b271217:100 error="i/o deadline reached" ports_reserved=12 session=0281a102c82820e811368c8d028cf11b1a985043b726b1bcdb8fce89b27384b2cb
[2026-04-22T13:42:11-05:00] DEBUG [dmsgC]: DialStream failed via cached route, evicting error="i/o deadline reached" server=0281a102c82820e811368c8d028cf11b1a985043b726b1bcdb8fce89b27384b2cb
[2026-04-22T13:42:13-05:00] DEBUG ClientSession.DialStream [dmsgC]: Stream closed on failure. close_error=<nil> dst_addr=02e52bf2a962463002e92e4116c39641d0cd77d26c2aa66308c16519165dbdd5e6:136 error="i/o deadline reached" ports_reserved=12 session=0371ab4bcff7b121f4b91f6856d6740c6f9dc1fe716977850aeb5d84378b300a13
[2026-04-22T13:42:13-05:00] DEBUG [dmsgC]: DialStream failed, trying next session error="i/o deadline reached" server=0371ab4bcff7b121f4b91f6856d6740c6f9dc1fe716977850aeb5d84378b300a13
[2026-04-22T13:42:13-05:00] DEBUG ClientSession.DialStream [dmsgC]: Stream closed on failure. close_error=<nil> dst_addr=02e52bf2a962463002e92e4116c39641d0cd77d26c2aa66308c16519165dbdd5e6:136 error="context deadline exceeded" ports_reserved=12 session=0371ab4bcff7b121f4b91f6856d6740c6f9dc1fe716977850aeb5d84378b300a13
[2026-04-22T13:42:13-05:00] DEBUG [dmsgC]: DialStream failed via new session, trying next server error="context deadline exceeded" server=0371ab4bcff7b121f4b91f6856d6740c6f9dc1fe716977850aeb5d84378b300a13
[2026-04-22T13:42:13-05:00] DEBUG [public_autoconnect]: Skipping visor: dmsg probe failed (unreachable) pk=02e52bf2a962463002e92e4116c39641d0cd77d26c2aa66308c16519165dbdd5e6 type=sudph
[2026-04-22T13:42:14-05:00] DEBUG [dht]: PutValue failed error="dht dmsg dial 02a49bc0: dmsg error 102 - entry is not of client in discovery" peer=02a49bc0
[2026-04-22T13:42:14-05:00] DEBUG [public_autoconnect]: Trying to add transport pk=02a9cd072e771300fdf1fc57c47ff69f31df7f3ccc236c094a25c093cd07dd4782 type=sudph
[2026-04-22T13:42:14-05:00] DEBUG [transport_manager]: Initializing TP with ID 01074c4d-e4f4-0c0d-b9ed-132664bad493
[2026-04-22T13:42:14-05:00] DEBUG [transport_manager]: Dialing transport to 02a9cd072e771300fdf1fc57c47ff69f31df7f3ccc236c094a25c093cd07dd4782 via sudph
[2026-04-22T13:42:14-05:00] DEBUG [transport_manager]: Batch deleting 2 transports from TPD
[2026-04-22T13:42:15-05:00] DEBUG [transport_manager]: Batch deleted 0/2 transports from TPD
[2026-04-22T13:42:15-05:00] DEBUG [sudph]: Resolved PK 02a9cd072e771300fdf1fc57c47ff69f31df7f3ccc236c094a25c093cd07dd4782 to visor data {180.243.9.66:36792 false {36792 [127.0.0.1 192.168.0.10 ::1]}}
[2026-04-22T13:42:15-05:00] DEBUG [sudph]: Dialing public address: 180.243.9.66:36792
[2026-04-22T13:42:15-05:00] DEBUG [sudph]: Dialing 180.243.9.66:36792
[2026-04-22T13:42:15-05:00] DEBUG [sudph]: Dialed 180.243.9.66:36792
[2026-04-22T13:42:15-05:00] DEBUG [sudph]: Performing handshake with 180.243.9.66:36792
[2026-04-22T13:42:16-05:00] DEBUG [cli_rpc]: CLI RPC stats: active=0, total=2, errors=0, peak=1
[2026-04-22T13:42:16-05:00] WARN [router]: closing conn from untrusted setup node: <nil>
[2026-04-22T13:42:16-05:00] DEBUG [dht]: PutValue failed error="dht dmsg dial 0246834b: dmsg error 100 - entry is not found in discovery: entry of public key is not found" peer=0246834b
[2026-04-22T13:42:17-05:00] WARN [self_probe]: Self-probe FAILED: dmsg listener unreachable (persistent) consecutive_failures=31 cooldown_remaining=4m0s port=80
[2026-04-22T13:42:17-05:00] DEBUG [dht]: PutValue failed error="dht dmsg dial 0326978f: dmsg error 102 - entry is not of client in discovery" peer=0326978f
[2026-04-22T13:42:20-05:00] DEBUG [dmsgC]: Updating entry.
 entry=	version: 0.0.1
	sequence: 35
	registered at: 1776883280381524192
	static public key: 0282213369836321323dfaa492564ceb8a9a5e7e8ff044c46c92949a787ec51fb0
	signature: 92fbd6a9bea432fabd970bc26a1efb179c85ac656ccde22f8d82a34d901faa4e35eee8941b7486ada6a76bcc459755b014bcf2479de5c45c6459cf3c9bed381a01
	entry is registered as client. Related info: 
		delegated servers: 
			02a2d4c346dabd165fd555dfdba4a7f4d18786fe7e055e562397cd5102bdd7f8dd
			0281a102c82820e811368c8d028cf11b1a985043b726b1bcdb8fce89b27384b2cb
			0371ab4bcff7b121f4b91f6856d6740c6f9dc1fe716977850aeb5d84378b300a13
			03717576ada5b1744e395c66c2bb11cea73b0e23d0dcd54422139b1a7f12e962c4


[2026-04-22T13:42:22-05:00] DEBUG ClientSession.DialStream [dmsgC]: Stream closed on failure. close_error=<nil> dst_addr=0280df7c8c646f15447e677c6d098aa228988d227da7ac88a18f775971a825244e:100 error="i/o deadline reached" ports_reserved=12 session=0281a102c82820e811368c8d028cf11b1a985043b726b1bcdb8fce89b27384b2cb
[2026-04-22T13:42:22-05:00] DEBUG [dmsgC]: DialStream failed via cached route, evicting error="i/o deadline reached" server=0281a102c82820e811368c8d028cf11b1a985043b726b1bcdb8fce89b27384b2cb
[2026-04-22T13:42:25-05:00] DEBUG [transport_manager]: Error dialing transport to 02a9cd072e771300fdf1fc57c47ff69f31df7f3ccc236c094a25c093cd07dd4782 via sudph: mt.client.Dial: handshake failed: timeout

[2026-04-22T13:42:25-05:00] WARN [public_autoconnect]: Failed to add transport error="save transport: mt.client.Dial: handshake failed: timeout
" pk=02a9cd072e771300fdf1fc57c47ff69f31df7f3ccc236c094a25c093cd07dd4782 type=sudph
[2026-04-22T13:42:25-05:00] DEBUG [public_autoconnect]: Trying to add transport pk=030255ac60f6e9f42c2f301f81cade61fd85e6627d95c9ceca46381869e8dd3a14 type=sudph
[2026-04-22T13:42:25-05:00] DEBUG [transport_manager]: Initializing TP with ID cee30018-b76e-0b13-b4d0-ac746d219301
[2026-04-22T13:42:25-05:00] DEBUG [transport_manager]: Dialing transport to 030255ac60f6e9f42c2f301f81cade61fd85e6627d95c9ceca46381869e8dd3a14 via sudph
[2026-04-22T13:42:26-05:00] DEBUG [sudph]: Resolved PK 030255ac60f6e9f42c2f301f81cade61fd85e6627d95c9ceca46381869e8dd3a14 to visor data {89.24.166.183:39277 false {39277 [127.0.0.1 192.168.1.110 ::1 2001:1ae9:67:600:7cfd:218f:d4e9:ae84 2001:1ae9:67:600:4e3a:72cd:2a8:b2aa]}}
[2026-04-22T13:42:26-05:00] DEBUG [sudph]: Dialing public address: 89.24.166.183:39277
[2026-04-22T13:42:26-05:00] DEBUG [sudph]: Dialing 89.24.166.183:39277
[2026-04-22T13:42:26-05:00] DEBUG [sudph]: Dialed 89.24.166.183:39277
[2026-04-22T13:42:26-05:00] DEBUG [sudph]: Performing handshake with 89.24.166.183:39277
[2026-04-22T13:42:33-05:00] DEBUG ClientSession.DialStream [dmsgC]: Stream closed on failure. close_error=<nil> dst_addr=03ce6a7b52b66fdc3c6a32a6bf90277ef1a678281a985babd27021e2d070f5678c:100 error="i/o deadline reached" ports_reserved=14 session=0371ab4bcff7b121f4b91f6856d6740c6f9dc1fe716977850aeb5d84378b300a13
[2026-04-22T13:42:33-05:00] DEBUG [dmsgC]: DialStream failed via cached route, evicting error="i/o deadline reached" server=0371ab4bcff7b121f4b91f6856d6740c6f9dc1fe716977850aeb5d84378b300a13
[2026-04-22T13:42:33-05:00] DEBUG ClientSession.DialStream [dmsgC]: Stream closed on failure. close_error=<nil> dst_addr=0358ee2dd4d5f4049ea7017f67f41d3ff9b7524609d9f4b9508b848a18932775a0:100 error="i/o deadline reached" ports_reserved=15 session=03717576ada5b1744e395c66c2bb11cea73b0e23d0dcd54422139b1a7f12e962c4
[2026-04-22T13:42:33-05:00] DEBUG [dmsgC]: DialStream failed via cached route, evicting error="i/o deadline reached" server=03717576ada5b1744e395c66c2bb11cea73b0e23d0dcd54422139b1a7f12e962c4
[2026-04-22T13:42:36-05:00] DEBUG [stcpr]: Re-registering STCPR with address resolver
[2026-04-22T13:42:36-05:00] DEBUG httpClient.BindSTCPR [address_resolver]: Address resolver binding with: [192.168.1.118 70.121.13.123]
[2026-04-22T13:42:36-05:00] DEBUG [transport_manager]: Error dialing transport to 030255ac60f6e9f42c2f301f81cade61fd85e6627d95c9ceca46381869e8dd3a14 via sudph: mt.client.Dial: handshake failed: timeout

[2026-04-22T13:42:36-05:00] WARN [public_autoconnect]: Failed to add transport error="save transport: mt.client.Dial: handshake failed: timeout
" pk=030255ac60f6e9f42c2f301f81cade61fd85e6627d95c9ceca46381869e8dd3a14 type=sudph
[2026-04-22T13:42:37-05:00] DEBUG [public_autoconnect]: Trying to add transport pk=02379bac43d2bb1d135f785b3a4c0adc41a2f2672225649da47fa68e2c6d8b6617 type=sudph
[2026-04-22T13:42:37-05:00] DEBUG [transport_manager]: Initializing TP with ID a304c24b-9c0a-0548-937c-1dd010954495
[2026-04-22T13:42:37-05:00] DEBUG [transport_manager]: Dialing transport to 02379bac43d2bb1d135f785b3a4c0adc41a2f2672225649da47fa68e2c6d8b6617 via sudph
[2026-04-22T13:42:37-05:00] DEBUG [stcpr]: Successfully re-registered STCPR
[2026-04-22T13:42:37-05:00] DEBUG [sudph]: Resolved PK 02379bac43d2bb1d135f785b3a4c0adc41a2f2672225649da47fa68e2c6d8b6617 to visor data {92.116.65.240:50521 false {50521 [127.0.0.1 192.168.178.217 ::1 2001:9e8:cf00:e000:a7d3:3033:a8a9:54e7 fd00::300e:2816:3701:904f]}}
[2026-04-22T13:42:37-05:00] DEBUG [sudph]: Dialing public address: 92.116.65.240:50521
[2026-04-22T13:42:37-05:00] DEBUG [sudph]: Dialing 92.116.65.240:50521
[2026-04-22T13:42:37-05:00] DEBUG [sudph]: Dialed 92.116.65.240:50521
[2026-04-22T13:42:37-05:00] DEBUG [sudph]: Performing handshake with 92.116.65.240:50521
[2026-04-22T13:42:42-05:00] DEBUG ClientSession.DialStream [dmsgC]: Stream closed on failure. close_error=<nil> dst_addr=0336c02fb94f1fac308bf9a374d36b744bf3ba50378f486d17cac3168aed46b9cd:100 error="i/o deadline reached" ports_reserved=15 session=0281a102c82820e811368c8d028cf11b1a985043b726b1bcdb8fce89b27384b2cb
[2026-04-22T13:42:42-05:00] DEBUG [dmsgC]: DialStream failed via cached route, evicting error="i/o deadline reached" server=0281a102c82820e811368c8d028cf11b1a985043b726b1bcdb8fce89b27384b2cb
[2026-04-22T13:42:46-05:00] DEBUG [cli_rpc]: CLI RPC stats: active=0, total=2, errors=0, peak=1
[2026-04-22T13:42:47-05:00] DEBUG [transport_manager]: Error dialing transport to 02379bac43d2bb1d135f785b3a4c0adc41a2f2672225649da47fa68e2c6d8b6617 via sudph: mt.client.Dial: handshake failed: timeout

[2026-04-22T13:42:47-05:00] WARN [public_autoconnect]: Failed to add transport error="save transport: mt.client.Dial: handshake failed: timeout
" pk=02379bac43d2bb1d135f785b3a4c0adc41a2f2672225649da47fa68e2c6d8b6617 type=sudph
[2026-04-22T13:42:48-05:00] DEBUG [public_autoconnect]: Trying to add transport pk=0388c582861cc09b138e79c4b23d8f76d2973db2ecb936658feaa2fd59523e44ee type=sudph
[2026-04-22T13:42:48-05:00] DEBUG [transport_manager]: Initializing TP with ID 8587aabd-da40-0d75-a4ea-829e52966103
[2026-04-22T13:42:48-05:00] DEBUG [transport_manager]: Dialing transport to 0388c582861cc09b138e79c4b23d8f76d2973db2ecb936658feaa2fd59523e44ee via sudph
[2026-04-22T13:42:49-05:00] DEBUG [sudph]: Resolved PK 0388c582861cc09b138e79c4b23d8f76d2973db2ecb936658feaa2fd59523e44ee to visor data {110.136.89.179:40104 false {35413 [127.0.0.1 192.168.150.1 10.210.90.41 10.10.10.3 ::1]}}
[2026-04-22T13:42:49-05:00] DEBUG [sudph]: Dialing public address: 110.136.89.179:40104
[2026-04-22T13:42:49-05:00] DEBUG [sudph]: Dialing 110.136.89.179:40104
[2026-04-22T13:42:49-05:00] DEBUG [sudph]: Dialed 110.136.89.179:40104
[2026-04-22T13:42:49-05:00] DEBUG [sudph]: Performing handshake with 110.136.89.179:40104
[2026-04-22T13:42:52-05:00] DEBUG [dht]: PutValue failed error="dht dmsg dial 02864d02: dmsg error 100 - entry is not found in discovery: entry of public key is not found" peer=02864d02
[2026-04-22T13:42:59-05:00] DEBUG [transport_manager]: Error dialing transport to 0388c582861cc09b138e79c4b23d8f76d2973db2ecb936658feaa2fd59523e44ee via sudph: mt.client.Dial: handshake failed: timeout

[2026-04-22T13:42:59-05:00] WARN [public_autoconnect]: Failed to add transport error="save transport: mt.client.Dial: handshake failed: timeout
" pk=0388c582861cc09b138e79c4b23d8f76d2973db2ecb936658feaa2fd59523e44ee type=sudph
[2026-04-22T13:43:04-05:00] DEBUG ClientSession.DialStream [dmsgC]: Stream closed on failure. close_error=<nil> dst_addr=03ddaaceba054977e04417e8b35d6dd6f83824273bc2d558ce21f60819c4682131:136 error="i/o deadline reached" ports_reserved=17 session=0281a102c82820e811368c8d028cf11b1a985043b726b1bcdb8fce89b27384b2cb
[2026-04-22T13:43:04-05:00] DEBUG [dmsgC]: DialStream failed, trying next session error="i/o deadline reached" server=0281a102c82820e811368c8d028cf11b1a985043b726b1bcdb8fce89b27384b2cb
[2026-04-22T13:43:04-05:00] DEBUG ClientSession.DialStream [dmsgC]: Stream closed on failure. close_error=<nil> dst_addr=03ddaaceba054977e04417e8b35d6dd6f83824273bc2d558ce21f60819c4682131:136 error="context deadline exceeded" ports_reserved=17 session=0281a102c82820e811368c8d028cf11b1a985043b726b1bcdb8fce89b27384b2cb
[2026-04-22T13:43:04-05:00] DEBUG [dmsgC]: DialStream failed via new session, trying next server error="context deadline exceeded" server=0281a102c82820e811368c8d028cf11b1a985043b726b1bcdb8fce89b27384b2cb
[2026-04-22T13:43:04-05:00] DEBUG ClientSession.DialStream [dmsgC]: Stream closed on failure. close_error=<nil> dst_addr=03ddaaceba054977e04417e8b35d6dd6f83824273bc2d558ce21f60819c4682131:136 error="context deadline exceeded" ports_reserved=17 session=0371ab4bcff7b121f4b91f6856d6740c6f9dc1fe716977850aeb5d84378b300a13
[2026-04-22T13:43:04-05:00] DEBUG [dmsgC]: DialStream failed via new session, trying next server error="context deadline exceeded" server=0371ab4bcff7b121f4b91f6856d6740c6f9dc1fe716977850aeb5d84378b300a13
[2026-04-22T13:43:04-05:00] DEBUG [public_autoconnect]: Skipping visor: dmsg probe failed (unreachable) pk=03ddaaceba054977e04417e8b35d6dd6f83824273bc2d558ce21f60819c4682131 type=sudph
[2026-04-22T13:43:09-05:00] DEBUG ClientSession.DialStream [dmsgC]: Stream closed on failure. close_error=<nil> dst_addr=03e6f56e6a25b02b6cf8d08040c2a2506ba43fc623f291b6fd1472df969bbf5a77:136 error="i/o deadline reached" ports_reserved=16 session=0281a102c82820e811368c8d028cf11b1a985043b726b1bcdb8fce89b27384b2cb
[2026-04-22T13:43:09-05:00] DEBUG [dmsgC]: DialStream failed, trying next session error="i/o deadline reached" server=0281a102c82820e811368c8d028cf11b1a985043b726b1bcdb8fce89b27384b2cb
[2026-04-22T13:43:09-05:00] DEBUG ClientSession.DialStream [dmsgC]: Stream closed on failure. close_error=<nil> dst_addr=03e6f56e6a25b02b6cf8d08040c2a2506ba43fc623f291b6fd1472df969bbf5a77:136 error="context deadline exceeded" ports_reserved=16 session=0281a102c82820e811368c8d028cf11b1a985043b726b1bcdb8fce89b27384b2cb
[2026-04-22T13:43:09-05:00] DEBUG [dmsgC]: DialStream failed via new session, trying next server error="context deadline exceeded" server=0281a102c82820e811368c8d028cf11b1a985043b726b1bcdb8fce89b27384b2cb
[2026-04-22T13:43:09-05:00] DEBUG ClientSession.DialStream [dmsgC]: Stream closed on failure. close_error=<nil> dst_addr=03e6f56e6a25b02b6cf8d08040c2a2506ba43fc623f291b6fd1472df969bbf5a77:136 error="context deadline exceeded" ports_reserved=16 session=02a2d4c346dabd165fd555dfdba4a7f4d18786fe7e055e562397cd5102bdd7f8dd
[2026-04-22T13:43:09-05:00] DEBUG [dmsgC]: DialStream failed via new session, trying next server error="context deadline exceeded" server=02a2d4c346dabd165fd555dfdba4a7f4d18786fe7e055e562397cd5102bdd7f8dd
[2026-04-22T13:43:09-05:00] DEBUG [public_autoconnect]: Skipping visor: dmsg probe failed (unreachable) pk=03e6f56e6a25b02b6cf8d08040c2a2506ba43fc623f291b6fd1472df969bbf5a77 type=sudph
[2026-04-22T13:43:11-05:00] DEBUG ClientSession.DialStream [dmsgC]: Stream closed on failure. close_error=<nil> dst_addr=0280df7c8c646f15447e677c6d098aa228988d227da7ac88a18f775971a825244e:100 error="i/o deadline reached" ports_reserved=17 session=0281a102c82820e811368c8d028cf11b1a985043b726b1bcdb8fce89b27384b2cb
[2026-04-22T13:43:11-05:00] DEBUG [dmsgC]: DialStream failed via cached route, evicting error="i/o deadline reached" server=0281a102c82820e811368c8d028cf11b1a985043b726b1bcdb8fce89b27384b2cb
[2026-04-22T13:43:15-05:00] DEBUG ClientSession.DialStream [dmsgC]: Stream closed on failure. close_error=<nil> dst_addr=028b6b36c4a752841195ef607865cab07382fbe0dcb531555325cc148515ee3430:136 error="i/o deadline reached" ports_reserved=17 session=0281a102c82820e811368c8d028cf11b1a985043b726b1bcdb8fce89b27384b2cb
[2026-04-22T13:43:15-05:00] DEBUG [dmsgC]: DialStream failed, trying next session error="i/o deadline reached" server=0281a102c82820e811368c8d028cf11b1a985043b726b1bcdb8fce89b27384b2cb
[2026-04-22T13:43:15-05:00] DEBUG ClientSession.DialStream [dmsgC]: Stream closed on failure. close_error=<nil> dst_addr=028b6b36c4a752841195ef607865cab07382fbe0dcb531555325cc148515ee3430:136 error="context deadline exceeded" ports_reserved=17 session=02a2d4c346dabd165fd555dfdba4a7f4d18786fe7e055e562397cd5102bdd7f8dd
[2026-04-22T13:43:15-05:00] DEBUG [dmsgC]: DialStream failed via new session, trying next server error="context deadline exceeded" server=02a2d4c346dabd165fd555dfdba4a7f4d18786fe7e055e562397cd5102bdd7f8dd
[2026-04-22T13:43:15-05:00] DEBUG ClientSession.DialStream [dmsgC]: Stream closed on failure. close_error=<nil> dst_addr=028b6b36c4a752841195ef607865cab07382fbe0dcb531555325cc148515ee3430:136 error="context deadline exceeded" ports_reserved=17 session=0371ab4bcff7b121f4b91f6856d6740c6f9dc1fe716977850aeb5d84378b300a13
[2026-04-22T13:43:15-05:00] DEBUG [dmsgC]: DialStream failed via new session, trying next server error="context deadline exceeded" server=0371ab4bcff7b121f4b91f6856d6740c6f9dc1fe716977850aeb5d84378b300a13
[2026-04-22T13:43:15-05:00] DEBUG [public_autoconnect]: Skipping visor: dmsg probe failed (unreachable) pk=028b6b36c4a752841195ef607865cab07382fbe0dcb531555325cc148515ee3430 type=sudph
[2026-04-22T13:43:16-05:00] DEBUG [cli_rpc]: CLI RPC stats: active=0, total=2, errors=0, peak=1
[2026-04-22T13:43:16-05:00] DEBUG [dht]: PutValue failed error="dht dmsg dial 02a49bc0: dmsg error 102 - entry is not of client in discovery" peer=02a49bc0
[2026-04-22T13:43:16-05:00] WARN [router]: closing conn from untrusted setup node: <nil>
[2026-04-22T13:43:17-05:00] WARN [self_probe]: Self-probe FAILED: dmsg listener unreachable (persistent) consecutive_failures=32 cooldown_remaining=3m0s port=80
[2026-04-22T13:43:18-05:00] DEBUG [dht]: PutValue failed error="dht dmsg dial 0246834b: dmsg error 100 - entry is not found in discovery: entry of public key is not found" peer=0246834b
[2026-04-22T13:43:19-05:00] DEBUG [dht]: PutValue failed error="dht dmsg dial 0326978f: dmsg error 102 - entry is not of client in discovery" peer=0326978f
[2026-04-22T13:43:20-05:00] DEBUG ClientSession.DialStream [dmsgC]: Stream closed on failure. close_error=<nil> dst_addr=0398853f181ea1ac75e1696a0b695584fe37e14bc0b4de2d3c9d6176e4982e2eb4:136 error="i/o deadline reached" ports_reserved=17 session=02a2d4c346dabd165fd555dfdba4a7f4d18786fe7e055e562397cd5102bdd7f8dd
[2026-04-22T13:43:20-05:00] DEBUG [dmsgC]: DialStream failed, trying next session error="i/o deadline reached" server=02a2d4c346dabd165fd555dfdba4a7f4d18786fe7e055e562397cd5102bdd7f8dd
[2026-04-22T13:43:20-05:00] DEBUG ClientSession.DialStream [dmsgC]: Stream closed on failure. close_error=<nil> dst_addr=0398853f181ea1ac75e1696a0b695584fe37e14bc0b4de2d3c9d6176e4982e2eb4:136 error="context deadline exceeded" ports_reserved=17 session=02a2d4c346dabd165fd555dfdba4a7f4d18786fe7e055e562397cd5102bdd7f8dd
[2026-04-22T13:43:20-05:00] DEBUG [dmsgC]: DialStream failed via new session, trying next server error="context deadline exceeded" server=02a2d4c346dabd165fd555dfdba4a7f4d18786fe7e055e562397cd5102bdd7f8dd
[2026-04-22T13:43:20-05:00] DEBUG [public_autoconnect]: Skipping visor: dmsg probe failed (unreachable) pk=0398853f181ea1ac75e1696a0b695584fe37e14bc0b4de2d3c9d6176e4982e2eb4 type=sudph
[2026-04-22T13:43:21-05:00] DEBUG [dmsgC]: Updating entry.
 entry=	version: 0.0.1
	sequence: 36
	registered at: 1776883340936258450
	static public key: 0282213369836321323dfaa492564ceb8a9a5e7e8ff044c46c92949a787ec51fb0
	signature: 65663637a5bf632abf2b69f985782da9cf89ee4a14ebd46601bc1adac674d1944e2aa851d056937a963e8fa6f4f3dd135b8d863772a46e14a89eb5e75c9e152300
	entry is registered as client. Related info: 
		delegated servers: 
			03717576ada5b1744e395c66c2bb11cea73b0e23d0dcd54422139b1a7f12e962c4
			02a2d4c346dabd165fd555dfdba4a7f4d18786fe7e055e562397cd5102bdd7f8dd
			0281a102c82820e811368c8d028cf11b1a985043b726b1bcdb8fce89b27384b2cb
			0371ab4bcff7b121f4b91f6856d6740c6f9dc1fe716977850aeb5d84378b300a13


[2026-04-22T13:43:24-05:00] DEBUG ClientSession.DialStream [dmsgC]: Stream closed on failure. close_error=<nil> dst_addr=0280df7c8c646f15447e677c6d098aa228988d227da7ac88a18f775971a825244e:100 error="i/o deadline reached" ports_reserved=18 session=0281a102c82820e811368c8d028cf11b1a985043b726b1bcdb8fce89b27384b2cb
[2026-04-22T13:43:24-05:00] DEBUG [dmsgC]: DialStream failed via cached route, evicting error="i/o deadline reached" server=0281a102c82820e811368c8d028cf11b1a985043b726b1bcdb8fce89b27384b2cb
[2026-04-22T13:43:25-05:00] DEBUG ClientSession.DialStream [dmsgC]: Stream closed on failure. close_error=<nil> dst_addr=0284903729895ae80f5771902e8c5855fb0d39d33fefc052035cfa6811498af5c4:136 error="i/o deadline reached" ports_reserved=18 session=0281a102c82820e811368c8d028cf11b1a985043b726b1bcdb8fce89b27384b2cb
[2026-04-22T13:43:25-05:00] DEBUG [dmsgC]: DialStream failed, trying next session error="i/o deadline reached" server=0281a102c82820e811368c8d028cf11b1a985043b726b1bcdb8fce89b27384b2cb
[2026-04-22T13:43:25-05:00] DEBUG ClientSession.DialStream [dmsgC]: Stream closed on failure. close_error=<nil> dst_addr=0284903729895ae80f5771902e8c5855fb0d39d33fefc052035cfa6811498af5c4:136 error="context deadline exceeded" ports_reserved=18 session=0281a102c82820e811368c8d028cf11b1a985043b726b1bcdb8fce89b27384b2cb
[2026-04-22T13:43:25-05:00] DEBUG [dmsgC]: DialStream failed via new session, trying next server error="context deadline exceeded" server=0281a102c82820e811368c8d028cf11b1a985043b726b1bcdb8fce89b27384b2cb
[2026-04-22T13:43:25-05:00] DEBUG ClientSession.DialStream [dmsgC]: Stream closed on failure. close_error=<nil> dst_addr=0284903729895ae80f5771902e8c5855fb0d39d33fefc052035cfa6811498af5c4:136 error="context deadline exceeded" ports_reserved=18 session=0371ab4bcff7b121f4b91f6856d6740c6f9dc1fe716977850aeb5d84378b300a13
[2026-04-22T13:43:25-05:00] DEBUG [dmsgC]: DialStream failed via new session, trying next server error="context deadline exceeded" server=0371ab4bcff7b121f4b91f6856d6740c6f9dc1fe716977850aeb5d84378b300a13
[2026-04-22T13:43:25-05:00] DEBUG [public_autoconnect]: Skipping visor: dmsg probe failed (unreachable) pk=0284903729895ae80f5771902e8c5855fb0d39d33fefc052035cfa6811498af5c4 type=sudph
[2026-04-22T13:43:26-05:00] DEBUG [public_autoconnect]: Trying to add transport pk=02261af992a25e284b24fd7d73c7bdf9eb7e4f064263202623af15e9bc1a90ebc3 type=sudph
[2026-04-22T13:43:26-05:00] DEBUG [transport_manager]: Initializing TP with ID 32ddf615-a770-0f7f-a11a-a702da3c8497
[2026-04-22T13:43:26-05:00] DEBUG [transport_manager]: Dialing transport to 02261af992a25e284b24fd7d73c7bdf9eb7e4f064263202623af15e9bc1a90ebc3 via sudph
[2026-04-22T13:43:26-05:00] DEBUG [dht]: PutValue failed error="dht rpc read: EOF" peer=031b5196
[2026-04-22T13:43:27-05:00] DEBUG [sudph]: Resolved PK 02261af992a25e284b24fd7d73c7bdf9eb7e4f064263202623af15e9bc1a90ebc3 to visor data {182.8.228.6:49799 false {34209 [127.0.0.1 192.168.2.225 ::1 fd5d:2544:a41c::2293 fd5d:2544:a41c:0:a124:4380:494b:2e78 fd5d:2544:a41c:0:c339:742a:2df5:f1e7]}}
[2026-04-22T13:43:27-05:00] DEBUG [sudph]: Dialing public address: 182.8.228.6:49799
[2026-04-22T13:43:27-05:00] DEBUG [sudph]: Dialing 182.8.228.6:49799
[2026-04-22T13:43:27-05:00] DEBUG [sudph]: Dialed 182.8.228.6:49799
[2026-04-22T13:43:27-05:00] DEBUG [sudph]: Performing handshake with 182.8.228.6:49799
[2026-04-22T13:43:32-05:00] DEBUG ClientSession.DialStream [dmsgC]: Stream closed on failure. close_error=<nil> dst_addr=036df68c94a28d3ec71a2e11b2b9d3b16211ae69b52babe75915e9fcd638f1c536:100 error="i/o deadline reached" ports_reserved=18 session=03717576ada5b1744e395c66c2bb11cea73b0e23d0dcd54422139b1a7f12e962c4
[2026-04-22T13:43:32-05:00] DEBUG [dmsgC]: DialStream failed via cached route, evicting error="i/o deadline reached" server=03717576ada5b1744e395c66c2bb11cea73b0e23d0dcd54422139b1a7f12e962c4
[2026-04-22T13:43:37-05:00] DEBUG [transport_manager]: Error dialing transport to 02261af992a25e284b24fd7d73c7bdf9eb7e4f064263202623af15e9bc1a90ebc3 via sudph: mt.client.Dial: handshake failed: timeout

[2026-04-22T13:43:37-05:00] WARN [public_autoconnect]: Failed to add transport error="save transport: mt.client.Dial: handshake failed: timeout
" pk=02261af992a25e284b24fd7d73c7bdf9eb7e4f064263202623af15e9bc1a90ebc3 type=sudph
[2026-04-22T13:43:38-05:00] DEBUG [public_autoconnect]: Trying to add transport pk=02175376dbb8e54b7b9e10ac0a3e9319a6995d9b9067d01abd8fd08835663677a2 type=sudph
[2026-04-22T13:43:38-05:00] DEBUG [transport_manager]: Initializing TP with ID 0c2fc352-55f0-043e-9694-53c52f5881c8
[2026-04-22T13:43:38-05:00] DEBUG [transport_manager]: Dialing transport to 02175376dbb8e54b7b9e10ac0a3e9319a6995d9b9067d01abd8fd08835663677a2 via sudph
[2026-04-22T13:43:38-05:00] DEBUG readPacket [tp:02e263]: Failed to read packet header. error="read tcp 192.168.1.118:59624->194.103.157.198:30001: i/o timeout"
[2026-04-22T13:43:38-05:00] WARN [tp:02e263]: Failed to read packet, closing transport error="read tcp 192.168.1.118:59624->194.103.157.198:30001: i/o timeout" src="read_loop"
[2026-04-22T13:43:38-05:00] DEBUG [tp:02e263]: Stopped log loop
[2026-04-22T13:43:38-05:00] DEBUG [tp:02e263]: Stopped serving. remaining_tps=3 remote_pk=02e26350c58c54c79e472608b6f6600ca1d139038b822c296fb2f144670052e7ce tp_id=4925daea-116b-04cc-923c-2749d51d83e3 tp_index=3
[2026-04-22T13:43:38-05:00] DEBUG [transport_manager]: Deletion nudge received, debouncing...
[2026-04-22T13:43:39-05:00] DEBUG [sudph]: Resolved PK 02175376dbb8e54b7b9e10ac0a3e9319a6995d9b9067d01abd8fd08835663677a2 to visor data {110.136.89.217:59130 false {39731 [127.0.0.1 192.168.150.1 10.208.203.52 10.10.11.9 ::1]}}
[2026-04-22T13:43:39-05:00] DEBUG [sudph]: Dialing public address: 110.136.89.217:59130
[2026-04-22T13:43:39-05:00] DEBUG [sudph]: Dialing 110.136.89.217:59130
[2026-04-22T13:43:39-05:00] DEBUG [sudph]: Dialed 110.136.89.217:59130
[2026-04-22T13:43:39-05:00] DEBUG [sudph]: Performing handshake with 110.136.89.217:59130
[2026-04-22T13:43:39-05:00] DEBUG [transport_manager]: Deleted 1 unused transport entries
[2026-04-22T13:43:39-05:00] DEBUG readPacket [tp:03dc34]: Failed to read packet header. error="read tcp 192.168.1.118:59626->94.32.70.55:7178: i/o timeout"
[2026-04-22T13:43:39-05:00] WARN [tp:03dc34]: Failed to read packet, closing transport error="read tcp 192.168.1.118:59626->94.32.70.55:7178: i/o timeout" src="read_loop"
[2026-04-22T13:43:39-05:00] DEBUG [tp:03dc34]: Stopped log loop
[2026-04-22T13:43:39-05:00] DEBUG [tp:03dc34]: Stopped serving. remaining_tps=2 remote_pk=03dc3488e49ded9250f3cca2827ab16f6331b7ccefdad614353c785a5fc76c1b13 tp_id=ff476724-6265-0396-a613-ada07f3b5399 tp_index=4
[2026-04-22T13:43:40-05:00] DEBUG [transport_manager]: Deleted 1 unused transport entries
[2026-04-22T13:43:43-05:00] DEBUG [transport_manager]: Batch deleting 2 transports from TPD
[2026-04-22T13:43:44-05:00] DEBUG [transport_manager]: Batch deleted 1/2 transports from TPD
[2026-04-22T13:43:46-05:00] DEBUG [cli_rpc]: CLI RPC stats: active=0, total=2, errors=0, peak=1
[2026-04-22T13:43:48-05:00] DEBUG [dht]: PutValue failed error="dht dmsg dial 02864d02: dmsg error 100 - entry is not found in discovery: entry of public key is not found" peer=02864d02
[2026-04-22T13:43:49-05:00] DEBUG [transport_manager]: Error dialing transport to 02175376dbb8e54b7b9e10ac0a3e9319a6995d9b9067d01abd8fd08835663677a2 via sudph: mt.client.Dial: handshake failed: timeout

[2026-04-22T13:43:49-05:00] WARN [public_autoconnect]: Failed to add transport error="save transport: mt.client.Dial: handshake failed: timeout
" pk=02175376dbb8e54b7b9e10ac0a3e9319a6995d9b9067d01abd8fd08835663677a2 type=sudph
[2026-04-22T13:43:53-05:00] DEBUG ClientSession.DialStream [dmsgC]: Stream closed on failure. close_error=<nil> dst_addr=0371f571cc72cb4200cc370e548eee902af9a3d97aefd37e1628abdd99f34767de:100 error="i/o deadline reached" ports_reserved=20 session=03717576ada5b1744e395c66c2bb11cea73b0e23d0dcd54422139b1a7f12e962c4
[2026-04-22T13:43:53-05:00] DEBUG [dmsgC]: DialStream failed via cached route, evicting error="i/o deadline reached" server=03717576ada5b1744e395c66c2bb11cea73b0e23d0dcd54422139b1a7f12e962c4
[2026-04-22T13:43:54-05:00] DEBUG ClientSession.DialStream [dmsgC]: Stream closed on failure. close_error=<nil> dst_addr=03f387c925ae3e28085fdb5e08abd7d03dfc1d1b685c7f69ee180b8d76c0a5b53d:136 error="i/o deadline reached" ports_reserved=20 session=0281a102c82820e811368c8d028cf11b1a985043b726b1bcdb8fce89b27384b2cb
[2026-04-22T13:43:54-05:00] DEBUG [dmsgC]: DialStream failed, trying next session error="i/o deadline reached" server=0281a102c82820e811368c8d028cf11b1a985043b726b1bcdb8fce89b27384b2cb
[2026-04-22T13:43:54-05:00] DEBUG ClientSession.DialStream [dmsgC]: Stream closed on failure. close_error=<nil> dst_addr=03f387c925ae3e28085fdb5e08abd7d03dfc1d1b685c7f69ee180b8d76c0a5b53d:136 error="context deadline exceeded" ports_reserved=20 session=0371ab4bcff7b121f4b91f6856d6740c6f9dc1fe716977850aeb5d84378b300a13
[2026-04-22T13:43:54-05:00] DEBUG [dmsgC]: DialStream failed via new session, trying next server error="context deadline exceeded" server=0371ab4bcff7b121f4b91f6856d6740c6f9dc1fe716977850aeb5d84378b300a13
[2026-04-22T13:43:54-05:00] DEBUG ClientSession.DialStream [dmsgC]: Stream closed on failure. close_error=<nil> dst_addr=03f387c925ae3e28085fdb5e08abd7d03dfc1d1b685c7f69ee180b8d76c0a5b53d:136 error="context deadline exceeded" ports_reserved=20 session=0281a102c82820e811368c8d028cf11b1a985043b726b1bcdb8fce89b27384b2cb
[2026-04-22T13:43:54-05:00] DEBUG [dmsgC]: DialStream failed via new session, trying next server error="context deadline exceeded" server=0281a102c82820e811368c8d028cf11b1a985043b726b1bcdb8fce89b27384b2cb
[2026-04-22T13:43:54-05:00] DEBUG [public_autoconnect]: Skipping visor: dmsg probe failed (unreachable) pk=03f387c925ae3e28085fdb5e08abd7d03dfc1d1b685c7f69ee180b8d76c0a5b53d type=sudph
[2026-04-22T13:43:58-05:00] DEBUG ClientSession.DialStream [dmsgC]: Stream closed on failure. close_error=<nil> dst_addr=0371f571cc72cb4200cc370e548eee902af9a3d97aefd37e1628abdd99f34767de:100 error="i/o deadline reached" ports_reserved=20 session=0281a102c82820e811368c8d028cf11b1a985043b726b1bcdb8fce89b27384b2cb
[2026-04-22T13:43:58-05:00] DEBUG [dmsgC]: DialStream failed, trying next session error="i/o deadline reached" server=0281a102c82820e811368c8d028cf11b1a985043b726b1bcdb8fce89b27384b2cb
[2026-04-22T13:43:58-05:00] DEBUG ClientSession.DialStream [dmsgC]: Stream closed on failure. close_error=<nil> dst_addr=0371f571cc72cb4200cc370e548eee902af9a3d97aefd37e1628abdd99f34767de:100 error="context deadline exceeded" ports_reserved=20 session=0281a102c82820e811368c8d028cf11b1a985043b726b1bcdb8fce89b27384b2cb
[2026-04-22T13:43:58-05:00] DEBUG [dmsgC]: DialStream failed via new session, trying next server error="context deadline exceeded" server=0281a102c82820e811368c8d028cf11b1a985043b726b1bcdb8fce89b27384b2cb
[2026-04-22T13:43:58-05:00] DEBUG ClientSession.DialStream [dmsgC]: Stream closed on failure. close_error=<nil> dst_addr=0371f571cc72cb4200cc370e548eee902af9a3d97aefd37e1628abdd99f34767de:100 error="context deadline exceeded" ports_reserved=20 session=02a2d4c346dabd165fd555dfdba4a7f4d18786fe7e055e562397cd5102bdd7f8dd
[2026-04-22T13:43:58-05:00] DEBUG [dmsgC]: DialStream failed via new session, trying next server error="context deadline exceeded" server=02a2d4c346dabd165fd555dfdba4a7f4d18786fe7e055e562397cd5102bdd7f8dd
[2026-04-22T13:43:58-05:00] DEBUG [dht]: PutValue failed error="dht dmsg dial 0371f571: dmsg error 202 - cannot connect to delegated server" peer=0371f571
[2026-04-22T13:43:59-05:00] DEBUG ClientSession.DialStream [dmsgC]: Stream closed on failure. close_error=<nil> dst_addr=02354c9fb93bce030d5463f44ddd474549c9d8202ac7c4348520e89821aaa04e58:136 error="i/o deadline reached" ports_reserved=20 session=0371ab4bcff7b121f4b91f6856d6740c6f9dc1fe716977850aeb5d84378b300a13
[2026-04-22T13:43:59-05:00] DEBUG [dmsgC]: DialStream failed, trying next session error="i/o deadline reached" server=0371ab4bcff7b121f4b91f6856d6740c6f9dc1fe716977850aeb5d84378b300a13
[2026-04-22T13:43:59-05:00] DEBUG ClientSession.DialStream [dmsgC]: Stream closed on failure. close_error=<nil> dst_addr=02354c9fb93bce030d5463f44ddd474549c9d8202ac7c4348520e89821aaa04e58:136 error="context deadline exceeded" ports_reserved=20 session=0371ab4bcff7b121f4b91f6856d6740c6f9dc1fe716977850aeb5d84378b300a13
[2026-04-22T13:43:59-05:00] DEBUG [dmsgC]: DialStream failed via new session, trying next server error="context deadline exceeded" server=0371ab4bcff7b121f4b91f6856d6740c6f9dc1fe716977850aeb5d84378b300a13
[2026-04-22T13:43:59-05:00] DEBUG [public_autoconnect]: Skipping visor: dmsg probe failed (unreachable) pk=02354c9fb93bce030d5463f44ddd474549c9d8202ac7c4348520e89821aaa04e58 type=sudph
[2026-04-22T13:44:00-05:00] DEBUG [public_autoconnect]: Trying to add transport pk=0232004ec69b023aedd2a251aed73d79a44acbd253478e2a7d804a136fe9494f9f type=sudph
[2026-04-22T13:44:00-05:00] DEBUG [transport_manager]: Initializing TP with ID fbf3d3a6-2703-06d3-8290-1e99ea3c776d
[2026-04-22T13:44:00-05:00] DEBUG [transport_manager]: Dialing transport to 0232004ec69b023aedd2a251aed73d79a44acbd253478e2a7d804a136fe9494f9f via sudph
[2026-04-22T13:44:01-05:00] DEBUG [sudph]: Resolved PK 0232004ec69b023aedd2a251aed73d79a44acbd253478e2a7d804a136fe9494f9f to visor data {123.50.139.49:48927 false {48927 [127.0.0.1 192.168.0.3 ::1]}}
[2026-04-22T13:44:01-05:00] DEBUG [sudph]: Dialing public address: 123.50.139.49:48927
[2026-04-22T13:44:01-05:00] DEBUG [sudph]: Dialing 123.50.139.49:48927
[2026-04-22T13:44:01-05:00] DEBUG [sudph]: Dialed 123.50.139.49:48927
[2026-04-22T13:44:01-05:00] DEBUG [sudph]: Performing handshake with 123.50.139.49:48927
[2026-04-22T13:44:06-05:00] DEBUG ClientSession.DialStream [dmsgC]: Stream closed on failure. close_error=<nil> dst_addr=03b5a2848c732aa6cccd2eae61f9d3991be050389433beddcef05a8cb85d70a3e0:100 error="i/o deadline reached" ports_reserved=20 session=0371ab4bcff7b121f4b91f6856d6740c6f9dc1fe716977850aeb5d84378b300a13
[2026-04-22T13:44:06-05:00] DEBUG [dmsgC]: DialStream failed via cached route, evicting error="i/o deadline reached" server=0371ab4bcff7b121f4b91f6856d6740c6f9dc1fe716977850aeb5d84378b300a13
[2026-04-22T13:44:06-05:00] DEBUG [stcpr]: Re-registering STCPR with address resolver
[2026-04-22T13:44:06-05:00] DEBUG httpClient.BindSTCPR [address_resolver]: Address resolver binding with: [192.168.1.118 70.121.13.123]
[2026-04-22T13:44:07-05:00] DEBUG [stcpr]: Successfully re-registered STCPR
[2026-04-22T13:44:11-05:00] DEBUG ClientSession.DialStream [dmsgC]: Stream closed on failure. close_error=<nil> dst_addr=03b5a2848c732aa6cccd2eae61f9d3991be050389433beddcef05a8cb85d70a3e0:100 error="i/o deadline reached" ports_reserved=20 session=0371ab4bcff7b121f4b91f6856d6740c6f9dc1fe716977850aeb5d84378b300a13
[2026-04-22T13:44:11-05:00] DEBUG [dmsgC]: DialStream failed, trying next session error="i/o deadline reached" server=0371ab4bcff7b121f4b91f6856d6740c6f9dc1fe716977850aeb5d84378b300a13
[2026-04-22T13:44:11-05:00] DEBUG ClientSession.DialStream [dmsgC]: Stream closed on failure. close_error=<nil> dst_addr=03b5a2848c732aa6cccd2eae61f9d3991be050389433beddcef05a8cb85d70a3e0:100 error="context deadline exceeded" ports_reserved=20 session=02a2d4c346dabd165fd555dfdba4a7f4d18786fe7e055e562397cd5102bdd7f8dd
[2026-04-22T13:44:11-05:00] DEBUG [dmsgC]: DialStream failed via new session, trying next server error="context deadline exceeded" server=02a2d4c346dabd165fd555dfdba4a7f4d18786fe7e055e562397cd5102bdd7f8dd
[2026-04-22T13:44:11-05:00] DEBUG [dht]: PutValue failed error="dht dmsg dial 03b5a284: dmsg error 202 - cannot connect to delegated server" peer=03b5a284
[2026-04-22T13:44:11-05:00] DEBUG [transport_manager]: Error dialing transport to 0232004ec69b023aedd2a251aed73d79a44acbd253478e2a7d804a136fe9494f9f via sudph: mt.client.Dial: handshake failed: timeout

[2026-04-22T13:44:11-05:00] WARN [public_autoconnect]: Failed to add transport error="save transport: mt.client.Dial: handshake failed: timeout
" pk=0232004ec69b023aedd2a251aed73d79a44acbd253478e2a7d804a136fe9494f9f type=sudph
[2026-04-22T13:44:15-05:00] DEBUG [dht]: Bootstrap ping failed error="dht dmsg dial 02a49bc0: dmsg error 102 - entry is not of client in discovery" pk=02a49bc0
[2026-04-22T13:44:15-05:00] DEBUG [dht]: Bootstrap ping failed error="dht dmsg dial 0326978f: dmsg error 102 - entry is not of client in discovery" pk=0326978f
[2026-04-22T13:44:16-05:00] DEBUG [cli_rpc]: CLI RPC stats: active=0, total=2, errors=0, peak=1
[2026-04-22T13:44:16-05:00] DEBUG ClientSession.DialStream [dmsgC]: Stream closed on failure. close_error=<nil> dst_addr=0328066f61aa53707c75c5d17bd5102914568639f46f1a5e6af7238bb2246f9d1f:136 error="i/o deadline reached" ports_reserved=21 session=0281a102c82820e811368c8d028cf11b1a985043b726b1bcdb8fce89b27384b2cb
[2026-04-22T13:44:16-05:00] DEBUG [dmsgC]: DialStream failed, trying next session error="i/o deadline reached" server=0281a102c82820e811368c8d028cf11b1a985043b726b1bcdb8fce89b27384b2cb
[2026-04-22T13:44:16-05:00] DEBUG ClientSession.DialStream [dmsgC]: Stream closed on failure. close_error=<nil> dst_addr=0328066f61aa53707c75c5d17bd5102914568639f46f1a5e6af7238bb2246f9d1f:136 error="context deadline exceeded" ports_reserved=21 session=0371ab4bcff7b121f4b91f6856d6740c6f9dc1fe716977850aeb5d84378b300a13
[2026-04-22T13:44:16-05:00] DEBUG [dmsgC]: DialStream failed via new session, trying next server error="context deadline exceeded" server=0371ab4bcff7b121f4b91f6856d6740c6f9dc1fe716977850aeb5d84378b300a13
[2026-04-22T13:44:16-05:00] DEBUG ClientSession.DialStream [dmsgC]: Stream closed on failure. close_error=<nil> dst_addr=0328066f61aa53707c75c5d17bd5102914568639f46f1a5e6af7238bb2246f9d1f:136 error="context deadline exceeded" ports_reserved=21 session=0281a102c82820e811368c8d028cf11b1a985043b726b1bcdb8fce89b27384b2cb
[2026-04-22T13:44:16-05:00] DEBUG [dmsgC]: DialStream failed via new session, trying next server error="context deadline exceeded" server=0281a102c82820e811368c8d028cf11b1a985043b726b1bcdb8fce89b27384b2cb
[2026-04-22T13:44:16-05:00] DEBUG [public_autoconnect]: Skipping visor: dmsg probe failed (unreachable) pk=0328066f61aa53707c75c5d17bd5102914568639f46f1a5e6af7238bb2246f9d1f type=sudph
[2026-04-22T13:44:16-05:00] WARN [router]: closing conn from untrusted setup node: <nil>
[2026-04-22T13:44:17-05:00] WARN [self_probe]: Self-probe FAILED: dmsg listener unreachable (persistent) consecutive_failures=33 cooldown_remaining=2m0s port=80
[2026-04-22T13:44:21-05:00] DEBUG ClientSession.DialStream [dmsgC]: Stream closed on failure. close_error=<nil> dst_addr=03717576ada5b1744e395c66c2bb11cea73b0e23d0dcd54422139b1a7f12e962c4:100 error="i/o deadline reached" ports_reserved=23 session=03717576ada5b1744e395c66c2bb11cea73b0e23d0dcd54422139b1a7f12e962c4
[2026-04-22T13:44:21-05:00] DEBUG [dht]: Bootstrap ping failed error="dht dmsg dial 03717576: dmsg error 102 - entry is not of client in discovery" pk=03717576
[2026-04-22T13:44:21-05:00] INFO [dht]: DHT bootstrap succeeded peers=3
[2026-04-22T13:44:21-05:00] DEBUG ClientSession.DialStream [dmsgC]: Stream closed on failure. close_error=<nil> dst_addr=03c0de442df14bf8105ce95763e320cf2520dccd6fa1a7cd3319a7c24689613faa:136 error="i/o deadline reached" ports_reserved=23 session=0281a102c82820e811368c8d028cf11b1a985043b726b1bcdb8fce89b27384b2cb
[2026-04-22T13:44:21-05:00] DEBUG [dmsgC]: DialStream failed, trying next session error="i/o deadline reached" server=0281a102c82820e811368c8d028cf11b1a985043b726b1bcdb8fce89b27384b2cb
[2026-04-22T13:44:22-05:00] DEBUG [dmsgC]: Updating entry.
 entry=	version: 0.0.1
	sequence: 37
	registered at: 1776883401478446027
	static public key: 0282213369836321323dfaa492564ceb8a9a5e7e8ff044c46c92949a787ec51fb0
	signature: 4878ea1703723064c36da5119c355ac72ebb69bfa732ce029dd9699ef1ef6f757d780dc12001defdc6ce50db5642731a5e1fe3c7ec600955731346f208d49e9601
	entry is registered as client. Related info: 
		delegated servers: 
			02a2d4c346dabd165fd555dfdba4a7f4d18786fe7e055e562397cd5102bdd7f8dd
			0281a102c82820e811368c8d028cf11b1a985043b726b1bcdb8fce89b27384b2cb
			0371ab4bcff7b121f4b91f6856d6740c6f9dc1fe716977850aeb5d84378b300a13
			03717576ada5b1744e395c66c2bb11cea73b0e23d0dcd54422139b1a7f12e962c4


[2026-04-22T13:44:22-05:00] DEBUG ClientSession.DialStream [dmsgC]: Stream closed on failure. close_error=<nil> dst_addr=03c0de442df14bf8105ce95763e320cf2520dccd6fa1a7cd3319a7c24689613faa:136 error="context deadline exceeded" ports_reserved=25 session=0281a102c82820e811368c8d028cf11b1a985043b726b1bcdb8fce89b27384b2cb
[2026-04-22T13:44:22-05:00] DEBUG [dmsgC]: DialStream failed via new session, trying next server error="context deadline exceeded" server=0281a102c82820e811368c8d028cf11b1a985043b726b1bcdb8fce89b27384b2cb
[2026-04-22T13:44:22-05:00] DEBUG [public_autoconnect]: Skipping visor: dmsg probe failed (unreachable) pk=03c0de442df14bf8105ce95763e320cf2520dccd6fa1a7cd3319a7c24689613faa type=sudph
[2026-04-22T13:44:26-05:00] DEBUG ClientSession.DialStream [dmsgC]: Stream closed on failure. close_error=<nil> dst_addr=03cf0b005bd8ff120b8389722547f48e11e14414895c5f36d64071dfab0df9bbd2:100 error="i/o deadline reached" ports_reserved=24 session=0281a102c82820e811368c8d028cf11b1a985043b726b1bcdb8fce89b27384b2cb
[2026-04-22T13:44:26-05:00] DEBUG [dmsgC]: DialStream failed via cached route, evicting error="i/o deadline reached" server=0281a102c82820e811368c8d028cf11b1a985043b726b1bcdb8fce89b27384b2cb
[2026-04-22T13:44:27-05:00] DEBUG ClientSession.DialStream [dmsgC]: Stream closed on failure. close_error=<nil> dst_addr=03dfb9788f2cf54f340998357654aaa7306989f40a43f6c5a77c4327335fb3ad41:136 error="i/o deadline reached" ports_reserved=26 session=0371ab4bcff7b121f4b91f6856d6740c6f9dc1fe716977850aeb5d84378b300a13
[2026-04-22T13:44:27-05:00] DEBUG [dmsgC]: DialStream failed, trying next session error="i/o deadline reached" server=0371ab4bcff7b121f4b91f6856d6740c6f9dc1fe716977850aeb5d84378b300a13
[2026-04-22T13:44:27-05:00] DEBUG ClientSession.DialStream [dmsgC]: Stream closed on failure. close_error=<nil> dst_addr=03dfb9788f2cf54f340998357654aaa7306989f40a43f6c5a77c4327335fb3ad41:136 error="context deadline exceeded" ports_reserved=26 session=0281a102c82820e811368c8d028cf11b1a985043b726b1bcdb8fce89b27384b2cb
[2026-04-22T13:44:27-05:00] DEBUG [dmsgC]: DialStream failed via new session, trying next server error="context deadline exceeded" server=0281a102c82820e811368c8d028cf11b1a985043b726b1bcdb8fce89b27384b2cb
[2026-04-22T13:44:27-05:00] DEBUG ClientSession.DialStream [dmsgC]: Stream closed on failure. close_error=<nil> dst_addr=03dfb9788f2cf54f340998357654aaa7306989f40a43f6c5a77c4327335fb3ad41:136 error="context deadline exceeded" ports_reserved=26 session=0371ab4bcff7b121f4b91f6856d6740c6f9dc1fe716977850aeb5d84378b300a13
[2026-04-22T13:44:27-05:00] DEBUG [dmsgC]: DialStream failed via new session, trying next server error="context deadline exceeded" server=0371ab4bcff7b121f4b91f6856d6740c6f9dc1fe716977850aeb5d84378b300a13
[2026-04-22T13:44:27-05:00] DEBUG [public_autoconnect]: Skipping visor: dmsg probe failed (unreachable) pk=03dfb9788f2cf54f340998357654aaa7306989f40a43f6c5a77c4327335fb3ad41 type=sudph
[2026-04-22T13:44:28-05:00] DEBUG [public_autoconnect]: Trying to add transport pk=03d1a14c1f4ce581211e919dd22211c211020c3a1634fa90e94df2b60e2e1a7f91 type=sudph
[2026-04-22T13:44:28-05:00] DEBUG [transport_manager]: Initializing TP with ID adb4d528-96bd-0299-8fc4-3bd94b88bd26
[2026-04-22T13:44:28-05:00] DEBUG [transport_manager]: Dialing transport to 03d1a14c1f4ce581211e919dd22211c211020c3a1634fa90e94df2b60e2e1a7f91 via sudph
[2026-04-22T13:44:28-05:00] DEBUG ClientSession.DialStream [dmsgC]: Stream closed on failure. close_error=<nil> dst_addr=03dd9f33c648abeffa362ccf8fcd2476ee0425172601ed68220373c8719f93ff9b:100 error="i/o deadline reached" ports_reserved=23 session=0281a102c82820e811368c8d028cf11b1a985043b726b1bcdb8fce89b27384b2cb
[2026-04-22T13:44:28-05:00] DEBUG [dmsgC]: DialStream failed via cached route, evicting error="i/o deadline reached" server=0281a102c82820e811368c8d028cf11b1a985043b726b1bcdb8fce89b27384b2cb
[2026-04-22T13:44:28-05:00] DEBUG [sudph]: Resolved PK 03d1a14c1f4ce581211e919dd22211c211020c3a1634fa90e94df2b60e2e1a7f91 to visor data {92.116.65.240:38238 false {38238 [127.0.0.1 192.168.178.218 ::1 2001:9e8:cf00:e000:fa1a:c01:d2eb:2770 fd00::4b11:2bf:54ad:d43a]}}
[2026-04-22T13:44:28-05:00] DEBUG [sudph]: Dialing public address: 92.116.65.240:38238
[2026-04-22T13:44:28-05:00] DEBUG [sudph]: Dialing 92.116.65.240:38238
[2026-04-22T13:44:28-05:00] DEBUG [sudph]: Dialed 92.116.65.240:38238
[2026-04-22T13:44:28-05:00] DEBUG [sudph]: Performing handshake with 92.116.65.240:38238
[2026-04-22T13:44:33-05:00] DEBUG [dht]: PutValue failed error="dht dmsg dial 02a49bc0: dmsg error 102 - entry is not of client in discovery" peer=02a49bc0
[2026-04-22T13:44:35-05:00] DEBUG [dht]: PutValue failed error="dht dmsg dial 0246834b: dmsg error 100 - entry is not found in discovery: entry of public key is not found" peer=0246834b
[2026-04-22T13:44:36-05:00] DEBUG [dht]: PutValue failed error="dht dmsg dial 0326978f: dmsg error 102 - entry is not of client in discovery" peer=0326978f
[2026-04-22T13:44:37-05:00] DEBUG ClientSession.DialStream [dmsgC]: Stream closed on failure. close_error=<nil> dst_addr=024635f39c281e7b8a92d732064d93a7877dd68653263c3c955ed733078c73c181:100 error="i/o deadline reached" ports_reserved=25 session=0281a102c82820e811368c8d028cf11b1a985043b726b1bcdb8fce89b27384b2cb
[2026-04-22T13:44:37-05:00] DEBUG [dmsgC]: DialStream failed via cached route, evicting error="i/o deadline reached" server=0281a102c82820e811368c8d028cf11b1a985043b726b1bcdb8fce89b27384b2cb
[2026-04-22T13:44:38-05:00] DEBUG [transport_manager]: Error dialing transport to 03d1a14c1f4ce581211e919dd22211c211020c3a1634fa90e94df2b60e2e1a7f91 via sudph: mt.client.Dial: handshake failed: timeout

[2026-04-22T13:44:38-05:00] WARN [public_autoconnect]: Failed to add transport error="save transport: mt.client.Dial: handshake failed: timeout
" pk=03d1a14c1f4ce581211e919dd22211c211020c3a1634fa90e94df2b60e2e1a7f91 type=sudph
[2026-04-22T13:44:39-05:00] DEBUG [public_autoconnect]: Trying to add transport pk=02018696c4715aae87f77f0f0b4ac6348c25f21a5469794ff7a9c84d448d2a525a type=sudph
[2026-04-22T13:44:39-05:00] DEBUG [transport_manager]: Initializing TP with ID 1dfcc670-a9c7-086f-9620-1525a35ea1b9
[2026-04-22T13:44:39-05:00] DEBUG [transport_manager]: Dialing transport to 02018696c4715aae87f77f0f0b4ac6348c25f21a5469794ff7a9c84d448d2a525a via sudph
[2026-04-22T13:44:40-05:00] DEBUG [sudph]: Resolved PK 02018696c4715aae87f77f0f0b4ac6348c25f21a5469794ff7a9c84d448d2a525a to visor data {182.8.99.234:4218 false {54445 [127.0.0.1 192.168.1.38]}}
[2026-04-22T13:44:40-05:00] DEBUG [sudph]: Dialing public address: 182.8.99.234:4218
[2026-04-22T13:44:40-05:00] DEBUG [sudph]: Dialing 182.8.99.234:4218
[2026-04-22T13:44:40-05:00] DEBUG [sudph]: Dialed 182.8.99.234:4218
[2026-04-22T13:44:40-05:00] DEBUG [sudph]: Performing handshake with 182.8.99.234:4218
[2026-04-22T13:44:41-05:00] DEBUG ClientSession.DialStream [dmsgC]: Stream closed on failure. close_error=<nil> dst_addr=0280df7c8c646f15447e677c6d098aa228988d227da7ac88a18f775971a825244e:100 error="i/o deadline reached" ports_reserved=25 session=0281a102c82820e811368c8d028cf11b1a985043b726b1bcdb8fce89b27384b2cb
[2026-04-22T13:44:41-05:00] DEBUG [dmsgC]: DialStream failed via cached route, evicting error="i/o deadline reached" server=0281a102c82820e811368c8d028cf11b1a985043b726b1bcdb8fce89b27384b2cb
[2026-04-22T13:44:46-05:00] DEBUG [cli_rpc]: CLI RPC stats: active=0, total=2, errors=0, peak=1
[2026-04-22T13:44:49-05:00] DEBUG ClientSession.DialStream [dmsgC]: Stream closed on failure. close_error=<nil> dst_addr=036df68c94a28d3ec71a2e11b2b9d3b16211ae69b52babe75915e9fcd638f1c536:100 error="i/o deadline reached" ports_reserved=26 session=0371ab4bcff7b121f4b91f6856d6740c6f9dc1fe716977850aeb5d84378b300a13
[2026-04-22T13:44:49-05:00] DEBUG [dmsgC]: DialStream failed via cached route, evicting error="i/o deadline reached" server=0371ab4bcff7b121f4b91f6856d6740c6f9dc1fe716977850aeb5d84378b300a13
[2026-04-22T13:44:50-05:00] DEBUG [transport_manager]: Error dialing transport to 02018696c4715aae87f77f0f0b4ac6348c25f21a5469794ff7a9c84d448d2a525a via sudph: mt.client.Dial: handshake failed: timeout

[2026-04-22T13:44:50-05:00] WARN [public_autoconnect]: Failed to add transport error="save transport: mt.client.Dial: handshake failed: timeout
" pk=02018696c4715aae87f77f0f0b4ac6348c25f21a5469794ff7a9c84d448d2a525a type=sudph
[2026-04-22T13:44:50-05:00] DEBUG [public_autoconnect]: Trying to add transport pk=039439186e7e355029e237e922f0198857dd1aa4ba61ae65856f7cd2f141af010a type=sudph
[2026-04-22T13:44:50-05:00] DEBUG [transport_manager]: Initializing TP with ID 566a7548-78c8-0c07-9a39-10eee0f079f9
[2026-04-22T13:44:50-05:00] DEBUG [transport_manager]: Dialing transport to 039439186e7e355029e237e922f0198857dd1aa4ba61ae65856f7cd2f141af010a via sudph
[2026-04-22T13:44:51-05:00] DEBUG [sudph]: Resolved PK 039439186e7e355029e237e922f0198857dd1aa4ba61ae65856f7cd2f141af010a to visor data {88.146.116.113:53516 false {53516 [127.0.0.1 192.168.88.107 ::1]}}
[2026-04-22T13:44:51-05:00] DEBUG [sudph]: Dialing public address: 88.146.116.113:53516
[2026-04-22T13:44:51-05:00] DEBUG [sudph]: Dialing 88.146.116.113:53516
[2026-04-22T13:44:51-05:00] DEBUG [sudph]: Dialed 88.146.116.113:53516
[2026-04-22T13:44:51-05:00] DEBUG [sudph]: Performing handshake with 88.146.116.113:53516
[2026-04-22T13:44:54-05:00] DEBUG ClientSession.DialStream [dmsgC]: Stream closed on failure. close_error=<nil> dst_addr=02379bac43d2bb1d135f785b3a4c0adc41a2f2672225649da47fa68e2c6d8b6617:100 error="i/o deadline reached" ports_reserved=27 session=03717576ada5b1744e395c66c2bb11cea73b0e23d0dcd54422139b1a7f12e962c4
[2026-04-22T13:44:54-05:00] DEBUG [dmsgC]: DialStream failed via cached route, evicting error="i/o deadline reached" server=03717576ada5b1744e395c66c2bb11cea73b0e23d0dcd54422139b1a7f12e962c4
[2026-04-22T13:44:59-05:00] DEBUG ClientSession.DialStream [dmsgC]: Stream closed on failure. close_error=<nil> dst_addr=02379bac43d2bb1d135f785b3a4c0adc41a2f2672225649da47fa68e2c6d8b6617:100 error="i/o deadline reached" ports_reserved=27 session=03717576ada5b1744e395c66c2bb11cea73b0e23d0dcd54422139b1a7f12e962c4
[2026-04-22T13:44:59-05:00] DEBUG [dmsgC]: DialStream failed, trying next session error="i/o deadline reached" server=03717576ada5b1744e395c66c2bb11cea73b0e23d0dcd54422139b1a7f12e962c4
[2026-04-22T13:44:59-05:00] DEBUG ClientSession.DialStream [dmsgC]: Stream closed on failure. close_error=<nil> dst_addr=02379bac43d2bb1d135f785b3a4c0adc41a2f2672225649da47fa68e2c6d8b6617:100 error="context deadline exceeded" ports_reserved=27 session=0281a102c82820e811368c8d028cf11b1a985043b726b1bcdb8fce89b27384b2cb
[2026-04-22T13:44:59-05:00] DEBUG [dmsgC]: DialStream failed via new session, trying next server error="context deadline exceeded" server=0281a102c82820e811368c8d028cf11b1a985043b726b1bcdb8fce89b27384b2cb
[2026-04-22T13:44:59-05:00] DEBUG [dht]: PutValue failed error="dht dmsg dial 02379bac: dmsg error 202 - cannot connect to delegated server" peer=02379bac
[2026-04-22T13:45:01-05:00] DEBUG [transport_manager]: Error dialing transport to 039439186e7e355029e237e922f0198857dd1aa4ba61ae65856f7cd2f141af010a via sudph: mt.client.Dial: handshake failed: timeout

[2026-04-22T13:45:01-05:00] WARN [public_autoconnect]: Failed to add transport error="save transport: mt.client.Dial: handshake failed: timeout
" pk=039439186e7e355029e237e922f0198857dd1aa4ba61ae65856f7cd2f141af010a type=sudph
[2026-04-22T13:45:02-05:00] DEBUG [public_autoconnect]: Trying to add transport pk=0231168c19e03af1cf062d807b4fc4e9f41d0ab6227999078a1ddd28a1f6af6515 type=sudph
[2026-04-22T13:45:02-05:00] DEBUG [transport_manager]: Initializing TP with ID 72132e7a-5b44-01e5-91e3-4932ed1f9239
[2026-04-22T13:45:02-05:00] DEBUG [transport_manager]: Dialing transport to 0231168c19e03af1cf062d807b4fc4e9f41d0ab6227999078a1ddd28a1f6af6515 via sudph
[2026-04-22T13:45:03-05:00] DEBUG [sudph]: Resolved PK 0231168c19e03af1cf062d807b4fc4e9f41d0ab6227999078a1ddd28a1f6af6515 to visor data {103.67.79.241:49202 false {36144 [192.168.3.50]}}
[2026-04-22T13:45:03-05:00] DEBUG [sudph]: Dialing public address: 103.67.79.241:49202
[2026-04-22T13:45:03-05:00] DEBUG [sudph]: Dialing 103.67.79.241:49202
[2026-04-22T13:45:03-05:00] DEBUG [sudph]: Dialed 103.67.79.241:49202
[2026-04-22T13:45:03-05:00] DEBUG [sudph]: Performing handshake with 103.67.79.241:49202
[2026-04-22T13:45:09-05:00] DEBUG ClientSession.DialStream [dmsgC]: Stream closed on failure. close_error=<nil> dst_addr=03b5a2848c732aa6cccd2eae61f9d3991be050389433beddcef05a8cb85d70a3e0:100 error="i/o deadline reached" ports_reserved=28 session=0371ab4bcff7b121f4b91f6856d6740c6f9dc1fe716977850aeb5d84378b300a13
[2026-04-22T13:45:09-05:00] DEBUG [dmsgC]: DialStream failed, trying next session error="i/o deadline reached" server=0371ab4bcff7b121f4b91f6856d6740c6f9dc1fe716977850aeb5d84378b300a13
[2026-04-22T13:45:13-05:00] DEBUG [transport_manager]: Error dialing transport to 0231168c19e03af1cf062d807b4fc4e9f41d0ab6227999078a1ddd28a1f6af6515 via sudph: mt.client.Dial: handshake failed: timeout

[2026-04-22T13:45:13-05:00] WARN [public_autoconnect]: Failed to add transport error="save transport: mt.client.Dial: handshake failed: timeout
" pk=0231168c19e03af1cf062d807b4fc4e9f41d0ab6227999078a1ddd28a1f6af6515 type=sudph
[2026-04-22T13:45:16-05:00] DEBUG [cli_rpc]: CLI RPC stats: active=0, total=2, errors=0, peak=1
[2026-04-22T13:45:16-05:00] DEBUG ClientSession.DialStream [dmsgC]: Stream closed on failure. close_error=<nil> dst_addr=023d00ea6c2542ab046abe7cba30e95dd85f0772e07873ad44c54e177ee504dc6d:100 error="i/o deadline reached" ports_reserved=31 session=03717576ada5b1744e395c66c2bb11cea73b0e23d0dcd54422139b1a7f12e962c4
[2026-04-22T13:45:16-05:00] DEBUG [dmsgC]: DialStream failed via cached route, evicting error="i/o deadline reached" server=03717576ada5b1744e395c66c2bb11cea73b0e23d0dcd54422139b1a7f12e962c4
[2026-04-22T13:45:16-05:00] WARN [router]: closing conn from untrusted setup node: <nil>
[2026-04-22T13:45:17-05:00] WARN [self_probe]: Self-probe FAILED: dmsg listener unreachable (persistent) consecutive_failures=34 cooldown_remaining=1m0s port=80
[2026-04-22T13:45:18-05:00] DEBUG ClientSession.DialStream [dmsgC]: Stream closed on failure. close_error=<nil> dst_addr=031b882128a9bb0313f75d176a2f16a3cab56338fa77ed4a253650c40fcf976e4f:136 error="i/o deadline reached" ports_reserved=30 session=0371ab4bcff7b121f4b91f6856d6740c6f9dc1fe716977850aeb5d84378b300a13
[2026-04-22T13:45:18-05:00] DEBUG [dmsgC]: DialStream failed, trying next session error="i/o deadline reached" server=0371ab4bcff7b121f4b91f6856d6740c6f9dc1fe716977850aeb5d84378b300a13
[2026-04-22T13:45:18-05:00] DEBUG ClientSession.DialStream [dmsgC]: Stream closed on failure. close_error=<nil> dst_addr=031b882128a9bb0313f75d176a2f16a3cab56338fa77ed4a253650c40fcf976e4f:136 error="context deadline exceeded" ports_reserved=30 session=02a2d4c346dabd165fd555dfdba4a7f4d18786fe7e055e562397cd5102bdd7f8dd
[2026-04-22T13:45:18-05:00] DEBUG [dmsgC]: DialStream failed via new session, trying next server error="context deadline exceeded" server=02a2d4c346dabd165fd555dfdba4a7f4d18786fe7e055e562397cd5102bdd7f8dd
[2026-04-22T13:45:18-05:00] DEBUG ClientSession.DialStream [dmsgC]: Stream closed on failure. close_error=<nil> dst_addr=031b882128a9bb0313f75d176a2f16a3cab56338fa77ed4a253650c40fcf976e4f:136 error="context deadline exceeded" ports_reserved=30 session=0281a102c82820e811368c8d028cf11b1a985043b726b1bcdb8fce89b27384b2cb
[2026-04-22T13:45:18-05:00] DEBUG [dmsgC]: DialStream failed via new session, trying next server error="context deadline exceeded" server=0281a102c82820e811368c8d028cf11b1a985043b726b1bcdb8fce89b27384b2cb
[2026-04-22T13:45:18-05:00] DEBUG [public_autoconnect]: Skipping visor: dmsg probe failed (unreachable) pk=031b882128a9bb0313f75d176a2f16a3cab56338fa77ed4a253650c40fcf976e4f type=sudph
[2026-04-22T13:45:19-05:00] DEBUG [public_autoconnect]: Trying to add transport pk=039ba8b45699bdfb67f3ec83bdddaccefc5d30853d4d133cca6957079e2d82fc5a type=sudph
[2026-04-22T13:45:19-05:00] DEBUG [transport_manager]: Initializing TP with ID 55cfd464-1747-0d38-88b8-84f07c22932f
[2026-04-22T13:45:19-05:00] DEBUG [transport_manager]: Dialing transport to 039ba8b45699bdfb67f3ec83bdddaccefc5d30853d4d133cca6957079e2d82fc5a via sudph
[2026-04-22T13:45:20-05:00] DEBUG [sudph]: Resolved PK 039ba8b45699bdfb67f3ec83bdddaccefc5d30853d4d133cca6957079e2d82fc5a to visor data {103.167.4.141:37929 false {37929 [127.0.0.1 192.168.7.221 ::1]}}
[2026-04-22T13:45:20-05:00] DEBUG [sudph]: Dialing public address: 103.167.4.141:37929
[2026-04-22T13:45:20-05:00] DEBUG [sudph]: Dialing 103.167.4.141:37929
[2026-04-22T13:45:20-05:00] DEBUG [sudph]: Dialed 103.167.4.141:37929
[2026-04-22T13:45:20-05:00] DEBUG [sudph]: Performing handshake with 103.167.4.141:37929
[2026-04-22T13:45:22-05:00] DEBUG [dmsgC]: Updating entry.
 entry=	version: 0.0.1
	sequence: 38
	registered at: 1776883462141780157
	static public key: 0282213369836321323dfaa492564ceb8a9a5e7e8ff044c46c92949a787ec51fb0
	signature: bef6c3346cf9ae1b7eb01ac9efac3f540ff32fbc27b43150b168728eae87a2677c9e6f2b81d892064872e14a899d100fdf80da104ee71b39090d0c899e882b1c00
	entry is registered as client. Related info: 
		delegated servers: 
			03717576ada5b1744e395c66c2bb11cea73b0e23d0dcd54422139b1a7f12e962c4
			02a2d4c346dabd165fd555dfdba4a7f4d18786fe7e055e562397cd5102bdd7f8dd
			0281a102c82820e811368c8d028cf11b1a985043b726b1bcdb8fce89b27384b2cb
			0371ab4bcff7b121f4b91f6856d6740c6f9dc1fe716977850aeb5d84378b300a13


[2026-04-22T13:45:23-05:00] DEBUG [dht]: PutValue failed error="dht dmsg dial 02864d02: dmsg error 100 - entry is not found in discovery: entry of public key is not found" peer=02864d02
