# mux-standby-32 — per-row leg shares, forward = client->exit, reverse = exit->client
# note	sent_delta was not a number on 5 carrier line(s); those legs read 0 forward
# note	recv_delta was not a number on 5 carrier line(s); those legs read 0 reverse
# note	carrier.tsv counts a TRANSPORT, not a route group: a transport another group or app also rides counts that traffic here too
# note	latency_ms is the end-of-set legs.json snapshot, not the latency measured on the row
# note	shares and verdicts are computed over the legs that carried the payload: every leg of an ACTIVE group, plus any leg holding >= 1 % of the payload-direction bytes of the row (a mid-set promotion the set-start role does not yet show); the rest are listed with their bytes and a "-" share
# note	some legs are in scope on bytes alone: their group reads "standby" in the set-start legs.json but they carried >= 1 % of the payload of a row
# note	some transports are in carrier.tsv but not in legs.json or tps.tsv (a group dialled after the snapshot); their carrier/latency/hops/remote_pk read "-"
# note	rev_bytes/rev_share on 19 row(s) are the EXIT's OWN per-leg sent_bytes deltas (rev_basis exit-sent) — the reverse direction measured at the SENDING end
# note	rev_bytes/rev_share on 1 row(s) are the local recv_delta (rev_basis local-recv): the exit's sent_bytes needs a per-row EXIT_SNAP run against an exit that reports the per-leg byte counters, and either the snapshots or the counters were absent
# row	label	dir	size	leg	rg	role	scope	hops	carrier	latency_ms	remote_pk	fwd_bytes	rev_bytes	fwd_share	rev_share	rev_basis	exit_tp	exit_standby	exit_retx	exit_ack_ms	exit_sent_bytes	exit_recv_bytes
1	mux-standby-32-t1	down	10000000	b414796d	49289	active	in	b414796d>022716fba0f9a5d46ae7b8a4412296847d63d96c763d49068e851e9be7542080b1	stcpr	138.637	022716fba0f9a5d46ae7b8a4412296847d63d96c763d49068e851e9be7542080b1	877	3685056	34.4%	36.8%	local-recv	b414796d	no	0	234.47	3887365	2454
1	mux-standby-32-t1	down	10000000	95839ad0	49290	active	in	95839ad0>0371ab4bcff7b121f4b91f6856d6740c6f9dc1fe716977850aeb5d84378b300a13;dc5330cf>022716fba0f9a5d46ae7b8a4412296847d63d96c763d49068e851e9be7542080b1	stcpr	127.59	0371ab4bcff7b121f4b91f6856d6740c6f9dc1fe716977850aeb5d84378b300a13	508	1583932	19.9%	15.8%	local-recv	dc5330cf	no	4	238.79	1584889	1494
1	mux-standby-32-t1	down	10000000	7a64a71c	49291	standby	out	7a64a71c>02f0fabacf587c096ca7e38846b16f2617cbeeeca7bd7a06e73b2030f8645dd00f;79a37fb3>022716fba0f9a5d46ae7b8a4412296847d63d96c763d49068e851e9be7542080b1	stcpr	178.998	02f0fabacf587c096ca7e38846b16f2617cbeeeca7bd7a06e73b2030f8645dd00f	257	257	-	-	local-recv	79a37fb3	no	0	264.03	1056	1152
1	mux-standby-32-t1	down	10000000	bd6baec7	49292	standby	out	bd6baec7>02090aec59b40207d8662c82e4ecfc524b740c27f2fb98cfb5582833a66bdcb797;cab03f16>022716fba0f9a5d46ae7b8a4412296847d63d96c763d49068e851e9be7542080b1	stcpr	153.801	02090aec59b40207d8662c82e4ecfc524b740c27f2fb98cfb5582833a66bdcb797	217	217	-	-	local-recv	cab03f16	no	1	266.02	1088	1120
1	mux-standby-32-t1	down	10000000	582c8788	49293	standby	out	582c8788>039fc26e1088917d070659ecc0a233d96534a28842d996ae9c6531753613db7be0;d1bd7a30>022716fba0f9a5d46ae7b8a4412296847d63d96c763d49068e851e9be7542080b1	stcpr	245.988	039fc26e1088917d070659ecc0a233d96534a28842d996ae9c6531753613db7be0	276	244	-	-	local-recv	d1bd7a30	no	1	292.17	1088	1152
1	mux-standby-32-t1	down	10000000	e5faa6e0	49294	standby	out	e5faa6e0>02230b0a96a6f94179fab58196d3dfa1e19070faeae82d6900971462996541e774;47361294>022716fba0f9a5d46ae7b8a4412296847d63d96c763d49068e851e9be7542080b1	stcpr	151.45	02230b0a96a6f94179fab58196d3dfa1e19070faeae82d6900971462996541e774	212	196	-	-	local-recv	47361294	no	2	254.53	1120	1120
1	mux-standby-32-t1	down	10000000	b71ddf99	49295	standby	out	b71ddf99>0328947fced4d4b7beb65a6ef60d579e42d7976168c292cbd6d28b5b8bdc85757f;47828219>022716fba0f9a5d46ae7b8a4412296847d63d96c763d49068e851e9be7542080b1	stcpr	152.605	0328947fced4d4b7beb65a6ef60d579e42d7976168c292cbd6d28b5b8bdc85757f	217	217	-	-	local-recv	47828219	no	1	255.25	1088	1120
1	mux-standby-32-t1	down	10000000	bf9b0de8	49296	standby	out	bf9b0de8>026a913078651938783e19416a2de99c924df209e28512da2a571868c989bf3822;c2793bef>022716fba0f9a5d46ae7b8a4412296847d63d96c763d49068e851e9be7542080b1	stcpr	154.292	026a913078651938783e19416a2de99c924df209e28512da2a571868c989bf3822	217	217	-	-	local-recv	c2793bef	no	2	260.43	1120	1120
1	mux-standby-32-t1	down	10000000	3ce660ee	49297	standby	out	3ce660ee>02e8e60a95f36a142fc7ac45dc98859ccda853f879bf537937fd72a8dbeec7982c;b21c3cf1>022716fba0f9a5d46ae7b8a4412296847d63d96c763d49068e851e9be7542080b1	stcpr	138.768	02e8e60a95f36a142fc7ac45dc98859ccda853f879bf537937fd72a8dbeec7982c	244	244	-	-	local-recv	b21c3cf1	no	1	242.11	1088	1120
1	mux-standby-32-t1	down	10000000	ea69bc13	49298	standby	out	ea69bc13>03dd3a272482055da08828fafffe0cb537915a52e71c92bfc9bf3140ab0153cd7c;ce4708f1>022716fba0f9a5d46ae7b8a4412296847d63d96c763d49068e851e9be7542080b1	stcpr	148.602	03dd3a272482055da08828fafffe0cb537915a52e71c92bfc9bf3140ab0153cd7c	281	281	-	-	local-recv	ce4708f1	no	1	259.65	1088	1120
1	mux-standby-32-t1	down	10000000	eaddf8ac	49299	standby	out	eaddf8ac>028ce3caf8a1ed3b650b7139aeb854351518149af709cf28fe9bd6376cb3403626;4112d695>022716fba0f9a5d46ae7b8a4412296847d63d96c763d49068e851e9be7542080b1	stcpr	168.54	028ce3caf8a1ed3b650b7139aeb854351518149af709cf28fe9bd6376cb3403626	249	249	-	-	local-recv	4112d695	no	3	0	1088	1056
1	mux-standby-32-t1	down	10000000	696629b6	49300	standby	out	696629b6>03ecc7d108a98480b40a85bbfadb8f477d0c3559316306dcd7ba52fa3d21dad91e;75b62c04>022716fba0f9a5d46ae7b8a4412296847d63d96c763d49068e851e9be7542080b1	stcpr	171.105	03ecc7d108a98480b40a85bbfadb8f477d0c3559316306dcd7ba52fa3d21dad91e	289	289	-	-	local-recv	75b62c04	no	0	414.78	960	1056
1	mux-standby-32-t1	down	10000000	287b1d97	49301	standby	out	287b1d97>03b934e8a26ddb9d635381df94dbf778cdfebf53f8956902ec3a7837524a75024f;9d5d85da>022716fba0f9a5d46ae7b8a4412296847d63d96c763d49068e851e9be7542080b1	stcpr	169.437	03b934e8a26ddb9d635381df94dbf778cdfebf53f8956902ec3a7837524a75024f	180	175	-	-	local-recv	9d5d85da	no	0	262.28	960	1056
1	mux-standby-32-t1	down	10000000	619865a5	49302	standby	out	619865a5>02109a13c780fe273e48b5a7a9e030c1052156cd5afef4dff1c100598226ad8da9;25c2ebc5>022716fba0f9a5d46ae7b8a4412296847d63d96c763d49068e851e9be7542080b1	stcpr	157.229	02109a13c780fe273e48b5a7a9e030c1052156cd5afef4dff1c100598226ad8da9	284	252	-	-	local-recv	25c2ebc5	no	2	287.7	1056	1056
1	mux-standby-32-t1	down	10000000	062c57d2	49303	standby	out	062c57d2>03dc3488e49ded9250f3cca2827ab16f6331b7ccefdad614353c785a5fc76c1b13;2d3c4852>022716fba0f9a5d46ae7b8a4412296847d63d96c763d49068e851e9be7542080b1	stcpr	172.76	03dc3488e49ded9250f3cca2827ab16f6331b7ccefdad614353c785a5fc76c1b13	220	220	-	-	local-recv	2d3c4852	no	2	258.57	1024	1024
1	mux-standby-32-t1	down	10000000	40c0897c	49304	standby	in	40c0897c>03b403e239a42bcde3c25b73ce1bf89fc99071075f7145933a51b424df5a3a2fe3;d2b3b062>022716fba0f9a5d46ae7b8a4412296847d63d96c763d49068e851e9be7542080b1	stcpr	434.006	03b403e239a42bcde3c25b73ce1bf89fc99071075f7145933a51b424df5a3a2fe3	1163	4751724	45.6%	47.4%	local-recv	d2b3b062	no	3	286.85	4953883	2486
1	mux-standby-32-t1	down	10000000	e5f24143	49305	standby	out	e5f24143>024a37bae69d6be2ec51eeb9d2b7e99073c30153d06896032f5bd3c09ca843bdb9;a214890d>022716fba0f9a5d46ae7b8a4412296847d63d96c763d49068e851e9be7542080b1	stcpr	147.782	024a37bae69d6be2ec51eeb9d2b7e99073c30153d06896032f5bd3c09ca843bdb9	249	249	-	-	local-recv	a214890d	no	0	242.3	960	1056
1	mux-standby-32-t1	down	10000000	1bda3d87	49306	standby	out	1bda3d87>03d1063b6503b67d94b5411a92ec418056d72799583748180141600f0f18de7a5b;314453d6>022716fba0f9a5d46ae7b8a4412296847d63d96c763d49068e851e9be7542080b1	stcpr	164.527	03d1063b6503b67d94b5411a92ec418056d72799583748180141600f0f18de7a5b	212	212	-	-	local-recv	314453d6	no	1	261.27	1024	1056
1	mux-standby-32-t1	down	10000000	977b7c08	49308	standby	out	977b7c08>03e977883c41fca1e63a178398c46574b7ab8d4f381266c852242f473881c32337;6f46dafc>022716fba0f9a5d46ae7b8a4412296847d63d96c763d49068e851e9be7542080b1	stcpr	159.179	03e977883c41fca1e63a178398c46574b7ab8d4f381266c852242f473881c32337	212	212	-	-	local-recv	6f46dafc	no	1	262.86	992	1024
1	mux-standby-32-t1	down	10000000	a94550f5	49309	standby	out	a94550f5>025cc9b7ba632d57c12ccad1eb31c47a942dede14d1e174ac6c19a4988abb200c0;f3dfb306>022716fba0f9a5d46ae7b8a4412296847d63d96c763d49068e851e9be7542080b1	stcpr	165.273	025cc9b7ba632d57c12ccad1eb31c47a942dede14d1e174ac6c19a4988abb200c0	220	220	-	-	local-recv	f3dfb306	no	0	272.96	960	1056
1	mux-standby-32-t1	down	10000000	afa66373	49310	standby	out	afa66373>03634a5464d2ef3c257c530b77467265526f010d15a82dab765606abe63426db45;6167786b>022716fba0f9a5d46ae7b8a4412296847d63d96c763d49068e851e9be7542080b1	stcpr	169.47	03634a5464d2ef3c257c530b77467265526f010d15a82dab765606abe63426db45	220	220	-	-	local-recv	6167786b	no	0	272.93	960	1056
1	mux-standby-32-t1	down	10000000	bbed733f	49311	standby	out	bbed733f>02b3a85aee85dece633272731c2e37867a39fa9127f28233ad18ed0051184fc40a;d30e45c7>022716fba0f9a5d46ae7b8a4412296847d63d96c763d49068e851e9be7542080b1	stcpr	165.43	02b3a85aee85dece633272731c2e37867a39fa9127f28233ad18ed0051184fc40a	257	257	-	-	local-recv	d30e45c7	no	1	262.2	960	1024
1	mux-standby-32-t1	down	10000000	ee5902d2	49312	standby	out	ee5902d2>0397b427c1e522b768389db1fdfab3943a74e69683800fe4950af7dfb3bf66893c;2dfdb077>022716fba0f9a5d46ae7b8a4412296847d63d96c763d49068e851e9be7542080b1	stcpr	165.252	0397b427c1e522b768389db1fdfab3943a74e69683800fe4950af7dfb3bf66893c	281	281	-	-	local-recv	2dfdb077	no	0	256.99	928	1024
1	mux-standby-32-t1	down	10000000	30f42c30	49313	standby	out	30f42c30>03eba64189c636ab77c2da630bf2a0c77061bc783e59f80fd39015a42f9ae6ce01;0d8257e2>022716fba0f9a5d46ae7b8a4412296847d63d96c763d49068e851e9be7542080b1	stcpr	159.163	03eba64189c636ab77c2da630bf2a0c77061bc783e59f80fd39015a42f9ae6ce01	215	183	-	-	local-recv	0d8257e2	no	5	279.68	1088	1056
1	mux-standby-32-t1	down	10000000	fc2eaf78	49314	standby	out	fc2eaf78>03946b98fa081393f55cb5d130467c99de2267248a5bcadf570419feb18ad9d7b4;eb294537>022716fba0f9a5d46ae7b8a4412296847d63d96c763d49068e851e9be7542080b1	stcpr	167.233	03946b98fa081393f55cb5d130467c99de2267248a5bcadf570419feb18ad9d7b4	286	281	-	-	local-recv	eb294537	no	4	285.07	1056	1056
1	mux-standby-32-t1	down	10000000	4aa23edc	49315	standby	out	4aa23edc>02f65a515856df60ef5b135740b0b2bdd085da3427cc12d02405d5496a63b0b72a;90e12bb9>022716fba0f9a5d46ae7b8a4412296847d63d96c763d49068e851e9be7542080b1	stcpr	163.745	02f65a515856df60ef5b135740b0b2bdd085da3427cc12d02405d5496a63b0b72a	244	244	-	-	local-recv	90e12bb9	no	0	256.4	928	1024
1	mux-standby-32-t1	down	10000000	3e214e29	49316	standby	out	3e214e29>0335cab89b9352e1052ddc431a35aa5adbd5667046d09e7a6b06c295af09795e7e;ab79e81f>022716fba0f9a5d46ae7b8a4412296847d63d96c763d49068e851e9be7542080b1	stcpr	519.408792	0335cab89b9352e1052ddc431a35aa5adbd5667046d09e7a6b06c295af09795e7e	220	220	-	-	local-recv	ab79e81f	no	2	413.18	928	928
1	mux-standby-32-t1	down	10000000	770b2d43	49317	standby	out	770b2d43>031e6a72596e6be53c32b4d1909da233846bcef0000f72a0314072c10b9fc35d3c;91846477>022716fba0f9a5d46ae7b8a4412296847d63d96c763d49068e851e9be7542080b1	stcpr	186.748863	031e6a72596e6be53c32b4d1909da233846bcef0000f72a0314072c10b9fc35d3c	281	281	-	-	local-recv	91846477	no	2	264.68	928	960
1	mux-standby-32-t1	down	10000000	25b03079	49318	standby	out	25b03079>02c43f7d6da81cdca65fcf41906ff321f0d9f14e4c9ab0ff8b54b8ec64cce11bf0;18e8b97b>022716fba0f9a5d46ae7b8a4412296847d63d96c763d49068e851e9be7542080b1	stcpr	311.078083	02c43f7d6da81cdca65fcf41906ff321f0d9f14e4c9ab0ff8b54b8ec64cce11bf0	148	180	-	-	local-recv	18e8b97b	no	1	408.23	896	960
1	mux-standby-32-t1	down	10000000	54999ec3	49319	standby	out	54999ec3>0276161280817ad1cd3d637f5396f2b937f1973ba24d37ecf199085fe75166c28a;bcacf948>022716fba0f9a5d46ae7b8a4412296847d63d96c763d49068e851e9be7542080b1	stcpr	93.985362	0276161280817ad1cd3d637f5396f2b937f1973ba24d37ecf199085fe75166c28a	244	244	-	-	local-recv	bcacf948	no	0	278.7	864	960
1	mux-standby-32-t1	down	10000000	ebbe12da	49320	standby	out	ebbe12da>03bd764901d9dc1e982eed39634564625bd245f4e56b9dc7f11017c148264d9458;143843a8>022716fba0f9a5d46ae7b8a4412296847d63d96c763d49068e851e9be7542080b1	stcpr	544.330314	03bd764901d9dc1e982eed39634564625bd245f4e56b9dc7f11017c148264d9458	281	281	-	-	local-recv	143843a8	no	3	267.98	960	992
1	mux-standby-32-t1	down	10000000	475d59a5	49321	standby	out	475d59a5>02b1d9c56928f533ea9b309f8a53ed4807ee4e0193ef3c3a0234033313feceb8f2;99a80e72>022716fba0f9a5d46ae7b8a4412296847d63d96c763d49068e851e9be7542080b1	stcpr	187.757322	02b1d9c56928f533ea9b309f8a53ed4807ee4e0193ef3c3a0234033313feceb8f2	220	220	-	-	local-recv	99a80e72	no	2	276.58	928	960
2	mux-standby-32-t2	down	10000000	b414796d	49289	active	in	b414796d>022716fba0f9a5d46ae7b8a4412296847d63d96c763d49068e851e9be7542080b1	stcpr	138.637	022716fba0f9a5d46ae7b8a4412296847d63d96c763d49068e851e9be7542080b1	1293	4751401	36.5%	47.4%	exit-sent	b414796d	no	1	234.26	8638766	3822
2	mux-standby-32-t2	down	10000000	95839ad0	49290	active	in	95839ad0>0371ab4bcff7b121f4b91f6856d6740c6f9dc1fe716977850aeb5d84378b300a13;dc5330cf>022716fba0f9a5d46ae7b8a4412296847d63d96c763d49068e851e9be7542080b1	stcpr	127.59	0371ab4bcff7b121f4b91f6856d6740c6f9dc1fe716977850aeb5d84378b300a13	1331	3685099	37.5%	36.8%	exit-sent	dc5330cf	no	6	234.35	5269988	2788
2	mux-standby-32-t2	down	10000000	7a64a71c	49291	standby	out	7a64a71c>02f0fabacf587c096ca7e38846b16f2617cbeeeca7bd7a06e73b2030f8645dd00f;79a37fb3>022716fba0f9a5d46ae7b8a4412296847d63d96c763d49068e851e9be7542080b1	stcpr	178.998	02f0fabacf587c096ca7e38846b16f2617cbeeeca7bd7a06e73b2030f8645dd00f	233	0	-	-	exit-sent	79a37fb3	no	0	266.13	1408	1504
2	mux-standby-32-t2	down	10000000	bd6baec7	49292	standby	out	bd6baec7>02090aec59b40207d8662c82e4ecfc524b740c27f2fb98cfb5582833a66bdcb797;cab03f16>022716fba0f9a5d46ae7b8a4412296847d63d96c763d49068e851e9be7542080b1	stcpr	153.801	02090aec59b40207d8662c82e4ecfc524b740c27f2fb98cfb5582833a66bdcb797	228	0	-	-	exit-sent	cab03f16	no	2	258.56	1472	1472
2	mux-standby-32-t2	down	10000000	582c8788	49293	standby	out	582c8788>039fc26e1088917d070659ecc0a233d96534a28842d996ae9c6531753613db7be0;d1bd7a30>022716fba0f9a5d46ae7b8a4412296847d63d96c763d49068e851e9be7542080b1	stcpr	245.988	039fc26e1088917d070659ecc0a233d96534a28842d996ae9c6531753613db7be0	329	0	-	-	exit-sent	d1bd7a30	no	2	586.45	1472	1536
2	mux-standby-32-t2	down	10000000	e5faa6e0	49294	standby	out	e5faa6e0>02230b0a96a6f94179fab58196d3dfa1e19070faeae82d6900971462996541e774;47361294>022716fba0f9a5d46ae7b8a4412296847d63d96c763d49068e851e9be7542080b1	stcpr	151.45	02230b0a96a6f94179fab58196d3dfa1e19070faeae82d6900971462996541e774	217	0	-	-	exit-sent	47361294	no	3	246.98	1504	1472
2	mux-standby-32-t2	down	10000000	b71ddf99	49295	standby	out	b71ddf99>0328947fced4d4b7beb65a6ef60d579e42d7976168c292cbd6d28b5b8bdc85757f;47828219>022716fba0f9a5d46ae7b8a4412296847d63d96c763d49068e851e9be7542080b1	stcpr	152.605	0328947fced4d4b7beb65a6ef60d579e42d7976168c292cbd6d28b5b8bdc85757f	196	0	-	-	exit-sent	47828219	no	2	253.44	1472	1472
2	mux-standby-32-t2	down	10000000	bf9b0de8	49296	standby	out	bf9b0de8>026a913078651938783e19416a2de99c924df209e28512da2a571868c989bf3822;c2793bef>022716fba0f9a5d46ae7b8a4412296847d63d96c763d49068e851e9be7542080b1	stcpr	154.292	026a913078651938783e19416a2de99c924df209e28512da2a571868c989bf3822	225	0	-	-	exit-sent	c2793bef	no	3	247.93	1504	1472
2	mux-standby-32-t2	down	10000000	3ce660ee	49297	standby	out	3ce660ee>02e8e60a95f36a142fc7ac45dc98859ccda853f879bf537937fd72a8dbeec7982c;b21c3cf1>022716fba0f9a5d46ae7b8a4412296847d63d96c763d49068e851e9be7542080b1	stcpr	138.768	02e8e60a95f36a142fc7ac45dc98859ccda853f879bf537937fd72a8dbeec7982c	262	0	-	-	exit-sent	b21c3cf1	no	2	244.89	1472	1472
2	mux-standby-32-t2	down	10000000	ea69bc13	49298	standby	out	ea69bc13>03dd3a272482055da08828fafffe0cb537915a52e71c92bfc9bf3140ab0153cd7c;ce4708f1>022716fba0f9a5d46ae7b8a4412296847d63d96c763d49068e851e9be7542080b1	stcpr	148.602	03dd3a272482055da08828fafffe0cb537915a52e71c92bfc9bf3140ab0153cd7c	185	0	-	-	exit-sent	ce4708f1	no	2	242.84	1472	1472
2	mux-standby-32-t2	down	10000000	eaddf8ac	49299	standby	out	eaddf8ac>028ce3caf8a1ed3b650b7139aeb854351518149af709cf28fe9bd6376cb3403626;4112d695>022716fba0f9a5d46ae7b8a4412296847d63d96c763d49068e851e9be7542080b1	stcpr	168.54	028ce3caf8a1ed3b650b7139aeb854351518149af709cf28fe9bd6376cb3403626	180	0	-	-	exit-sent	4112d695	no	4	268.52	1472	1408
2	mux-standby-32-t2	down	10000000	696629b6	49300	standby	out	696629b6>03ecc7d108a98480b40a85bbfadb8f477d0c3559316306dcd7ba52fa3d21dad91e;75b62c04>022716fba0f9a5d46ae7b8a4412296847d63d96c763d49068e851e9be7542080b1	stcpr	171.105	03ecc7d108a98480b40a85bbfadb8f477d0c3559316306dcd7ba52fa3d21dad91e	233	0	-	-	exit-sent	75b62c04	no	0	260.58	1312	1408
2	mux-standby-32-t2	down	10000000	287b1d97	49301	standby	out	287b1d97>03b934e8a26ddb9d635381df94dbf778cdfebf53f8956902ec3a7837524a75024f;9d5d85da>022716fba0f9a5d46ae7b8a4412296847d63d96c763d49068e851e9be7542080b1	stcpr	169.437	03b934e8a26ddb9d635381df94dbf778cdfebf53f8956902ec3a7837524a75024f	220	0	-	-	exit-sent	9d5d85da	no	0	270.5	1312	1408
2	mux-standby-32-t2	down	10000000	619865a5	49302	standby	out	619865a5>02109a13c780fe273e48b5a7a9e030c1052156cd5afef4dff1c100598226ad8da9;25c2ebc5>022716fba0f9a5d46ae7b8a4412296847d63d96c763d49068e851e9be7542080b1	stcpr	157.229	02109a13c780fe273e48b5a7a9e030c1052156cd5afef4dff1c100598226ad8da9	262	0	-	-	exit-sent	25c2ebc5	no	3	588.33	1440	1440
2	mux-standby-32-t2	down	10000000	062c57d2	49303	standby	out	062c57d2>03dc3488e49ded9250f3cca2827ab16f6331b7ccefdad614353c785a5fc76c1b13;2d3c4852>022716fba0f9a5d46ae7b8a4412296847d63d96c763d49068e851e9be7542080b1	stcpr	172.76	03dc3488e49ded9250f3cca2827ab16f6331b7ccefdad614353c785a5fc76c1b13	284	0	-	-	exit-sent	2d3c4852	no	2	270.94	1376	1408
2	mux-standby-32-t2	down	10000000	40c0897c	49304	standby	in	40c0897c>03b403e239a42bcde3c25b73ce1bf89fc99071075f7145933a51b424df5a3a2fe3;d2b3b062>022716fba0f9a5d46ae7b8a4412296847d63d96c763d49068e851e9be7542080b1	stcpr	434.006	03b403e239a42bcde3c25b73ce1bf89fc99071075f7145933a51b424df5a3a2fe3	922	1584025	26.0%	15.8%	exit-sent	d2b3b062	no	3	581.9	6537908	3480
2	mux-standby-32-t2	down	10000000	e5f24143	49305	standby	out	e5f24143>024a37bae69d6be2ec51eeb9d2b7e99073c30153d06896032f5bd3c09ca843bdb9;a214890d>022716fba0f9a5d46ae7b8a4412296847d63d96c763d49068e851e9be7542080b1	stcpr	147.782	024a37bae69d6be2ec51eeb9d2b7e99073c30153d06896032f5bd3c09ca843bdb9	225	0	-	-	exit-sent	a214890d	no	0	303.08	1312	1408
2	mux-standby-32-t2	down	10000000	1bda3d87	49306	standby	out	1bda3d87>03d1063b6503b67d94b5411a92ec418056d72799583748180141600f0f18de7a5b;314453d6>022716fba0f9a5d46ae7b8a4412296847d63d96c763d49068e851e9be7542080b1	stcpr	164.527	03d1063b6503b67d94b5411a92ec418056d72799583748180141600f0f18de7a5b	225	0	-	-	exit-sent	314453d6	no	1	263.23	1376	1408
2	mux-standby-32-t2	down	10000000	977b7c08	49308	standby	out	977b7c08>03e977883c41fca1e63a178398c46574b7ab8d4f381266c852242f473881c32337;6f46dafc>022716fba0f9a5d46ae7b8a4412296847d63d96c763d49068e851e9be7542080b1	stcpr	159.179	03e977883c41fca1e63a178398c46574b7ab8d4f381266c852242f473881c32337	188	0	-	-	exit-sent	6f46dafc	no	2	267.69	1376	1376
2	mux-standby-32-t2	down	10000000	a94550f5	49309	standby	out	a94550f5>025cc9b7ba632d57c12ccad1eb31c47a942dede14d1e174ac6c19a4988abb200c0;f3dfb306>022716fba0f9a5d46ae7b8a4412296847d63d96c763d49068e851e9be7542080b1	stcpr	165.273	025cc9b7ba632d57c12ccad1eb31c47a942dede14d1e174ac6c19a4988abb200c0	188	0	-	-	exit-sent	f3dfb306	no	1	260.95	1344	1408
2	mux-standby-32-t2	down	10000000	afa66373	49310	standby	out	afa66373>03634a5464d2ef3c257c530b77467265526f010d15a82dab765606abe63426db45;6167786b>022716fba0f9a5d46ae7b8a4412296847d63d96c763d49068e851e9be7542080b1	stcpr	169.47	03634a5464d2ef3c257c530b77467265526f010d15a82dab765606abe63426db45	196	0	-	-	exit-sent	6167786b	no	0	307.79	1312	1408
2	mux-standby-32-t2	down	10000000	bbed733f	49311	standby	out	bbed733f>02b3a85aee85dece633272731c2e37867a39fa9127f28233ad18ed0051184fc40a;d30e45c7>022716fba0f9a5d46ae7b8a4412296847d63d96c763d49068e851e9be7542080b1	stcpr	165.43	02b3a85aee85dece633272731c2e37867a39fa9127f28233ad18ed0051184fc40a	159	0	-	-	exit-sent	d30e45c7	no	1	272.68	1312	1376
2	mux-standby-32-t2	down	10000000	ee5902d2	49312	standby	out	ee5902d2>0397b427c1e522b768389db1fdfab3943a74e69683800fe4950af7dfb3bf66893c;2dfdb077>022716fba0f9a5d46ae7b8a4412296847d63d96c763d49068e851e9be7542080b1	stcpr	165.252	0397b427c1e522b768389db1fdfab3943a74e69683800fe4950af7dfb3bf66893c	188	0	-	-	exit-sent	2dfdb077	no	1	260.96	1312	1376
2	mux-standby-32-t2	down	10000000	30f42c30	49313	standby	out	30f42c30>03eba64189c636ab77c2da630bf2a0c77061bc783e59f80fd39015a42f9ae6ce01;0d8257e2>022716fba0f9a5d46ae7b8a4412296847d63d96c763d49068e851e9be7542080b1	stcpr	159.163	03eba64189c636ab77c2da630bf2a0c77061bc783e59f80fd39015a42f9ae6ce01	233	0	-	-	exit-sent	0d8257e2	no	8	862.91	1536	1472
2	mux-standby-32-t2	down	10000000	fc2eaf78	49314	standby	out	fc2eaf78>03946b98fa081393f55cb5d130467c99de2267248a5bcadf570419feb18ad9d7b4;eb294537>022716fba0f9a5d46ae7b8a4412296847d63d96c763d49068e851e9be7542080b1	stcpr	167.233	03946b98fa081393f55cb5d130467c99de2267248a5bcadf570419feb18ad9d7b4	225	0	-	-	exit-sent	eb294537	no	5	260.22	1440	1440
2	mux-standby-32-t2	down	10000000	4aa23edc	49315	standby	out	4aa23edc>02f65a515856df60ef5b135740b0b2bdd085da3427cc12d02405d5496a63b0b72a;90e12bb9>022716fba0f9a5d46ae7b8a4412296847d63d96c763d49068e851e9be7542080b1	stcpr	163.745	02f65a515856df60ef5b135740b0b2bdd085da3427cc12d02405d5496a63b0b72a	233	0	-	-	exit-sent	90e12bb9	no	1	263.25	1312	1376
2	mux-standby-32-t2	down	10000000	3e214e29	49316	standby	out	3e214e29>0335cab89b9352e1052ddc431a35aa5adbd5667046d09e7a6b06c295af09795e7e;ab79e81f>022716fba0f9a5d46ae7b8a4412296847d63d96c763d49068e851e9be7542080b1	stcpr	519.408792	0335cab89b9352e1052ddc431a35aa5adbd5667046d09e7a6b06c295af09795e7e	252	0	-	-	exit-sent	ab79e81f	no	2	273.03	1280	1280
2	mux-standby-32-t2	down	10000000	770b2d43	49317	standby	out	770b2d43>031e6a72596e6be53c32b4d1909da233846bcef0000f72a0314072c10b9fc35d3c;91846477>022716fba0f9a5d46ae7b8a4412296847d63d96c763d49068e851e9be7542080b1	stcpr	186.748863	031e6a72596e6be53c32b4d1909da233846bcef0000f72a0314072c10b9fc35d3c	228	0	-	-	exit-sent	91846477	no	3	266.26	1312	1312
2	mux-standby-32-t2	down	10000000	25b03079	49318	standby	out	25b03079>02c43f7d6da81cdca65fcf41906ff321f0d9f14e4c9ab0ff8b54b8ec64cce11bf0;18e8b97b>022716fba0f9a5d46ae7b8a4412296847d63d96c763d49068e851e9be7542080b1	stcpr	311.078083	02c43f7d6da81cdca65fcf41906ff321f0d9f14e4c9ab0ff8b54b8ec64cce11bf0	252	0	-	-	exit-sent	18e8b97b	no	1	267.47	1248	1312
2	mux-standby-32-t2	down	10000000	54999ec3	49319	standby	out	54999ec3>0276161280817ad1cd3d637f5396f2b937f1973ba24d37ecf199085fe75166c28a;bcacf948>022716fba0f9a5d46ae7b8a4412296847d63d96c763d49068e851e9be7542080b1	stcpr	93.985362	0276161280817ad1cd3d637f5396f2b937f1973ba24d37ecf199085fe75166c28a	292	0	-	-	exit-sent	bcacf948	no	0	272.69	1216	1312
2	mux-standby-32-t2	down	10000000	ebbe12da	49320	standby	out	ebbe12da>03bd764901d9dc1e982eed39634564625bd245f4e56b9dc7f11017c148264d9458;143843a8>022716fba0f9a5d46ae7b8a4412296847d63d96c763d49068e851e9be7542080b1	stcpr	544.330314	03bd764901d9dc1e982eed39634564625bd245f4e56b9dc7f11017c148264d9458	143	0	-	-	exit-sent	143843a8	no	4	270.16	1344	1344
2	mux-standby-32-t2	down	10000000	475d59a5	49321	standby	out	475d59a5>02b1d9c56928f533ea9b309f8a53ed4807ee4e0193ef3c3a0234033313feceb8f2;99a80e72>022716fba0f9a5d46ae7b8a4412296847d63d96c763d49068e851e9be7542080b1	stcpr	187.757322	02b1d9c56928f533ea9b309f8a53ed4807ee4e0193ef3c3a0234033313feceb8f2	252	0	-	-	exit-sent	99a80e72	no	2	271.69	1280	1312
3	mux-standby-32-t3	down	10000000	b414796d	49289	active	in	b414796d>022716fba0f9a5d46ae7b8a4412296847d63d96c763d49068e851e9be7542080b1	stcpr	138.637	022716fba0f9a5d46ae7b8a4412296847d63d96c763d49068e851e9be7542080b1	1156	3685151	34.0%	36.8%	exit-sent	b414796d	no	1	246.47	12323917	4998
3	mux-standby-32-t3	down	10000000	95839ad0	49290	active	in	95839ad0>0371ab4bcff7b121f4b91f6856d6740c6f9dc1fe716977850aeb5d84378b300a13;dc5330cf>022716fba0f9a5d46ae7b8a4412296847d63d96c763d49068e851e9be7542080b1	stcpr	127.59	0371ab4bcff7b121f4b91f6856d6740c6f9dc1fe716977850aeb5d84378b300a13	1457	4751433	42.8%	47.4%	exit-sent	dc5330cf	no	6	232	10021421	4252
3	mux-standby-32-t3	down	10000000	7a64a71c	49291	standby	out	7a64a71c>02f0fabacf587c096ca7e38846b16f2617cbeeeca7bd7a06e73b2030f8645dd00f;79a37fb3>022716fba0f9a5d46ae7b8a4412296847d63d96c763d49068e851e9be7542080b1	stcpr	178.998	02f0fabacf587c096ca7e38846b16f2617cbeeeca7bd7a06e73b2030f8645dd00f	289	0	-	-	exit-sent	79a37fb3	no	0	268.45	1824	1920
3	mux-standby-32-t3	down	10000000	bd6baec7	49292	standby	out	bd6baec7>02090aec59b40207d8662c82e4ecfc524b740c27f2fb98cfb5582833a66bdcb797;cab03f16>022716fba0f9a5d46ae7b8a4412296847d63d96c763d49068e851e9be7542080b1	stcpr	153.801	02090aec59b40207d8662c82e4ecfc524b740c27f2fb98cfb5582833a66bdcb797	321	0	-	-	exit-sent	cab03f16	no	2	254.2	1888	1888
3	mux-standby-32-t3	down	10000000	582c8788	49293	standby	out	582c8788>039fc26e1088917d070659ecc0a233d96534a28842d996ae9c6531753613db7be0;d1bd7a30>022716fba0f9a5d46ae7b8a4412296847d63d96c763d49068e851e9be7542080b1	stcpr	245.988	039fc26e1088917d070659ecc0a233d96534a28842d996ae9c6531753613db7be0	286	0	-	-	exit-sent	d1bd7a30	no	3	436.9	1920	1952
3	mux-standby-32-t3	down	10000000	e5faa6e0	49294	standby	out	e5faa6e0>02230b0a96a6f94179fab58196d3dfa1e19070faeae82d6900971462996541e774;47361294>022716fba0f9a5d46ae7b8a4412296847d63d96c763d49068e851e9be7542080b1	stcpr	151.45	02230b0a96a6f94179fab58196d3dfa1e19070faeae82d6900971462996541e774	297	0	-	-	exit-sent	47361294	no	3	254.21	1920	1888
3	mux-standby-32-t3	down	10000000	b71ddf99	49295	standby	out	b71ddf99>0328947fced4d4b7beb65a6ef60d579e42d7976168c292cbd6d28b5b8bdc85757f;47828219>022716fba0f9a5d46ae7b8a4412296847d63d96c763d49068e851e9be7542080b1	stcpr	152.605	0328947fced4d4b7beb65a6ef60d579e42d7976168c292cbd6d28b5b8bdc85757f	233	0	-	-	exit-sent	47828219	no	2	255.91	1888	1888
3	mux-standby-32-t3	down	10000000	bf9b0de8	49296	standby	out	bf9b0de8>026a913078651938783e19416a2de99c924df209e28512da2a571868c989bf3822;c2793bef>022716fba0f9a5d46ae7b8a4412296847d63d96c763d49068e851e9be7542080b1	stcpr	154.292	026a913078651938783e19416a2de99c924df209e28512da2a571868c989bf3822	297	0	-	-	exit-sent	c2793bef	no	3	257.56	1920	1888
3	mux-standby-32-t3	down	10000000	3ce660ee	49297	standby	out	3ce660ee>02e8e60a95f36a142fc7ac45dc98859ccda853f879bf537937fd72a8dbeec7982c;b21c3cf1>022716fba0f9a5d46ae7b8a4412296847d63d96c763d49068e851e9be7542080b1	stcpr	138.768	02e8e60a95f36a142fc7ac45dc98859ccda853f879bf537937fd72a8dbeec7982c	289	0	-	-	exit-sent	b21c3cf1	no	2	247.84	1888	1888
3	mux-standby-32-t3	down	10000000	ea69bc13	49298	standby	out	ea69bc13>03dd3a272482055da08828fafffe0cb537915a52e71c92bfc9bf3140ab0153cd7c;ce4708f1>022716fba0f9a5d46ae7b8a4412296847d63d96c763d49068e851e9be7542080b1	stcpr	148.602	03dd3a272482055da08828fafffe0cb537915a52e71c92bfc9bf3140ab0153cd7c	289	0	-	-	exit-sent	ce4708f1	no	2	255.26	1888	1888
3	mux-standby-32-t3	down	10000000	eaddf8ac	49299	standby	out	eaddf8ac>028ce3caf8a1ed3b650b7139aeb854351518149af709cf28fe9bd6376cb3403626;4112d695>022716fba0f9a5d46ae7b8a4412296847d63d96c763d49068e851e9be7542080b1	stcpr	168.54	028ce3caf8a1ed3b650b7139aeb854351518149af709cf28fe9bd6376cb3403626	297	0	-	-	exit-sent	4112d695	no	4	259.87	1888	1824
3	mux-standby-32-t3	down	10000000	696629b6	49300	standby	out	696629b6>03ecc7d108a98480b40a85bbfadb8f477d0c3559316306dcd7ba52fa3d21dad91e;75b62c04>022716fba0f9a5d46ae7b8a4412296847d63d96c763d49068e851e9be7542080b1	stcpr	171.105	03ecc7d108a98480b40a85bbfadb8f477d0c3559316306dcd7ba52fa3d21dad91e	281	0	-	-	exit-sent	75b62c04	no	0	268.12	1728	1824
3	mux-standby-32-t3	down	10000000	287b1d97	49301	standby	out	287b1d97>03b934e8a26ddb9d635381df94dbf778cdfebf53f8956902ec3a7837524a75024f;9d5d85da>022716fba0f9a5d46ae7b8a4412296847d63d96c763d49068e851e9be7542080b1	stcpr	169.437	03b934e8a26ddb9d635381df94dbf778cdfebf53f8956902ec3a7837524a75024f	281	0	-	-	exit-sent	9d5d85da	no	0	266.5	1728	1824
3	mux-standby-32-t3	down	10000000	619865a5	49302	standby	out	619865a5>02109a13c780fe273e48b5a7a9e030c1052156cd5afef4dff1c100598226ad8da9;25c2ebc5>022716fba0f9a5d46ae7b8a4412296847d63d96c763d49068e851e9be7542080b1	stcpr	157.229	02109a13c780fe273e48b5a7a9e030c1052156cd5afef4dff1c100598226ad8da9	286	0	-	-	exit-sent	25c2ebc5	no	4	462.21	1888	1856
3	mux-standby-32-t3	down	10000000	062c57d2	49303	standby	out	062c57d2>03dc3488e49ded9250f3cca2827ab16f6331b7ccefdad614353c785a5fc76c1b13;2d3c4852>022716fba0f9a5d46ae7b8a4412296847d63d96c763d49068e851e9be7542080b1	stcpr	172.76	03dc3488e49ded9250f3cca2827ab16f6331b7ccefdad614353c785a5fc76c1b13	212	0	-	-	exit-sent	2d3c4852	no	2	267.48	1792	1824
3	mux-standby-32-t3	down	10000000	40c0897c	49304	standby	in	40c0897c>03b403e239a42bcde3c25b73ce1bf89fc99071075f7145933a51b424df5a3a2fe3;d2b3b062>022716fba0f9a5d46ae7b8a4412296847d63d96c763d49068e851e9be7542080b1	stcpr	434.006	03b403e239a42bcde3c25b73ce1bf89fc99071075f7145933a51b424df5a3a2fe3	791	1584089	23.2%	15.8%	exit-sent	d2b3b062	no	3	500.45	8121997	4356
3	mux-standby-32-t3	down	10000000	e5f24143	49305	standby	out	e5f24143>024a37bae69d6be2ec51eeb9d2b7e99073c30153d06896032f5bd3c09ca843bdb9;a214890d>022716fba0f9a5d46ae7b8a4412296847d63d96c763d49068e851e9be7542080b1	stcpr	147.782	024a37bae69d6be2ec51eeb9d2b7e99073c30153d06896032f5bd3c09ca843bdb9	265	0	-	-	exit-sent	a214890d	no	0	254.32	1728	1824
3	mux-standby-32-t3	down	10000000	1bda3d87	49306	standby	out	1bda3d87>03d1063b6503b67d94b5411a92ec418056d72799583748180141600f0f18de7a5b;314453d6>022716fba0f9a5d46ae7b8a4412296847d63d96c763d49068e851e9be7542080b1	stcpr	164.527	03d1063b6503b67d94b5411a92ec418056d72799583748180141600f0f18de7a5b	225	0	-	-	exit-sent	314453d6	no	2	264.36	1824	1824
3	mux-standby-32-t3	down	10000000	977b7c08	49308	standby	out	977b7c08>03e977883c41fca1e63a178398c46574b7ab8d4f381266c852242f473881c32337;6f46dafc>022716fba0f9a5d46ae7b8a4412296847d63d96c763d49068e851e9be7542080b1	stcpr	159.179	03e977883c41fca1e63a178398c46574b7ab8d4f381266c852242f473881c32337	257	0	-	-	exit-sent	6f46dafc	no	2	265.9	1792	1792
3	mux-standby-32-t3	down	10000000	a94550f5	49309	standby	out	a94550f5>025cc9b7ba632d57c12ccad1eb31c47a942dede14d1e174ac6c19a4988abb200c0;f3dfb306>022716fba0f9a5d46ae7b8a4412296847d63d96c763d49068e851e9be7542080b1	stcpr	165.273	025cc9b7ba632d57c12ccad1eb31c47a942dede14d1e174ac6c19a4988abb200c0	257	0	-	-	exit-sent	f3dfb306	no	1	265.16	1760	1824
3	mux-standby-32-t3	down	10000000	afa66373	49310	standby	out	afa66373>03634a5464d2ef3c257c530b77467265526f010d15a82dab765606abe63426db45;6167786b>022716fba0f9a5d46ae7b8a4412296847d63d96c763d49068e851e9be7542080b1	stcpr	169.47	03634a5464d2ef3c257c530b77467265526f010d15a82dab765606abe63426db45	257	0	-	-	exit-sent	6167786b	no	0	266.61	1728	1824
3	mux-standby-32-t3	down	10000000	bbed733f	49311	standby	out	bbed733f>02b3a85aee85dece633272731c2e37867a39fa9127f28233ad18ed0051184fc40a;d30e45c7>022716fba0f9a5d46ae7b8a4412296847d63d96c763d49068e851e9be7542080b1	stcpr	165.43	02b3a85aee85dece633272731c2e37867a39fa9127f28233ad18ed0051184fc40a	257	0	-	-	exit-sent	d30e45c7	no	1	266.19	1728	1792
3	mux-standby-32-t3	down	10000000	ee5902d2	49312	standby	out	ee5902d2>0397b427c1e522b768389db1fdfab3943a74e69683800fe4950af7dfb3bf66893c;2dfdb077>022716fba0f9a5d46ae7b8a4412296847d63d96c763d49068e851e9be7542080b1	stcpr	165.252	0397b427c1e522b768389db1fdfab3943a74e69683800fe4950af7dfb3bf66893c	334	0	-	-	exit-sent	2dfdb077	no	1	264.38	1728	1792
3	mux-standby-32-t3	down	10000000	30f42c30	49313	standby	out	30f42c30>03eba64189c636ab77c2da630bf2a0c77061bc783e59f80fd39015a42f9ae6ce01;0d8257e2>022716fba0f9a5d46ae7b8a4412296847d63d96c763d49068e851e9be7542080b1	stcpr	159.163	03eba64189c636ab77c2da630bf2a0c77061bc783e59f80fd39015a42f9ae6ce01	286	0	-	-	exit-sent	0d8257e2	no	9	500.39	1984	1920
3	mux-standby-32-t3	down	10000000	fc2eaf78	49314	standby	out	fc2eaf78>03946b98fa081393f55cb5d130467c99de2267248a5bcadf570419feb18ad9d7b4;eb294537>022716fba0f9a5d46ae7b8a4412296847d63d96c763d49068e851e9be7542080b1	stcpr	167.233	03946b98fa081393f55cb5d130467c99de2267248a5bcadf570419feb18ad9d7b4	297	0	-	-	exit-sent	eb294537	no	7	525.91	1920	1856
3	mux-standby-32-t3	down	10000000	4aa23edc	49315	standby	out	4aa23edc>02f65a515856df60ef5b135740b0b2bdd085da3427cc12d02405d5496a63b0b72a;90e12bb9>022716fba0f9a5d46ae7b8a4412296847d63d96c763d49068e851e9be7542080b1	stcpr	163.745	02f65a515856df60ef5b135740b0b2bdd085da3427cc12d02405d5496a63b0b72a	276	0	-	-	exit-sent	90e12bb9	no	1	265.96	1728	1792
3	mux-standby-32-t3	down	10000000	3e214e29	49316	standby	out	3e214e29>0335cab89b9352e1052ddc431a35aa5adbd5667046d09e7a6b06c295af09795e7e;ab79e81f>022716fba0f9a5d46ae7b8a4412296847d63d96c763d49068e851e9be7542080b1	stcpr	519.408792	0335cab89b9352e1052ddc431a35aa5adbd5667046d09e7a6b06c295af09795e7e	249	0	-	-	exit-sent	ab79e81f	no	2	265.22	1696	1696
3	mux-standby-32-t3	down	10000000	770b2d43	49317	standby	out	770b2d43>031e6a72596e6be53c32b4d1909da233846bcef0000f72a0314072c10b9fc35d3c;91846477>022716fba0f9a5d46ae7b8a4412296847d63d96c763d49068e851e9be7542080b1	stcpr	186.748863	031e6a72596e6be53c32b4d1909da233846bcef0000f72a0314072c10b9fc35d3c	289	0	-	-	exit-sent	91846477	no	3	264.45	1728	1728
3	mux-standby-32-t3	down	10000000	25b03079	49318	standby	out	25b03079>02c43f7d6da81cdca65fcf41906ff321f0d9f14e4c9ab0ff8b54b8ec64cce11bf0;18e8b97b>022716fba0f9a5d46ae7b8a4412296847d63d96c763d49068e851e9be7542080b1	stcpr	311.078083	02c43f7d6da81cdca65fcf41906ff321f0d9f14e4c9ab0ff8b54b8ec64cce11bf0	252	0	-	-	exit-sent	18e8b97b	no	1	264.97	1664	1728
3	mux-standby-32-t3	down	10000000	54999ec3	49319	standby	out	54999ec3>0276161280817ad1cd3d637f5396f2b937f1973ba24d37ecf199085fe75166c28a;bcacf948>022716fba0f9a5d46ae7b8a4412296847d63d96c763d49068e851e9be7542080b1	stcpr	93.985362	0276161280817ad1cd3d637f5396f2b937f1973ba24d37ecf199085fe75166c28a	289	0	-	-	exit-sent	bcacf948	no	0	271.73	1632	1728
3	mux-standby-32-t3	down	10000000	ebbe12da	49320	standby	out	ebbe12da>03bd764901d9dc1e982eed39634564625bd245f4e56b9dc7f11017c148264d9458;143843a8>022716fba0f9a5d46ae7b8a4412296847d63d96c763d49068e851e9be7542080b1	stcpr	544.330314	03bd764901d9dc1e982eed39634564625bd245f4e56b9dc7f11017c148264d9458	297	0	-	-	exit-sent	143843a8	no	4	280.56	1760	1760
3	mux-standby-32-t3	down	10000000	475d59a5	49321	standby	out	475d59a5>02b1d9c56928f533ea9b309f8a53ed4807ee4e0193ef3c3a0234033313feceb8f2;99a80e72>022716fba0f9a5d46ae7b8a4412296847d63d96c763d49068e851e9be7542080b1	stcpr	187.757322	02b1d9c56928f533ea9b309f8a53ed4807ee4e0193ef3c3a0234033313feceb8f2	244	0	-	-	exit-sent	99a80e72	no	2	274.32	1696	1728
4	mux-standby-32-t4	down	10000000	b414796d	49289	active	in	b414796d>022716fba0f9a5d46ae7b8a4412296847d63d96c763d49068e851e9be7542080b1	stcpr	138.637	022716fba0f9a5d46ae7b8a4412296847d63d96c763d49068e851e9be7542080b1	1690	3685343	43.9%	36.8%	exit-sent	b414796d	no	4	255.52	16009260	6216
4	mux-standby-32-t4	down	10000000	95839ad0	49290	active	in	95839ad0>0371ab4bcff7b121f4b91f6856d6740c6f9dc1fe716977850aeb5d84378b300a13;dc5330cf>022716fba0f9a5d46ae7b8a4412296847d63d96c763d49068e851e9be7542080b1	stcpr	127.59	0371ab4bcff7b121f4b91f6856d6740c6f9dc1fe716977850aeb5d84378b300a13	1545	4751729	40.1%	47.4%	exit-sent	dc5330cf	no	9	3370.04	14773150	5694
4	mux-standby-32-t4	down	10000000	7a64a71c	49291	standby	out	7a64a71c>02f0fabacf587c096ca7e38846b16f2617cbeeeca7bd7a06e73b2030f8645dd00f;79a37fb3>022716fba0f9a5d46ae7b8a4412296847d63d96c763d49068e851e9be7542080b1	stcpr	178.998	02f0fabacf587c096ca7e38846b16f2617cbeeeca7bd7a06e73b2030f8645dd00f	432	0	-	-	exit-sent	79a37fb3	no	2	271.4	2400	2496
4	mux-standby-32-t4	down	10000000	bd6baec7	49292	standby	out	bd6baec7>02090aec59b40207d8662c82e4ecfc524b740c27f2fb98cfb5582833a66bdcb797;cab03f16>022716fba0f9a5d46ae7b8a4412296847d63d96c763d49068e851e9be7542080b1	stcpr	153.801	02090aec59b40207d8662c82e4ecfc524b740c27f2fb98cfb5582833a66bdcb797	496	0	-	-	exit-sent	cab03f16	no	4	279.67	2464	2464
4	mux-standby-32-t4	down	10000000	582c8788	49293	standby	out	582c8788>039fc26e1088917d070659ecc0a233d96534a28842d996ae9c6531753613db7be0;d1bd7a30>022716fba0f9a5d46ae7b8a4412296847d63d96c763d49068e851e9be7542080b1	stcpr	245.988	039fc26e1088917d070659ecc0a233d96534a28842d996ae9c6531753613db7be0	286	0	-	-	exit-sent	d1bd7a30	no	6	391.17	2528	2528
4	mux-standby-32-t4	down	10000000	e5faa6e0	49294	standby	out	e5faa6e0>02230b0a96a6f94179fab58196d3dfa1e19070faeae82d6900971462996541e774;47361294>022716fba0f9a5d46ae7b8a4412296847d63d96c763d49068e851e9be7542080b1	stcpr	151.45	02230b0a96a6f94179fab58196d3dfa1e19070faeae82d6900971462996541e774	403	0	-	-	exit-sent	47361294	no	5	252.51	2496	2464
4	mux-standby-32-t4	down	10000000	b71ddf99	49295	standby	out	b71ddf99>0328947fced4d4b7beb65a6ef60d579e42d7976168c292cbd6d28b5b8bdc85757f;47828219>022716fba0f9a5d46ae7b8a4412296847d63d96c763d49068e851e9be7542080b1	stcpr	152.605	0328947fced4d4b7beb65a6ef60d579e42d7976168c292cbd6d28b5b8bdc85757f	499	0	-	-	exit-sent	47828219	no	4	312.03	2464	2464
4	mux-standby-32-t4	down	10000000	bf9b0de8	49296	standby	out	bf9b0de8>026a913078651938783e19416a2de99c924df209e28512da2a571868c989bf3822;c2793bef>022716fba0f9a5d46ae7b8a4412296847d63d96c763d49068e851e9be7542080b1	stcpr	154.292	026a913078651938783e19416a2de99c924df209e28512da2a571868c989bf3822	504	0	-	-	exit-sent	c2793bef	no	5	255.18	2496	2464
4	mux-standby-32-t4	down	10000000	3ce660ee	49297	standby	out	3ce660ee>02e8e60a95f36a142fc7ac45dc98859ccda853f879bf537937fd72a8dbeec7982c;b21c3cf1>022716fba0f9a5d46ae7b8a4412296847d63d96c763d49068e851e9be7542080b1	stcpr	138.768	02e8e60a95f36a142fc7ac45dc98859ccda853f879bf537937fd72a8dbeec7982c	257	0	-	-	exit-sent	b21c3cf1	no	4	254.44	2464	2464
4	mux-standby-32-t4	down	10000000	ea69bc13	49298	standby	out	ea69bc13>03dd3a272482055da08828fafffe0cb537915a52e71c92bfc9bf3140ab0153cd7c;ce4708f1>022716fba0f9a5d46ae7b8a4412296847d63d96c763d49068e851e9be7542080b1	stcpr	148.602	03dd3a272482055da08828fafffe0cb537915a52e71c92bfc9bf3140ab0153cd7c	395	0	-	-	exit-sent	ce4708f1	no	4	254.48	2464	2464
4	mux-standby-32-t4	down	10000000	eaddf8ac	49299	standby	out	eaddf8ac>028ce3caf8a1ed3b650b7139aeb854351518149af709cf28fe9bd6376cb3403626;4112d695>022716fba0f9a5d46ae7b8a4412296847d63d96c763d49068e851e9be7542080b1	stcpr	168.54	028ce3caf8a1ed3b650b7139aeb854351518149af709cf28fe9bd6376cb3403626	467	0	-	-	exit-sent	4112d695	no	6	262.83	2464	2400
4	mux-standby-32-t4	down	10000000	696629b6	49300	standby	out	696629b6>03ecc7d108a98480b40a85bbfadb8f477d0c3559316306dcd7ba52fa3d21dad91e;75b62c04>022716fba0f9a5d46ae7b8a4412296847d63d96c763d49068e851e9be7542080b1	stcpr	171.105	03ecc7d108a98480b40a85bbfadb8f477d0c3559316306dcd7ba52fa3d21dad91e	281	0	-	-	exit-sent	75b62c04	no	2	278.98	2304	2400
4	mux-standby-32-t4	down	10000000	287b1d97	49301	standby	out	287b1d97>03b934e8a26ddb9d635381df94dbf778cdfebf53f8956902ec3a7837524a75024f;9d5d85da>022716fba0f9a5d46ae7b8a4412296847d63d96c763d49068e851e9be7542080b1	stcpr	169.437	03b934e8a26ddb9d635381df94dbf778cdfebf53f8956902ec3a7837524a75024f	257	0	-	-	exit-sent	9d5d85da	no	2	273.4	2304	2400
4	mux-standby-32-t4	down	10000000	619865a5	49302	standby	out	619865a5>02109a13c780fe273e48b5a7a9e030c1052156cd5afef4dff1c100598226ad8da9;25c2ebc5>022716fba0f9a5d46ae7b8a4412296847d63d96c763d49068e851e9be7542080b1	stcpr	157.229	02109a13c780fe273e48b5a7a9e030c1052156cd5afef4dff1c100598226ad8da9	286	0	-	-	exit-sent	25c2ebc5	no	7	340.13	2496	2432
4	mux-standby-32-t4	down	10000000	062c57d2	49303	standby	out	062c57d2>03dc3488e49ded9250f3cca2827ab16f6331b7ccefdad614353c785a5fc76c1b13;2d3c4852>022716fba0f9a5d46ae7b8a4412296847d63d96c763d49068e851e9be7542080b1	stcpr	172.76	03dc3488e49ded9250f3cca2827ab16f6331b7ccefdad614353c785a5fc76c1b13	281	0	-	-	exit-sent	2d3c4852	no	4	277.88	2368	2400
4	mux-standby-32-t4	down	10000000	40c0897c	49304	standby	in	40c0897c>03b403e239a42bcde3c25b73ce1bf89fc99071075f7145933a51b424df5a3a2fe3;d2b3b062>022716fba0f9a5d46ae7b8a4412296847d63d96c763d49068e851e9be7542080b1	stcpr	434.006	03b403e239a42bcde3c25b73ce1bf89fc99071075f7145933a51b424df5a3a2fe3	617	1584249	16.0%	15.8%	exit-sent	d2b3b062	no	5	345.87	9706246	5242
4	mux-standby-32-t4	down	10000000	e5f24143	49305	standby	out	e5f24143>024a37bae69d6be2ec51eeb9d2b7e99073c30153d06896032f5bd3c09ca843bdb9;a214890d>022716fba0f9a5d46ae7b8a4412296847d63d96c763d49068e851e9be7542080b1	stcpr	147.782	024a37bae69d6be2ec51eeb9d2b7e99073c30153d06896032f5bd3c09ca843bdb9	472	0	-	-	exit-sent	a214890d	no	2	252.7	2304	2400
4	mux-standby-32-t4	down	10000000	1bda3d87	49306	standby	out	1bda3d87>03d1063b6503b67d94b5411a92ec418056d72799583748180141600f0f18de7a5b;314453d6>022716fba0f9a5d46ae7b8a4412296847d63d96c763d49068e851e9be7542080b1	stcpr	164.527	03d1063b6503b67d94b5411a92ec418056d72799583748180141600f0f18de7a5b	289	0	-	-	exit-sent	314453d6	no	4	270.34	2400	2400
4	mux-standby-32-t4	down	10000000	977b7c08	49308	standby	out	977b7c08>03e977883c41fca1e63a178398c46574b7ab8d4f381266c852242f473881c32337;6f46dafc>022716fba0f9a5d46ae7b8a4412296847d63d96c763d49068e851e9be7542080b1	stcpr	159.179	03e977883c41fca1e63a178398c46574b7ab8d4f381266c852242f473881c32337	472	0	-	-	exit-sent	6f46dafc	no	4	265.25	2368	2400
4	mux-standby-32-t4	down	10000000	a94550f5	49309	standby	out	a94550f5>025cc9b7ba632d57c12ccad1eb31c47a942dede14d1e174ac6c19a4988abb200c0;f3dfb306>022716fba0f9a5d46ae7b8a4412296847d63d96c763d49068e851e9be7542080b1	stcpr	165.273	025cc9b7ba632d57c12ccad1eb31c47a942dede14d1e174ac6c19a4988abb200c0	432	0	-	-	exit-sent	f3dfb306	no	3	264.73	2336	2400
4	mux-standby-32-t4	down	10000000	afa66373	49310	standby	out	afa66373>03634a5464d2ef3c257c530b77467265526f010d15a82dab765606abe63426db45;6167786b>022716fba0f9a5d46ae7b8a4412296847d63d96c763d49068e851e9be7542080b1	stcpr	169.47	03634a5464d2ef3c257c530b77467265526f010d15a82dab765606abe63426db45	395	0	-	-	exit-sent	6167786b	no	2	278.09	2304	2400
4	mux-standby-32-t4	down	10000000	bbed733f	49311	standby	out	bbed733f>02b3a85aee85dece633272731c2e37867a39fa9127f28233ad18ed0051184fc40a;d30e45c7>022716fba0f9a5d46ae7b8a4412296847d63d96c763d49068e851e9be7542080b1	stcpr	165.43	02b3a85aee85dece633272731c2e37867a39fa9127f28233ad18ed0051184fc40a	464	0	-	-	exit-sent	d30e45c7	no	3	284.25	2304	2368
4	mux-standby-32-t4	down	10000000	ee5902d2	49312	standby	out	ee5902d2>0397b427c1e522b768389db1fdfab3943a74e69683800fe4950af7dfb3bf66893c;2dfdb077>022716fba0f9a5d46ae7b8a4412296847d63d96c763d49068e851e9be7542080b1	stcpr	165.252	0397b427c1e522b768389db1fdfab3943a74e69683800fe4950af7dfb3bf66893c	440	0	-	-	exit-sent	2dfdb077	no	3	264.41	2304	2368
4	mux-standby-32-t4	down	10000000	30f42c30	49313	standby	out	30f42c30>03eba64189c636ab77c2da630bf2a0c77061bc783e59f80fd39015a42f9ae6ce01;0d8257e2>022716fba0f9a5d46ae7b8a4412296847d63d96c763d49068e851e9be7542080b1	stcpr	159.163	03eba64189c636ab77c2da630bf2a0c77061bc783e59f80fd39015a42f9ae6ce01	254	0	-	-	exit-sent	0d8257e2	no	12	341.64	2592	2496
4	mux-standby-32-t4	down	10000000	fc2eaf78	49314	standby	out	fc2eaf78>03946b98fa081393f55cb5d130467c99de2267248a5bcadf570419feb18ad9d7b4;eb294537>022716fba0f9a5d46ae7b8a4412296847d63d96c763d49068e851e9be7542080b1	stcpr	167.233	03946b98fa081393f55cb5d130467c99de2267248a5bcadf570419feb18ad9d7b4	440	0	-	-	exit-sent	eb294537	no	10	353.67	2528	2432
4	mux-standby-32-t4	down	10000000	4aa23edc	49315	standby	out	4aa23edc>02f65a515856df60ef5b135740b0b2bdd085da3427cc12d02405d5496a63b0b72a;90e12bb9>022716fba0f9a5d46ae7b8a4412296847d63d96c763d49068e851e9be7542080b1	stcpr	163.745	02f65a515856df60ef5b135740b0b2bdd085da3427cc12d02405d5496a63b0b72a	318	0	-	-	exit-sent	90e12bb9	no	3	264.14	2304	2368
4	mux-standby-32-t4	down	10000000	3e214e29	49316	standby	out	3e214e29>0335cab89b9352e1052ddc431a35aa5adbd5667046d09e7a6b06c295af09795e7e;ab79e81f>022716fba0f9a5d46ae7b8a4412296847d63d96c763d49068e851e9be7542080b1	stcpr	519.408792	0335cab89b9352e1052ddc431a35aa5adbd5667046d09e7a6b06c295af09795e7e	281	0	-	-	exit-sent	ab79e81f	no	4	276.5	2272	2304
4	mux-standby-32-t4	down	10000000	770b2d43	49317	standby	out	770b2d43>031e6a72596e6be53c32b4d1909da233846bcef0000f72a0314072c10b9fc35d3c;91846477>022716fba0f9a5d46ae7b8a4412296847d63d96c763d49068e851e9be7542080b1	stcpr	186.748863	031e6a72596e6be53c32b4d1909da233846bcef0000f72a0314072c10b9fc35d3c	400	0	-	-	exit-sent	91846477	no	5	270.23	2304	2304
4	mux-standby-32-t4	down	10000000	25b03079	49318	standby	out	25b03079>02c43f7d6da81cdca65fcf41906ff321f0d9f14e4c9ab0ff8b54b8ec64cce11bf0;18e8b97b>022716fba0f9a5d46ae7b8a4412296847d63d96c763d49068e851e9be7542080b1	stcpr	311.078083	02c43f7d6da81cdca65fcf41906ff321f0d9f14e4c9ab0ff8b54b8ec64cce11bf0	262	0	-	-	exit-sent	18e8b97b	no	3	277.6	2240	2304
4	mux-standby-32-t4	down	10000000	54999ec3	49319	standby	out	54999ec3>0276161280817ad1cd3d637f5396f2b937f1973ba24d37ecf199085fe75166c28a;bcacf948>022716fba0f9a5d46ae7b8a4412296847d63d96c763d49068e851e9be7542080b1	stcpr	93.985362	0276161280817ad1cd3d637f5396f2b937f1973ba24d37ecf199085fe75166c28a	249	0	-	-	exit-sent	bcacf948	no	2	274.17	2208	2304
4	mux-standby-32-t4	down	10000000	ebbe12da	49320	standby	out	ebbe12da>03bd764901d9dc1e982eed39634564625bd245f4e56b9dc7f11017c148264d9458;143843a8>022716fba0f9a5d46ae7b8a4412296847d63d96c763d49068e851e9be7542080b1	stcpr	544.330314	03bd764901d9dc1e982eed39634564625bd245f4e56b9dc7f11017c148264d9458	445	0	-	-	exit-sent	143843a8	no	6	358.57	2336	2336
4	mux-standby-32-t4	down	10000000	475d59a5	49321	standby	out	475d59a5>02b1d9c56928f533ea9b309f8a53ed4807ee4e0193ef3c3a0234033313feceb8f2;99a80e72>022716fba0f9a5d46ae7b8a4412296847d63d96c763d49068e851e9be7542080b1	stcpr	187.757322	02b1d9c56928f533ea9b309f8a53ed4807ee4e0193ef3c3a0234033313feceb8f2	286	0	-	-	exit-sent	99a80e72	no	4	359.38	2272	2304
5	mux-standby-32-t5	down	10000000	b414796d	49289	active	in	b414796d>022716fba0f9a5d46ae7b8a4412296847d63d96c763d49068e851e9be7542080b1	stcpr	138.637	022716fba0f9a5d46ae7b8a4412296847d63d96c763d49068e851e9be7542080b1	1794	4784559	46.4%	47.6%	exit-sent	b414796d	no	5	250.06	20793819	7840
5	mux-standby-32-t5	down	10000000	95839ad0	49290	active	in	95839ad0>0371ab4bcff7b121f4b91f6856d6740c6f9dc1fe716977850aeb5d84378b300a13;dc5330cf>022716fba0f9a5d46ae7b8a4412296847d63d96c763d49068e851e9be7542080b1	stcpr	127.59	0371ab4bcff7b121f4b91f6856d6740c6f9dc1fe716977850aeb5d84378b300a13	1225	3685227	31.7%	36.7%	exit-sent	dc5330cf	no	9	237.23	18458377	6998
5	mux-standby-32-t5	down	10000000	7a64a71c	49291	standby	out	7a64a71c>02f0fabacf587c096ca7e38846b16f2617cbeeeca7bd7a06e73b2030f8645dd00f;79a37fb3>022716fba0f9a5d46ae7b8a4412296847d63d96c763d49068e851e9be7542080b1	stcpr	178.998	02f0fabacf587c096ca7e38846b16f2617cbeeeca7bd7a06e73b2030f8645dd00f	395	0	-	-	exit-sent	79a37fb3	no	4	264.04	3008	3104
5	mux-standby-32-t5	down	10000000	bd6baec7	49292	standby	out	bd6baec7>02090aec59b40207d8662c82e4ecfc524b740c27f2fb98cfb5582833a66bdcb797;cab03f16>022716fba0f9a5d46ae7b8a4412296847d63d96c763d49068e851e9be7542080b1	stcpr	153.801	02090aec59b40207d8662c82e4ecfc524b740c27f2fb98cfb5582833a66bdcb797	403	0	-	-	exit-sent	cab03f16	no	6	261.59	3072	3072
5	mux-standby-32-t5	down	10000000	582c8788	49293	standby	out	582c8788>039fc26e1088917d070659ecc0a233d96534a28842d996ae9c6531753613db7be0;d1bd7a30>022716fba0f9a5d46ae7b8a4412296847d63d96c763d49068e851e9be7542080b1	stcpr	245.988	039fc26e1088917d070659ecc0a233d96534a28842d996ae9c6531753613db7be0	360	0	-	-	exit-sent	d1bd7a30	no	8	333.65	3136	3104
5	mux-standby-32-t5	down	10000000	e5faa6e0	49294	standby	out	e5faa6e0>02230b0a96a6f94179fab58196d3dfa1e19070faeae82d6900971462996541e774;47361294>022716fba0f9a5d46ae7b8a4412296847d63d96c763d49068e851e9be7542080b1	stcpr	151.45	02230b0a96a6f94179fab58196d3dfa1e19070faeae82d6900971462996541e774	403	0	-	-	exit-sent	47361294	no	7	252.92	3104	3072
5	mux-standby-32-t5	down	10000000	b71ddf99	49295	standby	out	b71ddf99>0328947fced4d4b7beb65a6ef60d579e42d7976168c292cbd6d28b5b8bdc85757f;47828219>022716fba0f9a5d46ae7b8a4412296847d63d96c763d49068e851e9be7542080b1	stcpr	152.605	0328947fced4d4b7beb65a6ef60d579e42d7976168c292cbd6d28b5b8bdc85757f	366	0	-	-	exit-sent	47828219	no	6	250.17	3072	3072
5	mux-standby-32-t5	down	10000000	bf9b0de8	49296	standby	out	bf9b0de8>026a913078651938783e19416a2de99c924df209e28512da2a571868c989bf3822;c2793bef>022716fba0f9a5d46ae7b8a4412296847d63d96c763d49068e851e9be7542080b1	stcpr	154.292	026a913078651938783e19416a2de99c924df209e28512da2a571868c989bf3822	403	0	-	-	exit-sent	c2793bef	no	8	252.91	3136	3072
5	mux-standby-32-t5	down	10000000	3ce660ee	49297	standby	out	3ce660ee>02e8e60a95f36a142fc7ac45dc98859ccda853f879bf537937fd72a8dbeec7982c;b21c3cf1>022716fba0f9a5d46ae7b8a4412296847d63d96c763d49068e851e9be7542080b1	stcpr	138.768	02e8e60a95f36a142fc7ac45dc98859ccda853f879bf537937fd72a8dbeec7982c	400	0	-	-	exit-sent	b21c3cf1	no	6	250.05	3072	3072
5	mux-standby-32-t5	down	10000000	ea69bc13	49298	standby	out	ea69bc13>03dd3a272482055da08828fafffe0cb537915a52e71c92bfc9bf3140ab0153cd7c;ce4708f1>022716fba0f9a5d46ae7b8a4412296847d63d96c763d49068e851e9be7542080b1	stcpr	148.602	03dd3a272482055da08828fafffe0cb537915a52e71c92bfc9bf3140ab0153cd7c	358	0	-	-	exit-sent	ce4708f1	no	6	251.73	3072	3040
5	mux-standby-32-t5	down	10000000	eaddf8ac	49299	standby	out	eaddf8ac>028ce3caf8a1ed3b650b7139aeb854351518149af709cf28fe9bd6376cb3403626;4112d695>022716fba0f9a5d46ae7b8a4412296847d63d96c763d49068e851e9be7542080b1	stcpr	168.54	028ce3caf8a1ed3b650b7139aeb854351518149af709cf28fe9bd6376cb3403626	403	0	-	-	exit-sent	4112d695	no	8	263.83	3072	3008
5	mux-standby-32-t5	down	10000000	696629b6	49300	standby	out	696629b6>03ecc7d108a98480b40a85bbfadb8f477d0c3559316306dcd7ba52fa3d21dad91e;75b62c04>022716fba0f9a5d46ae7b8a4412296847d63d96c763d49068e851e9be7542080b1	stcpr	171.105	03ecc7d108a98480b40a85bbfadb8f477d0c3559316306dcd7ba52fa3d21dad91e	355	0	-	-	exit-sent	75b62c04	no	4	267.7	2912	3008
5	mux-standby-32-t5	down	10000000	287b1d97	49301	standby	out	287b1d97>03b934e8a26ddb9d635381df94dbf778cdfebf53f8956902ec3a7837524a75024f;9d5d85da>022716fba0f9a5d46ae7b8a4412296847d63d96c763d49068e851e9be7542080b1	stcpr	169.437	03b934e8a26ddb9d635381df94dbf778cdfebf53f8956902ec3a7837524a75024f	395	0	-	-	exit-sent	9d5d85da	no	4	273.13	2912	3008
5	mux-standby-32-t5	down	10000000	619865a5	49302	standby	out	619865a5>02109a13c780fe273e48b5a7a9e030c1052156cd5afef4dff1c100598226ad8da9;25c2ebc5>022716fba0f9a5d46ae7b8a4412296847d63d96c763d49068e851e9be7542080b1	stcpr	157.229	02109a13c780fe273e48b5a7a9e030c1052156cd5afef4dff1c100598226ad8da9	365	0	-	-	exit-sent	25c2ebc5	no	9	332.87	3104	3040
5	mux-standby-32-t5	down	10000000	062c57d2	49303	standby	out	062c57d2>03dc3488e49ded9250f3cca2827ab16f6331b7ccefdad614353c785a5fc76c1b13;2d3c4852>022716fba0f9a5d46ae7b8a4412296847d63d96c763d49068e851e9be7542080b1	stcpr	172.76	03dc3488e49ded9250f3cca2827ab16f6331b7ccefdad614353c785a5fc76c1b13	323	0	-	-	exit-sent	2d3c4852	no	6	272.46	2976	3008
5	mux-standby-32-t5	down	10000000	40c0897c	49304	standby	in	40c0897c>03b403e239a42bcde3c25b73ce1bf89fc99071075f7145933a51b424df5a3a2fe3;d2b3b062>022716fba0f9a5d46ae7b8a4412296847d63d96c763d49068e851e9be7542080b1	stcpr	434.006	03b403e239a42bcde3c25b73ce1bf89fc99071075f7145933a51b424df5a3a2fe3	848	1584267	21.9%	15.8%	exit-sent	d2b3b062	no	5	326.03	11290513	6310
5	mux-standby-32-t5	down	10000000	e5f24143	49305	standby	out	e5f24143>024a37bae69d6be2ec51eeb9d2b7e99073c30153d06896032f5bd3c09ca843bdb9;a214890d>022716fba0f9a5d46ae7b8a4412296847d63d96c763d49068e851e9be7542080b1	stcpr	147.782	024a37bae69d6be2ec51eeb9d2b7e99073c30153d06896032f5bd3c09ca843bdb9	408	0	-	-	exit-sent	a214890d	no	4	265.14	2912	3008
5	mux-standby-32-t5	down	10000000	1bda3d87	49306	standby	out	1bda3d87>03d1063b6503b67d94b5411a92ec418056d72799583748180141600f0f18de7a5b;314453d6>022716fba0f9a5d46ae7b8a4412296847d63d96c763d49068e851e9be7542080b1	stcpr	164.527	03d1063b6503b67d94b5411a92ec418056d72799583748180141600f0f18de7a5b	331	0	-	-	exit-sent	314453d6	no	6	279.35	3008	3008
5	mux-standby-32-t5	down	10000000	977b7c08	49308	standby	out	977b7c08>03e977883c41fca1e63a178398c46574b7ab8d4f381266c852242f473881c32337;6f46dafc>022716fba0f9a5d46ae7b8a4412296847d63d96c763d49068e851e9be7542080b1	stcpr	159.179	03e977883c41fca1e63a178398c46574b7ab8d4f381266c852242f473881c32337	405	0	-	-	exit-sent	6f46dafc	no	6	268	2976	3008
5	mux-standby-32-t5	down	10000000	a94550f5	49309	standby	out	a94550f5>025cc9b7ba632d57c12ccad1eb31c47a942dede14d1e174ac6c19a4988abb200c0;f3dfb306>022716fba0f9a5d46ae7b8a4412296847d63d96c763d49068e851e9be7542080b1	stcpr	165.273	025cc9b7ba632d57c12ccad1eb31c47a942dede14d1e174ac6c19a4988abb200c0	400	0	-	-	exit-sent	f3dfb306	no	5	267.38	2944	3008
5	mux-standby-32-t5	down	10000000	afa66373	49310	standby	out	afa66373>03634a5464d2ef3c257c530b77467265526f010d15a82dab765606abe63426db45;6167786b>022716fba0f9a5d46ae7b8a4412296847d63d96c763d49068e851e9be7542080b1	stcpr	169.47	03634a5464d2ef3c257c530b77467265526f010d15a82dab765606abe63426db45	336	0	-	-	exit-sent	6167786b	no	4	280.6	2912	3008
5	mux-standby-32-t5	down	10000000	bbed733f	49311	standby	out	bbed733f>02b3a85aee85dece633272731c2e37867a39fa9127f28233ad18ed0051184fc40a;d30e45c7>022716fba0f9a5d46ae7b8a4412296847d63d96c763d49068e851e9be7542080b1	stcpr	165.43	02b3a85aee85dece633272731c2e37867a39fa9127f28233ad18ed0051184fc40a	400	0	-	-	exit-sent	d30e45c7	no	5	267.93	2912	2976
5	mux-standby-32-t5	down	10000000	ee5902d2	49312	standby	out	ee5902d2>0397b427c1e522b768389db1fdfab3943a74e69683800fe4950af7dfb3bf66893c;2dfdb077>022716fba0f9a5d46ae7b8a4412296847d63d96c763d49068e851e9be7542080b1	stcpr	165.252	0397b427c1e522b768389db1fdfab3943a74e69683800fe4950af7dfb3bf66893c	408	0	-	-	exit-sent	2dfdb077	no	5	271.65	2912	2976
5	mux-standby-32-t5	down	10000000	30f42c30	49313	standby	out	30f42c30>03eba64189c636ab77c2da630bf2a0c77061bc783e59f80fd39015a42f9ae6ce01;0d8257e2>022716fba0f9a5d46ae7b8a4412296847d63d96c763d49068e851e9be7542080b1	stcpr	159.163	03eba64189c636ab77c2da630bf2a0c77061bc783e59f80fd39015a42f9ae6ce01	392	0	-	-	exit-sent	0d8257e2	no	14	331.07	3200	3104
5	mux-standby-32-t5	down	10000000	fc2eaf78	49314	standby	out	fc2eaf78>03946b98fa081393f55cb5d130467c99de2267248a5bcadf570419feb18ad9d7b4;eb294537>022716fba0f9a5d46ae7b8a4412296847d63d96c763d49068e851e9be7542080b1	stcpr	167.233	03946b98fa081393f55cb5d130467c99de2267248a5bcadf570419feb18ad9d7b4	408	0	-	-	exit-sent	eb294537	no	12	316.99	3136	3040
5	mux-standby-32-t5	down	10000000	4aa23edc	49315	standby	out	4aa23edc>02f65a515856df60ef5b135740b0b2bdd085da3427cc12d02405d5496a63b0b72a;90e12bb9>022716fba0f9a5d46ae7b8a4412296847d63d96c763d49068e851e9be7542080b1	stcpr	163.745	02f65a515856df60ef5b135740b0b2bdd085da3427cc12d02405d5496a63b0b72a	355	0	-	-	exit-sent	90e12bb9	no	5	287.43	2912	2976
5	mux-standby-32-t5	down	10000000	3e214e29	49316	standby	out	3e214e29>0335cab89b9352e1052ddc431a35aa5adbd5667046d09e7a6b06c295af09795e7e;ab79e81f>022716fba0f9a5d46ae7b8a4412296847d63d96c763d49068e851e9be7542080b1	stcpr	519.408792	0335cab89b9352e1052ddc431a35aa5adbd5667046d09e7a6b06c295af09795e7e	318	0	-	-	exit-sent	ab79e81f	no	6	267.93	2880	2912
5	mux-standby-32-t5	down	10000000	770b2d43	49317	standby	out	770b2d43>031e6a72596e6be53c32b4d1909da233846bcef0000f72a0314072c10b9fc35d3c;91846477>022716fba0f9a5d46ae7b8a4412296847d63d96c763d49068e851e9be7542080b1	stcpr	186.748863	031e6a72596e6be53c32b4d1909da233846bcef0000f72a0314072c10b9fc35d3c	363	0	-	-	exit-sent	91846477	no	7	340.71	2912	2912
5	mux-standby-32-t5	down	10000000	25b03079	49318	standby	out	25b03079>02c43f7d6da81cdca65fcf41906ff321f0d9f14e4c9ab0ff8b54b8ec64cce11bf0;18e8b97b>022716fba0f9a5d46ae7b8a4412296847d63d96c763d49068e851e9be7542080b1	stcpr	311.078083	02c43f7d6da81cdca65fcf41906ff321f0d9f14e4c9ab0ff8b54b8ec64cce11bf0	326	0	-	-	exit-sent	18e8b97b	no	5	266.65	2848	2912
5	mux-standby-32-t5	down	10000000	54999ec3	49319	standby	out	54999ec3>0276161280817ad1cd3d637f5396f2b937f1973ba24d37ecf199085fe75166c28a;bcacf948>022716fba0f9a5d46ae7b8a4412296847d63d96c763d49068e851e9be7542080b1	stcpr	93.985362	0276161280817ad1cd3d637f5396f2b937f1973ba24d37ecf199085fe75166c28a	400	0	-	-	exit-sent	bcacf948	no	4	267.89	2816	2912
5	mux-standby-32-t5	down	10000000	ebbe12da	49320	standby	out	ebbe12da>03bd764901d9dc1e982eed39634564625bd245f4e56b9dc7f11017c148264d9458;143843a8>022716fba0f9a5d46ae7b8a4412296847d63d96c763d49068e851e9be7542080b1	stcpr	544.330314	03bd764901d9dc1e982eed39634564625bd245f4e56b9dc7f11017c148264d9458	408	0	-	-	exit-sent	143843a8	no	8	340.4	2944	2944
5	mux-standby-32-t5	down	10000000	475d59a5	49321	standby	out	475d59a5>02b1d9c56928f533ea9b309f8a53ed4807ee4e0193ef3c3a0234033313feceb8f2;99a80e72>022716fba0f9a5d46ae7b8a4412296847d63d96c763d49068e851e9be7542080b1	stcpr	187.757322	02b1d9c56928f533ea9b309f8a53ed4807ee4e0193ef3c3a0234033313feceb8f2	355	0	-	-	exit-sent	99a80e72	no	6	343.2	2880	2912
6	mux-standby-32-t1	up	10000000	b414796d	49289	active	in	b414796d>022716fba0f9a5d46ae7b8a4412296847d63d96c763d49068e851e9be7542080b1	stcpr	138.637	022716fba0f9a5d46ae7b8a4412296847d63d96c763d49068e851e9be7542080b1	2860307	1702	28.6%	27.4%	exit-sent	b414796d	no	5	241.44	20795521	2867960
6	mux-standby-32-t1	up	10000000	95839ad0	49290	active	in	95839ad0>0371ab4bcff7b121f4b91f6856d6740c6f9dc1fe716977850aeb5d84378b300a13;dc5330cf>022716fba0f9a5d46ae7b8a4412296847d63d96c763d49068e851e9be7542080b1	stcpr	127.59	0371ab4bcff7b121f4b91f6856d6740c6f9dc1fe716977850aeb5d84378b300a13	4289967	2531	42.9%	40.7%	exit-sent	dc5330cf	no	10	238.33	18460908	4297106
6	mux-standby-32-t1	up	10000000	7a64a71c	49291	standby	out	7a64a71c>02f0fabacf587c096ca7e38846b16f2617cbeeeca7bd7a06e73b2030f8645dd00f;79a37fb3>022716fba0f9a5d46ae7b8a4412296847d63d96c763d49068e851e9be7542080b1	stcpr	178.998	02f0fabacf587c096ca7e38846b16f2617cbeeeca7bd7a06e73b2030f8645dd00f	326	0	-	-	exit-sent	79a37fb3	no	4	275.05	3520	3616
6	mux-standby-32-t1	up	10000000	bd6baec7	49292	standby	out	bd6baec7>02090aec59b40207d8662c82e4ecfc524b740c27f2fb98cfb5582833a66bdcb797;cab03f16>022716fba0f9a5d46ae7b8a4412296847d63d96c763d49068e851e9be7542080b1	stcpr	153.801	02090aec59b40207d8662c82e4ecfc524b740c27f2fb98cfb5582833a66bdcb797	329	0	-	-	exit-sent	cab03f16	no	6	272.03	3584	3584
6	mux-standby-32-t1	up	10000000	582c8788	49293	standby	out	582c8788>039fc26e1088917d070659ecc0a233d96534a28842d996ae9c6531753613db7be0;d1bd7a30>022716fba0f9a5d46ae7b8a4412296847d63d96c763d49068e851e9be7542080b1	stcpr	245.988	039fc26e1088917d070659ecc0a233d96534a28842d996ae9c6531753613db7be0	334	0	-	-	exit-sent	d1bd7a30	no	8	382.28	3648	3616
6	mux-standby-32-t1	up	10000000	e5faa6e0	49294	standby	out	e5faa6e0>02230b0a96a6f94179fab58196d3dfa1e19070faeae82d6900971462996541e774;47361294>022716fba0f9a5d46ae7b8a4412296847d63d96c763d49068e851e9be7542080b1	stcpr	151.45	02230b0a96a6f94179fab58196d3dfa1e19070faeae82d6900971462996541e774	334	0	-	-	exit-sent	47361294	no	7	268.97	3616	3584
6	mux-standby-32-t1	up	10000000	b71ddf99	49295	standby	out	b71ddf99>0328947fced4d4b7beb65a6ef60d579e42d7976168c292cbd6d28b5b8bdc85757f;47828219>022716fba0f9a5d46ae7b8a4412296847d63d96c763d49068e851e9be7542080b1	stcpr	152.605	0328947fced4d4b7beb65a6ef60d579e42d7976168c292cbd6d28b5b8bdc85757f	334	0	-	-	exit-sent	47828219	no	6	256.48	3584	3584
6	mux-standby-32-t1	up	10000000	bf9b0de8	49296	standby	out	bf9b0de8>026a913078651938783e19416a2de99c924df209e28512da2a571868c989bf3822;c2793bef>022716fba0f9a5d46ae7b8a4412296847d63d96c763d49068e851e9be7542080b1	stcpr	154.292	026a913078651938783e19416a2de99c924df209e28512da2a571868c989bf3822	334	0	-	-	exit-sent	c2793bef	no	8	253.37	3648	3584
6	mux-standby-32-t1	up	10000000	3ce660ee	49297	standby	out	3ce660ee>02e8e60a95f36a142fc7ac45dc98859ccda853f879bf537937fd72a8dbeec7982c;b21c3cf1>022716fba0f9a5d46ae7b8a4412296847d63d96c763d49068e851e9be7542080b1	stcpr	138.768	02e8e60a95f36a142fc7ac45dc98859ccda853f879bf537937fd72a8dbeec7982c	326	0	-	-	exit-sent	b21c3cf1	no	6	259.23	3584	3584
6	mux-standby-32-t1	up	10000000	ea69bc13	49298	standby	out	ea69bc13>03dd3a272482055da08828fafffe0cb537915a52e71c92bfc9bf3140ab0153cd7c;ce4708f1>022716fba0f9a5d46ae7b8a4412296847d63d96c763d49068e851e9be7542080b1	stcpr	148.602	03dd3a272482055da08828fafffe0cb537915a52e71c92bfc9bf3140ab0153cd7c	326	0	-	-	exit-sent	ce4708f1	no	6	270.6	3584	3552
6	mux-standby-32-t1	up	10000000	eaddf8ac	49299	standby	out	eaddf8ac>028ce3caf8a1ed3b650b7139aeb854351518149af709cf28fe9bd6376cb3403626;4112d695>022716fba0f9a5d46ae7b8a4412296847d63d96c763d49068e851e9be7542080b1	stcpr	168.54	028ce3caf8a1ed3b650b7139aeb854351518149af709cf28fe9bd6376cb3403626	334	0	-	-	exit-sent	4112d695	no	8	282.1	3584	3520
6	mux-standby-32-t1	up	10000000	696629b6	49300	standby	out	696629b6>03ecc7d108a98480b40a85bbfadb8f477d0c3559316306dcd7ba52fa3d21dad91e;75b62c04>022716fba0f9a5d46ae7b8a4412296847d63d96c763d49068e851e9be7542080b1	stcpr	171.105	03ecc7d108a98480b40a85bbfadb8f477d0c3559316306dcd7ba52fa3d21dad91e	326	0	-	-	exit-sent	75b62c04	no	4	274.59	3424	3520
6	mux-standby-32-t1	up	10000000	287b1d97	49301	standby	out	287b1d97>03b934e8a26ddb9d635381df94dbf778cdfebf53f8956902ec3a7837524a75024f;9d5d85da>022716fba0f9a5d46ae7b8a4412296847d63d96c763d49068e851e9be7542080b1	stcpr	169.437	03b934e8a26ddb9d635381df94dbf778cdfebf53f8956902ec3a7837524a75024f	286	0	-	-	exit-sent	9d5d85da	no	4	273.2	3424	3520
6	mux-standby-32-t1	up	10000000	619865a5	49302	standby	out	619865a5>02109a13c780fe273e48b5a7a9e030c1052156cd5afef4dff1c100598226ad8da9;25c2ebc5>022716fba0f9a5d46ae7b8a4412296847d63d96c763d49068e851e9be7542080b1	stcpr	157.229	02109a13c780fe273e48b5a7a9e030c1052156cd5afef4dff1c100598226ad8da9	326	0	-	-	exit-sent	25c2ebc5	no	9	378	3616	3552
6	mux-standby-32-t1	up	10000000	062c57d2	49303	standby	out	062c57d2>03dc3488e49ded9250f3cca2827ab16f6331b7ccefdad614353c785a5fc76c1b13;2d3c4852>022716fba0f9a5d46ae7b8a4412296847d63d96c763d49068e851e9be7542080b1	stcpr	172.76	03dc3488e49ded9250f3cca2827ab16f6331b7ccefdad614353c785a5fc76c1b13	318	0	-	-	exit-sent	2d3c4852	no	6	275.62	3488	3520
6	mux-standby-32-t1	up	10000000	40c0897c	49304	standby	in	40c0897c>03b403e239a42bcde3c25b73ce1bf89fc99071075f7145933a51b424df5a3a2fe3;d2b3b062>022716fba0f9a5d46ae7b8a4412296847d63d96c763d49068e851e9be7542080b1	stcpr	434.006	03b403e239a42bcde3c25b73ce1bf89fc99071075f7145933a51b424df5a3a2fe3	2859822	1985	28.6%	31.9%	exit-sent	d2b3b062	no	7	414.57	11292498	2866296
6	mux-standby-32-t1	up	10000000	e5f24143	49305	standby	out	e5f24143>024a37bae69d6be2ec51eeb9d2b7e99073c30153d06896032f5bd3c09ca843bdb9;a214890d>022716fba0f9a5d46ae7b8a4412296847d63d96c763d49068e851e9be7542080b1	stcpr	147.782	024a37bae69d6be2ec51eeb9d2b7e99073c30153d06896032f5bd3c09ca843bdb9	334	0	-	-	exit-sent	a214890d	no	4	261.68	3424	3520
6	mux-standby-32-t1	up	10000000	1bda3d87	49306	standby	out	1bda3d87>03d1063b6503b67d94b5411a92ec418056d72799583748180141600f0f18de7a5b;314453d6>022716fba0f9a5d46ae7b8a4412296847d63d96c763d49068e851e9be7542080b1	stcpr	164.527	03d1063b6503b67d94b5411a92ec418056d72799583748180141600f0f18de7a5b	331	0	-	-	exit-sent	314453d6	no	6	273.87	3520	3520
6	mux-standby-32-t1	up	10000000	977b7c08	49308	standby	out	977b7c08>03e977883c41fca1e63a178398c46574b7ab8d4f381266c852242f473881c32337;6f46dafc>022716fba0f9a5d46ae7b8a4412296847d63d96c763d49068e851e9be7542080b1	stcpr	159.179	03e977883c41fca1e63a178398c46574b7ab8d4f381266c852242f473881c32337	326	0	-	-	exit-sent	6f46dafc	no	6	275.49	3488	3520
6	mux-standby-32-t1	up	10000000	a94550f5	49309	standby	out	a94550f5>025cc9b7ba632d57c12ccad1eb31c47a942dede14d1e174ac6c19a4988abb200c0;f3dfb306>022716fba0f9a5d46ae7b8a4412296847d63d96c763d49068e851e9be7542080b1	stcpr	165.273	025cc9b7ba632d57c12ccad1eb31c47a942dede14d1e174ac6c19a4988abb200c0	326	0	-	-	exit-sent	f3dfb306	no	5	269.53	3456	3520
6	mux-standby-32-t1	up	10000000	afa66373	49310	standby	out	afa66373>03634a5464d2ef3c257c530b77467265526f010d15a82dab765606abe63426db45;6167786b>022716fba0f9a5d46ae7b8a4412296847d63d96c763d49068e851e9be7542080b1	stcpr	169.47	03634a5464d2ef3c257c530b77467265526f010d15a82dab765606abe63426db45	326	0	-	-	exit-sent	6167786b	no	4	299.02	3424	3520
6	mux-standby-32-t1	up	10000000	bbed733f	49311	standby	out	bbed733f>02b3a85aee85dece633272731c2e37867a39fa9127f28233ad18ed0051184fc40a;d30e45c7>022716fba0f9a5d46ae7b8a4412296847d63d96c763d49068e851e9be7542080b1	stcpr	165.43	02b3a85aee85dece633272731c2e37867a39fa9127f28233ad18ed0051184fc40a	326	0	-	-	exit-sent	d30e45c7	no	5	270.04	3424	3488
6	mux-standby-32-t1	up	10000000	ee5902d2	49312	standby	out	ee5902d2>0397b427c1e522b768389db1fdfab3943a74e69683800fe4950af7dfb3bf66893c;2dfdb077>022716fba0f9a5d46ae7b8a4412296847d63d96c763d49068e851e9be7542080b1	stcpr	165.252	0397b427c1e522b768389db1fdfab3943a74e69683800fe4950af7dfb3bf66893c	371	0	-	-	exit-sent	2dfdb077	no	5	264.42	3424	3488
6	mux-standby-32-t1	up	10000000	30f42c30	49313	standby	out	30f42c30>03eba64189c636ab77c2da630bf2a0c77061bc783e59f80fd39015a42f9ae6ce01;0d8257e2>022716fba0f9a5d46ae7b8a4412296847d63d96c763d49068e851e9be7542080b1	stcpr	159.163	03eba64189c636ab77c2da630bf2a0c77061bc783e59f80fd39015a42f9ae6ce01	281	0	-	-	exit-sent	0d8257e2	no	14	390.86	3712	3616
6	mux-standby-32-t1	up	10000000	fc2eaf78	49314	standby	out	fc2eaf78>03946b98fa081393f55cb5d130467c99de2267248a5bcadf570419feb18ad9d7b4;eb294537>022716fba0f9a5d46ae7b8a4412296847d63d96c763d49068e851e9be7542080b1	stcpr	167.233	03946b98fa081393f55cb5d130467c99de2267248a5bcadf570419feb18ad9d7b4	334	0	-	-	exit-sent	eb294537	no	12	393.5	3648	3552
6	mux-standby-32-t1	up	10000000	4aa23edc	49315	standby	out	4aa23edc>02f65a515856df60ef5b135740b0b2bdd085da3427cc12d02405d5496a63b0b72a;90e12bb9>022716fba0f9a5d46ae7b8a4412296847d63d96c763d49068e851e9be7542080b1	stcpr	163.745	02f65a515856df60ef5b135740b0b2bdd085da3427cc12d02405d5496a63b0b72a	302	0	-	-	exit-sent	90e12bb9	no	5	269.92	3424	3488
6	mux-standby-32-t1	up	10000000	3e214e29	49316	standby	out	3e214e29>0335cab89b9352e1052ddc431a35aa5adbd5667046d09e7a6b06c295af09795e7e;ab79e81f>022716fba0f9a5d46ae7b8a4412296847d63d96c763d49068e851e9be7542080b1	stcpr	519.408792	0335cab89b9352e1052ddc431a35aa5adbd5667046d09e7a6b06c295af09795e7e	318	0	-	-	exit-sent	ab79e81f	no	6	269.94	3392	3424
6	mux-standby-32-t1	up	10000000	770b2d43	49317	standby	out	770b2d43>031e6a72596e6be53c32b4d1909da233846bcef0000f72a0314072c10b9fc35d3c;91846477>022716fba0f9a5d46ae7b8a4412296847d63d96c763d49068e851e9be7542080b1	stcpr	186.748863	031e6a72596e6be53c32b4d1909da233846bcef0000f72a0314072c10b9fc35d3c	334	0	-	-	exit-sent	91846477	no	7	264.28	3424	3424
6	mux-standby-32-t1	up	10000000	25b03079	49318	standby	out	25b03079>02c43f7d6da81cdca65fcf41906ff321f0d9f14e4c9ab0ff8b54b8ec64cce11bf0;18e8b97b>022716fba0f9a5d46ae7b8a4412296847d63d96c763d49068e851e9be7542080b1	stcpr	311.078083	02c43f7d6da81cdca65fcf41906ff321f0d9f14e4c9ab0ff8b54b8ec64cce11bf0	326	0	-	-	exit-sent	18e8b97b	no	5	269.68	3360	3424
6	mux-standby-32-t1	up	10000000	54999ec3	49319	standby	out	54999ec3>0276161280817ad1cd3d637f5396f2b937f1973ba24d37ecf199085fe75166c28a;bcacf948>022716fba0f9a5d46ae7b8a4412296847d63d96c763d49068e851e9be7542080b1	stcpr	93.985362	0276161280817ad1cd3d637f5396f2b937f1973ba24d37ecf199085fe75166c28a	297	0	-	-	exit-sent	bcacf948	no	4	277.05	3328	3424
6	mux-standby-32-t1	up	10000000	ebbe12da	49320	standby	out	ebbe12da>03bd764901d9dc1e982eed39634564625bd245f4e56b9dc7f11017c148264d9458;143843a8>022716fba0f9a5d46ae7b8a4412296847d63d96c763d49068e851e9be7542080b1	stcpr	544.330314	03bd764901d9dc1e982eed39634564625bd245f4e56b9dc7f11017c148264d9458	334	0	-	-	exit-sent	143843a8	no	8	338.49	3456	3456
6	mux-standby-32-t1	up	10000000	475d59a5	49321	standby	out	475d59a5>02b1d9c56928f533ea9b309f8a53ed4807ee4e0193ef3c3a0234033313feceb8f2;99a80e72>022716fba0f9a5d46ae7b8a4412296847d63d96c763d49068e851e9be7542080b1	stcpr	187.757322	02b1d9c56928f533ea9b309f8a53ed4807ee4e0193ef3c3a0234033313feceb8f2	323	0	-	-	exit-sent	99a80e72	no	6	337.92	3392	3424
7	mux-standby-32-t2	up	10000000	b414796d	49289	active	in	b414796d>022716fba0f9a5d46ae7b8a4412296847d63d96c763d49068e851e9be7542080b1	stcpr	138.637	022716fba0f9a5d46ae7b8a4412296847d63d96c763d49068e851e9be7542080b1	2860048	1544	28.6%	28.4%	exit-sent	b414796d	no	6	238.13	20797065	5727918
7	mux-standby-32-t2	up	10000000	95839ad0	49290	active	in	95839ad0>0371ab4bcff7b121f4b91f6856d6740c6f9dc1fe716977850aeb5d84378b300a13;dc5330cf>022716fba0f9a5d46ae7b8a4412296847d63d96c763d49068e851e9be7542080b1	stcpr	127.59	0371ab4bcff7b121f4b91f6856d6740c6f9dc1fe716977850aeb5d84378b300a13	4289723	2199	42.9%	40.4%	exit-sent	dc5330cf	no	10	231.29	18463107	8586923
7	mux-standby-32-t2	up	10000000	7a64a71c	49291	standby	out	7a64a71c>02f0fabacf587c096ca7e38846b16f2617cbeeeca7bd7a06e73b2030f8645dd00f;79a37fb3>022716fba0f9a5d46ae7b8a4412296847d63d96c763d49068e851e9be7542080b1	stcpr	178.998	02f0fabacf587c096ca7e38846b16f2617cbeeeca7bd7a06e73b2030f8645dd00f	225	0	-	-	exit-sent	79a37fb3	no	4	265.82	4000	4096
7	mux-standby-32-t2	up	10000000	bd6baec7	49292	standby	out	bd6baec7>02090aec59b40207d8662c82e4ecfc524b740c27f2fb98cfb5582833a66bdcb797;cab03f16>022716fba0f9a5d46ae7b8a4412296847d63d96c763d49068e851e9be7542080b1	stcpr	153.801	02090aec59b40207d8662c82e4ecfc524b740c27f2fb98cfb5582833a66bdcb797	294	0	-	-	exit-sent	cab03f16	no	6	252.13	4064	4064
7	mux-standby-32-t2	up	10000000	582c8788	49293	standby	out	582c8788>039fc26e1088917d070659ecc0a233d96534a28842d996ae9c6531753613db7be0;d1bd7a30>022716fba0f9a5d46ae7b8a4412296847d63d96c763d49068e851e9be7542080b1	stcpr	245.988	039fc26e1088917d070659ecc0a233d96534a28842d996ae9c6531753613db7be0	326	0	-	-	exit-sent	d1bd7a30	no	9	513.65	4160	4128
7	mux-standby-32-t2	up	10000000	e5faa6e0	49294	standby	out	e5faa6e0>02230b0a96a6f94179fab58196d3dfa1e19070faeae82d6900971462996541e774;47361294>022716fba0f9a5d46ae7b8a4412296847d63d96c763d49068e851e9be7542080b1	stcpr	151.45	02230b0a96a6f94179fab58196d3dfa1e19070faeae82d6900971462996541e774	302	0	-	-	exit-sent	47361294	no	7	249.02	4096	4064
7	mux-standby-32-t2	up	10000000	b71ddf99	49295	standby	out	b71ddf99>0328947fced4d4b7beb65a6ef60d579e42d7976168c292cbd6d28b5b8bdc85757f;47828219>022716fba0f9a5d46ae7b8a4412296847d63d96c763d49068e851e9be7542080b1	stcpr	152.605	0328947fced4d4b7beb65a6ef60d579e42d7976168c292cbd6d28b5b8bdc85757f	233	0	-	-	exit-sent	47828219	no	6	260.71	4064	4064
7	mux-standby-32-t2	up	10000000	bf9b0de8	49296	standby	out	bf9b0de8>026a913078651938783e19416a2de99c924df209e28512da2a571868c989bf3822;c2793bef>022716fba0f9a5d46ae7b8a4412296847d63d96c763d49068e851e9be7542080b1	stcpr	154.292	026a913078651938783e19416a2de99c924df209e28512da2a571868c989bf3822	302	0	-	-	exit-sent	c2793bef	no	8	251.93	4128	4064
7	mux-standby-32-t2	up	10000000	3ce660ee	49297	standby	out	3ce660ee>02e8e60a95f36a142fc7ac45dc98859ccda853f879bf537937fd72a8dbeec7982c;b21c3cf1>022716fba0f9a5d46ae7b8a4412296847d63d96c763d49068e851e9be7542080b1	stcpr	138.768	02e8e60a95f36a142fc7ac45dc98859ccda853f879bf537937fd72a8dbeec7982c	334	0	-	-	exit-sent	b21c3cf1	no	6	247.71	4064	4064
7	mux-standby-32-t2	up	10000000	ea69bc13	49298	standby	out	ea69bc13>03dd3a272482055da08828fafffe0cb537915a52e71c92bfc9bf3140ab0153cd7c;ce4708f1>022716fba0f9a5d46ae7b8a4412296847d63d96c763d49068e851e9be7542080b1	stcpr	148.602	03dd3a272482055da08828fafffe0cb537915a52e71c92bfc9bf3140ab0153cd7c	257	0	-	-	exit-sent	ce4708f1	no	6	252.33	4064	4032
7	mux-standby-32-t2	up	10000000	eaddf8ac	49299	standby	out	eaddf8ac>028ce3caf8a1ed3b650b7139aeb854351518149af709cf28fe9bd6376cb3403626;4112d695>022716fba0f9a5d46ae7b8a4412296847d63d96c763d49068e851e9be7542080b1	stcpr	168.54	028ce3caf8a1ed3b650b7139aeb854351518149af709cf28fe9bd6376cb3403626	257	0	-	-	exit-sent	4112d695	no	8	260.47	4064	4000
7	mux-standby-32-t2	up	10000000	696629b6	49300	standby	out	696629b6>03ecc7d108a98480b40a85bbfadb8f477d0c3559316306dcd7ba52fa3d21dad91e;75b62c04>022716fba0f9a5d46ae7b8a4412296847d63d96c763d49068e851e9be7542080b1	stcpr	171.105	03ecc7d108a98480b40a85bbfadb8f477d0c3559316306dcd7ba52fa3d21dad91e	326	0	-	-	exit-sent	75b62c04	no	4	259.39	3904	4000
7	mux-standby-32-t2	up	10000000	287b1d97	49301	standby	out	287b1d97>03b934e8a26ddb9d635381df94dbf778cdfebf53f8956902ec3a7837524a75024f;9d5d85da>022716fba0f9a5d46ae7b8a4412296847d63d96c763d49068e851e9be7542080b1	stcpr	169.437	03b934e8a26ddb9d635381df94dbf778cdfebf53f8956902ec3a7837524a75024f	318	0	-	-	exit-sent	9d5d85da	no	4	266.91	3904	4000
7	mux-standby-32-t2	up	10000000	619865a5	49302	standby	out	619865a5>02109a13c780fe273e48b5a7a9e030c1052156cd5afef4dff1c100598226ad8da9;25c2ebc5>022716fba0f9a5d46ae7b8a4412296847d63d96c763d49068e851e9be7542080b1	stcpr	157.229	02109a13c780fe273e48b5a7a9e030c1052156cd5afef4dff1c100598226ad8da9	326	0	-	-	exit-sent	25c2ebc5	no	10	502.11	4128	4064
7	mux-standby-32-t2	up	10000000	062c57d2	49303	standby	out	062c57d2>03dc3488e49ded9250f3cca2827ab16f6331b7ccefdad614353c785a5fc76c1b13;2d3c4852>022716fba0f9a5d46ae7b8a4412296847d63d96c763d49068e851e9be7542080b1	stcpr	172.76	03dc3488e49ded9250f3cca2827ab16f6331b7ccefdad614353c785a5fc76c1b13	318	0	-	-	exit-sent	2d3c4852	no	6	266.68	3968	4000
7	mux-standby-32-t2	up	10000000	40c0897c	49304	standby	in	40c0897c>03b403e239a42bcde3c25b73ce1bf89fc99071075f7145933a51b424df5a3a2fe3;d2b3b062>022716fba0f9a5d46ae7b8a4412296847d63d96c763d49068e851e9be7542080b1	stcpr	434.006	03b403e239a42bcde3c25b73ce1bf89fc99071075f7145933a51b424df5a3a2fe3	2859834	1698	28.6%	31.2%	exit-sent	d2b3b062	no	9	555.68	11294196	5726254
7	mux-standby-32-t2	up	10000000	e5f24143	49305	standby	out	e5f24143>024a37bae69d6be2ec51eeb9d2b7e99073c30153d06896032f5bd3c09ca843bdb9;a214890d>022716fba0f9a5d46ae7b8a4412296847d63d96c763d49068e851e9be7542080b1	stcpr	147.782	024a37bae69d6be2ec51eeb9d2b7e99073c30153d06896032f5bd3c09ca843bdb9	265	0	-	-	exit-sent	a214890d	no	4	252.22	3904	4000
7	mux-standby-32-t2	up	10000000	1bda3d87	49306	standby	out	1bda3d87>03d1063b6503b67d94b5411a92ec418056d72799583748180141600f0f18de7a5b;314453d6>022716fba0f9a5d46ae7b8a4412296847d63d96c763d49068e851e9be7542080b1	stcpr	164.527	03d1063b6503b67d94b5411a92ec418056d72799583748180141600f0f18de7a5b	289	0	-	-	exit-sent	314453d6	no	6	263.86	4000	4000
7	mux-standby-32-t2	up	10000000	977b7c08	49308	standby	out	977b7c08>03e977883c41fca1e63a178398c46574b7ab8d4f381266c852242f473881c32337;6f46dafc>022716fba0f9a5d46ae7b8a4412296847d63d96c763d49068e851e9be7542080b1	stcpr	159.179	03e977883c41fca1e63a178398c46574b7ab8d4f381266c852242f473881c32337	257	0	-	-	exit-sent	6f46dafc	no	6	271.71	3968	4000
7	mux-standby-32-t2	up	10000000	a94550f5	49309	standby	out	a94550f5>025cc9b7ba632d57c12ccad1eb31c47a942dede14d1e174ac6c19a4988abb200c0;f3dfb306>022716fba0f9a5d46ae7b8a4412296847d63d96c763d49068e851e9be7542080b1	stcpr	165.273	025cc9b7ba632d57c12ccad1eb31c47a942dede14d1e174ac6c19a4988abb200c0	257	0	-	-	exit-sent	f3dfb306	no	5	260.07	3936	4000
7	mux-standby-32-t2	up	10000000	afa66373	49310	standby	out	afa66373>03634a5464d2ef3c257c530b77467265526f010d15a82dab765606abe63426db45;6167786b>022716fba0f9a5d46ae7b8a4412296847d63d96c763d49068e851e9be7542080b1	stcpr	169.47	03634a5464d2ef3c257c530b77467265526f010d15a82dab765606abe63426db45	257	0	-	-	exit-sent	6167786b	no	4	266.64	3904	4000
7	mux-standby-32-t2	up	10000000	bbed733f	49311	standby	out	bbed733f>02b3a85aee85dece633272731c2e37867a39fa9127f28233ad18ed0051184fc40a;d30e45c7>022716fba0f9a5d46ae7b8a4412296847d63d96c763d49068e851e9be7542080b1	stcpr	165.43	02b3a85aee85dece633272731c2e37867a39fa9127f28233ad18ed0051184fc40a	284	0	-	-	exit-sent	d30e45c7	no	5	266.89	3904	3968
7	mux-standby-32-t2	up	10000000	ee5902d2	49312	standby	out	ee5902d2>0397b427c1e522b768389db1fdfab3943a74e69683800fe4950af7dfb3bf66893c;2dfdb077>022716fba0f9a5d46ae7b8a4412296847d63d96c763d49068e851e9be7542080b1	stcpr	165.252	0397b427c1e522b768389db1fdfab3943a74e69683800fe4950af7dfb3bf66893c	228	0	-	-	exit-sent	2dfdb077	no	5	267.4	3904	3968
7	mux-standby-32-t2	up	10000000	30f42c30	49313	standby	out	30f42c30>03eba64189c636ab77c2da630bf2a0c77061bc783e59f80fd39015a42f9ae6ce01;0d8257e2>022716fba0f9a5d46ae7b8a4412296847d63d96c763d49068e851e9be7542080b1	stcpr	159.163	03eba64189c636ab77c2da630bf2a0c77061bc783e59f80fd39015a42f9ae6ce01	318	0	-	-	exit-sent	0d8257e2	no	15	502.62	4224	4096
7	mux-standby-32-t2	up	10000000	fc2eaf78	49314	standby	out	fc2eaf78>03946b98fa081393f55cb5d130467c99de2267248a5bcadf570419feb18ad9d7b4;eb294537>022716fba0f9a5d46ae7b8a4412296847d63d96c763d49068e851e9be7542080b1	stcpr	167.233	03946b98fa081393f55cb5d130467c99de2267248a5bcadf570419feb18ad9d7b4	220	0	-	-	exit-sent	eb294537	no	13	515.43	4160	4064
7	mux-standby-32-t2	up	10000000	4aa23edc	49315	standby	out	4aa23edc>02f65a515856df60ef5b135740b0b2bdd085da3427cc12d02405d5496a63b0b72a;90e12bb9>022716fba0f9a5d46ae7b8a4412296847d63d96c763d49068e851e9be7542080b1	stcpr	163.745	02f65a515856df60ef5b135740b0b2bdd085da3427cc12d02405d5496a63b0b72a	329	0	-	-	exit-sent	90e12bb9	no	5	260.29	3904	3968
7	mux-standby-32-t2	up	10000000	3e214e29	49316	standby	out	3e214e29>0335cab89b9352e1052ddc431a35aa5adbd5667046d09e7a6b06c295af09795e7e;ab79e81f>022716fba0f9a5d46ae7b8a4412296847d63d96c763d49068e851e9be7542080b1	stcpr	519.408792	0335cab89b9352e1052ddc431a35aa5adbd5667046d09e7a6b06c295af09795e7e	326	0	-	-	exit-sent	ab79e81f	no	6	268.59	3872	3904
7	mux-standby-32-t2	up	10000000	770b2d43	49317	standby	out	770b2d43>031e6a72596e6be53c32b4d1909da233846bcef0000f72a0314072c10b9fc35d3c;91846477>022716fba0f9a5d46ae7b8a4412296847d63d96c763d49068e851e9be7542080b1	stcpr	186.748863	031e6a72596e6be53c32b4d1909da233846bcef0000f72a0314072c10b9fc35d3c	265	0	-	-	exit-sent	91846477	no	7	265.08	3904	3904
7	mux-standby-32-t2	up	10000000	25b03079	49318	standby	out	25b03079>02c43f7d6da81cdca65fcf41906ff321f0d9f14e4c9ab0ff8b54b8ec64cce11bf0;18e8b97b>022716fba0f9a5d46ae7b8a4412296847d63d96c763d49068e851e9be7542080b1	stcpr	311.078083	02c43f7d6da81cdca65fcf41906ff321f0d9f14e4c9ab0ff8b54b8ec64cce11bf0	289	0	-	-	exit-sent	18e8b97b	no	5	266.99	3840	3904
7	mux-standby-32-t2	up	10000000	54999ec3	49319	standby	out	54999ec3>0276161280817ad1cd3d637f5396f2b937f1973ba24d37ecf199085fe75166c28a;bcacf948>022716fba0f9a5d46ae7b8a4412296847d63d96c763d49068e851e9be7542080b1	stcpr	93.985362	0276161280817ad1cd3d637f5396f2b937f1973ba24d37ecf199085fe75166c28a	334	0	-	-	exit-sent	bcacf948	no	4	274.39	3808	3904
7	mux-standby-32-t2	up	10000000	ebbe12da	49320	standby	out	ebbe12da>03bd764901d9dc1e982eed39634564625bd245f4e56b9dc7f11017c148264d9458;143843a8>022716fba0f9a5d46ae7b8a4412296847d63d96c763d49068e851e9be7542080b1	stcpr	544.330314	03bd764901d9dc1e982eed39634564625bd245f4e56b9dc7f11017c148264d9458	260	0	-	-	exit-sent	143843a8	no	8	272.42	3936	3936
7	mux-standby-32-t2	up	10000000	475d59a5	49321	standby	out	475d59a5>02b1d9c56928f533ea9b309f8a53ed4807ee4e0193ef3c3a0234033313feceb8f2;99a80e72>022716fba0f9a5d46ae7b8a4412296847d63d96c763d49068e851e9be7542080b1	stcpr	187.757322	02b1d9c56928f533ea9b309f8a53ed4807ee4e0193ef3c3a0234033313feceb8f2	289	0	-	-	exit-sent	99a80e72	no	6	279.55	3872	3904
8	mux-standby-32-t3	up	10000000	b414796d	49289	active	in	b414796d>022716fba0f9a5d46ae7b8a4412296847d63d96c763d49068e851e9be7542080b1	stcpr	138.637	022716fba0f9a5d46ae7b8a4412296847d63d96c763d49068e851e9be7542080b1	2913560	1909	26.3%	25.1%	exit-sent	b414796d	no	8	241.57	20798974	8640329
8	mux-standby-32-t3	up	10000000	95839ad0	49290	active	in	95839ad0>0371ab4bcff7b121f4b91f6856d6740c6f9dc1fe716977850aeb5d84378b300a13;dc5330cf>022716fba0f9a5d46ae7b8a4412296847d63d96c763d49068e851e9be7542080b1	stcpr	127.59	0371ab4bcff7b121f4b91f6856d6740c6f9dc1fe716977850aeb5d84378b300a13	4919370	3496	44.5%	46.0%	exit-sent	dc5330cf	no	13	235.23	18466603	13506294
8	mux-standby-32-t3	up	10000000	7a64a71c	49291	standby	out	7a64a71c>02f0fabacf587c096ca7e38846b16f2617cbeeeca7bd7a06e73b2030f8645dd00f;79a37fb3>022716fba0f9a5d46ae7b8a4412296847d63d96c763d49068e851e9be7542080b1	stcpr	178.998	02f0fabacf587c096ca7e38846b16f2617cbeeeca7bd7a06e73b2030f8645dd00f	477	0	-	-	exit-sent	79a37fb3	no	6	268.44	4608	4704
8	mux-standby-32-t3	up	10000000	bd6baec7	49292	standby	out	bd6baec7>02090aec59b40207d8662c82e4ecfc524b740c27f2fb98cfb5582833a66bdcb797;cab03f16>022716fba0f9a5d46ae7b8a4412296847d63d96c763d49068e851e9be7542080b1	stcpr	153.801	02090aec59b40207d8662c82e4ecfc524b740c27f2fb98cfb5582833a66bdcb797	472	0	-	-	exit-sent	cab03f16	no	9	267.9	4704	4672
8	mux-standby-32-t3	up	10000000	582c8788	49293	standby	out	582c8788>039fc26e1088917d070659ecc0a233d96534a28842d996ae9c6531753613db7be0;d1bd7a30>022716fba0f9a5d46ae7b8a4412296847d63d96c763d49068e851e9be7542080b1	stcpr	245.988	039fc26e1088917d070659ecc0a233d96534a28842d996ae9c6531753613db7be0	472	0	-	-	exit-sent	d1bd7a30	no	11	261.22	4768	4736
8	mux-standby-32-t3	up	10000000	e5faa6e0	49294	standby	out	e5faa6e0>02230b0a96a6f94179fab58196d3dfa1e19070faeae82d6900971462996541e774;47361294>022716fba0f9a5d46ae7b8a4412296847d63d96c763d49068e851e9be7542080b1	stcpr	151.45	02230b0a96a6f94179fab58196d3dfa1e19070faeae82d6900971462996541e774	541	0	-	-	exit-sent	47361294	no	10	248.47	4736	4672
8	mux-standby-32-t3	up	10000000	b71ddf99	49295	standby	out	b71ddf99>0328947fced4d4b7beb65a6ef60d579e42d7976168c292cbd6d28b5b8bdc85757f;47828219>022716fba0f9a5d46ae7b8a4412296847d63d96c763d49068e851e9be7542080b1	stcpr	152.605	0328947fced4d4b7beb65a6ef60d579e42d7976168c292cbd6d28b5b8bdc85757f	509	0	-	-	exit-sent	47828219	no	9	250.68	4704	4672
8	mux-standby-32-t3	up	10000000	bf9b0de8	49296	standby	out	bf9b0de8>026a913078651938783e19416a2de99c924df209e28512da2a571868c989bf3822;c2793bef>022716fba0f9a5d46ae7b8a4412296847d63d96c763d49068e851e9be7542080b1	stcpr	154.292	026a913078651938783e19416a2de99c924df209e28512da2a571868c989bf3822	472	0	-	-	exit-sent	c2793bef	no	11	250.55	4768	4672
8	mux-standby-32-t3	up	10000000	3ce660ee	49297	standby	out	3ce660ee>02e8e60a95f36a142fc7ac45dc98859ccda853f879bf537937fd72a8dbeec7982c;b21c3cf1>022716fba0f9a5d46ae7b8a4412296847d63d96c763d49068e851e9be7542080b1	stcpr	138.768	02e8e60a95f36a142fc7ac45dc98859ccda853f879bf537937fd72a8dbeec7982c	440	0	-	-	exit-sent	b21c3cf1	no	9	280.76	4704	4672
8	mux-standby-32-t3	up	10000000	ea69bc13	49298	standby	out	ea69bc13>03dd3a272482055da08828fafffe0cb537915a52e71c92bfc9bf3140ab0153cd7c;ce4708f1>022716fba0f9a5d46ae7b8a4412296847d63d96c763d49068e851e9be7542080b1	stcpr	148.602	03dd3a272482055da08828fafffe0cb537915a52e71c92bfc9bf3140ab0153cd7c	573	0	-	-	exit-sent	ce4708f1	no	9	249.95	4736	4672
8	mux-standby-32-t3	up	10000000	eaddf8ac	49299	standby	out	eaddf8ac>028ce3caf8a1ed3b650b7139aeb854351518149af709cf28fe9bd6376cb3403626;4112d695>022716fba0f9a5d46ae7b8a4412296847d63d96c763d49068e851e9be7542080b1	stcpr	168.54	028ce3caf8a1ed3b650b7139aeb854351518149af709cf28fe9bd6376cb3403626	541	0	-	-	exit-sent	4112d695	no	10	261.48	4672	4608
8	mux-standby-32-t3	up	10000000	696629b6	49300	standby	out	696629b6>03ecc7d108a98480b40a85bbfadb8f477d0c3559316306dcd7ba52fa3d21dad91e;75b62c04>022716fba0f9a5d46ae7b8a4412296847d63d96c763d49068e851e9be7542080b1	stcpr	171.105	03ecc7d108a98480b40a85bbfadb8f477d0c3559316306dcd7ba52fa3d21dad91e	504	0	-	-	exit-sent	75b62c04	no	6	265.98	4544	4640
8	mux-standby-32-t3	up	10000000	287b1d97	49301	standby	out	287b1d97>03b934e8a26ddb9d635381df94dbf778cdfebf53f8956902ec3a7837524a75024f;9d5d85da>022716fba0f9a5d46ae7b8a4412296847d63d96c763d49068e851e9be7542080b1	stcpr	169.437	03b934e8a26ddb9d635381df94dbf778cdfebf53f8956902ec3a7837524a75024f	440	0	-	-	exit-sent	9d5d85da	no	6	272.19	4512	4608
8	mux-standby-32-t3	up	10000000	619865a5	49302	standby	out	619865a5>02109a13c780fe273e48b5a7a9e030c1052156cd5afef4dff1c100598226ad8da9;25c2ebc5>022716fba0f9a5d46ae7b8a4412296847d63d96c763d49068e851e9be7542080b1	stcpr	157.229	02109a13c780fe273e48b5a7a9e030c1052156cd5afef4dff1c100598226ad8da9	432	0	-	-	exit-sent	25c2ebc5	no	12	260.94	4736	4672
8	mux-standby-32-t3	up	10000000	062c57d2	49303	standby	out	062c57d2>03dc3488e49ded9250f3cca2827ab16f6331b7ccefdad614353c785a5fc76c1b13;2d3c4852>022716fba0f9a5d46ae7b8a4412296847d63d96c763d49068e851e9be7542080b1	stcpr	172.76	03dc3488e49ded9250f3cca2827ab16f6331b7ccefdad614353c785a5fc76c1b13	395	0	-	-	exit-sent	2d3c4852	no	8	288.26	4544	4640
8	mux-standby-32-t3	up	10000000	40c0897c	49304	standby	in	40c0897c>03b403e239a42bcde3c25b73ce1bf89fc99071075f7145933a51b424df5a3a2fe3;d2b3b062>022716fba0f9a5d46ae7b8a4412296847d63d96c763d49068e851e9be7542080b1	stcpr	434.006	03b403e239a42bcde3c25b73ce1bf89fc99071075f7145933a51b424df5a3a2fe3	3226955	2202	29.2%	28.9%	exit-sent	d2b3b062	no	11	288.62	11296398	8953362
8	mux-standby-32-t3	up	10000000	e5f24143	49305	standby	out	e5f24143>024a37bae69d6be2ec51eeb9d2b7e99073c30153d06896032f5bd3c09ca843bdb9;a214890d>022716fba0f9a5d46ae7b8a4412296847d63d96c763d49068e851e9be7542080b1	stcpr	147.782	024a37bae69d6be2ec51eeb9d2b7e99073c30153d06896032f5bd3c09ca843bdb9	504	0	-	-	exit-sent	a214890d	no	6	243.88	4544	4640
8	mux-standby-32-t3	up	10000000	1bda3d87	49306	standby	out	1bda3d87>03d1063b6503b67d94b5411a92ec418056d72799583748180141600f0f18de7a5b;314453d6>022716fba0f9a5d46ae7b8a4412296847d63d96c763d49068e851e9be7542080b1	stcpr	164.527	03d1063b6503b67d94b5411a92ec418056d72799583748180141600f0f18de7a5b	440	0	-	-	exit-sent	314453d6	no	8	274.29	4608	4608
8	mux-standby-32-t3	up	10000000	977b7c08	49308	standby	out	977b7c08>03e977883c41fca1e63a178398c46574b7ab8d4f381266c852242f473881c32337;6f46dafc>022716fba0f9a5d46ae7b8a4412296847d63d96c763d49068e851e9be7542080b1	stcpr	159.179	03e977883c41fca1e63a178398c46574b7ab8d4f381266c852242f473881c32337	440	0	-	-	exit-sent	6f46dafc	no	8	267.24	4576	4608
8	mux-standby-32-t3	up	10000000	a94550f5	49309	standby	out	a94550f5>025cc9b7ba632d57c12ccad1eb31c47a942dede14d1e174ac6c19a4988abb200c0;f3dfb306>022716fba0f9a5d46ae7b8a4412296847d63d96c763d49068e851e9be7542080b1	stcpr	165.273	025cc9b7ba632d57c12ccad1eb31c47a942dede14d1e174ac6c19a4988abb200c0	432	0	-	-	exit-sent	f3dfb306	no	7	265.91	4544	4608
8	mux-standby-32-t3	up	10000000	afa66373	49310	standby	out	afa66373>03634a5464d2ef3c257c530b77467265526f010d15a82dab765606abe63426db45;6167786b>022716fba0f9a5d46ae7b8a4412296847d63d96c763d49068e851e9be7542080b1	stcpr	169.47	03634a5464d2ef3c257c530b77467265526f010d15a82dab765606abe63426db45	504	0	-	-	exit-sent	6167786b	no	6	269.19	4512	4608
8	mux-standby-32-t3	up	10000000	bbed733f	49311	standby	out	bbed733f>02b3a85aee85dece633272731c2e37867a39fa9127f28233ad18ed0051184fc40a;d30e45c7>022716fba0f9a5d46ae7b8a4412296847d63d96c763d49068e851e9be7542080b1	stcpr	165.43	02b3a85aee85dece633272731c2e37867a39fa9127f28233ad18ed0051184fc40a	509	0	-	-	exit-sent	d30e45c7	no	7	269.47	4512	4576
8	mux-standby-32-t3	up	10000000	ee5902d2	49312	standby	out	ee5902d2>0397b427c1e522b768389db1fdfab3943a74e69683800fe4950af7dfb3bf66893c;2dfdb077>022716fba0f9a5d46ae7b8a4412296847d63d96c763d49068e851e9be7542080b1	stcpr	165.252	0397b427c1e522b768389db1fdfab3943a74e69683800fe4950af7dfb3bf66893c	413	0	-	-	exit-sent	2dfdb077	no	7	266.67	4512	4512
8	mux-standby-32-t3	up	10000000	30f42c30	49313	standby	out	30f42c30>03eba64189c636ab77c2da630bf2a0c77061bc783e59f80fd39015a42f9ae6ce01;0d8257e2>022716fba0f9a5d46ae7b8a4412296847d63d96c763d49068e851e9be7542080b1	stcpr	159.163	03eba64189c636ab77c2da630bf2a0c77061bc783e59f80fd39015a42f9ae6ce01	432	0	-	-	exit-sent	0d8257e2	no	17	259.9	4832	4704
8	mux-standby-32-t3	up	10000000	fc2eaf78	49314	standby	out	fc2eaf78>03946b98fa081393f55cb5d130467c99de2267248a5bcadf570419feb18ad9d7b4;eb294537>022716fba0f9a5d46ae7b8a4412296847d63d96c763d49068e851e9be7542080b1	stcpr	167.233	03946b98fa081393f55cb5d130467c99de2267248a5bcadf570419feb18ad9d7b4	504	0	-	-	exit-sent	eb294537	no	15	269.63	4768	4704
8	mux-standby-32-t3	up	10000000	4aa23edc	49315	standby	out	4aa23edc>02f65a515856df60ef5b135740b0b2bdd085da3427cc12d02405d5496a63b0b72a;90e12bb9>022716fba0f9a5d46ae7b8a4412296847d63d96c763d49068e851e9be7542080b1	stcpr	163.745	02f65a515856df60ef5b135740b0b2bdd085da3427cc12d02405d5496a63b0b72a	440	0	-	-	exit-sent	90e12bb9	no	7	266.48	4512	4576
8	mux-standby-32-t3	up	10000000	3e214e29	49316	standby	out	3e214e29>0335cab89b9352e1052ddc431a35aa5adbd5667046d09e7a6b06c295af09795e7e;ab79e81f>022716fba0f9a5d46ae7b8a4412296847d63d96c763d49068e851e9be7542080b1	stcpr	519.408792	0335cab89b9352e1052ddc431a35aa5adbd5667046d09e7a6b06c295af09795e7e	469	0	-	-	exit-sent	ab79e81f	no	8	269.27	4480	4512
8	mux-standby-32-t3	up	10000000	770b2d43	49317	standby	out	770b2d43>031e6a72596e6be53c32b4d1909da233846bcef0000f72a0314072c10b9fc35d3c;91846477>022716fba0f9a5d46ae7b8a4412296847d63d96c763d49068e851e9be7542080b1	stcpr	186.748863	031e6a72596e6be53c32b4d1909da233846bcef0000f72a0314072c10b9fc35d3c	477	0	-	-	exit-sent	91846477	no	9	265.85	4512	4512
8	mux-standby-32-t3	up	10000000	25b03079	49318	standby	out	25b03079>02c43f7d6da81cdca65fcf41906ff321f0d9f14e4c9ab0ff8b54b8ec64cce11bf0;18e8b97b>022716fba0f9a5d46ae7b8a4412296847d63d96c763d49068e851e9be7542080b1	stcpr	311.078083	02c43f7d6da81cdca65fcf41906ff321f0d9f14e4c9ab0ff8b54b8ec64cce11bf0	477	0	-	-	exit-sent	18e8b97b	no	7	266.19	4448	4512
8	mux-standby-32-t3	up	10000000	54999ec3	49319	standby	out	54999ec3>0276161280817ad1cd3d637f5396f2b937f1973ba24d37ecf199085fe75166c28a;bcacf948>022716fba0f9a5d46ae7b8a4412296847d63d96c763d49068e851e9be7542080b1	stcpr	93.985362	0276161280817ad1cd3d637f5396f2b937f1973ba24d37ecf199085fe75166c28a	477	0	-	-	exit-sent	bcacf948	no	6	272.11	4416	4512
8	mux-standby-32-t3	up	10000000	ebbe12da	49320	standby	out	ebbe12da>03bd764901d9dc1e982eed39634564625bd245f4e56b9dc7f11017c148264d9458;143843a8>022716fba0f9a5d46ae7b8a4412296847d63d96c763d49068e851e9be7542080b1	stcpr	544.330314	03bd764901d9dc1e982eed39634564625bd245f4e56b9dc7f11017c148264d9458	521	0	-	-	exit-sent	143843a8	no	10	293.07	4544	4544
8	mux-standby-32-t3	up	10000000	475d59a5	49321	standby	out	475d59a5>02b1d9c56928f533ea9b309f8a53ed4807ee4e0193ef3c3a0234033313feceb8f2;99a80e72>022716fba0f9a5d46ae7b8a4412296847d63d96c763d49068e851e9be7542080b1	stcpr	187.757322	02b1d9c56928f533ea9b309f8a53ed4807ee4e0193ef3c3a0234033313feceb8f2	538	0	-	-	exit-sent	99a80e72	no	8	285.98	4480	4512
9	mux-standby-32-t4	up	10000000	b414796d	49289	active	in	b414796d>022716fba0f9a5d46ae7b8a4412296847d63d96c763d49068e851e9be7542080b1	stcpr	138.637	022716fba0f9a5d46ae7b8a4412296847d63d96c763d49068e851e9be7542080b1	2859972	1410	28.6%	27.9%	exit-sent	b414796d	no	9	235.23	20800384	11500223
9	mux-standby-32-t4	up	10000000	95839ad0	49290	active	in	95839ad0>0371ab4bcff7b121f4b91f6856d6740c6f9dc1fe716977850aeb5d84378b300a13;dc5330cf>022716fba0f9a5d46ae7b8a4412296847d63d96c763d49068e851e9be7542080b1	stcpr	127.59	0371ab4bcff7b121f4b91f6856d6740c6f9dc1fe716977850aeb5d84378b300a13	4289572	2071	42.9%	41.0%	exit-sent	dc5330cf	no	13	466.78	18468674	17796051
9	mux-standby-32-t4	up	10000000	7a64a71c	49291	standby	out	7a64a71c>02f0fabacf587c096ca7e38846b16f2617cbeeeca7bd7a06e73b2030f8645dd00f;79a37fb3>022716fba0f9a5d46ae7b8a4412296847d63d96c763d49068e851e9be7542080b1	stcpr	178.998	02f0fabacf587c096ca7e38846b16f2617cbeeeca7bd7a06e73b2030f8645dd00f	188	0	-	-	exit-sent	79a37fb3	no	6	250.26	4960	5056
9	mux-standby-32-t4	up	10000000	bd6baec7	49292	standby	out	bd6baec7>02090aec59b40207d8662c82e4ecfc524b740c27f2fb98cfb5582833a66bdcb797;cab03f16>022716fba0f9a5d46ae7b8a4412296847d63d96c763d49068e851e9be7542080b1	stcpr	153.801	02090aec59b40207d8662c82e4ecfc524b740c27f2fb98cfb5582833a66bdcb797	188	0	-	-	exit-sent	cab03f16	no	9	251.48	5056	5024
9	mux-standby-32-t4	up	10000000	582c8788	49293	standby	out	582c8788>039fc26e1088917d070659ecc0a233d96534a28842d996ae9c6531753613db7be0;d1bd7a30>022716fba0f9a5d46ae7b8a4412296847d63d96c763d49068e851e9be7542080b1	stcpr	245.988	039fc26e1088917d070659ecc0a233d96534a28842d996ae9c6531753613db7be0	180	0	-	-	exit-sent	d1bd7a30	no	11	267.58	5120	5088
9	mux-standby-32-t4	up	10000000	e5faa6e0	49294	standby	out	e5faa6e0>02230b0a96a6f94179fab58196d3dfa1e19070faeae82d6900971462996541e774;47361294>022716fba0f9a5d46ae7b8a4412296847d63d96c763d49068e851e9be7542080b1	stcpr	151.45	02230b0a96a6f94179fab58196d3dfa1e19070faeae82d6900971462996541e774	196	0	-	-	exit-sent	47361294	no	10	243.32	5088	5024
9	mux-standby-32-t4	up	10000000	b71ddf99	49295	standby	out	b71ddf99>0328947fced4d4b7beb65a6ef60d579e42d7976168c292cbd6d28b5b8bdc85757f;47828219>022716fba0f9a5d46ae7b8a4412296847d63d96c763d49068e851e9be7542080b1	stcpr	152.605	0328947fced4d4b7beb65a6ef60d579e42d7976168c292cbd6d28b5b8bdc85757f	188	0	-	-	exit-sent	47828219	no	9	248.61	5056	5024
9	mux-standby-32-t4	up	10000000	bf9b0de8	49296	standby	out	bf9b0de8>026a913078651938783e19416a2de99c924df209e28512da2a571868c989bf3822;c2793bef>022716fba0f9a5d46ae7b8a4412296847d63d96c763d49068e851e9be7542080b1	stcpr	154.292	026a913078651938783e19416a2de99c924df209e28512da2a571868c989bf3822	196	0	-	-	exit-sent	c2793bef	no	11	255.46	5120	5024
9	mux-standby-32-t4	up	10000000	3ce660ee	49297	standby	out	3ce660ee>02e8e60a95f36a142fc7ac45dc98859ccda853f879bf537937fd72a8dbeec7982c;b21c3cf1>022716fba0f9a5d46ae7b8a4412296847d63d96c763d49068e851e9be7542080b1	stcpr	138.768	02e8e60a95f36a142fc7ac45dc98859ccda853f879bf537937fd72a8dbeec7982c	212	0	-	-	exit-sent	b21c3cf1	no	9	237.45	5056	5024
9	mux-standby-32-t4	up	10000000	ea69bc13	49298	standby	out	ea69bc13>03dd3a272482055da08828fafffe0cb537915a52e71c92bfc9bf3140ab0153cd7c;ce4708f1>022716fba0f9a5d46ae7b8a4412296847d63d96c763d49068e851e9be7542080b1	stcpr	148.602	03dd3a272482055da08828fafffe0cb537915a52e71c92bfc9bf3140ab0153cd7c	156	0	-	-	exit-sent	ce4708f1	no	9	247.81	5088	5024
9	mux-standby-32-t4	up	10000000	eaddf8ac	49299	standby	out	eaddf8ac>028ce3caf8a1ed3b650b7139aeb854351518149af709cf28fe9bd6376cb3403626;4112d695>022716fba0f9a5d46ae7b8a4412296847d63d96c763d49068e851e9be7542080b1	stcpr	168.54	028ce3caf8a1ed3b650b7139aeb854351518149af709cf28fe9bd6376cb3403626	151	0	-	-	exit-sent	4112d695	no	10	260.91	5024	4960
9	mux-standby-32-t4	up	10000000	696629b6	49300	standby	out	696629b6>03ecc7d108a98480b40a85bbfadb8f477d0c3559316306dcd7ba52fa3d21dad91e;75b62c04>022716fba0f9a5d46ae7b8a4412296847d63d96c763d49068e851e9be7542080b1	stcpr	171.105	03ecc7d108a98480b40a85bbfadb8f477d0c3559316306dcd7ba52fa3d21dad91e	212	0	-	-	exit-sent	75b62c04	no	6	260.2	4896	4992
9	mux-standby-32-t4	up	10000000	287b1d97	49301	standby	out	287b1d97>03b934e8a26ddb9d635381df94dbf778cdfebf53f8956902ec3a7837524a75024f;9d5d85da>022716fba0f9a5d46ae7b8a4412296847d63d96c763d49068e851e9be7542080b1	stcpr	169.437	03b934e8a26ddb9d635381df94dbf778cdfebf53f8956902ec3a7837524a75024f	244	0	-	-	exit-sent	9d5d85da	no	6	260.72	4864	4960
9	mux-standby-32-t4	up	10000000	619865a5	49302	standby	out	619865a5>02109a13c780fe273e48b5a7a9e030c1052156cd5afef4dff1c100598226ad8da9;25c2ebc5>022716fba0f9a5d46ae7b8a4412296847d63d96c763d49068e851e9be7542080b1	stcpr	157.229	02109a13c780fe273e48b5a7a9e030c1052156cd5afef4dff1c100598226ad8da9	212	0	-	-	exit-sent	25c2ebc5	no	12	272.47	5088	5024
9	mux-standby-32-t4	up	10000000	062c57d2	49303	standby	out	062c57d2>03dc3488e49ded9250f3cca2827ab16f6331b7ccefdad614353c785a5fc76c1b13;2d3c4852>022716fba0f9a5d46ae7b8a4412296847d63d96c763d49068e851e9be7542080b1	stcpr	172.76	03dc3488e49ded9250f3cca2827ab16f6331b7ccefdad614353c785a5fc76c1b13	244	0	-	-	exit-sent	2d3c4852	no	8	262.31	4896	4992
9	mux-standby-32-t4	up	10000000	40c0897c	49304	standby	in	40c0897c>03b403e239a42bcde3c25b73ce1bf89fc99071075f7145933a51b424df5a3a2fe3;d2b3b062>022716fba0f9a5d46ae7b8a4412296847d63d96c763d49068e851e9be7542080b1	stcpr	434.006	03b403e239a42bcde3c25b73ce1bf89fc99071075f7145933a51b424df5a3a2fe3	2859674	1568	28.6%	31.1%	exit-sent	d2b3b062	no	13	277.78	11297966	11813188
9	mux-standby-32-t4	up	10000000	e5f24143	49305	standby	out	e5f24143>024a37bae69d6be2ec51eeb9d2b7e99073c30153d06896032f5bd3c09ca843bdb9;a214890d>022716fba0f9a5d46ae7b8a4412296847d63d96c763d49068e851e9be7542080b1	stcpr	147.782	024a37bae69d6be2ec51eeb9d2b7e99073c30153d06896032f5bd3c09ca843bdb9	196	0	-	-	exit-sent	a214890d	no	6	251.68	4896	4992
9	mux-standby-32-t4	up	10000000	1bda3d87	49306	standby	out	1bda3d87>03d1063b6503b67d94b5411a92ec418056d72799583748180141600f0f18de7a5b;314453d6>022716fba0f9a5d46ae7b8a4412296847d63d96c763d49068e851e9be7542080b1	stcpr	164.527	03d1063b6503b67d94b5411a92ec418056d72799583748180141600f0f18de7a5b	252	0	-	-	exit-sent	314453d6	no	8	320.45	4960	4960
9	mux-standby-32-t4	up	10000000	977b7c08	49308	standby	out	977b7c08>03e977883c41fca1e63a178398c46574b7ab8d4f381266c852242f473881c32337;6f46dafc>022716fba0f9a5d46ae7b8a4412296847d63d96c763d49068e851e9be7542080b1	stcpr	159.179	03e977883c41fca1e63a178398c46574b7ab8d4f381266c852242f473881c32337	183	0	-	-	exit-sent	6f46dafc	no	8	261.52	4928	4960
9	mux-standby-32-t4	up	10000000	a94550f5	49309	standby	out	a94550f5>025cc9b7ba632d57c12ccad1eb31c47a942dede14d1e174ac6c19a4988abb200c0;f3dfb306>022716fba0f9a5d46ae7b8a4412296847d63d96c763d49068e851e9be7542080b1	stcpr	165.273	025cc9b7ba632d57c12ccad1eb31c47a942dede14d1e174ac6c19a4988abb200c0	183	0	-	-	exit-sent	f3dfb306	no	7	255.57	4896	4960
9	mux-standby-32-t4	up	10000000	afa66373	49310	standby	out	afa66373>03634a5464d2ef3c257c530b77467265526f010d15a82dab765606abe63426db45;6167786b>022716fba0f9a5d46ae7b8a4412296847d63d96c763d49068e851e9be7542080b1	stcpr	169.47	03634a5464d2ef3c257c530b77467265526f010d15a82dab765606abe63426db45	215	0	-	-	exit-sent	6167786b	no	6	260.71	4864	4960
9	mux-standby-32-t4	up	10000000	bbed733f	49311	standby	out	bbed733f>02b3a85aee85dece633272731c2e37867a39fa9127f28233ad18ed0051184fc40a;d30e45c7>022716fba0f9a5d46ae7b8a4412296847d63d96c763d49068e851e9be7542080b1	stcpr	165.43	02b3a85aee85dece633272731c2e37867a39fa9127f28233ad18ed0051184fc40a	220	0	-	-	exit-sent	d30e45c7	no	7	266.84	4864	4928
9	mux-standby-32-t4	up	10000000	ee5902d2	49312	standby	out	ee5902d2>0397b427c1e522b768389db1fdfab3943a74e69683800fe4950af7dfb3bf66893c;2dfdb077>022716fba0f9a5d46ae7b8a4412296847d63d96c763d49068e851e9be7542080b1	stcpr	165.252	0397b427c1e522b768389db1fdfab3943a74e69683800fe4950af7dfb3bf66893c	167	0	-	-	exit-sent	2dfdb077	no	7	255.15	4864	4864
9	mux-standby-32-t4	up	10000000	30f42c30	49313	standby	out	30f42c30>03eba64189c636ab77c2da630bf2a0c77061bc783e59f80fd39015a42f9ae6ce01;0d8257e2>022716fba0f9a5d46ae7b8a4412296847d63d96c763d49068e851e9be7542080b1	stcpr	159.163	03eba64189c636ab77c2da630bf2a0c77061bc783e59f80fd39015a42f9ae6ce01	244	0	-	-	exit-sent	0d8257e2	no	17	273.55	5184	5056
9	mux-standby-32-t4	up	10000000	fc2eaf78	49314	standby	out	fc2eaf78>03946b98fa081393f55cb5d130467c99de2267248a5bcadf570419feb18ad9d7b4;eb294537>022716fba0f9a5d46ae7b8a4412296847d63d96c763d49068e851e9be7542080b1	stcpr	167.233	03946b98fa081393f55cb5d130467c99de2267248a5bcadf570419feb18ad9d7b4	151	0	-	-	exit-sent	eb294537	no	15	282.99	5120	5056
9	mux-standby-32-t4	up	10000000	4aa23edc	49315	standby	out	4aa23edc>02f65a515856df60ef5b135740b0b2bdd085da3427cc12d02405d5496a63b0b72a;90e12bb9>022716fba0f9a5d46ae7b8a4412296847d63d96c763d49068e851e9be7542080b1	stcpr	163.745	02f65a515856df60ef5b135740b0b2bdd085da3427cc12d02405d5496a63b0b72a	212	0	-	-	exit-sent	90e12bb9	no	7	259.98	4864	4928
9	mux-standby-32-t4	up	10000000	3e214e29	49316	standby	out	3e214e29>0335cab89b9352e1052ddc431a35aa5adbd5667046d09e7a6b06c295af09795e7e;ab79e81f>022716fba0f9a5d46ae7b8a4412296847d63d96c763d49068e851e9be7542080b1	stcpr	519.408792	0335cab89b9352e1052ddc431a35aa5adbd5667046d09e7a6b06c295af09795e7e	180	0	-	-	exit-sent	ab79e81f	no	8	265.74	4832	4864
9	mux-standby-32-t4	up	10000000	770b2d43	49317	standby	out	770b2d43>031e6a72596e6be53c32b4d1909da233846bcef0000f72a0314072c10b9fc35d3c;91846477>022716fba0f9a5d46ae7b8a4412296847d63d96c763d49068e851e9be7542080b1	stcpr	186.748863	031e6a72596e6be53c32b4d1909da233846bcef0000f72a0314072c10b9fc35d3c	217	0	-	-	exit-sent	91846477	no	10	316	4896	4864
9	mux-standby-32-t4	up	10000000	25b03079	49318	standby	out	25b03079>02c43f7d6da81cdca65fcf41906ff321f0d9f14e4c9ab0ff8b54b8ec64cce11bf0;18e8b97b>022716fba0f9a5d46ae7b8a4412296847d63d96c763d49068e851e9be7542080b1	stcpr	311.078083	02c43f7d6da81cdca65fcf41906ff321f0d9f14e4c9ab0ff8b54b8ec64cce11bf0	220	0	-	-	exit-sent	18e8b97b	no	7	261.67	4800	4864
9	mux-standby-32-t4	up	10000000	54999ec3	49319	standby	out	54999ec3>0276161280817ad1cd3d637f5396f2b937f1973ba24d37ecf199085fe75166c28a;bcacf948>022716fba0f9a5d46ae7b8a4412296847d63d96c763d49068e851e9be7542080b1	stcpr	93.985362	0276161280817ad1cd3d637f5396f2b937f1973ba24d37ecf199085fe75166c28a	220	0	-	-	exit-sent	bcacf948	no	6	275.92	4768	4864
9	mux-standby-32-t4	up	10000000	ebbe12da	49320	standby	out	ebbe12da>03bd764901d9dc1e982eed39634564625bd245f4e56b9dc7f11017c148264d9458;143843a8>022716fba0f9a5d46ae7b8a4412296847d63d96c763d49068e851e9be7542080b1	stcpr	544.330314	03bd764901d9dc1e982eed39634564625bd245f4e56b9dc7f11017c148264d9458	191	0	-	-	exit-sent	143843a8	no	10	318.07	4896	4896
9	mux-standby-32-t4	up	10000000	475d59a5	49321	standby	out	475d59a5>02b1d9c56928f533ea9b309f8a53ed4807ee4e0193ef3c3a0234033313feceb8f2;99a80e72>022716fba0f9a5d46ae7b8a4412296847d63d96c763d49068e851e9be7542080b1	stcpr	187.757322	02b1d9c56928f533ea9b309f8a53ed4807ee4e0193ef3c3a0234033313feceb8f2	212	0	-	-	exit-sent	99a80e72	no	8	312.99	4832	4864
10	mux-standby-32-t5	up	10000000	b414796d	49289	active	in	b414796d>022716fba0f9a5d46ae7b8a4412296847d63d96c763d49068e851e9be7542080b1	stcpr	138.637	022716fba0f9a5d46ae7b8a4412296847d63d96c763d49068e851e9be7542080b1	2860091	1534	28.4%	26.5%	exit-sent	b414796d	no	10	234.15	20801918	14360245
10	mux-standby-32-t5	up	10000000	95839ad0	49290	active	in	95839ad0>0371ab4bcff7b121f4b91f6856d6740c6f9dc1fe716977850aeb5d84378b300a13;dc5330cf>022716fba0f9a5d46ae7b8a4412296847d63d96c763d49068e851e9be7542080b1	stcpr	127.59	0371ab4bcff7b121f4b91f6856d6740c6f9dc1fe716977850aeb5d84378b300a13	4289643	2261	42.6%	39.1%	exit-sent	dc5330cf	no	14	227.97	18470935	22085932
10	mux-standby-32-t5	up	10000000	7a64a71c	49291	standby	out	7a64a71c>02f0fabacf587c096ca7e38846b16f2617cbeeeca7bd7a06e73b2030f8645dd00f;79a37fb3>022716fba0f9a5d46ae7b8a4412296847d63d96c763d49068e851e9be7542080b1	stcpr	178.998	02f0fabacf587c096ca7e38846b16f2617cbeeeca7bd7a06e73b2030f8645dd00f	286	0	-	-	exit-sent	79a37fb3	no	6	263.69	5472	5568
10	mux-standby-32-t5	up	10000000	bd6baec7	49292	standby	out	bd6baec7>02090aec59b40207d8662c82e4ecfc524b740c27f2fb98cfb5582833a66bdcb797;cab03f16>022716fba0f9a5d46ae7b8a4412296847d63d96c763d49068e851e9be7542080b1	stcpr	153.801	02090aec59b40207d8662c82e4ecfc524b740c27f2fb98cfb5582833a66bdcb797	294	0	-	-	exit-sent	cab03f16	no	9	269.29	5568	5536
10	mux-standby-32-t5	up	10000000	582c8788	49293	standby	out	582c8788>039fc26e1088917d070659ecc0a233d96534a28842d996ae9c6531753613db7be0;d1bd7a30>022716fba0f9a5d46ae7b8a4412296847d63d96c763d49068e851e9be7542080b1	stcpr	245.988	039fc26e1088917d070659ecc0a233d96534a28842d996ae9c6531753613db7be0	291	0	-	-	exit-sent	d1bd7a30	no	12	251.17	5664	5632
10	mux-standby-32-t5	up	10000000	e5faa6e0	49294	standby	out	e5faa6e0>02230b0a96a6f94179fab58196d3dfa1e19070faeae82d6900971462996541e774;47361294>022716fba0f9a5d46ae7b8a4412296847d63d96c763d49068e851e9be7542080b1	stcpr	151.45	02230b0a96a6f94179fab58196d3dfa1e19070faeae82d6900971462996541e774	233	0	-	-	exit-sent	47361294	no	10	252.96	5600	5536
10	mux-standby-32-t5	up	10000000	b71ddf99	49295	standby	out	b71ddf99>0328947fced4d4b7beb65a6ef60d579e42d7976168c292cbd6d28b5b8bdc85757f;47828219>022716fba0f9a5d46ae7b8a4412296847d63d96c763d49068e851e9be7542080b1	stcpr	152.605	0328947fced4d4b7beb65a6ef60d579e42d7976168c292cbd6d28b5b8bdc85757f	294	0	-	-	exit-sent	47828219	no	9	259.64	5568	5536
10	mux-standby-32-t5	up	10000000	bf9b0de8	49296	standby	out	bf9b0de8>026a913078651938783e19416a2de99c924df209e28512da2a571868c989bf3822;c2793bef>022716fba0f9a5d46ae7b8a4412296847d63d96c763d49068e851e9be7542080b1	stcpr	154.292	026a913078651938783e19416a2de99c924df209e28512da2a571868c989bf3822	233	0	-	-	exit-sent	c2793bef	no	11	245.12	5632	5536
10	mux-standby-32-t5	up	10000000	3ce660ee	49297	standby	out	3ce660ee>02e8e60a95f36a142fc7ac45dc98859ccda853f879bf537937fd72a8dbeec7982c;b21c3cf1>022716fba0f9a5d46ae7b8a4412296847d63d96c763d49068e851e9be7542080b1	stcpr	138.768	02e8e60a95f36a142fc7ac45dc98859ccda853f879bf537937fd72a8dbeec7982c	299	0	-	-	exit-sent	b21c3cf1	no	9	240.51	5568	5536
10	mux-standby-32-t5	up	10000000	ea69bc13	49298	standby	out	ea69bc13>03dd3a272482055da08828fafffe0cb537915a52e71c92bfc9bf3140ab0153cd7c;ce4708f1>022716fba0f9a5d46ae7b8a4412296847d63d96c763d49068e851e9be7542080b1	stcpr	148.602	03dd3a272482055da08828fafffe0cb537915a52e71c92bfc9bf3140ab0153cd7c	225	0	-	-	exit-sent	ce4708f1	no	9	259.28	5600	5536
10	mux-standby-32-t5	up	10000000	eaddf8ac	49299	standby	out	eaddf8ac>028ce3caf8a1ed3b650b7139aeb854351518149af709cf28fe9bd6376cb3403626;4112d695>022716fba0f9a5d46ae7b8a4412296847d63d96c763d49068e851e9be7542080b1	stcpr	168.54	028ce3caf8a1ed3b650b7139aeb854351518149af709cf28fe9bd6376cb3403626	270	0	-	-	exit-sent	4112d695	no	10	263.44	5536	5472
10	mux-standby-32-t5	up	10000000	696629b6	49300	standby	out	696629b6>03ecc7d108a98480b40a85bbfadb8f477d0c3559316306dcd7ba52fa3d21dad91e;75b62c04>022716fba0f9a5d46ae7b8a4412296847d63d96c763d49068e851e9be7542080b1	stcpr	171.105	03ecc7d108a98480b40a85bbfadb8f477d0c3559316306dcd7ba52fa3d21dad91e	323	0	-	-	exit-sent	75b62c04	no	6	264.78	5408	5504
10	mux-standby-32-t5	up	10000000	287b1d97	49301	standby	out	287b1d97>03b934e8a26ddb9d635381df94dbf778cdfebf53f8956902ec3a7837524a75024f;9d5d85da>022716fba0f9a5d46ae7b8a4412296847d63d96c763d49068e851e9be7542080b1	stcpr	169.437	03b934e8a26ddb9d635381df94dbf778cdfebf53f8956902ec3a7837524a75024f	331	0	-	-	exit-sent	9d5d85da	no	6	268.99	5376	5472
10	mux-standby-32-t5	up	10000000	619865a5	49302	standby	out	619865a5>02109a13c780fe273e48b5a7a9e030c1052156cd5afef4dff1c100598226ad8da9;25c2ebc5>022716fba0f9a5d46ae7b8a4412296847d63d96c763d49068e851e9be7542080b1	stcpr	157.229	02109a13c780fe273e48b5a7a9e030c1052156cd5afef4dff1c100598226ad8da9	328	0	-	-	exit-sent	25c2ebc5	no	14	250.68	5664	5568
10	mux-standby-32-t5	up	10000000	062c57d2	49303	standby	out	062c57d2>03dc3488e49ded9250f3cca2827ab16f6331b7ccefdad614353c785a5fc76c1b13;2d3c4852>022716fba0f9a5d46ae7b8a4412296847d63d96c763d49068e851e9be7542080b1	stcpr	172.76	03dc3488e49ded9250f3cca2827ab16f6331b7ccefdad614353c785a5fc76c1b13	318	0	-	-	exit-sent	2d3c4852	no	8	267.28	5408	5504
10	mux-standby-32-t5	up	10000000	40c0897c	49304	standby	in	40c0897c>03b403e239a42bcde3c25b73ce1bf89fc99071075f7145933a51b424df5a3a2fe3;d2b3b062>022716fba0f9a5d46ae7b8a4412296847d63d96c763d49068e851e9be7542080b1	stcpr	434.006	03b403e239a42bcde3c25b73ce1bf89fc99071075f7145933a51b424df5a3a2fe3	2925364	1995	29.0%	34.5%	exit-sent	d2b3b062	no	16	267.45	11299961	14738745
10	mux-standby-32-t5	up	10000000	e5f24143	49305	standby	out	e5f24143>024a37bae69d6be2ec51eeb9d2b7e99073c30153d06896032f5bd3c09ca843bdb9;a214890d>022716fba0f9a5d46ae7b8a4412296847d63d96c763d49068e851e9be7542080b1	stcpr	147.782	024a37bae69d6be2ec51eeb9d2b7e99073c30153d06896032f5bd3c09ca843bdb9	270	0	-	-	exit-sent	a214890d	no	6	247.65	5408	5504
10	mux-standby-32-t5	up	10000000	1bda3d87	49306	standby	out	1bda3d87>03d1063b6503b67d94b5411a92ec418056d72799583748180141600f0f18de7a5b;314453d6>022716fba0f9a5d46ae7b8a4412296847d63d96c763d49068e851e9be7542080b1	stcpr	164.527	03d1063b6503b67d94b5411a92ec418056d72799583748180141600f0f18de7a5b	331	0	-	-	exit-sent	314453d6	no	8	264.29	5472	5472
10	mux-standby-32-t5	up	10000000	977b7c08	49308	standby	out	977b7c08>03e977883c41fca1e63a178398c46574b7ab8d4f381266c852242f473881c32337;6f46dafc>022716fba0f9a5d46ae7b8a4412296847d63d96c763d49068e851e9be7542080b1	stcpr	159.179	03e977883c41fca1e63a178398c46574b7ab8d4f381266c852242f473881c32337	294	0	-	-	exit-sent	6f46dafc	no	8	268.21	5440	5472
10	mux-standby-32-t5	up	10000000	a94550f5	49309	standby	out	a94550f5>025cc9b7ba632d57c12ccad1eb31c47a942dede14d1e174ac6c19a4988abb200c0;f3dfb306>022716fba0f9a5d46ae7b8a4412296847d63d96c763d49068e851e9be7542080b1	stcpr	165.273	025cc9b7ba632d57c12ccad1eb31c47a942dede14d1e174ac6c19a4988abb200c0	294	0	-	-	exit-sent	f3dfb306	no	7	263.65	5408	5472
10	mux-standby-32-t5	up	10000000	afa66373	49310	standby	out	afa66373>03634a5464d2ef3c257c530b77467265526f010d15a82dab765606abe63426db45;6167786b>022716fba0f9a5d46ae7b8a4412296847d63d96c763d49068e851e9be7542080b1	stcpr	169.47	03634a5464d2ef3c257c530b77467265526f010d15a82dab765606abe63426db45	294	0	-	-	exit-sent	6167786b	no	6	261.9	5376	5472
10	mux-standby-32-t5	up	10000000	bbed733f	49311	standby	out	bbed733f>02b3a85aee85dece633272731c2e37867a39fa9127f28233ad18ed0051184fc40a;d30e45c7>022716fba0f9a5d46ae7b8a4412296847d63d96c763d49068e851e9be7542080b1	stcpr	165.43	02b3a85aee85dece633272731c2e37867a39fa9127f28233ad18ed0051184fc40a	331	0	-	-	exit-sent	d30e45c7	no	7	269.44	5376	5440
10	mux-standby-32-t5	up	10000000	ee5902d2	49312	standby	out	ee5902d2>0397b427c1e522b768389db1fdfab3943a74e69683800fe4950af7dfb3bf66893c;2dfdb077>022716fba0f9a5d46ae7b8a4412296847d63d96c763d49068e851e9be7542080b1	stcpr	165.252	0397b427c1e522b768389db1fdfab3943a74e69683800fe4950af7dfb3bf66893c	262	0	-	-	exit-sent	2dfdb077	no	7	260.04	5376	5376
10	mux-standby-32-t5	up	10000000	30f42c30	49313	standby	out	30f42c30>03eba64189c636ab77c2da630bf2a0c77061bc783e59f80fd39015a42f9ae6ce01;0d8257e2>022716fba0f9a5d46ae7b8a4412296847d63d96c763d49068e851e9be7542080b1	stcpr	159.163	03eba64189c636ab77c2da630bf2a0c77061bc783e59f80fd39015a42f9ae6ce01	328	0	-	-	exit-sent	0d8257e2	no	19	253.39	5760	5600
10	mux-standby-32-t5	up	10000000	fc2eaf78	49314	standby	out	fc2eaf78>03946b98fa081393f55cb5d130467c99de2267248a5bcadf570419feb18ad9d7b4;eb294537>022716fba0f9a5d46ae7b8a4412296847d63d96c763d49068e851e9be7542080b1	stcpr	167.233	03946b98fa081393f55cb5d130467c99de2267248a5bcadf570419feb18ad9d7b4	262	0	-	-	exit-sent	eb294537	no	16	261.21	5664	5632
10	mux-standby-32-t5	up	10000000	4aa23edc	49315	standby	out	4aa23edc>02f65a515856df60ef5b135740b0b2bdd085da3427cc12d02405d5496a63b0b72a;90e12bb9>022716fba0f9a5d46ae7b8a4412296847d63d96c763d49068e851e9be7542080b1	stcpr	163.745	02f65a515856df60ef5b135740b0b2bdd085da3427cc12d02405d5496a63b0b72a	286	0	-	-	exit-sent	90e12bb9	no	7	264.86	5376	5440
10	mux-standby-32-t5	up	10000000	3e214e29	49316	standby	out	3e214e29>0335cab89b9352e1052ddc431a35aa5adbd5667046d09e7a6b06c295af09795e7e;ab79e81f>022716fba0f9a5d46ae7b8a4412296847d63d96c763d49068e851e9be7542080b1	stcpr	519.408792	0335cab89b9352e1052ddc431a35aa5adbd5667046d09e7a6b06c295af09795e7e	249	0	-	-	exit-sent	ab79e81f	no	8	270.61	5344	5376
10	mux-standby-32-t5	up	10000000	770b2d43	49317	standby	out	770b2d43>031e6a72596e6be53c32b4d1909da233846bcef0000f72a0314072c10b9fc35d3c;91846477>022716fba0f9a5d46ae7b8a4412296847d63d96c763d49068e851e9be7542080b1	stcpr	186.748863	031e6a72596e6be53c32b4d1909da233846bcef0000f72a0314072c10b9fc35d3c	323	0	-	-	exit-sent	91846477	no	10	264.65	5408	5376
10	mux-standby-32-t5	up	10000000	25b03079	49318	standby	out	25b03079>02c43f7d6da81cdca65fcf41906ff321f0d9f14e4c9ab0ff8b54b8ec64cce11bf0;18e8b97b>022716fba0f9a5d46ae7b8a4412296847d63d96c763d49068e851e9be7542080b1	stcpr	311.078083	02c43f7d6da81cdca65fcf41906ff321f0d9f14e4c9ab0ff8b54b8ec64cce11bf0	294	0	-	-	exit-sent	18e8b97b	no	7	264.98	5312	5376
10	mux-standby-32-t5	up	10000000	54999ec3	49319	standby	out	54999ec3>0276161280817ad1cd3d637f5396f2b937f1973ba24d37ecf199085fe75166c28a;bcacf948>022716fba0f9a5d46ae7b8a4412296847d63d96c763d49068e851e9be7542080b1	stcpr	93.985362	0276161280817ad1cd3d637f5396f2b937f1973ba24d37ecf199085fe75166c28a	294	0	-	-	exit-sent	bcacf948	no	6	269.27	5280	5376
10	mux-standby-32-t5	up	10000000	ebbe12da	49320	standby	out	ebbe12da>03bd764901d9dc1e982eed39634564625bd245f4e56b9dc7f11017c148264d9458;143843a8>022716fba0f9a5d46ae7b8a4412296847d63d96c763d49068e851e9be7542080b1	stcpr	544.330314	03bd764901d9dc1e982eed39634564625bd245f4e56b9dc7f11017c148264d9458	270	0	-	-	exit-sent	143843a8	no	10	269.84	5408	5408
10	mux-standby-32-t5	up	10000000	475d59a5	49321	standby	out	475d59a5>02b1d9c56928f533ea9b309f8a53ed4807ee4e0193ef3c3a0234033313feceb8f2;99a80e72>022716fba0f9a5d46ae7b8a4412296847d63d96c763d49068e851e9be7542080b1	stcpr	187.757322	02b1d9c56928f533ea9b309f8a53ed4807ee4e0193ef3c3a0234033313feceb8f2	249	0	-	-	exit-sent	99a80e72	no	8	267.71	5344	5376
11	mux-standby-32-t1	down	50000000	b414796d	49289	active	in	b414796d>022716fba0f9a5d46ae7b8a4412296847d63d96c763d49068e851e9be7542080b1	stcpr	138.637	022716fba0f9a5d46ae7b8a4412296847d63d96c763d49068e851e9be7542080b1	3748	20028189	54.1%	70.9%	exit-sent	b414796d	no	11	242.81	40830107	14362621
11	mux-standby-32-t1	down	50000000	7a64a71c	49291	standby	out	7a64a71c>02f0fabacf587c096ca7e38846b16f2617cbeeeca7bd7a06e73b2030f8645dd00f;79a37fb3>022716fba0f9a5d46ae7b8a4412296847d63d96c763d49068e851e9be7542080b1	stcpr	178.998	02f0fabacf587c096ca7e38846b16f2617cbeeeca7bd7a06e73b2030f8645dd00f	400	0	-	-	exit-sent	79a37fb3	no	7	259.56	6048	6112
11	mux-standby-32-t1	down	50000000	bd6baec7	49292	standby	out	bd6baec7>02090aec59b40207d8662c82e4ecfc524b740c27f2fb98cfb5582833a66bdcb797;cab03f16>022716fba0f9a5d46ae7b8a4412296847d63d96c763d49068e851e9be7542080b1	stcpr	153.801	02090aec59b40207d8662c82e4ecfc524b740c27f2fb98cfb5582833a66bdcb797	464	0	-	-	exit-sent	cab03f16	no	9	251.24	6112	6112
11	mux-standby-32-t1	down	50000000	582c8788	49293	standby	out	582c8788>039fc26e1088917d070659ecc0a233d96534a28842d996ae9c6531753613db7be0;d1bd7a30>022716fba0f9a5d46ae7b8a4412296847d63d96c763d49068e851e9be7542080b1	stcpr	245.988	039fc26e1088917d070659ecc0a233d96534a28842d996ae9c6531753613db7be0	363	0	-	-	exit-sent	d1bd7a30	no	13	408.24	6240	6208
11	mux-standby-32-t1	down	50000000	e5faa6e0	49294	standby	out	e5faa6e0>02230b0a96a6f94179fab58196d3dfa1e19070faeae82d6900971462996541e774;47361294>022716fba0f9a5d46ae7b8a4412296847d63d96c763d49068e851e9be7542080b1	stcpr	151.45	02230b0a96a6f94179fab58196d3dfa1e19070faeae82d6900971462996541e774	472	0	-	-	exit-sent	47361294	no	10	242.08	6144	6112
11	mux-standby-32-t1	down	50000000	b71ddf99	49295	standby	out	b71ddf99>0328947fced4d4b7beb65a6ef60d579e42d7976168c292cbd6d28b5b8bdc85757f;47828219>022716fba0f9a5d46ae7b8a4412296847d63d96c763d49068e851e9be7542080b1	stcpr	152.605	0328947fced4d4b7beb65a6ef60d579e42d7976168c292cbd6d28b5b8bdc85757f	376	0	-	-	exit-sent	47828219	no	9	247.48	6112	6112
11	mux-standby-32-t1	down	50000000	bf9b0de8	49296	standby	out	bf9b0de8>026a913078651938783e19416a2de99c924df209e28512da2a571868c989bf3822;c2793bef>022716fba0f9a5d46ae7b8a4412296847d63d96c763d49068e851e9be7542080b1	stcpr	154.292	026a913078651938783e19416a2de99c924df209e28512da2a571868c989bf3822	472	0	-	-	exit-sent	c2793bef	no	11	241.88	6176	6112
11	mux-standby-32-t1	down	50000000	3ce660ee	49297	standby	in	3ce660ee>02e8e60a95f36a142fc7ac45dc98859ccda853f879bf537937fd72a8dbeec7982c;b21c3cf1>022716fba0f9a5d46ae7b8a4412296847d63d96c763d49068e851e9be7542080b1	stcpr	138.768	02e8e60a95f36a142fc7ac45dc98859ccda853f879bf537937fd72a8dbeec7982c	2408	6107401	34.7%	21.6%	exit-sent	b21c3cf1	no	11	241.99	6112969	7845
11	mux-standby-32-t1	down	50000000	ea69bc13	49298	standby	out	ea69bc13>03dd3a272482055da08828fafffe0cb537915a52e71c92bfc9bf3140ab0153cd7c;ce4708f1>022716fba0f9a5d46ae7b8a4412296847d63d96c763d49068e851e9be7542080b1	stcpr	148.602	03dd3a272482055da08828fafffe0cb537915a52e71c92bfc9bf3140ab0153cd7c	472	0	-	-	exit-sent	ce4708f1	no	9	244.61	6144	6112
11	mux-standby-32-t1	down	50000000	eaddf8ac	49299	standby	out	eaddf8ac>028ce3caf8a1ed3b650b7139aeb854351518149af709cf28fe9bd6376cb3403626;4112d695>022716fba0f9a5d46ae7b8a4412296847d63d96c763d49068e851e9be7542080b1	stcpr	168.54	028ce3caf8a1ed3b650b7139aeb854351518149af709cf28fe9bd6376cb3403626	472	0	-	-	exit-sent	4112d695	no	10	262.36	6080	6048
11	mux-standby-32-t1	down	50000000	696629b6	49300	standby	out	696629b6>03ecc7d108a98480b40a85bbfadb8f477d0c3559316306dcd7ba52fa3d21dad91e;75b62c04>022716fba0f9a5d46ae7b8a4412296847d63d96c763d49068e851e9be7542080b1	stcpr	171.105	03ecc7d108a98480b40a85bbfadb8f477d0c3559316306dcd7ba52fa3d21dad91e	400	0	-	-	exit-sent	75b62c04	no	7	260.78	5984	6080
11	mux-standby-32-t1	down	50000000	287b1d97	49301	standby	out	287b1d97>03b934e8a26ddb9d635381df94dbf778cdfebf53f8956902ec3a7837524a75024f;9d5d85da>022716fba0f9a5d46ae7b8a4412296847d63d96c763d49068e851e9be7542080b1	stcpr	169.437	03b934e8a26ddb9d635381df94dbf778cdfebf53f8956902ec3a7837524a75024f	432	0	-	-	exit-sent	9d5d85da	no	6	262.55	5920	6048
11	mux-standby-32-t1	down	50000000	619865a5	49302	standby	out	619865a5>02109a13c780fe273e48b5a7a9e030c1052156cd5afef4dff1c100598226ad8da9;25c2ebc5>022716fba0f9a5d46ae7b8a4412296847d63d96c763d49068e851e9be7542080b1	stcpr	157.229	02109a13c780fe273e48b5a7a9e030c1052156cd5afef4dff1c100598226ad8da9	395	0	-	-	exit-sent	25c2ebc5	no	14	397.69	6208	6144
11	mux-standby-32-t1	down	50000000	062c57d2	49303	standby	out	062c57d2>03dc3488e49ded9250f3cca2827ab16f6331b7ccefdad614353c785a5fc76c1b13;2d3c4852>022716fba0f9a5d46ae7b8a4412296847d63d96c763d49068e851e9be7542080b1	stcpr	172.76	03dc3488e49ded9250f3cca2827ab16f6331b7ccefdad614353c785a5fc76c1b13	424	0	-	-	exit-sent	2d3c4852	no	8	262.17	5952	6080
11	mux-standby-32-t1	down	50000000	e5f24143	49305	standby	in	e5f24143>024a37bae69d6be2ec51eeb9d2b7e99073c30153d06896032f5bd3c09ca843bdb9;a214890d>022716fba0f9a5d46ae7b8a4412296847d63d96c763d49068e851e9be7542080b1	stcpr	147.782	024a37bae69d6be2ec51eeb9d2b7e99073c30153d06896032f5bd3c09ca843bdb9	775	2113734	11.2%	7.5%	exit-sent	a214890d	no	7	247.96	2119142	6392
11	mux-standby-32-t1	down	50000000	1bda3d87	49306	standby	out	1bda3d87>03d1063b6503b67d94b5411a92ec418056d72799583748180141600f0f18de7a5b;314453d6>022716fba0f9a5d46ae7b8a4412296847d63d96c763d49068e851e9be7542080b1	stcpr	164.527	03d1063b6503b67d94b5411a92ec418056d72799583748180141600f0f18de7a5b	432	0	-	-	exit-sent	314453d6	no	8	277.72	6016	6048
11	mux-standby-32-t1	down	50000000	977b7c08	49308	standby	out	977b7c08>03e977883c41fca1e63a178398c46574b7ab8d4f381266c852242f473881c32337;6f46dafc>022716fba0f9a5d46ae7b8a4412296847d63d96c763d49068e851e9be7542080b1	stcpr	159.179	03e977883c41fca1e63a178398c46574b7ab8d4f381266c852242f473881c32337	408	0	-	-	exit-sent	6f46dafc	no	8	258.17	5984	6016
11	mux-standby-32-t1	down	50000000	a94550f5	49309	standby	out	a94550f5>025cc9b7ba632d57c12ccad1eb31c47a942dede14d1e174ac6c19a4988abb200c0;f3dfb306>022716fba0f9a5d46ae7b8a4412296847d63d96c763d49068e851e9be7542080b1	stcpr	165.273	025cc9b7ba632d57c12ccad1eb31c47a942dede14d1e174ac6c19a4988abb200c0	400	0	-	-	exit-sent	f3dfb306	no	8	259.55	5984	6016
11	mux-standby-32-t1	down	50000000	afa66373	49310	standby	out	afa66373>03634a5464d2ef3c257c530b77467265526f010d15a82dab765606abe63426db45;6167786b>022716fba0f9a5d46ae7b8a4412296847d63d96c763d49068e851e9be7542080b1	stcpr	169.47	03634a5464d2ef3c257c530b77467265526f010d15a82dab765606abe63426db45	400	0	-	-	exit-sent	6167786b	no	6	264.14	5920	6016
11	mux-standby-32-t1	down	50000000	bbed733f	49311	standby	out	bbed733f>02b3a85aee85dece633272731c2e37867a39fa9127f28233ad18ed0051184fc40a;d30e45c7>022716fba0f9a5d46ae7b8a4412296847d63d96c763d49068e851e9be7542080b1	stcpr	165.43	02b3a85aee85dece633272731c2e37867a39fa9127f28233ad18ed0051184fc40a	363	0	-	-	exit-sent	d30e45c7	no	7	264.27	5920	5984
11	mux-standby-32-t1	down	50000000	ee5902d2	49312	standby	out	ee5902d2>0397b427c1e522b768389db1fdfab3943a74e69683800fe4950af7dfb3bf66893c;2dfdb077>022716fba0f9a5d46ae7b8a4412296847d63d96c763d49068e851e9be7542080b1	stcpr	165.252	0397b427c1e522b768389db1fdfab3943a74e69683800fe4950af7dfb3bf66893c	440	0	-	-	exit-sent	2dfdb077	no	7	259.73	5920	5984
11	mux-standby-32-t1	down	50000000	30f42c30	49313	standby	out	30f42c30>03eba64189c636ab77c2da630bf2a0c77061bc783e59f80fd39015a42f9ae6ce01;0d8257e2>022716fba0f9a5d46ae7b8a4412296847d63d96c763d49068e851e9be7542080b1	stcpr	159.163	03eba64189c636ab77c2da630bf2a0c77061bc783e59f80fd39015a42f9ae6ce01	360	0	-	-	exit-sent	0d8257e2	no	19	401.59	6304	6176
11	mux-standby-32-t1	down	50000000	fc2eaf78	49314	standby	out	fc2eaf78>03946b98fa081393f55cb5d130467c99de2267248a5bcadf570419feb18ad9d7b4;eb294537>022716fba0f9a5d46ae7b8a4412296847d63d96c763d49068e851e9be7542080b1	stcpr	167.233	03946b98fa081393f55cb5d130467c99de2267248a5bcadf570419feb18ad9d7b4	472	0	-	-	exit-sent	eb294537	no	16	387.57	6208	6176
11	mux-standby-32-t1	down	50000000	4aa23edc	49315	standby	out	4aa23edc>02f65a515856df60ef5b135740b0b2bdd085da3427cc12d02405d5496a63b0b72a;90e12bb9>022716fba0f9a5d46ae7b8a4412296847d63d96c763d49068e851e9be7542080b1	stcpr	163.745	02f65a515856df60ef5b135740b0b2bdd085da3427cc12d02405d5496a63b0b72a	371	0	-	-	exit-sent	90e12bb9	no	7	255.27	5920	6016
11	mux-standby-32-t1	down	50000000	3e214e29	49316	standby	out	3e214e29>0335cab89b9352e1052ddc431a35aa5adbd5667046d09e7a6b06c295af09795e7e;ab79e81f>022716fba0f9a5d46ae7b8a4412296847d63d96c763d49068e851e9be7542080b1	stcpr	519.408792	0335cab89b9352e1052ddc431a35aa5adbd5667046d09e7a6b06c295af09795e7e	387	0	-	-	exit-sent	ab79e81f	no	8	266.75	5888	5920
11	mux-standby-32-t1	down	50000000	770b2d43	49317	standby	out	770b2d43>031e6a72596e6be53c32b4d1909da233846bcef0000f72a0314072c10b9fc35d3c;91846477>022716fba0f9a5d46ae7b8a4412296847d63d96c763d49068e851e9be7542080b1	stcpr	186.748863	031e6a72596e6be53c32b4d1909da233846bcef0000f72a0314072c10b9fc35d3c	432	0	-	-	exit-sent	91846477	no	10	276.47	5952	5952
11	mux-standby-32-t1	down	50000000	25b03079	49318	standby	out	25b03079>02c43f7d6da81cdca65fcf41906ff321f0d9f14e4c9ab0ff8b54b8ec64cce11bf0;18e8b97b>022716fba0f9a5d46ae7b8a4412296847d63d96c763d49068e851e9be7542080b1	stcpr	311.078083	02c43f7d6da81cdca65fcf41906ff321f0d9f14e4c9ab0ff8b54b8ec64cce11bf0	464	0	-	-	exit-sent	18e8b97b	no	8	271.24	5888	5920
11	mux-standby-32-t1	down	50000000	54999ec3	49319	standby	out	54999ec3>0276161280817ad1cd3d637f5396f2b937f1973ba24d37ecf199085fe75166c28a;bcacf948>022716fba0f9a5d46ae7b8a4412296847d63d96c763d49068e851e9be7542080b1	stcpr	93.985362	0276161280817ad1cd3d637f5396f2b937f1973ba24d37ecf199085fe75166c28a	403	0	-	-	exit-sent	bcacf948	no	6	277.08	5824	5952
11	mux-standby-32-t1	down	50000000	ebbe12da	49320	standby	out	ebbe12da>03bd764901d9dc1e982eed39634564625bd245f4e56b9dc7f11017c148264d9458;143843a8>022716fba0f9a5d46ae7b8a4412296847d63d96c763d49068e851e9be7542080b1	stcpr	544.330314	03bd764901d9dc1e982eed39634564625bd245f4e56b9dc7f11017c148264d9458	440	0	-	-	exit-sent	143843a8	no	10	276.14	5952	5984
11	mux-standby-32-t1	down	50000000	475d59a5	49321	standby	out	475d59a5>02b1d9c56928f533ea9b309f8a53ed4807ee4e0193ef3c3a0234033313feceb8f2;99a80e72>022716fba0f9a5d46ae7b8a4412296847d63d96c763d49068e851e9be7542080b1	stcpr	187.757322	02b1d9c56928f533ea9b309f8a53ed4807ee4e0193ef3c3a0234033313feceb8f2	395	0	-	-	exit-sent	99a80e72	no	8	276.12	5888	5952
11	mux-standby-32-t1	down	50000000	2bf982f0	49336	-	out	-	-	-	-	0	0	-	-	exit-sent	-	-	-	-	-	-
11	mux-standby-32-t1	down	50000000	8888d9ea	49337	-	out	-	-	-	-	0	0	-	-	exit-sent	-	-	-	-	-	-
12	mux-standby-32-t2	down	50000000	b414796d	49289	active	in	b414796d>022716fba0f9a5d46ae7b8a4412296847d63d96c763d49068e851e9be7542080b1	stcpr	138.637	022716fba0f9a5d46ae7b8a4412296847d63d96c763d49068e851e9be7542080b1	2325	19995302	38.9%	39.9%	exit-sent	b414796d	no	12	240.72	60825409	14364682
12	mux-standby-32-t2	down	50000000	7a64a71c	49291	standby	out	7a64a71c>02f0fabacf587c096ca7e38846b16f2617cbeeeca7bd7a06e73b2030f8645dd00f;79a37fb3>022716fba0f9a5d46ae7b8a4412296847d63d96c763d49068e851e9be7542080b1	stcpr	178.998	02f0fabacf587c096ca7e38846b16f2617cbeeeca7bd7a06e73b2030f8645dd00f	180	0	-	-	exit-sent	79a37fb3	no	7	268.69	6464	6528
12	mux-standby-32-t2	down	50000000	bd6baec7	49292	standby	out	bd6baec7>02090aec59b40207d8662c82e4ecfc524b740c27f2fb98cfb5582833a66bdcb797;cab03f16>022716fba0f9a5d46ae7b8a4412296847d63d96c763d49068e851e9be7542080b1	stcpr	153.801	02090aec59b40207d8662c82e4ecfc524b740c27f2fb98cfb5582833a66bdcb797	188	0	-	-	exit-sent	cab03f16	no	9	280.82	6528	6528
12	mux-standby-32-t2	down	50000000	582c8788	49293	standby	out	582c8788>039fc26e1088917d070659ecc0a233d96534a28842d996ae9c6531753613db7be0;d1bd7a30>022716fba0f9a5d46ae7b8a4412296847d63d96c763d49068e851e9be7542080b1	stcpr	245.988	039fc26e1088917d070659ecc0a233d96534a28842d996ae9c6531753613db7be0	212	0	-	-	exit-sent	d1bd7a30	no	13	267.2	6656	6624
12	mux-standby-32-t2	down	50000000	e5faa6e0	49294	standby	out	e5faa6e0>02230b0a96a6f94179fab58196d3dfa1e19070faeae82d6900971462996541e774;47361294>022716fba0f9a5d46ae7b8a4412296847d63d96c763d49068e851e9be7542080b1	stcpr	151.45	02230b0a96a6f94179fab58196d3dfa1e19070faeae82d6900971462996541e774	196	0	-	-	exit-sent	47361294	no	10	250.34	6560	6528
12	mux-standby-32-t2	down	50000000	b71ddf99	49295	standby	out	b71ddf99>0328947fced4d4b7beb65a6ef60d579e42d7976168c292cbd6d28b5b8bdc85757f;47828219>022716fba0f9a5d46ae7b8a4412296847d63d96c763d49068e851e9be7542080b1	stcpr	152.605	0328947fced4d4b7beb65a6ef60d579e42d7976168c292cbd6d28b5b8bdc85757f	180	0	-	-	exit-sent	47828219	no	9	252.02	6528	6528
12	mux-standby-32-t2	down	50000000	bf9b0de8	49296	standby	out	bf9b0de8>026a913078651938783e19416a2de99c924df209e28512da2a571868c989bf3822;c2793bef>022716fba0f9a5d46ae7b8a4412296847d63d96c763d49068e851e9be7542080b1	stcpr	154.292	026a913078651938783e19416a2de99c924df209e28512da2a571868c989bf3822	196	0	-	-	exit-sent	c2793bef	no	11	252.18	6592	6528
12	mux-standby-32-t2	down	50000000	3ce660ee	49297	standby	in	3ce660ee>02e8e60a95f36a142fc7ac45dc98859ccda853f879bf537937fd72a8dbeec7982c;b21c3cf1>022716fba0f9a5d46ae7b8a4412296847d63d96c763d49068e851e9be7542080b1	stcpr	138.768	02e8e60a95f36a142fc7ac45dc98859ccda853f879bf537937fd72a8dbeec7982c	2222	19995689	37.1%	39.9%	exit-sent	b21c3cf1	no	11	247.4	26108658	10029
12	mux-standby-32-t2	down	50000000	ea69bc13	49298	standby	out	ea69bc13>03dd3a272482055da08828fafffe0cb537915a52e71c92bfc9bf3140ab0153cd7c;ce4708f1>022716fba0f9a5d46ae7b8a4412296847d63d96c763d49068e851e9be7542080b1	stcpr	148.602	03dd3a272482055da08828fafffe0cb537915a52e71c92bfc9bf3140ab0153cd7c	220	0	-	-	exit-sent	ce4708f1	no	9	252.59	6560	6528
12	mux-standby-32-t2	down	50000000	eaddf8ac	49299	standby	out	eaddf8ac>028ce3caf8a1ed3b650b7139aeb854351518149af709cf28fe9bd6376cb3403626;4112d695>022716fba0f9a5d46ae7b8a4412296847d63d96c763d49068e851e9be7542080b1	stcpr	168.54	028ce3caf8a1ed3b650b7139aeb854351518149af709cf28fe9bd6376cb3403626	196	0	-	-	exit-sent	4112d695	no	10	267.37	6496	6464
12	mux-standby-32-t2	down	50000000	696629b6	49300	standby	out	696629b6>03ecc7d108a98480b40a85bbfadb8f477d0c3559316306dcd7ba52fa3d21dad91e;75b62c04>022716fba0f9a5d46ae7b8a4412296847d63d96c763d49068e851e9be7542080b1	stcpr	171.105	03ecc7d108a98480b40a85bbfadb8f477d0c3559316306dcd7ba52fa3d21dad91e	180	0	-	-	exit-sent	75b62c04	no	7	268.3	6400	6496
12	mux-standby-32-t2	down	50000000	287b1d97	49301	standby	out	287b1d97>03b934e8a26ddb9d635381df94dbf778cdfebf53f8956902ec3a7837524a75024f;9d5d85da>022716fba0f9a5d46ae7b8a4412296847d63d96c763d49068e851e9be7542080b1	stcpr	169.437	03b934e8a26ddb9d635381df94dbf778cdfebf53f8956902ec3a7837524a75024f	244	0	-	-	exit-sent	9d5d85da	no	6	269.98	6336	6464
12	mux-standby-32-t2	down	50000000	619865a5	49302	standby	out	619865a5>02109a13c780fe273e48b5a7a9e030c1052156cd5afef4dff1c100598226ad8da9;25c2ebc5>022716fba0f9a5d46ae7b8a4412296847d63d96c763d49068e851e9be7542080b1	stcpr	157.229	02109a13c780fe273e48b5a7a9e030c1052156cd5afef4dff1c100598226ad8da9	244	0	-	-	exit-sent	25c2ebc5	no	14	256.42	6624	6560
12	mux-standby-32-t2	down	50000000	062c57d2	49303	standby	out	062c57d2>03dc3488e49ded9250f3cca2827ab16f6331b7ccefdad614353c785a5fc76c1b13;2d3c4852>022716fba0f9a5d46ae7b8a4412296847d63d96c763d49068e851e9be7542080b1	stcpr	172.76	03dc3488e49ded9250f3cca2827ab16f6331b7ccefdad614353c785a5fc76c1b13	212	0	-	-	exit-sent	2d3c4852	no	8	271.55	6368	6496
12	mux-standby-32-t2	down	50000000	e5f24143	49305	standby	in	e5f24143>024a37bae69d6be2ec51eeb9d2b7e99073c30153d06896032f5bd3c09ca843bdb9;a214890d>022716fba0f9a5d46ae7b8a4412296847d63d96c763d49068e851e9be7542080b1	stcpr	147.782	024a37bae69d6be2ec51eeb9d2b7e99073c30153d06896032f5bd3c09ca843bdb9	1436	10099296	24.0%	20.2%	exit-sent	a214890d	no	7	252.96	12218438	7884
12	mux-standby-32-t2	down	50000000	1bda3d87	49306	standby	out	1bda3d87>03d1063b6503b67d94b5411a92ec418056d72799583748180141600f0f18de7a5b;314453d6>022716fba0f9a5d46ae7b8a4412296847d63d96c763d49068e851e9be7542080b1	stcpr	164.527	03d1063b6503b67d94b5411a92ec418056d72799583748180141600f0f18de7a5b	247	0	-	-	exit-sent	314453d6	no	8	265.29	6432	6464
12	mux-standby-32-t2	down	50000000	977b7c08	49308	standby	out	977b7c08>03e977883c41fca1e63a178398c46574b7ab8d4f381266c852242f473881c32337;6f46dafc>022716fba0f9a5d46ae7b8a4412296847d63d96c763d49068e851e9be7542080b1	stcpr	159.179	03e977883c41fca1e63a178398c46574b7ab8d4f381266c852242f473881c32337	212	0	-	-	exit-sent	6f46dafc	no	8	265.89	6400	6432
12	mux-standby-32-t2	down	50000000	a94550f5	49309	standby	out	a94550f5>025cc9b7ba632d57c12ccad1eb31c47a942dede14d1e174ac6c19a4988abb200c0;f3dfb306>022716fba0f9a5d46ae7b8a4412296847d63d96c763d49068e851e9be7542080b1	stcpr	165.273	025cc9b7ba632d57c12ccad1eb31c47a942dede14d1e174ac6c19a4988abb200c0	212	0	-	-	exit-sent	f3dfb306	no	8	264.6	6400	6432
12	mux-standby-32-t2	down	50000000	afa66373	49310	standby	out	afa66373>03634a5464d2ef3c257c530b77467265526f010d15a82dab765606abe63426db45;6167786b>022716fba0f9a5d46ae7b8a4412296847d63d96c763d49068e851e9be7542080b1	stcpr	169.47	03634a5464d2ef3c257c530b77467265526f010d15a82dab765606abe63426db45	212	0	-	-	exit-sent	6167786b	no	6	265.66	6336	6432
12	mux-standby-32-t2	down	50000000	bbed733f	49311	standby	out	bbed733f>02b3a85aee85dece633272731c2e37867a39fa9127f28233ad18ed0051184fc40a;d30e45c7>022716fba0f9a5d46ae7b8a4412296847d63d96c763d49068e851e9be7542080b1	stcpr	165.43	02b3a85aee85dece633272731c2e37867a39fa9127f28233ad18ed0051184fc40a	212	0	-	-	exit-sent	d30e45c7	no	7	272.43	6336	6400
12	mux-standby-32-t2	down	50000000	ee5902d2	49312	standby	out	ee5902d2>0397b427c1e522b768389db1fdfab3943a74e69683800fe4950af7dfb3bf66893c;2dfdb077>022716fba0f9a5d46ae7b8a4412296847d63d96c763d49068e851e9be7542080b1	stcpr	165.252	0397b427c1e522b768389db1fdfab3943a74e69683800fe4950af7dfb3bf66893c	220	0	-	-	exit-sent	2dfdb077	no	7	267.66	6336	6400
12	mux-standby-32-t2	down	50000000	30f42c30	49313	standby	out	30f42c30>03eba64189c636ab77c2da630bf2a0c77061bc783e59f80fd39015a42f9ae6ce01;0d8257e2>022716fba0f9a5d46ae7b8a4412296847d63d96c763d49068e851e9be7542080b1	stcpr	159.163	03eba64189c636ab77c2da630bf2a0c77061bc783e59f80fd39015a42f9ae6ce01	244	0	-	-	exit-sent	0d8257e2	no	19	266.09	6720	6592
12	mux-standby-32-t2	down	50000000	fc2eaf78	49314	standby	out	fc2eaf78>03946b98fa081393f55cb5d130467c99de2267248a5bcadf570419feb18ad9d7b4;eb294537>022716fba0f9a5d46ae7b8a4412296847d63d96c763d49068e851e9be7542080b1	stcpr	167.233	03946b98fa081393f55cb5d130467c99de2267248a5bcadf570419feb18ad9d7b4	220	0	-	-	exit-sent	eb294537	no	16	272.47	6624	6592
12	mux-standby-32-t2	down	50000000	4aa23edc	49315	standby	out	4aa23edc>02f65a515856df60ef5b135740b0b2bdd085da3427cc12d02405d5496a63b0b72a;90e12bb9>022716fba0f9a5d46ae7b8a4412296847d63d96c763d49068e851e9be7542080b1	stcpr	163.745	02f65a515856df60ef5b135740b0b2bdd085da3427cc12d02405d5496a63b0b72a	244	0	-	-	exit-sent	90e12bb9	no	7	269.21	6336	6432
12	mux-standby-32-t2	down	50000000	3e214e29	49316	standby	out	3e214e29>0335cab89b9352e1052ddc431a35aa5adbd5667046d09e7a6b06c295af09795e7e;ab79e81f>022716fba0f9a5d46ae7b8a4412296847d63d96c763d49068e851e9be7542080b1	stcpr	519.408792	0335cab89b9352e1052ddc431a35aa5adbd5667046d09e7a6b06c295af09795e7e	212	0	-	-	exit-sent	ab79e81f	no	8	277.3	6304	6336
12	mux-standby-32-t2	down	50000000	770b2d43	49317	standby	out	770b2d43>031e6a72596e6be53c32b4d1909da233846bcef0000f72a0314072c10b9fc35d3c;91846477>022716fba0f9a5d46ae7b8a4412296847d63d96c763d49068e851e9be7542080b1	stcpr	186.748863	031e6a72596e6be53c32b4d1909da233846bcef0000f72a0314072c10b9fc35d3c	207	0	-	-	exit-sent	91846477	no	10	267.65	6368	6368
12	mux-standby-32-t2	down	50000000	25b03079	49318	standby	out	25b03079>02c43f7d6da81cdca65fcf41906ff321f0d9f14e4c9ab0ff8b54b8ec64cce11bf0;18e8b97b>022716fba0f9a5d46ae7b8a4412296847d63d96c763d49068e851e9be7542080b1	stcpr	311.078083	02c43f7d6da81cdca65fcf41906ff321f0d9f14e4c9ab0ff8b54b8ec64cce11bf0	220	0	-	-	exit-sent	18e8b97b	no	8	270.49	6304	6336
12	mux-standby-32-t2	down	50000000	54999ec3	49319	standby	out	54999ec3>0276161280817ad1cd3d637f5396f2b937f1973ba24d37ecf199085fe75166c28a;bcacf948>022716fba0f9a5d46ae7b8a4412296847d63d96c763d49068e851e9be7542080b1	stcpr	93.985362	0276161280817ad1cd3d637f5396f2b937f1973ba24d37ecf199085fe75166c28a	252	0	-	-	exit-sent	bcacf948	no	6	272.82	6240	6368
12	mux-standby-32-t2	down	50000000	ebbe12da	49320	standby	out	ebbe12da>03bd764901d9dc1e982eed39634564625bd245f4e56b9dc7f11017c148264d9458;143843a8>022716fba0f9a5d46ae7b8a4412296847d63d96c763d49068e851e9be7542080b1	stcpr	544.330314	03bd764901d9dc1e982eed39634564625bd245f4e56b9dc7f11017c148264d9458	228	0	-	-	exit-sent	143843a8	no	10	267.41	6368	6400
12	mux-standby-32-t2	down	50000000	475d59a5	49321	standby	out	475d59a5>02b1d9c56928f533ea9b309f8a53ed4807ee4e0193ef3c3a0234033313feceb8f2;99a80e72>022716fba0f9a5d46ae7b8a4412296847d63d96c763d49068e851e9be7542080b1	stcpr	187.757322	02b1d9c56928f533ea9b309f8a53ed4807ee4e0193ef3c3a0234033313feceb8f2	212	0	-	-	exit-sent	99a80e72	no	8	267.15	6304	6368
12	mux-standby-32-t2	down	50000000	2bf982f0	49336	-	out	-	-	-	-	0	0	-	-	exit-sent	-	-	-	-	-	-
12	mux-standby-32-t2	down	50000000	8888d9ea	49337	-	out	-	-	-	-	0	0	-	-	exit-sent	-	-	-	-	-	-
13	mux-standby-32-t3	down	50000000	b414796d	49289	active	in	b414796d>022716fba0f9a5d46ae7b8a4412296847d63d96c763d49068e851e9be7542080b1	stcpr	138.637	022716fba0f9a5d46ae7b8a4412296847d63d96c763d49068e851e9be7542080b1	1423	12030005	25.5%	24.0%	exit-sent	b414796d	no	14	238.62	72855414	14366128
13	mux-standby-32-t3	down	50000000	7a64a71c	49291	standby	out	7a64a71c>02f0fabacf587c096ca7e38846b16f2617cbeeeca7bd7a06e73b2030f8645dd00f;79a37fb3>022716fba0f9a5d46ae7b8a4412296847d63d96c763d49068e851e9be7542080b1	stcpr	178.998	02f0fabacf587c096ca7e38846b16f2617cbeeeca7bd7a06e73b2030f8645dd00f	185	0	-	-	exit-sent	79a37fb3	no	7	267.43	6976	7040
13	mux-standby-32-t3	down	50000000	bd6baec7	49292	standby	out	bd6baec7>02090aec59b40207d8662c82e4ecfc524b740c27f2fb98cfb5582833a66bdcb797;cab03f16>022716fba0f9a5d46ae7b8a4412296847d63d96c763d49068e851e9be7542080b1	stcpr	153.801	02090aec59b40207d8662c82e4ecfc524b740c27f2fb98cfb5582833a66bdcb797	156	0	-	-	exit-sent	cab03f16	no	9	264.78	7040	7040
13	mux-standby-32-t3	down	50000000	582c8788	49293	standby	out	582c8788>039fc26e1088917d070659ecc0a233d96534a28842d996ae9c6531753613db7be0;d1bd7a30>022716fba0f9a5d46ae7b8a4412296847d63d96c763d49068e851e9be7542080b1	stcpr	245.988	039fc26e1088917d070659ecc0a233d96534a28842d996ae9c6531753613db7be0	276	0	-	-	exit-sent	d1bd7a30	no	13	266.42	7168	7168
13	mux-standby-32-t3	down	50000000	e5faa6e0	49294	standby	out	e5faa6e0>02230b0a96a6f94179fab58196d3dfa1e19070faeae82d6900971462996541e774;47361294>022716fba0f9a5d46ae7b8a4412296847d63d96c763d49068e851e9be7542080b1	stcpr	151.45	02230b0a96a6f94179fab58196d3dfa1e19070faeae82d6900971462996541e774	196	0	-	-	exit-sent	47361294	no	10	250.04	7072	7040
13	mux-standby-32-t3	down	50000000	b71ddf99	49295	standby	out	b71ddf99>0328947fced4d4b7beb65a6ef60d579e42d7976168c292cbd6d28b5b8bdc85757f;47828219>022716fba0f9a5d46ae7b8a4412296847d63d96c763d49068e851e9be7542080b1	stcpr	152.605	0328947fced4d4b7beb65a6ef60d579e42d7976168c292cbd6d28b5b8bdc85757f	188	0	-	-	exit-sent	47828219	no	9	254.5	7040	7040
13	mux-standby-32-t3	down	50000000	bf9b0de8	49296	standby	out	bf9b0de8>026a913078651938783e19416a2de99c924df209e28512da2a571868c989bf3822;c2793bef>022716fba0f9a5d46ae7b8a4412296847d63d96c763d49068e851e9be7542080b1	stcpr	154.292	026a913078651938783e19416a2de99c924df209e28512da2a571868c989bf3822	159	0	-	-	exit-sent	c2793bef	no	11	251.01	7104	7040
13	mux-standby-32-t3	down	50000000	3ce660ee	49297	standby	in	3ce660ee>02e8e60a95f36a142fc7ac45dc98859ccda853f879bf537937fd72a8dbeec7982c;b21c3cf1>022716fba0f9a5d46ae7b8a4412296847d63d96c763d49068e851e9be7542080b1	stcpr	138.768	02e8e60a95f36a142fc7ac45dc98859ccda853f879bf537937fd72a8dbeec7982c	2114	18098041	37.9%	36.1%	exit-sent	b21c3cf1	no	11	232.9	44206699	12176
13	mux-standby-32-t3	down	50000000	ea69bc13	49298	standby	out	ea69bc13>03dd3a272482055da08828fafffe0cb537915a52e71c92bfc9bf3140ab0153cd7c;ce4708f1>022716fba0f9a5d46ae7b8a4412296847d63d96c763d49068e851e9be7542080b1	stcpr	148.602	03dd3a272482055da08828fafffe0cb537915a52e71c92bfc9bf3140ab0153cd7c	188	0	-	-	exit-sent	ce4708f1	no	9	250.8	7072	7040
13	mux-standby-32-t3	down	50000000	eaddf8ac	49299	standby	out	eaddf8ac>028ce3caf8a1ed3b650b7139aeb854351518149af709cf28fe9bd6376cb3403626;4112d695>022716fba0f9a5d46ae7b8a4412296847d63d96c763d49068e851e9be7542080b1	stcpr	168.54	028ce3caf8a1ed3b650b7139aeb854351518149af709cf28fe9bd6376cb3403626	196	0	-	-	exit-sent	4112d695	no	10	260.71	7008	6976
13	mux-standby-32-t3	down	50000000	696629b6	49300	standby	out	696629b6>03ecc7d108a98480b40a85bbfadb8f477d0c3559316306dcd7ba52fa3d21dad91e;75b62c04>022716fba0f9a5d46ae7b8a4412296847d63d96c763d49068e851e9be7542080b1	stcpr	171.105	03ecc7d108a98480b40a85bbfadb8f477d0c3559316306dcd7ba52fa3d21dad91e	276	0	-	-	exit-sent	75b62c04	no	7	266.36	6912	7008
13	mux-standby-32-t3	down	50000000	287b1d97	49301	standby	out	287b1d97>03b934e8a26ddb9d635381df94dbf778cdfebf53f8956902ec3a7837524a75024f;9d5d85da>022716fba0f9a5d46ae7b8a4412296847d63d96c763d49068e851e9be7542080b1	stcpr	169.437	03b934e8a26ddb9d635381df94dbf778cdfebf53f8956902ec3a7837524a75024f	281	0	-	-	exit-sent	9d5d85da	no	6	273.13	6848	6976
13	mux-standby-32-t3	down	50000000	619865a5	49302	standby	out	619865a5>02109a13c780fe273e48b5a7a9e030c1052156cd5afef4dff1c100598226ad8da9;25c2ebc5>022716fba0f9a5d46ae7b8a4412296847d63d96c763d49068e851e9be7542080b1	stcpr	157.229	02109a13c780fe273e48b5a7a9e030c1052156cd5afef4dff1c100598226ad8da9	244	0	-	-	exit-sent	25c2ebc5	no	14	255.14	7136	7072
13	mux-standby-32-t3	down	50000000	062c57d2	49303	standby	out	062c57d2>03dc3488e49ded9250f3cca2827ab16f6331b7ccefdad614353c785a5fc76c1b13;2d3c4852>022716fba0f9a5d46ae7b8a4412296847d63d96c763d49068e851e9be7542080b1	stcpr	172.76	03dc3488e49ded9250f3cca2827ab16f6331b7ccefdad614353c785a5fc76c1b13	276	0	-	-	exit-sent	2d3c4852	no	8	267.66	6880	7008
13	mux-standby-32-t3	down	50000000	e5f24143	49305	standby	in	e5f24143>024a37bae69d6be2ec51eeb9d2b7e99073c30153d06896032f5bd3c09ca843bdb9;a214890d>022716fba0f9a5d46ae7b8a4412296847d63d96c763d49068e851e9be7542080b1	stcpr	147.782	024a37bae69d6be2ec51eeb9d2b7e99073c30153d06896032f5bd3c09ca843bdb9	2044	19995401	36.6%	39.9%	exit-sent	a214890d	no	8	250.44	32213839	10044
13	mux-standby-32-t3	down	50000000	1bda3d87	49306	standby	out	1bda3d87>03d1063b6503b67d94b5411a92ec418056d72799583748180141600f0f18de7a5b;314453d6>022716fba0f9a5d46ae7b8a4412296847d63d96c763d49068e851e9be7542080b1	stcpr	164.527	03d1063b6503b67d94b5411a92ec418056d72799583748180141600f0f18de7a5b	289	0	-	-	exit-sent	314453d6	no	8	360.3	6944	6976
13	mux-standby-32-t3	down	50000000	977b7c08	49308	standby	out	977b7c08>03e977883c41fca1e63a178398c46574b7ab8d4f381266c852242f473881c32337;6f46dafc>022716fba0f9a5d46ae7b8a4412296847d63d96c763d49068e851e9be7542080b1	stcpr	159.179	03e977883c41fca1e63a178398c46574b7ab8d4f381266c852242f473881c32337	212	0	-	-	exit-sent	6f46dafc	no	8	289.82	6912	6944
13	mux-standby-32-t3	down	50000000	a94550f5	49309	standby	out	a94550f5>025cc9b7ba632d57c12ccad1eb31c47a942dede14d1e174ac6c19a4988abb200c0;f3dfb306>022716fba0f9a5d46ae7b8a4412296847d63d96c763d49068e851e9be7542080b1	stcpr	165.273	025cc9b7ba632d57c12ccad1eb31c47a942dede14d1e174ac6c19a4988abb200c0	212	0	-	-	exit-sent	f3dfb306	no	8	267.13	6912	6944
13	mux-standby-32-t3	down	50000000	afa66373	49310	standby	out	afa66373>03634a5464d2ef3c257c530b77467265526f010d15a82dab765606abe63426db45;6167786b>022716fba0f9a5d46ae7b8a4412296847d63d96c763d49068e851e9be7542080b1	stcpr	169.47	03634a5464d2ef3c257c530b77467265526f010d15a82dab765606abe63426db45	212	0	-	-	exit-sent	6167786b	no	6	267.07	6848	6944
13	mux-standby-32-t3	down	50000000	bbed733f	49311	standby	out	bbed733f>02b3a85aee85dece633272731c2e37867a39fa9127f28233ad18ed0051184fc40a;d30e45c7>022716fba0f9a5d46ae7b8a4412296847d63d96c763d49068e851e9be7542080b1	stcpr	165.43	02b3a85aee85dece633272731c2e37867a39fa9127f28233ad18ed0051184fc40a	220	0	-	-	exit-sent	d30e45c7	no	7	266.91	6848	6912
13	mux-standby-32-t3	down	50000000	ee5902d2	49312	standby	out	ee5902d2>0397b427c1e522b768389db1fdfab3943a74e69683800fe4950af7dfb3bf66893c;2dfdb077>022716fba0f9a5d46ae7b8a4412296847d63d96c763d49068e851e9be7542080b1	stcpr	165.252	0397b427c1e522b768389db1fdfab3943a74e69683800fe4950af7dfb3bf66893c	220	0	-	-	exit-sent	2dfdb077	no	7	261.49	6848	6912
13	mux-standby-32-t3	down	50000000	30f42c30	49313	standby	out	30f42c30>03eba64189c636ab77c2da630bf2a0c77061bc783e59f80fd39015a42f9ae6ce01;0d8257e2>022716fba0f9a5d46ae7b8a4412296847d63d96c763d49068e851e9be7542080b1	stcpr	159.163	03eba64189c636ab77c2da630bf2a0c77061bc783e59f80fd39015a42f9ae6ce01	281	0	-	-	exit-sent	0d8257e2	no	19	278.87	7232	7104
13	mux-standby-32-t3	down	50000000	fc2eaf78	49314	standby	out	fc2eaf78>03946b98fa081393f55cb5d130467c99de2267248a5bcadf570419feb18ad9d7b4;eb294537>022716fba0f9a5d46ae7b8a4412296847d63d96c763d49068e851e9be7542080b1	stcpr	167.233	03946b98fa081393f55cb5d130467c99de2267248a5bcadf570419feb18ad9d7b4	220	0	-	-	exit-sent	eb294537	no	17	269.14	7168	7104
13	mux-standby-32-t3	down	50000000	4aa23edc	49315	standby	out	4aa23edc>02f65a515856df60ef5b135740b0b2bdd085da3427cc12d02405d5496a63b0b72a;90e12bb9>022716fba0f9a5d46ae7b8a4412296847d63d96c763d49068e851e9be7542080b1	stcpr	163.745	02f65a515856df60ef5b135740b0b2bdd085da3427cc12d02405d5496a63b0b72a	244	0	-	-	exit-sent	90e12bb9	no	7	266.31	6848	6944
13	mux-standby-32-t3	down	50000000	3e214e29	49316	standby	out	3e214e29>0335cab89b9352e1052ddc431a35aa5adbd5667046d09e7a6b06c295af09795e7e;ab79e81f>022716fba0f9a5d46ae7b8a4412296847d63d96c763d49068e851e9be7542080b1	stcpr	519.408792	0335cab89b9352e1052ddc431a35aa5adbd5667046d09e7a6b06c295af09795e7e	249	0	-	-	exit-sent	ab79e81f	no	8	267.42	6816	6848
13	mux-standby-32-t3	down	50000000	770b2d43	49317	standby	out	770b2d43>031e6a72596e6be53c32b4d1909da233846bcef0000f72a0314072c10b9fc35d3c;91846477>022716fba0f9a5d46ae7b8a4412296847d63d96c763d49068e851e9be7542080b1	stcpr	186.748863	031e6a72596e6be53c32b4d1909da233846bcef0000f72a0314072c10b9fc35d3c	281	0	-	-	exit-sent	91846477	no	10	362.99	6880	6880
13	mux-standby-32-t3	down	50000000	25b03079	49318	standby	out	25b03079>02c43f7d6da81cdca65fcf41906ff321f0d9f14e4c9ab0ff8b54b8ec64cce11bf0;18e8b97b>022716fba0f9a5d46ae7b8a4412296847d63d96c763d49068e851e9be7542080b1	stcpr	311.078083	02c43f7d6da81cdca65fcf41906ff321f0d9f14e4c9ab0ff8b54b8ec64cce11bf0	257	0	-	-	exit-sent	18e8b97b	no	8	266.97	6816	6848
13	mux-standby-32-t3	down	50000000	54999ec3	49319	standby	out	54999ec3>0276161280817ad1cd3d637f5396f2b937f1973ba24d37ecf199085fe75166c28a;bcacf948>022716fba0f9a5d46ae7b8a4412296847d63d96c763d49068e851e9be7542080b1	stcpr	93.985362	0276161280817ad1cd3d637f5396f2b937f1973ba24d37ecf199085fe75166c28a	252	0	-	-	exit-sent	bcacf948	no	6	273.31	6752	6880
13	mux-standby-32-t3	down	50000000	ebbe12da	49320	standby	out	ebbe12da>03bd764901d9dc1e982eed39634564625bd245f4e56b9dc7f11017c148264d9458;143843a8>022716fba0f9a5d46ae7b8a4412296847d63d96c763d49068e851e9be7542080b1	stcpr	544.330314	03bd764901d9dc1e982eed39634564625bd245f4e56b9dc7f11017c148264d9458	228	0	-	-	exit-sent	143843a8	no	10	359.88	6880	6912
13	mux-standby-32-t3	down	50000000	475d59a5	49321	standby	out	475d59a5>02b1d9c56928f533ea9b309f8a53ed4807ee4e0193ef3c3a0234033313feceb8f2;99a80e72>022716fba0f9a5d46ae7b8a4412296847d63d96c763d49068e851e9be7542080b1	stcpr	187.757322	02b1d9c56928f533ea9b309f8a53ed4807ee4e0193ef3c3a0234033313feceb8f2	217	0	-	-	exit-sent	99a80e72	no	8	364.8	6816	6880
13	mux-standby-32-t3	down	50000000	2bf982f0	49336	-	out	-	-	-	-	0	0	-	-	exit-sent	-	-	-	-	-	-
13	mux-standby-32-t3	down	50000000	8888d9ea	49337	-	out	-	-	-	-	0	0	-	-	exit-sent	-	-	-	-	-	-
14	mux-standby-32-t4	down	50000000	b414796d	49289	active	in	b414796d>022716fba0f9a5d46ae7b8a4412296847d63d96c763d49068e851e9be7542080b1	stcpr	138.637	022716fba0f9a5d46ae7b8a4412296847d63d96c763d49068e851e9be7542080b1	2539	11996933	37.7%	23.9%	exit-sent	b414796d	no	15	235.83	84852347	14367718
14	mux-standby-32-t4	down	50000000	7a64a71c	49291	standby	out	7a64a71c>02f0fabacf587c096ca7e38846b16f2617cbeeeca7bd7a06e73b2030f8645dd00f;79a37fb3>022716fba0f9a5d46ae7b8a4412296847d63d96c763d49068e851e9be7542080b1	stcpr	178.998	02f0fabacf587c096ca7e38846b16f2617cbeeeca7bd7a06e73b2030f8645dd00f	212	0	-	-	exit-sent	79a37fb3	no	7	264.18	7360	7424
14	mux-standby-32-t4	down	50000000	bd6baec7	49292	standby	out	bd6baec7>02090aec59b40207d8662c82e4ecfc524b740c27f2fb98cfb5582833a66bdcb797;cab03f16>022716fba0f9a5d46ae7b8a4412296847d63d96c763d49068e851e9be7542080b1	stcpr	153.801	02090aec59b40207d8662c82e4ecfc524b740c27f2fb98cfb5582833a66bdcb797	175	0	-	-	exit-sent	cab03f16	no	9	253.4	7424	7424
14	mux-standby-32-t4	down	50000000	582c8788	49293	standby	out	582c8788>039fc26e1088917d070659ecc0a233d96534a28842d996ae9c6531753613db7be0;d1bd7a30>022716fba0f9a5d46ae7b8a4412296847d63d96c763d49068e851e9be7542080b1	stcpr	245.988	039fc26e1088917d070659ecc0a233d96534a28842d996ae9c6531753613db7be0	175	0	-	-	exit-sent	d1bd7a30	no	13	254.02	7552	7552
14	mux-standby-32-t4	down	50000000	e5faa6e0	49294	standby	out	e5faa6e0>02230b0a96a6f94179fab58196d3dfa1e19070faeae82d6900971462996541e774;47361294>022716fba0f9a5d46ae7b8a4412296847d63d96c763d49068e851e9be7542080b1	stcpr	151.45	02230b0a96a6f94179fab58196d3dfa1e19070faeae82d6900971462996541e774	175	0	-	-	exit-sent	47361294	no	10	248.56	7456	7424
14	mux-standby-32-t4	down	50000000	b71ddf99	49295	standby	out	b71ddf99>0328947fced4d4b7beb65a6ef60d579e42d7976168c292cbd6d28b5b8bdc85757f;47828219>022716fba0f9a5d46ae7b8a4412296847d63d96c763d49068e851e9be7542080b1	stcpr	152.605	0328947fced4d4b7beb65a6ef60d579e42d7976168c292cbd6d28b5b8bdc85757f	175	0	-	-	exit-sent	47828219	no	9	253.66	7424	7424
14	mux-standby-32-t4	down	50000000	bf9b0de8	49296	standby	out	bf9b0de8>026a913078651938783e19416a2de99c924df209e28512da2a571868c989bf3822;c2793bef>022716fba0f9a5d46ae7b8a4412296847d63d96c763d49068e851e9be7542080b1	stcpr	154.292	026a913078651938783e19416a2de99c924df209e28512da2a571868c989bf3822	175	0	-	-	exit-sent	c2793bef	no	11	248.56	7488	7424
14	mux-standby-32-t4	down	50000000	3ce660ee	49297	standby	in	3ce660ee>02e8e60a95f36a142fc7ac45dc98859ccda853f879bf537937fd72a8dbeec7982c;b21c3cf1>022716fba0f9a5d46ae7b8a4412296847d63d96c763d49068e851e9be7542080b1	stcpr	138.768	02e8e60a95f36a142fc7ac45dc98859ccda853f879bf537937fd72a8dbeec7982c	2039	18097134	30.3%	36.1%	exit-sent	b21c3cf1	no	11	241.52	62303833	14196
14	mux-standby-32-t4	down	50000000	ea69bc13	49298	standby	out	ea69bc13>03dd3a272482055da08828fafffe0cb537915a52e71c92bfc9bf3140ab0153cd7c;ce4708f1>022716fba0f9a5d46ae7b8a4412296847d63d96c763d49068e851e9be7542080b1	stcpr	148.602	03dd3a272482055da08828fafffe0cb537915a52e71c92bfc9bf3140ab0153cd7c	183	0	-	-	exit-sent	ce4708f1	no	9	249.24	7456	7424
14	mux-standby-32-t4	down	50000000	eaddf8ac	49299	standby	out	eaddf8ac>028ce3caf8a1ed3b650b7139aeb854351518149af709cf28fe9bd6376cb3403626;4112d695>022716fba0f9a5d46ae7b8a4412296847d63d96c763d49068e851e9be7542080b1	stcpr	168.54	028ce3caf8a1ed3b650b7139aeb854351518149af709cf28fe9bd6376cb3403626	183	0	-	-	exit-sent	4112d695	no	10	259.8	7392	7360
14	mux-standby-32-t4	down	50000000	696629b6	49300	standby	out	696629b6>03ecc7d108a98480b40a85bbfadb8f477d0c3559316306dcd7ba52fa3d21dad91e;75b62c04>022716fba0f9a5d46ae7b8a4412296847d63d96c763d49068e851e9be7542080b1	stcpr	171.105	03ecc7d108a98480b40a85bbfadb8f477d0c3559316306dcd7ba52fa3d21dad91e	175	0	-	-	exit-sent	75b62c04	no	7	264.17	7296	7392
14	mux-standby-32-t4	down	50000000	287b1d97	49301	standby	out	287b1d97>03b934e8a26ddb9d635381df94dbf778cdfebf53f8956902ec3a7837524a75024f;9d5d85da>022716fba0f9a5d46ae7b8a4412296847d63d96c763d49068e851e9be7542080b1	stcpr	169.437	03b934e8a26ddb9d635381df94dbf778cdfebf53f8956902ec3a7837524a75024f	220	0	-	-	exit-sent	9d5d85da	no	6	264.7	7232	7360
14	mux-standby-32-t4	down	50000000	619865a5	49302	standby	out	619865a5>02109a13c780fe273e48b5a7a9e030c1052156cd5afef4dff1c100598226ad8da9;25c2ebc5>022716fba0f9a5d46ae7b8a4412296847d63d96c763d49068e851e9be7542080b1	stcpr	157.229	02109a13c780fe273e48b5a7a9e030c1052156cd5afef4dff1c100598226ad8da9	175	0	-	-	exit-sent	25c2ebc5	no	14	253.39	7520	7456
14	mux-standby-32-t4	down	50000000	062c57d2	49303	standby	out	062c57d2>03dc3488e49ded9250f3cca2827ab16f6331b7ccefdad614353c785a5fc76c1b13;2d3c4852>022716fba0f9a5d46ae7b8a4412296847d63d96c763d49068e851e9be7542080b1	stcpr	172.76	03dc3488e49ded9250f3cca2827ab16f6331b7ccefdad614353c785a5fc76c1b13	212	0	-	-	exit-sent	2d3c4852	no	8	271.02	7264	7392
14	mux-standby-32-t4	down	50000000	e5f24143	49305	standby	in	e5f24143>024a37bae69d6be2ec51eeb9d2b7e99073c30153d06896032f5bd3c09ca843bdb9;a214890d>022716fba0f9a5d46ae7b8a4412296847d63d96c763d49068e851e9be7542080b1	stcpr	147.782	024a37bae69d6be2ec51eeb9d2b7e99073c30153d06896032f5bd3c09ca843bdb9	2162	20026892	32.1%	40.0%	exit-sent	a214890d	no	9	248.93	52240731	12195
14	mux-standby-32-t4	down	50000000	1bda3d87	49306	standby	out	1bda3d87>03d1063b6503b67d94b5411a92ec418056d72799583748180141600f0f18de7a5b;314453d6>022716fba0f9a5d46ae7b8a4412296847d63d96c763d49068e851e9be7542080b1	stcpr	164.527	03d1063b6503b67d94b5411a92ec418056d72799583748180141600f0f18de7a5b	220	0	-	-	exit-sent	314453d6	no	8	264.2	7328	7360
14	mux-standby-32-t4	down	50000000	977b7c08	49308	standby	out	977b7c08>03e977883c41fca1e63a178398c46574b7ab8d4f381266c852242f473881c32337;6f46dafc>022716fba0f9a5d46ae7b8a4412296847d63d96c763d49068e851e9be7542080b1	stcpr	159.179	03e977883c41fca1e63a178398c46574b7ab8d4f381266c852242f473881c32337	188	0	-	-	exit-sent	6f46dafc	no	8	264.87	7296	7328
14	mux-standby-32-t4	down	50000000	a94550f5	49309	standby	out	a94550f5>025cc9b7ba632d57c12ccad1eb31c47a942dede14d1e174ac6c19a4988abb200c0;f3dfb306>022716fba0f9a5d46ae7b8a4412296847d63d96c763d49068e851e9be7542080b1	stcpr	165.273	025cc9b7ba632d57c12ccad1eb31c47a942dede14d1e174ac6c19a4988abb200c0	180	0	-	-	exit-sent	f3dfb306	no	8	259.99	7296	7328
14	mux-standby-32-t4	down	50000000	afa66373	49310	standby	out	afa66373>03634a5464d2ef3c257c530b77467265526f010d15a82dab765606abe63426db45;6167786b>022716fba0f9a5d46ae7b8a4412296847d63d96c763d49068e851e9be7542080b1	stcpr	169.47	03634a5464d2ef3c257c530b77467265526f010d15a82dab765606abe63426db45	148	0	-	-	exit-sent	6167786b	no	6	271.39	7232	7328
14	mux-standby-32-t4	down	50000000	bbed733f	49311	standby	out	bbed733f>02b3a85aee85dece633272731c2e37867a39fa9127f28233ad18ed0051184fc40a;d30e45c7>022716fba0f9a5d46ae7b8a4412296847d63d96c763d49068e851e9be7542080b1	stcpr	165.43	02b3a85aee85dece633272731c2e37867a39fa9127f28233ad18ed0051184fc40a	143	0	-	-	exit-sent	d30e45c7	no	7	264.9	7232	7296
14	mux-standby-32-t4	down	50000000	ee5902d2	49312	standby	out	ee5902d2>0397b427c1e522b768389db1fdfab3943a74e69683800fe4950af7dfb3bf66893c;2dfdb077>022716fba0f9a5d46ae7b8a4412296847d63d96c763d49068e851e9be7542080b1	stcpr	165.252	0397b427c1e522b768389db1fdfab3943a74e69683800fe4950af7dfb3bf66893c	175	0	-	-	exit-sent	2dfdb077	no	7	263.65	7232	7296
14	mux-standby-32-t4	down	50000000	30f42c30	49313	standby	out	30f42c30>03eba64189c636ab77c2da630bf2a0c77061bc783e59f80fd39015a42f9ae6ce01;0d8257e2>022716fba0f9a5d46ae7b8a4412296847d63d96c763d49068e851e9be7542080b1	stcpr	159.163	03eba64189c636ab77c2da630bf2a0c77061bc783e59f80fd39015a42f9ae6ce01	212	0	-	-	exit-sent	0d8257e2	no	19	253.69	7616	7520
14	mux-standby-32-t4	down	50000000	fc2eaf78	49314	standby	out	fc2eaf78>03946b98fa081393f55cb5d130467c99de2267248a5bcadf570419feb18ad9d7b4;eb294537>022716fba0f9a5d46ae7b8a4412296847d63d96c763d49068e851e9be7542080b1	stcpr	167.233	03946b98fa081393f55cb5d130467c99de2267248a5bcadf570419feb18ad9d7b4	180	0	-	-	exit-sent	eb294537	no	17	267.71	7552	7488
14	mux-standby-32-t4	down	50000000	4aa23edc	49315	standby	out	4aa23edc>02f65a515856df60ef5b135740b0b2bdd085da3427cc12d02405d5496a63b0b72a;90e12bb9>022716fba0f9a5d46ae7b8a4412296847d63d96c763d49068e851e9be7542080b1	stcpr	163.745	02f65a515856df60ef5b135740b0b2bdd085da3427cc12d02405d5496a63b0b72a	143	0	-	-	exit-sent	90e12bb9	no	7	264.32	7232	7328
14	mux-standby-32-t4	down	50000000	3e214e29	49316	standby	out	3e214e29>0335cab89b9352e1052ddc431a35aa5adbd5667046d09e7a6b06c295af09795e7e;ab79e81f>022716fba0f9a5d46ae7b8a4412296847d63d96c763d49068e851e9be7542080b1	stcpr	519.408792	0335cab89b9352e1052ddc431a35aa5adbd5667046d09e7a6b06c295af09795e7e	175	0	-	-	exit-sent	ab79e81f	no	8	265.17	7200	7232
14	mux-standby-32-t4	down	50000000	770b2d43	49317	standby	out	770b2d43>031e6a72596e6be53c32b4d1909da233846bcef0000f72a0314072c10b9fc35d3c;91846477>022716fba0f9a5d46ae7b8a4412296847d63d96c763d49068e851e9be7542080b1	stcpr	186.748863	031e6a72596e6be53c32b4d1909da233846bcef0000f72a0314072c10b9fc35d3c	212	0	-	-	exit-sent	91846477	no	10	260.12	7264	7264
14	mux-standby-32-t4	down	50000000	25b03079	49318	standby	out	25b03079>02c43f7d6da81cdca65fcf41906ff321f0d9f14e4c9ab0ff8b54b8ec64cce11bf0;18e8b97b>022716fba0f9a5d46ae7b8a4412296847d63d96c763d49068e851e9be7542080b1	stcpr	311.078083	02c43f7d6da81cdca65fcf41906ff321f0d9f14e4c9ab0ff8b54b8ec64cce11bf0	244	0	-	-	exit-sent	18e8b97b	no	8	264.58	7200	7232
14	mux-standby-32-t4	down	50000000	54999ec3	49319	standby	out	54999ec3>0276161280817ad1cd3d637f5396f2b937f1973ba24d37ecf199085fe75166c28a;bcacf948>022716fba0f9a5d46ae7b8a4412296847d63d96c763d49068e851e9be7542080b1	stcpr	93.985362	0276161280817ad1cd3d637f5396f2b937f1973ba24d37ecf199085fe75166c28a	175	0	-	-	exit-sent	bcacf948	no	6	277.92	7136	7264
14	mux-standby-32-t4	down	50000000	ebbe12da	49320	standby	out	ebbe12da>03bd764901d9dc1e982eed39634564625bd245f4e56b9dc7f11017c148264d9458;143843a8>022716fba0f9a5d46ae7b8a4412296847d63d96c763d49068e851e9be7542080b1	stcpr	544.330314	03bd764901d9dc1e982eed39634564625bd245f4e56b9dc7f11017c148264d9458	143	0	-	-	exit-sent	143843a8	no	10	346.68	7264	7296
14	mux-standby-32-t4	down	50000000	475d59a5	49321	standby	out	475d59a5>02b1d9c56928f533ea9b309f8a53ed4807ee4e0193ef3c3a0234033313feceb8f2;99a80e72>022716fba0f9a5d46ae7b8a4412296847d63d96c763d49068e851e9be7542080b1	stcpr	187.757322	02b1d9c56928f533ea9b309f8a53ed4807ee4e0193ef3c3a0234033313feceb8f2	175	0	-	-	exit-sent	99a80e72	no	8	345.22	7200	7264
14	mux-standby-32-t4	down	50000000	2bf982f0	49336	-	out	-	-	-	-	0	0	-	-	exit-sent	-	-	-	-	-	-
14	mux-standby-32-t4	down	50000000	8888d9ea	49337	-	out	-	-	-	-	0	0	-	-	exit-sent	-	-	-	-	-	-
15	mux-standby-32-t5	down	50000000	b414796d	49289	active	in	b414796d>022716fba0f9a5d46ae7b8a4412296847d63d96c763d49068e851e9be7542080b1	stcpr	138.637	022716fba0f9a5d46ae7b8a4412296847d63d96c763d49068e851e9be7542080b1	2079	15996542	34.7%	31.9%	exit-sent	b414796d	no	17	684.69	100848889	14369532
15	mux-standby-32-t5	down	50000000	7a64a71c	49291	standby	out	7a64a71c>02f0fabacf587c096ca7e38846b16f2617cbeeeca7bd7a06e73b2030f8645dd00f;79a37fb3>022716fba0f9a5d46ae7b8a4412296847d63d96c763d49068e851e9be7542080b1	stcpr	178.998	02f0fabacf587c096ca7e38846b16f2617cbeeeca7bd7a06e73b2030f8645dd00f	222	0	-	-	exit-sent	79a37fb3	no	7	265.9	7840	7904
15	mux-standby-32-t5	down	50000000	bd6baec7	49292	standby	out	bd6baec7>02090aec59b40207d8662c82e4ecfc524b740c27f2fb98cfb5582833a66bdcb797;cab03f16>022716fba0f9a5d46ae7b8a4412296847d63d96c763d49068e851e9be7542080b1	stcpr	153.801	02090aec59b40207d8662c82e4ecfc524b740c27f2fb98cfb5582833a66bdcb797	249	0	-	-	exit-sent	cab03f16	no	9	284.31	7904	7904
15	mux-standby-32-t5	down	50000000	582c8788	49293	standby	out	582c8788>039fc26e1088917d070659ecc0a233d96534a28842d996ae9c6531753613db7be0;d1bd7a30>022716fba0f9a5d46ae7b8a4412296847d63d96c763d49068e851e9be7542080b1	stcpr	245.988	039fc26e1088917d070659ecc0a233d96534a28842d996ae9c6531753613db7be0	217	0	-	-	exit-sent	d1bd7a30	no	13	311.92	8032	8032
15	mux-standby-32-t5	down	50000000	e5faa6e0	49294	standby	out	e5faa6e0>02230b0a96a6f94179fab58196d3dfa1e19070faeae82d6900971462996541e774;47361294>022716fba0f9a5d46ae7b8a4412296847d63d96c763d49068e851e9be7542080b1	stcpr	151.45	02230b0a96a6f94179fab58196d3dfa1e19070faeae82d6900971462996541e774	249	0	-	-	exit-sent	47361294	no	10	272.52	7936	7904
15	mux-standby-32-t5	down	50000000	b71ddf99	49295	standby	out	b71ddf99>0328947fced4d4b7beb65a6ef60d579e42d7976168c292cbd6d28b5b8bdc85757f;47828219>022716fba0f9a5d46ae7b8a4412296847d63d96c763d49068e851e9be7542080b1	stcpr	152.605	0328947fced4d4b7beb65a6ef60d579e42d7976168c292cbd6d28b5b8bdc85757f	249	0	-	-	exit-sent	47828219	no	9	250.91	7904	7904
15	mux-standby-32-t5	down	50000000	bf9b0de8	49296	standby	out	bf9b0de8>026a913078651938783e19416a2de99c924df209e28512da2a571868c989bf3822;c2793bef>022716fba0f9a5d46ae7b8a4412296847d63d96c763d49068e851e9be7542080b1	stcpr	154.292	026a913078651938783e19416a2de99c924df209e28512da2a571868c989bf3822	249	0	-	-	exit-sent	c2793bef	no	11	273.12	7968	7904
15	mux-standby-32-t5	down	50000000	3ce660ee	49297	standby	in	3ce660ee>02e8e60a95f36a142fc7ac45dc98859ccda853f879bf537937fd72a8dbeec7982c;b21c3cf1>022716fba0f9a5d46ae7b8a4412296847d63d96c763d49068e851e9be7542080b1	stcpr	138.768	02e8e60a95f36a142fc7ac45dc98859ccda853f879bf537937fd72a8dbeec7982c	1713	14098164	28.6%	28.1%	exit-sent	b21c3cf1	no	11	239.93	76401997	15999
15	mux-standby-32-t5	down	50000000	ea69bc13	49298	standby	out	ea69bc13>03dd3a272482055da08828fafffe0cb537915a52e71c92bfc9bf3140ab0153cd7c;ce4708f1>022716fba0f9a5d46ae7b8a4412296847d63d96c763d49068e851e9be7542080b1	stcpr	148.602	03dd3a272482055da08828fafffe0cb537915a52e71c92bfc9bf3140ab0153cd7c	193	0	-	-	exit-sent	ce4708f1	no	9	267.03	7936	7904
15	mux-standby-32-t5	down	50000000	eaddf8ac	49299	standby	out	eaddf8ac>028ce3caf8a1ed3b650b7139aeb854351518149af709cf28fe9bd6376cb3403626;4112d695>022716fba0f9a5d46ae7b8a4412296847d63d96c763d49068e851e9be7542080b1	stcpr	168.54	028ce3caf8a1ed3b650b7139aeb854351518149af709cf28fe9bd6376cb3403626	180	0	-	-	exit-sent	4112d695	no	10	265.76	7872	7840
15	mux-standby-32-t5	down	50000000	696629b6	49300	standby	out	696629b6>03ecc7d108a98480b40a85bbfadb8f477d0c3559316306dcd7ba52fa3d21dad91e;75b62c04>022716fba0f9a5d46ae7b8a4412296847d63d96c763d49068e851e9be7542080b1	stcpr	171.105	03ecc7d108a98480b40a85bbfadb8f477d0c3559316306dcd7ba52fa3d21dad91e	249	0	-	-	exit-sent	75b62c04	no	7	265.98	7776	7872
15	mux-standby-32-t5	down	50000000	287b1d97	49301	standby	out	287b1d97>03b934e8a26ddb9d635381df94dbf778cdfebf53f8956902ec3a7837524a75024f;9d5d85da>022716fba0f9a5d46ae7b8a4412296847d63d96c763d49068e851e9be7542080b1	stcpr	169.437	03b934e8a26ddb9d635381df94dbf778cdfebf53f8956902ec3a7837524a75024f	257	0	-	-	exit-sent	9d5d85da	no	6	270.89	7712	7840
15	mux-standby-32-t5	down	50000000	619865a5	49302	standby	out	619865a5>02109a13c780fe273e48b5a7a9e030c1052156cd5afef4dff1c100598226ad8da9;25c2ebc5>022716fba0f9a5d46ae7b8a4412296847d63d96c763d49068e851e9be7542080b1	stcpr	157.229	02109a13c780fe273e48b5a7a9e030c1052156cd5afef4dff1c100598226ad8da9	257	0	-	-	exit-sent	25c2ebc5	no	14	309.91	8000	7936
15	mux-standby-32-t5	down	50000000	062c57d2	49303	standby	out	062c57d2>03dc3488e49ded9250f3cca2827ab16f6331b7ccefdad614353c785a5fc76c1b13;2d3c4852>022716fba0f9a5d46ae7b8a4412296847d63d96c763d49068e851e9be7542080b1	stcpr	172.76	03dc3488e49ded9250f3cca2827ab16f6331b7ccefdad614353c785a5fc76c1b13	252	0	-	-	exit-sent	2d3c4852	no	8	269.88	7744	7872
15	mux-standby-32-t5	down	50000000	e5f24143	49305	standby	in	e5f24143>024a37bae69d6be2ec51eeb9d2b7e99073c30153d06896032f5bd3c09ca843bdb9;a214890d>022716fba0f9a5d46ae7b8a4412296847d63d96c763d49068e851e9be7542080b1	stcpr	147.782	024a37bae69d6be2ec51eeb9d2b7e99073c30153d06896032f5bd3c09ca843bdb9	2195	19995441	36.7%	39.9%	exit-sent	a214890d	no	9	1664.1	72236172	14443
15	mux-standby-32-t5	down	50000000	1bda3d87	49306	standby	out	1bda3d87>03d1063b6503b67d94b5411a92ec418056d72799583748180141600f0f18de7a5b;314453d6>022716fba0f9a5d46ae7b8a4412296847d63d96c763d49068e851e9be7542080b1	stcpr	164.527	03d1063b6503b67d94b5411a92ec418056d72799583748180141600f0f18de7a5b	249	0	-	-	exit-sent	314453d6	no	8	347.53	7808	7840
15	mux-standby-32-t5	down	50000000	977b7c08	49308	standby	out	977b7c08>03e977883c41fca1e63a178398c46574b7ab8d4f381266c852242f473881c32337;6f46dafc>022716fba0f9a5d46ae7b8a4412296847d63d96c763d49068e851e9be7542080b1	stcpr	159.179	03e977883c41fca1e63a178398c46574b7ab8d4f381266c852242f473881c32337	289	0	-	-	exit-sent	6f46dafc	no	8	266.98	7776	7808
15	mux-standby-32-t5	down	50000000	a94550f5	49309	standby	out	a94550f5>025cc9b7ba632d57c12ccad1eb31c47a942dede14d1e174ac6c19a4988abb200c0;f3dfb306>022716fba0f9a5d46ae7b8a4412296847d63d96c763d49068e851e9be7542080b1	stcpr	165.273	025cc9b7ba632d57c12ccad1eb31c47a942dede14d1e174ac6c19a4988abb200c0	289	0	-	-	exit-sent	f3dfb306	no	8	265.38	7776	7808
15	mux-standby-32-t5	down	50000000	afa66373	49310	standby	out	afa66373>03634a5464d2ef3c257c530b77467265526f010d15a82dab765606abe63426db45;6167786b>022716fba0f9a5d46ae7b8a4412296847d63d96c763d49068e851e9be7542080b1	stcpr	169.47	03634a5464d2ef3c257c530b77467265526f010d15a82dab765606abe63426db45	217	0	-	-	exit-sent	6167786b	no	6	270.6	7712	7808
15	mux-standby-32-t5	down	50000000	bbed733f	49311	standby	out	bbed733f>02b3a85aee85dece633272731c2e37867a39fa9127f28233ad18ed0051184fc40a;d30e45c7>022716fba0f9a5d46ae7b8a4412296847d63d96c763d49068e851e9be7542080b1	stcpr	165.43	02b3a85aee85dece633272731c2e37867a39fa9127f28233ad18ed0051184fc40a	212	0	-	-	exit-sent	d30e45c7	no	7	265.9	7712	7776
15	mux-standby-32-t5	down	50000000	ee5902d2	49312	standby	out	ee5902d2>0397b427c1e522b768389db1fdfab3943a74e69683800fe4950af7dfb3bf66893c;2dfdb077>022716fba0f9a5d46ae7b8a4412296847d63d96c763d49068e851e9be7542080b1	stcpr	165.252	0397b427c1e522b768389db1fdfab3943a74e69683800fe4950af7dfb3bf66893c	143	0	-	-	exit-sent	2dfdb077	no	7	265.89	7712	7776
15	mux-standby-32-t5	down	50000000	30f42c30	49313	standby	out	30f42c30>03eba64189c636ab77c2da630bf2a0c77061bc783e59f80fd39015a42f9ae6ce01;0d8257e2>022716fba0f9a5d46ae7b8a4412296847d63d96c763d49068e851e9be7542080b1	stcpr	159.163	03eba64189c636ab77c2da630bf2a0c77061bc783e59f80fd39015a42f9ae6ce01	249	0	-	-	exit-sent	0d8257e2	no	19	322.84	8096	8000
15	mux-standby-32-t5	down	50000000	fc2eaf78	49314	standby	out	fc2eaf78>03946b98fa081393f55cb5d130467c99de2267248a5bcadf570419feb18ad9d7b4;eb294537>022716fba0f9a5d46ae7b8a4412296847d63d96c763d49068e851e9be7542080b1	stcpr	167.233	03946b98fa081393f55cb5d130467c99de2267248a5bcadf570419feb18ad9d7b4	175	0	-	-	exit-sent	eb294537	no	17	412.47	8032	7968
15	mux-standby-32-t5	down	50000000	4aa23edc	49315	standby	out	4aa23edc>02f65a515856df60ef5b135740b0b2bdd085da3427cc12d02405d5496a63b0b72a;90e12bb9>022716fba0f9a5d46ae7b8a4412296847d63d96c763d49068e851e9be7542080b1	stcpr	163.745	02f65a515856df60ef5b135740b0b2bdd085da3427cc12d02405d5496a63b0b72a	249	0	-	-	exit-sent	90e12bb9	no	7	267.11	7712	7808
15	mux-standby-32-t5	down	50000000	3e214e29	49316	standby	out	3e214e29>0335cab89b9352e1052ddc431a35aa5adbd5667046d09e7a6b06c295af09795e7e;ab79e81f>022716fba0f9a5d46ae7b8a4412296847d63d96c763d49068e851e9be7542080b1	stcpr	519.408792	0335cab89b9352e1052ddc431a35aa5adbd5667046d09e7a6b06c295af09795e7e	257	0	-	-	exit-sent	ab79e81f	no	8	265.53	7680	7712
15	mux-standby-32-t5	down	50000000	770b2d43	49317	standby	out	770b2d43>031e6a72596e6be53c32b4d1909da233846bcef0000f72a0314072c10b9fc35d3c;91846477>022716fba0f9a5d46ae7b8a4412296847d63d96c763d49068e851e9be7542080b1	stcpr	186.748863	031e6a72596e6be53c32b4d1909da233846bcef0000f72a0314072c10b9fc35d3c	217	0	-	-	exit-sent	91846477	no	10	348.53	7744	7744
15	mux-standby-32-t5	down	50000000	25b03079	49318	standby	out	25b03079>02c43f7d6da81cdca65fcf41906ff321f0d9f14e4c9ab0ff8b54b8ec64cce11bf0;18e8b97b>022716fba0f9a5d46ae7b8a4412296847d63d96c763d49068e851e9be7542080b1	stcpr	311.078083	02c43f7d6da81cdca65fcf41906ff321f0d9f14e4c9ab0ff8b54b8ec64cce11bf0	249	0	-	-	exit-sent	18e8b97b	no	8	265.39	7680	7712
15	mux-standby-32-t5	down	50000000	54999ec3	49319	standby	out	54999ec3>0276161280817ad1cd3d637f5396f2b937f1973ba24d37ecf199085fe75166c28a;bcacf948>022716fba0f9a5d46ae7b8a4412296847d63d96c763d49068e851e9be7542080b1	stcpr	93.985362	0276161280817ad1cd3d637f5396f2b937f1973ba24d37ecf199085fe75166c28a	249	0	-	-	exit-sent	bcacf948	no	6	272.1	7616	7744
15	mux-standby-32-t5	down	50000000	ebbe12da	49320	standby	out	ebbe12da>03bd764901d9dc1e982eed39634564625bd245f4e56b9dc7f11017c148264d9458;143843a8>022716fba0f9a5d46ae7b8a4412296847d63d96c763d49068e851e9be7542080b1	stcpr	544.330314	03bd764901d9dc1e982eed39634564625bd245f4e56b9dc7f11017c148264d9458	175	0	-	-	exit-sent	143843a8	no	10	345.13	7744	7776
15	mux-standby-32-t5	down	50000000	475d59a5	49321	standby	out	475d59a5>02b1d9c56928f533ea9b309f8a53ed4807ee4e0193ef3c3a0234033313feceb8f2;99a80e72>022716fba0f9a5d46ae7b8a4412296847d63d96c763d49068e851e9be7542080b1	stcpr	187.757322	02b1d9c56928f533ea9b309f8a53ed4807ee4e0193ef3c3a0234033313feceb8f2	257	0	-	-	exit-sent	99a80e72	no	8	343.73	7680	7744
15	mux-standby-32-t5	down	50000000	2bf982f0	49336	-	out	-	-	-	-	0	0	-	-	exit-sent	-	-	-	-	-	-
15	mux-standby-32-t5	down	50000000	8888d9ea	49337	-	out	-	-	-	-	0	0	-	-	exit-sent	-	-	-	-	-	-
16	mux-standby-32-t1	up	50000000	b414796d	49289	active	in	b414796d>022716fba0f9a5d46ae7b8a4412296847d63d96c763d49068e851e9be7542080b1	stcpr	138.637	022716fba0f9a5d46ae7b8a4412296847d63d96c763d49068e851e9be7542080b1	20846788	3427	41.6%	42.2%	exit-sent	b414796d	no	18	237.58	100852316	35216141
16	mux-standby-32-t1	up	50000000	7a64a71c	49291	standby	out	7a64a71c>02f0fabacf587c096ca7e38846b16f2617cbeeeca7bd7a06e73b2030f8645dd00f;79a37fb3>022716fba0f9a5d46ae7b8a4412296847d63d96c763d49068e851e9be7542080b1	stcpr	178.998	02f0fabacf587c096ca7e38846b16f2617cbeeeca7bd7a06e73b2030f8645dd00f	228	0	-	-	exit-sent	79a37fb3	no	7	261.3	8192	8256
16	mux-standby-32-t1	up	50000000	bd6baec7	49292	standby	out	bd6baec7>02090aec59b40207d8662c82e4ecfc524b740c27f2fb98cfb5582833a66bdcb797;cab03f16>022716fba0f9a5d46ae7b8a4412296847d63d96c763d49068e851e9be7542080b1	stcpr	153.801	02090aec59b40207d8662c82e4ecfc524b740c27f2fb98cfb5582833a66bdcb797	228	0	-	-	exit-sent	cab03f16	no	9	248.73	8256	8256
16	mux-standby-32-t1	up	50000000	582c8788	49293	standby	out	582c8788>039fc26e1088917d070659ecc0a233d96534a28842d996ae9c6531753613db7be0;d1bd7a30>022716fba0f9a5d46ae7b8a4412296847d63d96c763d49068e851e9be7542080b1	stcpr	245.988	039fc26e1088917d070659ecc0a233d96534a28842d996ae9c6531753613db7be0	228	0	-	-	exit-sent	d1bd7a30	no	14	254.78	8416	8384
16	mux-standby-32-t1	up	50000000	e5faa6e0	49294	standby	out	e5faa6e0>02230b0a96a6f94179fab58196d3dfa1e19070faeae82d6900971462996541e774;47361294>022716fba0f9a5d46ae7b8a4412296847d63d96c763d49068e851e9be7542080b1	stcpr	151.45	02230b0a96a6f94179fab58196d3dfa1e19070faeae82d6900971462996541e774	220	0	-	-	exit-sent	47361294	no	10	241.51	8288	8256
16	mux-standby-32-t1	up	50000000	b71ddf99	49295	standby	out	b71ddf99>0328947fced4d4b7beb65a6ef60d579e42d7976168c292cbd6d28b5b8bdc85757f;47828219>022716fba0f9a5d46ae7b8a4412296847d63d96c763d49068e851e9be7542080b1	stcpr	152.605	0328947fced4d4b7beb65a6ef60d579e42d7976168c292cbd6d28b5b8bdc85757f	228	0	-	-	exit-sent	47828219	no	9	250.58	8256	8256
16	mux-standby-32-t1	up	50000000	bf9b0de8	49296	standby	out	bf9b0de8>026a913078651938783e19416a2de99c924df209e28512da2a571868c989bf3822;c2793bef>022716fba0f9a5d46ae7b8a4412296847d63d96c763d49068e851e9be7542080b1	stcpr	154.292	026a913078651938783e19416a2de99c924df209e28512da2a571868c989bf3822	220	0	-	-	exit-sent	c2793bef	no	11	236.12	8320	8256
16	mux-standby-32-t1	up	50000000	3ce660ee	49297	standby	in	3ce660ee>02e8e60a95f36a142fc7ac45dc98859ccda853f879bf537937fd72a8dbeec7982c;b21c3cf1>022716fba0f9a5d46ae7b8a4412296847d63d96c763d49068e851e9be7542080b1	stcpr	138.768	02e8e60a95f36a142fc7ac45dc98859ccda853f879bf537937fd72a8dbeec7982c	16742707	2752	33.4%	33.9%	exit-sent	b21c3cf1	no	12	236.22	76404749	16758798
16	mux-standby-32-t1	up	50000000	ea69bc13	49298	standby	out	ea69bc13>03dd3a272482055da08828fafffe0cb537915a52e71c92bfc9bf3140ab0153cd7c;ce4708f1>022716fba0f9a5d46ae7b8a4412296847d63d96c763d49068e851e9be7542080b1	stcpr	148.602	03dd3a272482055da08828fafffe0cb537915a52e71c92bfc9bf3140ab0153cd7c	220	0	-	-	exit-sent	ce4708f1	no	9	242.7	8288	8256
16	mux-standby-32-t1	up	50000000	eaddf8ac	49299	standby	out	eaddf8ac>028ce3caf8a1ed3b650b7139aeb854351518149af709cf28fe9bd6376cb3403626;4112d695>022716fba0f9a5d46ae7b8a4412296847d63d96c763d49068e851e9be7542080b1	stcpr	168.54	028ce3caf8a1ed3b650b7139aeb854351518149af709cf28fe9bd6376cb3403626	212	0	-	-	exit-sent	4112d695	no	10	261.02	8224	8192
16	mux-standby-32-t1	up	50000000	696629b6	49300	standby	out	696629b6>03ecc7d108a98480b40a85bbfadb8f477d0c3559316306dcd7ba52fa3d21dad91e;75b62c04>022716fba0f9a5d46ae7b8a4412296847d63d96c763d49068e851e9be7542080b1	stcpr	171.105	03ecc7d108a98480b40a85bbfadb8f477d0c3559316306dcd7ba52fa3d21dad91e	228	0	-	-	exit-sent	75b62c04	no	7	258.18	8128	8224
16	mux-standby-32-t1	up	50000000	287b1d97	49301	standby	out	287b1d97>03b934e8a26ddb9d635381df94dbf778cdfebf53f8956902ec3a7837524a75024f;9d5d85da>022716fba0f9a5d46ae7b8a4412296847d63d96c763d49068e851e9be7542080b1	stcpr	169.437	03b934e8a26ddb9d635381df94dbf778cdfebf53f8956902ec3a7837524a75024f	220	0	-	-	exit-sent	9d5d85da	no	6	266.69	8064	8192
16	mux-standby-32-t1	up	50000000	619865a5	49302	standby	out	619865a5>02109a13c780fe273e48b5a7a9e030c1052156cd5afef4dff1c100598226ad8da9;25c2ebc5>022716fba0f9a5d46ae7b8a4412296847d63d96c763d49068e851e9be7542080b1	stcpr	157.229	02109a13c780fe273e48b5a7a9e030c1052156cd5afef4dff1c100598226ad8da9	260	0	-	-	exit-sent	25c2ebc5	no	15	246.76	8384	8320
16	mux-standby-32-t1	up	50000000	062c57d2	49303	standby	out	062c57d2>03dc3488e49ded9250f3cca2827ab16f6331b7ccefdad614353c785a5fc76c1b13;2d3c4852>022716fba0f9a5d46ae7b8a4412296847d63d96c763d49068e851e9be7542080b1	stcpr	172.76	03dc3488e49ded9250f3cca2827ab16f6331b7ccefdad614353c785a5fc76c1b13	238	0	-	-	exit-sent	2d3c4852	no	10	260.57	8160	8224
16	mux-standby-32-t1	up	50000000	e5f24143	49305	standby	in	e5f24143>024a37bae69d6be2ec51eeb9d2b7e99073c30153d06896032f5bd3c09ca843bdb9;a214890d>022716fba0f9a5d46ae7b8a4412296847d63d96c763d49068e851e9be7542080b1	stcpr	147.782	024a37bae69d6be2ec51eeb9d2b7e99073c30153d06896032f5bd3c09ca843bdb9	12507855	1942	25.0%	23.9%	exit-sent	a214890d	no	10	242.46	72238114	12522382
16	mux-standby-32-t1	up	50000000	1bda3d87	49306	standby	out	1bda3d87>03d1063b6503b67d94b5411a92ec418056d72799583748180141600f0f18de7a5b;314453d6>022716fba0f9a5d46ae7b8a4412296847d63d96c763d49068e851e9be7542080b1	stcpr	164.527	03d1063b6503b67d94b5411a92ec418056d72799583748180141600f0f18de7a5b	220	0	-	-	exit-sent	314453d6	no	8	262.43	8160	8192
16	mux-standby-32-t1	up	50000000	977b7c08	49308	standby	out	977b7c08>03e977883c41fca1e63a178398c46574b7ab8d4f381266c852242f473881c32337;6f46dafc>022716fba0f9a5d46ae7b8a4412296847d63d96c763d49068e851e9be7542080b1	stcpr	159.179	03e977883c41fca1e63a178398c46574b7ab8d4f381266c852242f473881c32337	225	0	-	-	exit-sent	6f46dafc	no	8	262.27	8128	8160
16	mux-standby-32-t1	up	50000000	a94550f5	49309	standby	out	a94550f5>025cc9b7ba632d57c12ccad1eb31c47a942dede14d1e174ac6c19a4988abb200c0;f3dfb306>022716fba0f9a5d46ae7b8a4412296847d63d96c763d49068e851e9be7542080b1	stcpr	165.273	025cc9b7ba632d57c12ccad1eb31c47a942dede14d1e174ac6c19a4988abb200c0	220	0	-	-	exit-sent	f3dfb306	no	8	256.23	8128	8160
16	mux-standby-32-t1	up	50000000	afa66373	49310	standby	out	afa66373>03634a5464d2ef3c257c530b77467265526f010d15a82dab765606abe63426db45;6167786b>022716fba0f9a5d46ae7b8a4412296847d63d96c763d49068e851e9be7542080b1	stcpr	169.47	03634a5464d2ef3c257c530b77467265526f010d15a82dab765606abe63426db45	228	0	-	-	exit-sent	6167786b	no	6	264.99	8064	8160
16	mux-standby-32-t1	up	50000000	bbed733f	49311	standby	out	bbed733f>02b3a85aee85dece633272731c2e37867a39fa9127f28233ad18ed0051184fc40a;d30e45c7>022716fba0f9a5d46ae7b8a4412296847d63d96c763d49068e851e9be7542080b1	stcpr	165.43	02b3a85aee85dece633272731c2e37867a39fa9127f28233ad18ed0051184fc40a	228	0	-	-	exit-sent	d30e45c7	no	7	266.07	8064	8128
16	mux-standby-32-t1	up	50000000	ee5902d2	49312	standby	out	ee5902d2>0397b427c1e522b768389db1fdfab3943a74e69683800fe4950af7dfb3bf66893c;2dfdb077>022716fba0f9a5d46ae7b8a4412296847d63d96c763d49068e851e9be7542080b1	stcpr	165.252	0397b427c1e522b768389db1fdfab3943a74e69683800fe4950af7dfb3bf66893c	220	0	-	-	exit-sent	2dfdb077	no	7	258.28	8064	8128
16	mux-standby-32-t1	up	50000000	30f42c30	49313	standby	out	30f42c30>03eba64189c636ab77c2da630bf2a0c77061bc783e59f80fd39015a42f9ae6ce01;0d8257e2>022716fba0f9a5d46ae7b8a4412296847d63d96c763d49068e851e9be7542080b1	stcpr	159.163	03eba64189c636ab77c2da630bf2a0c77061bc783e59f80fd39015a42f9ae6ce01	196	0	-	-	exit-sent	0d8257e2	no	20	296.32	8480	8352
16	mux-standby-32-t1	up	50000000	fc2eaf78	49314	standby	out	fc2eaf78>03946b98fa081393f55cb5d130467c99de2267248a5bcadf570419feb18ad9d7b4;eb294537>022716fba0f9a5d46ae7b8a4412296847d63d96c763d49068e851e9be7542080b1	stcpr	167.233	03946b98fa081393f55cb5d130467c99de2267248a5bcadf570419feb18ad9d7b4	289	0	-	-	exit-sent	eb294537	no	18	267.97	8416	8320
16	mux-standby-32-t1	up	50000000	4aa23edc	49315	standby	out	4aa23edc>02f65a515856df60ef5b135740b0b2bdd085da3427cc12d02405d5496a63b0b72a;90e12bb9>022716fba0f9a5d46ae7b8a4412296847d63d96c763d49068e851e9be7542080b1	stcpr	163.745	02f65a515856df60ef5b135740b0b2bdd085da3427cc12d02405d5496a63b0b72a	196	0	-	-	exit-sent	90e12bb9	no	7	262.98	8064	8160
16	mux-standby-32-t1	up	50000000	3e214e29	49316	standby	out	3e214e29>0335cab89b9352e1052ddc431a35aa5adbd5667046d09e7a6b06c295af09795e7e;ab79e81f>022716fba0f9a5d46ae7b8a4412296847d63d96c763d49068e851e9be7542080b1	stcpr	519.408792	0335cab89b9352e1052ddc431a35aa5adbd5667046d09e7a6b06c295af09795e7e	233	0	-	-	exit-sent	ab79e81f	no	8	264.06	8032	8064
16	mux-standby-32-t1	up	50000000	770b2d43	49317	standby	out	770b2d43>031e6a72596e6be53c32b4d1909da233846bcef0000f72a0314072c10b9fc35d3c;91846477>022716fba0f9a5d46ae7b8a4412296847d63d96c763d49068e851e9be7542080b1	stcpr	186.748863	031e6a72596e6be53c32b4d1909da233846bcef0000f72a0314072c10b9fc35d3c	196	0	-	-	exit-sent	91846477	no	10	262.01	8096	8096
16	mux-standby-32-t1	up	50000000	25b03079	49318	standby	out	25b03079>02c43f7d6da81cdca65fcf41906ff321f0d9f14e4c9ab0ff8b54b8ec64cce11bf0;18e8b97b>022716fba0f9a5d46ae7b8a4412296847d63d96c763d49068e851e9be7542080b1	stcpr	311.078083	02c43f7d6da81cdca65fcf41906ff321f0d9f14e4c9ab0ff8b54b8ec64cce11bf0	225	0	-	-	exit-sent	18e8b97b	no	8	265.62	8032	8064
16	mux-standby-32-t1	up	50000000	54999ec3	49319	standby	out	54999ec3>0276161280817ad1cd3d637f5396f2b937f1973ba24d37ecf199085fe75166c28a;bcacf948>022716fba0f9a5d46ae7b8a4412296847d63d96c763d49068e851e9be7542080b1	stcpr	93.985362	0276161280817ad1cd3d637f5396f2b937f1973ba24d37ecf199085fe75166c28a	225	0	-	-	exit-sent	bcacf948	no	6	266.33	7968	8096
16	mux-standby-32-t1	up	50000000	ebbe12da	49320	standby	out	ebbe12da>03bd764901d9dc1e982eed39634564625bd245f4e56b9dc7f11017c148264d9458;143843a8>022716fba0f9a5d46ae7b8a4412296847d63d96c763d49068e851e9be7542080b1	stcpr	544.330314	03bd764901d9dc1e982eed39634564625bd245f4e56b9dc7f11017c148264d9458	180	0	-	-	exit-sent	143843a8	no	10	265.56	8096	8128
16	mux-standby-32-t1	up	50000000	475d59a5	49321	standby	out	475d59a5>02b1d9c56928f533ea9b309f8a53ed4807ee4e0193ef3c3a0234033313feceb8f2;99a80e72>022716fba0f9a5d46ae7b8a4412296847d63d96c763d49068e851e9be7542080b1	stcpr	187.757322	02b1d9c56928f533ea9b309f8a53ed4807ee4e0193ef3c3a0234033313feceb8f2	225	0	-	-	exit-sent	99a80e72	no	8	261.17	8032	8096
16	mux-standby-32-t1	up	50000000	2bf982f0	49336	-	out	-	-	-	-	0	0	-	-	exit-sent	-	-	-	-	-	-
16	mux-standby-32-t1	up	50000000	8888d9ea	49337	-	out	-	-	-	-	0	0	-	-	exit-sent	-	-	-	-	-	-
17	mux-standby-32-t2	up	50000000	b414796d	49289	active	in	b414796d>022716fba0f9a5d46ae7b8a4412296847d63d96c763d49068e851e9be7542080b1	stcpr	138.637	022716fba0f9a5d46ae7b8a4412296847d63d96c763d49068e851e9be7542080b1	16677158	2418	33.3%	32.4%	exit-sent	b414796d	no	20	234.14	100854734	51893243
17	mux-standby-32-t2	up	50000000	7a64a71c	49291	standby	out	7a64a71c>02f0fabacf587c096ca7e38846b16f2617cbeeeca7bd7a06e73b2030f8645dd00f;79a37fb3>022716fba0f9a5d46ae7b8a4412296847d63d96c763d49068e851e9be7542080b1	stcpr	178.998	02f0fabacf587c096ca7e38846b16f2617cbeeeca7bd7a06e73b2030f8645dd00f	212	0	-	-	exit-sent	79a37fb3	no	7	261.45	8480	8544
17	mux-standby-32-t2	up	50000000	bd6baec7	49292	standby	out	bd6baec7>02090aec59b40207d8662c82e4ecfc524b740c27f2fb98cfb5582833a66bdcb797;cab03f16>022716fba0f9a5d46ae7b8a4412296847d63d96c763d49068e851e9be7542080b1	stcpr	153.801	02090aec59b40207d8662c82e4ecfc524b740c27f2fb98cfb5582833a66bdcb797	143	0	-	-	exit-sent	cab03f16	no	9	250.39	8544	8544
17	mux-standby-32-t2	up	50000000	582c8788	49293	standby	out	582c8788>039fc26e1088917d070659ecc0a233d96534a28842d996ae9c6531753613db7be0;d1bd7a30>022716fba0f9a5d46ae7b8a4412296847d63d96c763d49068e851e9be7542080b1	stcpr	245.988	039fc26e1088917d070659ecc0a233d96534a28842d996ae9c6531753613db7be0	180	0	-	-	exit-sent	d1bd7a30	no	15	341.96	8736	8672
17	mux-standby-32-t2	up	50000000	e5faa6e0	49294	standby	out	e5faa6e0>02230b0a96a6f94179fab58196d3dfa1e19070faeae82d6900971462996541e774;47361294>022716fba0f9a5d46ae7b8a4412296847d63d96c763d49068e851e9be7542080b1	stcpr	151.45	02230b0a96a6f94179fab58196d3dfa1e19070faeae82d6900971462996541e774	151	0	-	-	exit-sent	47361294	no	10	245.65	8576	8544
17	mux-standby-32-t2	up	50000000	b71ddf99	49295	standby	out	b71ddf99>0328947fced4d4b7beb65a6ef60d579e42d7976168c292cbd6d28b5b8bdc85757f;47828219>022716fba0f9a5d46ae7b8a4412296847d63d96c763d49068e851e9be7542080b1	stcpr	152.605	0328947fced4d4b7beb65a6ef60d579e42d7976168c292cbd6d28b5b8bdc85757f	143	0	-	-	exit-sent	47828219	no	9	249.6	8544	8544
17	mux-standby-32-t2	up	50000000	bf9b0de8	49296	standby	out	bf9b0de8>026a913078651938783e19416a2de99c924df209e28512da2a571868c989bf3822;c2793bef>022716fba0f9a5d46ae7b8a4412296847d63d96c763d49068e851e9be7542080b1	stcpr	154.292	026a913078651938783e19416a2de99c924df209e28512da2a571868c989bf3822	143	0	-	-	exit-sent	c2793bef	no	11	245.44	8608	8544
17	mux-standby-32-t2	up	50000000	3ce660ee	49297	standby	in	3ce660ee>02e8e60a95f36a142fc7ac45dc98859ccda853f879bf537937fd72a8dbeec7982c;b21c3cf1>022716fba0f9a5d46ae7b8a4412296847d63d96c763d49068e851e9be7542080b1	stcpr	138.768	02e8e60a95f36a142fc7ac45dc98859ccda853f879bf537937fd72a8dbeec7982c	20846208	3049	41.7%	40.8%	exit-sent	b21c3cf1	no	14	235.6	76407798	37605054
17	mux-standby-32-t2	up	50000000	ea69bc13	49298	standby	out	ea69bc13>03dd3a272482055da08828fafffe0cb537915a52e71c92bfc9bf3140ab0153cd7c;ce4708f1>022716fba0f9a5d46ae7b8a4412296847d63d96c763d49068e851e9be7542080b1	stcpr	148.602	03dd3a272482055da08828fafffe0cb537915a52e71c92bfc9bf3140ab0153cd7c	143	0	-	-	exit-sent	ce4708f1	no	9	248.18	8576	8544
17	mux-standby-32-t2	up	50000000	eaddf8ac	49299	standby	out	eaddf8ac>028ce3caf8a1ed3b650b7139aeb854351518149af709cf28fe9bd6376cb3403626;4112d695>022716fba0f9a5d46ae7b8a4412296847d63d96c763d49068e851e9be7542080b1	stcpr	168.54	028ce3caf8a1ed3b650b7139aeb854351518149af709cf28fe9bd6376cb3403626	151	0	-	-	exit-sent	4112d695	no	10	259.95	8512	8480
17	mux-standby-32-t2	up	50000000	696629b6	49300	standby	out	696629b6>03ecc7d108a98480b40a85bbfadb8f477d0c3559316306dcd7ba52fa3d21dad91e;75b62c04>022716fba0f9a5d46ae7b8a4412296847d63d96c763d49068e851e9be7542080b1	stcpr	171.105	03ecc7d108a98480b40a85bbfadb8f477d0c3559316306dcd7ba52fa3d21dad91e	175	0	-	-	exit-sent	75b62c04	no	7	263.68	8416	8512
17	mux-standby-32-t2	up	50000000	287b1d97	49301	standby	out	287b1d97>03b934e8a26ddb9d635381df94dbf778cdfebf53f8956902ec3a7837524a75024f;9d5d85da>022716fba0f9a5d46ae7b8a4412296847d63d96c763d49068e851e9be7542080b1	stcpr	169.437	03b934e8a26ddb9d635381df94dbf778cdfebf53f8956902ec3a7837524a75024f	175	0	-	-	exit-sent	9d5d85da	no	6	268.16	8352	8480
17	mux-standby-32-t2	up	50000000	619865a5	49302	standby	out	619865a5>02109a13c780fe273e48b5a7a9e030c1052156cd5afef4dff1c100598226ad8da9;25c2ebc5>022716fba0f9a5d46ae7b8a4412296847d63d96c763d49068e851e9be7542080b1	stcpr	157.229	02109a13c780fe273e48b5a7a9e030c1052156cd5afef4dff1c100598226ad8da9	180	0	-	-	exit-sent	25c2ebc5	no	16	336.47	8704	8608
17	mux-standby-32-t2	up	50000000	062c57d2	49303	standby	out	062c57d2>03dc3488e49ded9250f3cca2827ab16f6331b7ccefdad614353c785a5fc76c1b13;2d3c4852>022716fba0f9a5d46ae7b8a4412296847d63d96c763d49068e851e9be7542080b1	stcpr	172.76	03dc3488e49ded9250f3cca2827ab16f6331b7ccefdad614353c785a5fc76c1b13	212	0	-	-	exit-sent	2d3c4852	no	10	263.7	8448	8512
17	mux-standby-32-t2	up	50000000	e5f24143	49305	standby	in	e5f24143>024a37bae69d6be2ec51eeb9d2b7e99073c30153d06896032f5bd3c09ca843bdb9;a214890d>022716fba0f9a5d46ae7b8a4412296847d63d96c763d49068e851e9be7542080b1	stcpr	147.782	024a37bae69d6be2ec51eeb9d2b7e99073c30153d06896032f5bd3c09ca843bdb9	12507947	2002	25.0%	26.8%	exit-sent	a214890d	no	10	246.24	72240116	25030387
17	mux-standby-32-t2	up	50000000	1bda3d87	49306	standby	out	1bda3d87>03d1063b6503b67d94b5411a92ec418056d72799583748180141600f0f18de7a5b;314453d6>022716fba0f9a5d46ae7b8a4412296847d63d96c763d49068e851e9be7542080b1	stcpr	164.527	03d1063b6503b67d94b5411a92ec418056d72799583748180141600f0f18de7a5b	188	0	-	-	exit-sent	314453d6	no	8	269.11	8448	8480
17	mux-standby-32-t2	up	50000000	977b7c08	49308	standby	out	977b7c08>03e977883c41fca1e63a178398c46574b7ab8d4f381266c852242f473881c32337;6f46dafc>022716fba0f9a5d46ae7b8a4412296847d63d96c763d49068e851e9be7542080b1	stcpr	159.179	03e977883c41fca1e63a178398c46574b7ab8d4f381266c852242f473881c32337	180	0	-	-	exit-sent	6f46dafc	no	8	263.93	8416	8448
17	mux-standby-32-t2	up	50000000	a94550f5	49309	standby	out	a94550f5>025cc9b7ba632d57c12ccad1eb31c47a942dede14d1e174ac6c19a4988abb200c0;f3dfb306>022716fba0f9a5d46ae7b8a4412296847d63d96c763d49068e851e9be7542080b1	stcpr	165.273	025cc9b7ba632d57c12ccad1eb31c47a942dede14d1e174ac6c19a4988abb200c0	175	0	-	-	exit-sent	f3dfb306	no	8	260.81	8416	8448
17	mux-standby-32-t2	up	50000000	afa66373	49310	standby	out	afa66373>03634a5464d2ef3c257c530b77467265526f010d15a82dab765606abe63426db45;6167786b>022716fba0f9a5d46ae7b8a4412296847d63d96c763d49068e851e9be7542080b1	stcpr	169.47	03634a5464d2ef3c257c530b77467265526f010d15a82dab765606abe63426db45	175	0	-	-	exit-sent	6167786b	no	6	268.97	8352	8448
17	mux-standby-32-t2	up	50000000	bbed733f	49311	standby	out	bbed733f>02b3a85aee85dece633272731c2e37867a39fa9127f28233ad18ed0051184fc40a;d30e45c7>022716fba0f9a5d46ae7b8a4412296847d63d96c763d49068e851e9be7542080b1	stcpr	165.43	02b3a85aee85dece633272731c2e37867a39fa9127f28233ad18ed0051184fc40a	175	0	-	-	exit-sent	d30e45c7	no	7	263.79	8352	8416
17	mux-standby-32-t2	up	50000000	ee5902d2	49312	standby	out	ee5902d2>0397b427c1e522b768389db1fdfab3943a74e69683800fe4950af7dfb3bf66893c;2dfdb077>022716fba0f9a5d46ae7b8a4412296847d63d96c763d49068e851e9be7542080b1	stcpr	165.252	0397b427c1e522b768389db1fdfab3943a74e69683800fe4950af7dfb3bf66893c	175	0	-	-	exit-sent	2dfdb077	no	7	260.7	8352	8416
17	mux-standby-32-t2	up	50000000	30f42c30	49313	standby	out	30f42c30>03eba64189c636ab77c2da630bf2a0c77061bc783e59f80fd39015a42f9ae6ce01;0d8257e2>022716fba0f9a5d46ae7b8a4412296847d63d96c763d49068e851e9be7542080b1	stcpr	159.163	03eba64189c636ab77c2da630bf2a0c77061bc783e59f80fd39015a42f9ae6ce01	180	0	-	-	exit-sent	0d8257e2	no	21	346.07	8800	8640
17	mux-standby-32-t2	up	50000000	fc2eaf78	49314	standby	out	fc2eaf78>03946b98fa081393f55cb5d130467c99de2267248a5bcadf570419feb18ad9d7b4;eb294537>022716fba0f9a5d46ae7b8a4412296847d63d96c763d49068e851e9be7542080b1	stcpr	167.233	03946b98fa081393f55cb5d130467c99de2267248a5bcadf570419feb18ad9d7b4	143	0	-	-	exit-sent	eb294537	no	19	346.29	8736	8608
17	mux-standby-32-t2	up	50000000	4aa23edc	49315	standby	out	4aa23edc>02f65a515856df60ef5b135740b0b2bdd085da3427cc12d02405d5496a63b0b72a;90e12bb9>022716fba0f9a5d46ae7b8a4412296847d63d96c763d49068e851e9be7542080b1	stcpr	163.745	02f65a515856df60ef5b135740b0b2bdd085da3427cc12d02405d5496a63b0b72a	175	0	-	-	exit-sent	90e12bb9	no	7	260.45	8352	8448
17	mux-standby-32-t2	up	50000000	3e214e29	49316	standby	out	3e214e29>0335cab89b9352e1052ddc431a35aa5adbd5667046d09e7a6b06c295af09795e7e;ab79e81f>022716fba0f9a5d46ae7b8a4412296847d63d96c763d49068e851e9be7542080b1	stcpr	519.408792	0335cab89b9352e1052ddc431a35aa5adbd5667046d09e7a6b06c295af09795e7e	143	0	-	-	exit-sent	ab79e81f	no	8	263.92	8320	8352
17	mux-standby-32-t2	up	50000000	770b2d43	49317	standby	out	770b2d43>031e6a72596e6be53c32b4d1909da233846bcef0000f72a0314072c10b9fc35d3c;91846477>022716fba0f9a5d46ae7b8a4412296847d63d96c763d49068e851e9be7542080b1	stcpr	186.748863	031e6a72596e6be53c32b4d1909da233846bcef0000f72a0314072c10b9fc35d3c	207	0	-	-	exit-sent	91846477	no	10	269.15	8384	8384
17	mux-standby-32-t2	up	50000000	25b03079	49318	standby	out	25b03079>02c43f7d6da81cdca65fcf41906ff321f0d9f14e4c9ab0ff8b54b8ec64cce11bf0;18e8b97b>022716fba0f9a5d46ae7b8a4412296847d63d96c763d49068e851e9be7542080b1	stcpr	311.078083	02c43f7d6da81cdca65fcf41906ff321f0d9f14e4c9ab0ff8b54b8ec64cce11bf0	151	0	-	-	exit-sent	18e8b97b	no	8	263.4	8320	8352
17	mux-standby-32-t2	up	50000000	54999ec3	49319	standby	out	54999ec3>0276161280817ad1cd3d637f5396f2b937f1973ba24d37ecf199085fe75166c28a;bcacf948>022716fba0f9a5d46ae7b8a4412296847d63d96c763d49068e851e9be7542080b1	stcpr	93.985362	0276161280817ad1cd3d637f5396f2b937f1973ba24d37ecf199085fe75166c28a	143	0	-	-	exit-sent	bcacf948	no	6	269.38	8256	8384
17	mux-standby-32-t2	up	50000000	ebbe12da	49320	standby	out	ebbe12da>03bd764901d9dc1e982eed39634564625bd245f4e56b9dc7f11017c148264d9458;143843a8>022716fba0f9a5d46ae7b8a4412296847d63d96c763d49068e851e9be7542080b1	stcpr	544.330314	03bd764901d9dc1e982eed39634564625bd245f4e56b9dc7f11017c148264d9458	183	0	-	-	exit-sent	143843a8	no	10	269.06	8384	8416
17	mux-standby-32-t2	up	50000000	475d59a5	49321	standby	out	475d59a5>02b1d9c56928f533ea9b309f8a53ed4807ee4e0193ef3c3a0234033313feceb8f2;99a80e72>022716fba0f9a5d46ae7b8a4412296847d63d96c763d49068e851e9be7542080b1	stcpr	187.757322	02b1d9c56928f533ea9b309f8a53ed4807ee4e0193ef3c3a0234033313feceb8f2	143	0	-	-	exit-sent	99a80e72	no	8	271.77	8320	8384
17	mux-standby-32-t2	up	50000000	2bf982f0	49336	-	out	-	-	-	-	0	0	-	-	exit-sent	-	-	-	-	-	-
17	mux-standby-32-t2	up	50000000	8888d9ea	49337	-	out	-	-	-	-	0	0	-	-	exit-sent	-	-	-	-	-	-
18	mux-standby-32-t3	up	50000000	b414796d	49289	active	in	b414796d>022716fba0f9a5d46ae7b8a4412296847d63d96c763d49068e851e9be7542080b1	stcpr	138.637	022716fba0f9a5d46ae7b8a4412296847d63d96c763d49068e851e9be7542080b1	16742894	2454	33.4%	32.2%	exit-sent	b414796d	no	22	757.78	100857188	68635912
18	mux-standby-32-t3	up	50000000	7a64a71c	49291	standby	out	7a64a71c>02f0fabacf587c096ca7e38846b16f2617cbeeeca7bd7a06e73b2030f8645dd00f;79a37fb3>022716fba0f9a5d46ae7b8a4412296847d63d96c763d49068e851e9be7542080b1	stcpr	178.998	02f0fabacf587c096ca7e38846b16f2617cbeeeca7bd7a06e73b2030f8645dd00f	180	0	-	-	exit-sent	79a37fb3	no	7	263.25	8832	8896
18	mux-standby-32-t3	up	50000000	bd6baec7	49292	standby	out	bd6baec7>02090aec59b40207d8662c82e4ecfc524b740c27f2fb98cfb5582833a66bdcb797;cab03f16>022716fba0f9a5d46ae7b8a4412296847d63d96c763d49068e851e9be7542080b1	stcpr	153.801	02090aec59b40207d8662c82e4ecfc524b740c27f2fb98cfb5582833a66bdcb797	212	0	-	-	exit-sent	cab03f16	no	9	252.01	8896	8896
18	mux-standby-32-t3	up	50000000	582c8788	49293	standby	out	582c8788>039fc26e1088917d070659ecc0a233d96534a28842d996ae9c6531753613db7be0;d1bd7a30>022716fba0f9a5d46ae7b8a4412296847d63d96c763d49068e851e9be7542080b1	stcpr	245.988	039fc26e1088917d070659ecc0a233d96534a28842d996ae9c6531753613db7be0	217	0	-	-	exit-sent	d1bd7a30	no	15	343.86	9088	9024
18	mux-standby-32-t3	up	50000000	e5faa6e0	49294	standby	out	e5faa6e0>02230b0a96a6f94179fab58196d3dfa1e19070faeae82d6900971462996541e774;47361294>022716fba0f9a5d46ae7b8a4412296847d63d96c763d49068e851e9be7542080b1	stcpr	151.45	02230b0a96a6f94179fab58196d3dfa1e19070faeae82d6900971462996541e774	281	0	-	-	exit-sent	47361294	no	10	250.34	8928	8896
18	mux-standby-32-t3	up	50000000	b71ddf99	49295	standby	out	b71ddf99>0328947fced4d4b7beb65a6ef60d579e42d7976168c292cbd6d28b5b8bdc85757f;47828219>022716fba0f9a5d46ae7b8a4412296847d63d96c763d49068e851e9be7542080b1	stcpr	152.605	0328947fced4d4b7beb65a6ef60d579e42d7976168c292cbd6d28b5b8bdc85757f	212	0	-	-	exit-sent	47828219	no	9	251.34	8896	8896
18	mux-standby-32-t3	up	50000000	bf9b0de8	49296	standby	out	bf9b0de8>026a913078651938783e19416a2de99c924df209e28512da2a571868c989bf3822;c2793bef>022716fba0f9a5d46ae7b8a4412296847d63d96c763d49068e851e9be7542080b1	stcpr	154.292	026a913078651938783e19416a2de99c924df209e28512da2a571868c989bf3822	276	0	-	-	exit-sent	c2793bef	no	11	251.21	8960	8896
18	mux-standby-32-t3	up	50000000	3ce660ee	49297	standby	in	3ce660ee>02e8e60a95f36a142fc7ac45dc98859ccda853f879bf537937fd72a8dbeec7982c;b21c3cf1>022716fba0f9a5d46ae7b8a4412296847d63d96c763d49068e851e9be7542080b1	stcpr	138.768	02e8e60a95f36a142fc7ac45dc98859ccda853f879bf537937fd72a8dbeec7982c	20911758	3109	41.7%	40.8%	exit-sent	b21c3cf1	no	17	225.13	76410907	58516877
18	mux-standby-32-t3	up	50000000	ea69bc13	49298	standby	out	ea69bc13>03dd3a272482055da08828fafffe0cb537915a52e71c92bfc9bf3140ab0153cd7c;ce4708f1>022716fba0f9a5d46ae7b8a4412296847d63d96c763d49068e851e9be7542080b1	stcpr	148.602	03dd3a272482055da08828fafffe0cb537915a52e71c92bfc9bf3140ab0153cd7c	289	0	-	-	exit-sent	ce4708f1	no	9	249.76	8928	8896
18	mux-standby-32-t3	up	50000000	eaddf8ac	49299	standby	out	eaddf8ac>028ce3caf8a1ed3b650b7139aeb854351518149af709cf28fe9bd6376cb3403626;4112d695>022716fba0f9a5d46ae7b8a4412296847d63d96c763d49068e851e9be7542080b1	stcpr	168.54	028ce3caf8a1ed3b650b7139aeb854351518149af709cf28fe9bd6376cb3403626	249	0	-	-	exit-sent	4112d695	no	10	263.04	8864	8832
18	mux-standby-32-t3	up	50000000	696629b6	49300	standby	out	696629b6>03ecc7d108a98480b40a85bbfadb8f477d0c3559316306dcd7ba52fa3d21dad91e;75b62c04>022716fba0f9a5d46ae7b8a4412296847d63d96c763d49068e851e9be7542080b1	stcpr	171.105	03ecc7d108a98480b40a85bbfadb8f477d0c3559316306dcd7ba52fa3d21dad91e	249	0	-	-	exit-sent	75b62c04	no	7	263.56	8768	8864
18	mux-standby-32-t3	up	50000000	287b1d97	49301	standby	out	287b1d97>03b934e8a26ddb9d635381df94dbf778cdfebf53f8956902ec3a7837524a75024f;9d5d85da>022716fba0f9a5d46ae7b8a4412296847d63d96c763d49068e851e9be7542080b1	stcpr	169.437	03b934e8a26ddb9d635381df94dbf778cdfebf53f8956902ec3a7837524a75024f	220	0	-	-	exit-sent	9d5d85da	no	6	264.03	8704	8832
18	mux-standby-32-t3	up	50000000	619865a5	49302	standby	out	619865a5>02109a13c780fe273e48b5a7a9e030c1052156cd5afef4dff1c100598226ad8da9;25c2ebc5>022716fba0f9a5d46ae7b8a4412296847d63d96c763d49068e851e9be7542080b1	stcpr	157.229	02109a13c780fe273e48b5a7a9e030c1052156cd5afef4dff1c100598226ad8da9	225	0	-	-	exit-sent	25c2ebc5	no	16	347.11	9056	8960
18	mux-standby-32-t3	up	50000000	062c57d2	49303	standby	out	062c57d2>03dc3488e49ded9250f3cca2827ab16f6331b7ccefdad614353c785a5fc76c1b13;2d3c4852>022716fba0f9a5d46ae7b8a4412296847d63d96c763d49068e851e9be7542080b1	stcpr	172.76	03dc3488e49ded9250f3cca2827ab16f6331b7ccefdad614353c785a5fc76c1b13	220	0	-	-	exit-sent	2d3c4852	no	10	262.09	8800	8864
18	mux-standby-32-t3	up	50000000	e5f24143	49305	standby	in	e5f24143>024a37bae69d6be2ec51eeb9d2b7e99073c30153d06896032f5bd3c09ca843bdb9;a214890d>022716fba0f9a5d46ae7b8a4412296847d63d96c763d49068e851e9be7542080b1	stcpr	147.782	024a37bae69d6be2ec51eeb9d2b7e99073c30153d06896032f5bd3c09ca843bdb9	12508016	2066	24.9%	27.1%	exit-sent	a214890d	no	10	604.19	72242182	37538456
18	mux-standby-32-t3	up	50000000	1bda3d87	49306	standby	out	1bda3d87>03d1063b6503b67d94b5411a92ec418056d72799583748180141600f0f18de7a5b;314453d6>022716fba0f9a5d46ae7b8a4412296847d63d96c763d49068e851e9be7542080b1	stcpr	164.527	03d1063b6503b67d94b5411a92ec418056d72799583748180141600f0f18de7a5b	212	0	-	-	exit-sent	314453d6	no	8	283.72	8800	8832
18	mux-standby-32-t3	up	50000000	977b7c08	49308	standby	out	977b7c08>03e977883c41fca1e63a178398c46574b7ab8d4f381266c852242f473881c32337;6f46dafc>022716fba0f9a5d46ae7b8a4412296847d63d96c763d49068e851e9be7542080b1	stcpr	159.179	03e977883c41fca1e63a178398c46574b7ab8d4f381266c852242f473881c32337	220	0	-	-	exit-sent	6f46dafc	no	8	263.47	8768	8800
18	mux-standby-32-t3	up	50000000	a94550f5	49309	standby	out	a94550f5>025cc9b7ba632d57c12ccad1eb31c47a942dede14d1e174ac6c19a4988abb200c0;f3dfb306>022716fba0f9a5d46ae7b8a4412296847d63d96c763d49068e851e9be7542080b1	stcpr	165.273	025cc9b7ba632d57c12ccad1eb31c47a942dede14d1e174ac6c19a4988abb200c0	220	0	-	-	exit-sent	f3dfb306	no	8	263.16	8768	8800
18	mux-standby-32-t3	up	50000000	afa66373	49310	standby	out	afa66373>03634a5464d2ef3c257c530b77467265526f010d15a82dab765606abe63426db45;6167786b>022716fba0f9a5d46ae7b8a4412296847d63d96c763d49068e851e9be7542080b1	stcpr	169.47	03634a5464d2ef3c257c530b77467265526f010d15a82dab765606abe63426db45	212	0	-	-	exit-sent	6167786b	no	6	264.21	8704	8800
18	mux-standby-32-t3	up	50000000	bbed733f	49311	standby	out	bbed733f>02b3a85aee85dece633272731c2e37867a39fa9127f28233ad18ed0051184fc40a;d30e45c7>022716fba0f9a5d46ae7b8a4412296847d63d96c763d49068e851e9be7542080b1	stcpr	165.43	02b3a85aee85dece633272731c2e37867a39fa9127f28233ad18ed0051184fc40a	212	0	-	-	exit-sent	d30e45c7	no	7	263.62	8704	8768
18	mux-standby-32-t3	up	50000000	ee5902d2	49312	standby	out	ee5902d2>0397b427c1e522b768389db1fdfab3943a74e69683800fe4950af7dfb3bf66893c;2dfdb077>022716fba0f9a5d46ae7b8a4412296847d63d96c763d49068e851e9be7542080b1	stcpr	165.252	0397b427c1e522b768389db1fdfab3943a74e69683800fe4950af7dfb3bf66893c	281	0	-	-	exit-sent	2dfdb077	no	7	262.81	8704	8768
18	mux-standby-32-t3	up	50000000	30f42c30	49313	standby	out	30f42c30>03eba64189c636ab77c2da630bf2a0c77061bc783e59f80fd39015a42f9ae6ce01;0d8257e2>022716fba0f9a5d46ae7b8a4412296847d63d96c763d49068e851e9be7542080b1	stcpr	159.163	03eba64189c636ab77c2da630bf2a0c77061bc783e59f80fd39015a42f9ae6ce01	244	0	-	-	exit-sent	0d8257e2	no	21	354.47	9152	8992
18	mux-standby-32-t3	up	50000000	fc2eaf78	49314	standby	out	fc2eaf78>03946b98fa081393f55cb5d130467c99de2267248a5bcadf570419feb18ad9d7b4;eb294537>022716fba0f9a5d46ae7b8a4412296847d63d96c763d49068e851e9be7542080b1	stcpr	167.233	03946b98fa081393f55cb5d130467c99de2267248a5bcadf570419feb18ad9d7b4	281	0	-	-	exit-sent	eb294537	no	19	345.7	9088	8960
18	mux-standby-32-t3	up	50000000	4aa23edc	49315	standby	out	4aa23edc>02f65a515856df60ef5b135740b0b2bdd085da3427cc12d02405d5496a63b0b72a;90e12bb9>022716fba0f9a5d46ae7b8a4412296847d63d96c763d49068e851e9be7542080b1	stcpr	163.745	02f65a515856df60ef5b135740b0b2bdd085da3427cc12d02405d5496a63b0b72a	249	0	-	-	exit-sent	90e12bb9	no	7	263.48	8704	8800
18	mux-standby-32-t3	up	50000000	3e214e29	49316	standby	out	3e214e29>0335cab89b9352e1052ddc431a35aa5adbd5667046d09e7a6b06c295af09795e7e;ab79e81f>022716fba0f9a5d46ae7b8a4412296847d63d96c763d49068e851e9be7542080b1	stcpr	519.408792	0335cab89b9352e1052ddc431a35aa5adbd5667046d09e7a6b06c295af09795e7e	257	0	-	-	exit-sent	ab79e81f	no	8	263.85	8672	8704
18	mux-standby-32-t3	up	50000000	770b2d43	49317	standby	out	770b2d43>031e6a72596e6be53c32b4d1909da233846bcef0000f72a0314072c10b9fc35d3c;91846477>022716fba0f9a5d46ae7b8a4412296847d63d96c763d49068e851e9be7542080b1	stcpr	186.748863	031e6a72596e6be53c32b4d1909da233846bcef0000f72a0314072c10b9fc35d3c	217	0	-	-	exit-sent	91846477	no	10	286.37	8736	8736
18	mux-standby-32-t3	up	50000000	25b03079	49318	standby	out	25b03079>02c43f7d6da81cdca65fcf41906ff321f0d9f14e4c9ab0ff8b54b8ec64cce11bf0;18e8b97b>022716fba0f9a5d46ae7b8a4412296847d63d96c763d49068e851e9be7542080b1	stcpr	311.078083	02c43f7d6da81cdca65fcf41906ff321f0d9f14e4c9ab0ff8b54b8ec64cce11bf0	212	0	-	-	exit-sent	18e8b97b	no	8	265.88	8672	8704
18	mux-standby-32-t3	up	50000000	54999ec3	49319	standby	out	54999ec3>0276161280817ad1cd3d637f5396f2b937f1973ba24d37ecf199085fe75166c28a;bcacf948>022716fba0f9a5d46ae7b8a4412296847d63d96c763d49068e851e9be7542080b1	stcpr	93.985362	0276161280817ad1cd3d637f5396f2b937f1973ba24d37ecf199085fe75166c28a	249	0	-	-	exit-sent	bcacf948	no	6	266.02	8608	8736
18	mux-standby-32-t3	up	50000000	ebbe12da	49320	standby	out	ebbe12da>03bd764901d9dc1e982eed39634564625bd245f4e56b9dc7f11017c148264d9458;143843a8>022716fba0f9a5d46ae7b8a4412296847d63d96c763d49068e851e9be7542080b1	stcpr	544.330314	03bd764901d9dc1e982eed39634564625bd245f4e56b9dc7f11017c148264d9458	281	0	-	-	exit-sent	143843a8	no	10	283.43	8736	8768
18	mux-standby-32-t3	up	50000000	475d59a5	49321	standby	out	475d59a5>02b1d9c56928f533ea9b309f8a53ed4807ee4e0193ef3c3a0234033313feceb8f2;99a80e72>022716fba0f9a5d46ae7b8a4412296847d63d96c763d49068e851e9be7542080b1	stcpr	187.757322	02b1d9c56928f533ea9b309f8a53ed4807ee4e0193ef3c3a0234033313feceb8f2	257	0	-	-	exit-sent	99a80e72	no	8	282.2	8672	8736
18	mux-standby-32-t3	up	50000000	2bf982f0	49336	-	out	-	-	-	-	0	0	-	-	exit-sent	-	-	-	-	-	-
18	mux-standby-32-t3	up	50000000	8888d9ea	49337	-	out	-	-	-	-	0	0	-	-	exit-sent	-	-	-	-	-	-
19	mux-standby-32-t4	up	50000000	b414796d	49289	active	in	b414796d>022716fba0f9a5d46ae7b8a4412296847d63d96c763d49068e851e9be7542080b1	stcpr	138.637	022716fba0f9a5d46ae7b8a4412296847d63d96c763d49068e851e9be7542080b1	16677202	2410	33.3%	32.4%	exit-sent	b414796d	no	24	244.06	100859598	85312982
19	mux-standby-32-t4	up	50000000	7a64a71c	49291	standby	out	7a64a71c>02f0fabacf587c096ca7e38846b16f2617cbeeeca7bd7a06e73b2030f8645dd00f;79a37fb3>022716fba0f9a5d46ae7b8a4412296847d63d96c763d49068e851e9be7542080b1	stcpr	178.998	02f0fabacf587c096ca7e38846b16f2617cbeeeca7bd7a06e73b2030f8645dd00f	196	0	-	-	exit-sent	79a37fb3	no	7	260.56	9120	9184
19	mux-standby-32-t4	up	50000000	bd6baec7	49292	standby	out	bd6baec7>02090aec59b40207d8662c82e4ecfc524b740c27f2fb98cfb5582833a66bdcb797;cab03f16>022716fba0f9a5d46ae7b8a4412296847d63d96c763d49068e851e9be7542080b1	stcpr	153.801	02090aec59b40207d8662c82e4ecfc524b740c27f2fb98cfb5582833a66bdcb797	164	0	-	-	exit-sent	cab03f16	no	9	267.49	9184	9184
19	mux-standby-32-t4	up	50000000	582c8788	49293	standby	out	582c8788>039fc26e1088917d070659ecc0a233d96534a28842d996ae9c6531753613db7be0;d1bd7a30>022716fba0f9a5d46ae7b8a4412296847d63d96c763d49068e851e9be7542080b1	stcpr	245.988	039fc26e1088917d070659ecc0a233d96534a28842d996ae9c6531753613db7be0	196	0	-	-	exit-sent	d1bd7a30	no	15	384.66	9376	9312
19	mux-standby-32-t4	up	50000000	e5faa6e0	49294	standby	out	e5faa6e0>02230b0a96a6f94179fab58196d3dfa1e19070faeae82d6900971462996541e774;47361294>022716fba0f9a5d46ae7b8a4412296847d63d96c763d49068e851e9be7542080b1	stcpr	151.45	02230b0a96a6f94179fab58196d3dfa1e19070faeae82d6900971462996541e774	151	0	-	-	exit-sent	47361294	no	10	248.57	9216	9184
19	mux-standby-32-t4	up	50000000	b71ddf99	49295	standby	out	b71ddf99>0328947fced4d4b7beb65a6ef60d579e42d7976168c292cbd6d28b5b8bdc85757f;47828219>022716fba0f9a5d46ae7b8a4412296847d63d96c763d49068e851e9be7542080b1	stcpr	152.605	0328947fced4d4b7beb65a6ef60d579e42d7976168c292cbd6d28b5b8bdc85757f	196	0	-	-	exit-sent	47828219	no	9	251.08	9184	9184
19	mux-standby-32-t4	up	50000000	bf9b0de8	49296	standby	out	bf9b0de8>026a913078651938783e19416a2de99c924df209e28512da2a571868c989bf3822;c2793bef>022716fba0f9a5d46ae7b8a4412296847d63d96c763d49068e851e9be7542080b1	stcpr	154.292	026a913078651938783e19416a2de99c924df209e28512da2a571868c989bf3822	151	0	-	-	exit-sent	c2793bef	no	11	251.04	9248	9184
19	mux-standby-32-t4	up	50000000	3ce660ee	49297	standby	in	3ce660ee>02e8e60a95f36a142fc7ac45dc98859ccda853f879bf537937fd72a8dbeec7982c;b21c3cf1>022716fba0f9a5d46ae7b8a4412296847d63d96c763d49068e851e9be7542080b1	stcpr	138.768	02e8e60a95f36a142fc7ac45dc98859ccda853f879bf537937fd72a8dbeec7982c	12507813	1855	25.0%	25.0%	exit-sent	b21c3cf1	no	18	238.09	76412762	71024745
19	mux-standby-32-t4	up	50000000	ea69bc13	49298	standby	out	ea69bc13>03dd3a272482055da08828fafffe0cb537915a52e71c92bfc9bf3140ab0153cd7c;ce4708f1>022716fba0f9a5d46ae7b8a4412296847d63d96c763d49068e851e9be7542080b1	stcpr	148.602	03dd3a272482055da08828fafffe0cb537915a52e71c92bfc9bf3140ab0153cd7c	151	0	-	-	exit-sent	ce4708f1	no	9	250.57	9216	9184
19	mux-standby-32-t4	up	50000000	eaddf8ac	49299	standby	out	eaddf8ac>028ce3caf8a1ed3b650b7139aeb854351518149af709cf28fe9bd6376cb3403626;4112d695>022716fba0f9a5d46ae7b8a4412296847d63d96c763d49068e851e9be7542080b1	stcpr	168.54	028ce3caf8a1ed3b650b7139aeb854351518149af709cf28fe9bd6376cb3403626	183	0	-	-	exit-sent	4112d695	no	10	257.26	9152	9120
19	mux-standby-32-t4	up	50000000	696629b6	49300	standby	out	696629b6>03ecc7d108a98480b40a85bbfadb8f477d0c3559316306dcd7ba52fa3d21dad91e;75b62c04>022716fba0f9a5d46ae7b8a4412296847d63d96c763d49068e851e9be7542080b1	stcpr	171.105	03ecc7d108a98480b40a85bbfadb8f477d0c3559316306dcd7ba52fa3d21dad91e	159	0	-	-	exit-sent	75b62c04	no	7	261.35	9056	9152
19	mux-standby-32-t4	up	50000000	287b1d97	49301	standby	out	287b1d97>03b934e8a26ddb9d635381df94dbf778cdfebf53f8956902ec3a7837524a75024f;9d5d85da>022716fba0f9a5d46ae7b8a4412296847d63d96c763d49068e851e9be7542080b1	stcpr	169.437	03b934e8a26ddb9d635381df94dbf778cdfebf53f8956902ec3a7837524a75024f	151	0	-	-	exit-sent	9d5d85da	no	6	269.49	8992	9120
19	mux-standby-32-t4	up	50000000	619865a5	49302	standby	out	619865a5>02109a13c780fe273e48b5a7a9e030c1052156cd5afef4dff1c100598226ad8da9;25c2ebc5>022716fba0f9a5d46ae7b8a4412296847d63d96c763d49068e851e9be7542080b1	stcpr	157.229	02109a13c780fe273e48b5a7a9e030c1052156cd5afef4dff1c100598226ad8da9	151	0	-	-	exit-sent	25c2ebc5	no	16	383.71	9344	9248
19	mux-standby-32-t4	up	50000000	062c57d2	49303	standby	out	062c57d2>03dc3488e49ded9250f3cca2827ab16f6331b7ccefdad614353c785a5fc76c1b13;2d3c4852>022716fba0f9a5d46ae7b8a4412296847d63d96c763d49068e851e9be7542080b1	stcpr	172.76	03dc3488e49ded9250f3cca2827ab16f6331b7ccefdad614353c785a5fc76c1b13	151	0	-	-	exit-sent	2d3c4852	no	10	270.01	9088	9152
19	mux-standby-32-t4	up	50000000	e5f24143	49305	standby	in	e5f24143>024a37bae69d6be2ec51eeb9d2b7e99073c30153d06896032f5bd3c09ca843bdb9;a214890d>022716fba0f9a5d46ae7b8a4412296847d63d96c763d49068e851e9be7542080b1	stcpr	147.782	024a37bae69d6be2ec51eeb9d2b7e99073c30153d06896032f5bd3c09ca843bdb9	20846297	3164	41.7%	42.6%	exit-sent	a214890d	no	10	346.95	72245346	58384849
19	mux-standby-32-t4	up	50000000	1bda3d87	49306	standby	out	1bda3d87>03d1063b6503b67d94b5411a92ec418056d72799583748180141600f0f18de7a5b;314453d6>022716fba0f9a5d46ae7b8a4412296847d63d96c763d49068e851e9be7542080b1	stcpr	164.527	03d1063b6503b67d94b5411a92ec418056d72799583748180141600f0f18de7a5b	151	0	-	-	exit-sent	314453d6	no	8	267.6	9088	9120
19	mux-standby-32-t4	up	50000000	977b7c08	49308	standby	out	977b7c08>03e977883c41fca1e63a178398c46574b7ab8d4f381266c852242f473881c32337;6f46dafc>022716fba0f9a5d46ae7b8a4412296847d63d96c763d49068e851e9be7542080b1	stcpr	159.179	03e977883c41fca1e63a178398c46574b7ab8d4f381266c852242f473881c32337	151	0	-	-	exit-sent	6f46dafc	no	8	262.11	9056	9088
19	mux-standby-32-t4	up	50000000	a94550f5	49309	standby	out	a94550f5>025cc9b7ba632d57c12ccad1eb31c47a942dede14d1e174ac6c19a4988abb200c0;f3dfb306>022716fba0f9a5d46ae7b8a4412296847d63d96c763d49068e851e9be7542080b1	stcpr	165.273	025cc9b7ba632d57c12ccad1eb31c47a942dede14d1e174ac6c19a4988abb200c0	151	0	-	-	exit-sent	f3dfb306	no	8	262.9	9056	9088
19	mux-standby-32-t4	up	50000000	afa66373	49310	standby	out	afa66373>03634a5464d2ef3c257c530b77467265526f010d15a82dab765606abe63426db45;6167786b>022716fba0f9a5d46ae7b8a4412296847d63d96c763d49068e851e9be7542080b1	stcpr	169.47	03634a5464d2ef3c257c530b77467265526f010d15a82dab765606abe63426db45	151	0	-	-	exit-sent	6167786b	no	6	269.65	8992	9088
19	mux-standby-32-t4	up	50000000	bbed733f	49311	standby	out	bbed733f>02b3a85aee85dece633272731c2e37867a39fa9127f28233ad18ed0051184fc40a;d30e45c7>022716fba0f9a5d46ae7b8a4412296847d63d96c763d49068e851e9be7542080b1	stcpr	165.43	02b3a85aee85dece633272731c2e37867a39fa9127f28233ad18ed0051184fc40a	151	0	-	-	exit-sent	d30e45c7	no	7	269.93	8992	9056
19	mux-standby-32-t4	up	50000000	ee5902d2	49312	standby	out	ee5902d2>0397b427c1e522b768389db1fdfab3943a74e69683800fe4950af7dfb3bf66893c;2dfdb077>022716fba0f9a5d46ae7b8a4412296847d63d96c763d49068e851e9be7542080b1	stcpr	165.252	0397b427c1e522b768389db1fdfab3943a74e69683800fe4950af7dfb3bf66893c	159	0	-	-	exit-sent	2dfdb077	no	7	262.71	8992	9056
19	mux-standby-32-t4	up	50000000	30f42c30	49313	standby	out	30f42c30>03eba64189c636ab77c2da630bf2a0c77061bc783e59f80fd39015a42f9ae6ce01;0d8257e2>022716fba0f9a5d46ae7b8a4412296847d63d96c763d49068e851e9be7542080b1	stcpr	159.163	03eba64189c636ab77c2da630bf2a0c77061bc783e59f80fd39015a42f9ae6ce01	159	0	-	-	exit-sent	0d8257e2	no	21	363.16	9440	9280
19	mux-standby-32-t4	up	50000000	fc2eaf78	49314	standby	out	fc2eaf78>03946b98fa081393f55cb5d130467c99de2267248a5bcadf570419feb18ad9d7b4;eb294537>022716fba0f9a5d46ae7b8a4412296847d63d96c763d49068e851e9be7542080b1	stcpr	167.233	03946b98fa081393f55cb5d130467c99de2267248a5bcadf570419feb18ad9d7b4	159	0	-	-	exit-sent	eb294537	no	19	369.49	9376	9248
19	mux-standby-32-t4	up	50000000	4aa23edc	49315	standby	out	4aa23edc>02f65a515856df60ef5b135740b0b2bdd085da3427cc12d02405d5496a63b0b72a;90e12bb9>022716fba0f9a5d46ae7b8a4412296847d63d96c763d49068e851e9be7542080b1	stcpr	163.745	02f65a515856df60ef5b135740b0b2bdd085da3427cc12d02405d5496a63b0b72a	164	0	-	-	exit-sent	90e12bb9	no	7	263.43	8992	9088
19	mux-standby-32-t4	up	50000000	3e214e29	49316	standby	out	3e214e29>0335cab89b9352e1052ddc431a35aa5adbd5667046d09e7a6b06c295af09795e7e;ab79e81f>022716fba0f9a5d46ae7b8a4412296847d63d96c763d49068e851e9be7542080b1	stcpr	519.408792	0335cab89b9352e1052ddc431a35aa5adbd5667046d09e7a6b06c295af09795e7e	183	0	-	-	exit-sent	ab79e81f	no	8	270.01	8960	8992
19	mux-standby-32-t4	up	50000000	770b2d43	49317	standby	out	770b2d43>031e6a72596e6be53c32b4d1909da233846bcef0000f72a0314072c10b9fc35d3c;91846477>022716fba0f9a5d46ae7b8a4412296847d63d96c763d49068e851e9be7542080b1	stcpr	186.748863	031e6a72596e6be53c32b4d1909da233846bcef0000f72a0314072c10b9fc35d3c	191	0	-	-	exit-sent	91846477	no	10	270.74	9024	9024
19	mux-standby-32-t4	up	50000000	25b03079	49318	standby	out	25b03079>02c43f7d6da81cdca65fcf41906ff321f0d9f14e4c9ab0ff8b54b8ec64cce11bf0;18e8b97b>022716fba0f9a5d46ae7b8a4412296847d63d96c763d49068e851e9be7542080b1	stcpr	311.078083	02c43f7d6da81cdca65fcf41906ff321f0d9f14e4c9ab0ff8b54b8ec64cce11bf0	183	0	-	-	exit-sent	18e8b97b	no	8	261.03	8960	8992
19	mux-standby-32-t4	up	50000000	54999ec3	49319	standby	out	54999ec3>0276161280817ad1cd3d637f5396f2b937f1973ba24d37ecf199085fe75166c28a;bcacf948>022716fba0f9a5d46ae7b8a4412296847d63d96c763d49068e851e9be7542080b1	stcpr	93.985362	0276161280817ad1cd3d637f5396f2b937f1973ba24d37ecf199085fe75166c28a	191	0	-	-	exit-sent	bcacf948	no	6	270.67	8896	9024
19	mux-standby-32-t4	up	50000000	ebbe12da	49320	standby	out	ebbe12da>03bd764901d9dc1e982eed39634564625bd245f4e56b9dc7f11017c148264d9458;143843a8>022716fba0f9a5d46ae7b8a4412296847d63d96c763d49068e851e9be7542080b1	stcpr	544.330314	03bd764901d9dc1e982eed39634564625bd245f4e56b9dc7f11017c148264d9458	151	0	-	-	exit-sent	143843a8	no	10	268.24	9024	9056
19	mux-standby-32-t4	up	50000000	475d59a5	49321	standby	out	475d59a5>02b1d9c56928f533ea9b309f8a53ed4807ee4e0193ef3c3a0234033313feceb8f2;99a80e72>022716fba0f9a5d46ae7b8a4412296847d63d96c763d49068e851e9be7542080b1	stcpr	187.757322	02b1d9c56928f533ea9b309f8a53ed4807ee4e0193ef3c3a0234033313feceb8f2	252	0	-	-	exit-sent	99a80e72	no	8	270.57	8960	9024
19	mux-standby-32-t4	up	50000000	2bf982f0	49336	-	out	-	-	-	-	0	0	-	-	exit-sent	-	-	-	-	-	-
19	mux-standby-32-t4	up	50000000	8888d9ea	49337	-	out	-	-	-	-	0	0	-	-	exit-sent	-	-	-	-	-	-
20	mux-standby-32-t5	up	50000000	b414796d	49289	active	in	b414796d>022716fba0f9a5d46ae7b8a4412296847d63d96c763d49068e851e9be7542080b1	stcpr	138.637	022716fba0f9a5d46ae7b8a4412296847d63d96c763d49068e851e9be7542080b1	16677155	2384	33.3%	32.0%	exit-sent	b414796d	no	26	236.33	100861982	101990052
20	mux-standby-32-t5	up	50000000	7a64a71c	49291	standby	out	7a64a71c>02f0fabacf587c096ca7e38846b16f2617cbeeeca7bd7a06e73b2030f8645dd00f;79a37fb3>022716fba0f9a5d46ae7b8a4412296847d63d96c763d49068e851e9be7542080b1	stcpr	178.998	02f0fabacf587c096ca7e38846b16f2617cbeeeca7bd7a06e73b2030f8645dd00f	175	0	-	-	exit-sent	79a37fb3	no	7	261.88	9376	9440
20	mux-standby-32-t5	up	50000000	bd6baec7	49292	standby	out	bd6baec7>02090aec59b40207d8662c82e4ecfc524b740c27f2fb98cfb5582833a66bdcb797;cab03f16>022716fba0f9a5d46ae7b8a4412296847d63d96c763d49068e851e9be7542080b1	stcpr	153.801	02090aec59b40207d8662c82e4ecfc524b740c27f2fb98cfb5582833a66bdcb797	175	0	-	-	exit-sent	cab03f16	no	9	251.33	9440	9440
20	mux-standby-32-t5	up	50000000	582c8788	49293	standby	out	582c8788>039fc26e1088917d070659ecc0a233d96534a28842d996ae9c6531753613db7be0;d1bd7a30>022716fba0f9a5d46ae7b8a4412296847d63d96c763d49068e851e9be7542080b1	stcpr	245.988	039fc26e1088917d070659ecc0a233d96534a28842d996ae9c6531753613db7be0	175	0	-	-	exit-sent	d1bd7a30	no	15	258.45	9632	9568
20	mux-standby-32-t5	up	50000000	e5faa6e0	49294	standby	out	e5faa6e0>02230b0a96a6f94179fab58196d3dfa1e19070faeae82d6900971462996541e774;47361294>022716fba0f9a5d46ae7b8a4412296847d63d96c763d49068e851e9be7542080b1	stcpr	151.45	02230b0a96a6f94179fab58196d3dfa1e19070faeae82d6900971462996541e774	175	0	-	-	exit-sent	47361294	no	10	250.99	9472	9440
20	mux-standby-32-t5	up	50000000	b71ddf99	49295	standby	out	b71ddf99>0328947fced4d4b7beb65a6ef60d579e42d7976168c292cbd6d28b5b8bdc85757f;47828219>022716fba0f9a5d46ae7b8a4412296847d63d96c763d49068e851e9be7542080b1	stcpr	152.605	0328947fced4d4b7beb65a6ef60d579e42d7976168c292cbd6d28b5b8bdc85757f	175	0	-	-	exit-sent	47828219	no	9	251.04	9440	9440
20	mux-standby-32-t5	up	50000000	bf9b0de8	49296	standby	out	bf9b0de8>026a913078651938783e19416a2de99c924df209e28512da2a571868c989bf3822;c2793bef>022716fba0f9a5d46ae7b8a4412296847d63d96c763d49068e851e9be7542080b1	stcpr	154.292	026a913078651938783e19416a2de99c924df209e28512da2a571868c989bf3822	175	0	-	-	exit-sent	c2793bef	no	11	250.51	9504	9440
20	mux-standby-32-t5	up	50000000	3ce660ee	49297	standby	in	3ce660ee>02e8e60a95f36a142fc7ac45dc98859ccda853f879bf537937fd72a8dbeec7982c;b21c3cf1>022716fba0f9a5d46ae7b8a4412296847d63d96c763d49068e851e9be7542080b1	stcpr	138.768	02e8e60a95f36a142fc7ac45dc98859ccda853f879bf537937fd72a8dbeec7982c	12507800	1992	25.0%	26.7%	exit-sent	b21c3cf1	no	20	267.47	76414754	83532588
20	mux-standby-32-t5	up	50000000	ea69bc13	49298	standby	out	ea69bc13>03dd3a272482055da08828fafffe0cb537915a52e71c92bfc9bf3140ab0153cd7c;ce4708f1>022716fba0f9a5d46ae7b8a4412296847d63d96c763d49068e851e9be7542080b1	stcpr	148.602	03dd3a272482055da08828fafffe0cb537915a52e71c92bfc9bf3140ab0153cd7c	183	0	-	-	exit-sent	ce4708f1	no	9	251.15	9472	9440
20	mux-standby-32-t5	up	50000000	eaddf8ac	49299	standby	out	eaddf8ac>028ce3caf8a1ed3b650b7139aeb854351518149af709cf28fe9bd6376cb3403626;4112d695>022716fba0f9a5d46ae7b8a4412296847d63d96c763d49068e851e9be7542080b1	stcpr	168.54	028ce3caf8a1ed3b650b7139aeb854351518149af709cf28fe9bd6376cb3403626	175	0	-	-	exit-sent	4112d695	no	10	260.64	9408	9376
20	mux-standby-32-t5	up	50000000	696629b6	49300	standby	out	696629b6>03ecc7d108a98480b40a85bbfadb8f477d0c3559316306dcd7ba52fa3d21dad91e;75b62c04>022716fba0f9a5d46ae7b8a4412296847d63d96c763d49068e851e9be7542080b1	stcpr	171.105	03ecc7d108a98480b40a85bbfadb8f477d0c3559316306dcd7ba52fa3d21dad91e	143	0	-	-	exit-sent	75b62c04	no	7	260.94	9312	9408
20	mux-standby-32-t5	up	50000000	287b1d97	49301	standby	out	287b1d97>03b934e8a26ddb9d635381df94dbf778cdfebf53f8956902ec3a7837524a75024f;9d5d85da>022716fba0f9a5d46ae7b8a4412296847d63d96c763d49068e851e9be7542080b1	stcpr	169.437	03b934e8a26ddb9d635381df94dbf778cdfebf53f8956902ec3a7837524a75024f	151	0	-	-	exit-sent	9d5d85da	no	6	268.55	9248	9376
20	mux-standby-32-t5	up	50000000	619865a5	49302	standby	out	619865a5>02109a13c780fe273e48b5a7a9e030c1052156cd5afef4dff1c100598226ad8da9;25c2ebc5>022716fba0f9a5d46ae7b8a4412296847d63d96c763d49068e851e9be7542080b1	stcpr	157.229	02109a13c780fe273e48b5a7a9e030c1052156cd5afef4dff1c100598226ad8da9	143	0	-	-	exit-sent	25c2ebc5	no	16	252.24	9600	9504
20	mux-standby-32-t5	up	50000000	062c57d2	49303	standby	out	062c57d2>03dc3488e49ded9250f3cca2827ab16f6331b7ccefdad614353c785a5fc76c1b13;2d3c4852>022716fba0f9a5d46ae7b8a4412296847d63d96c763d49068e851e9be7542080b1	stcpr	172.76	03dc3488e49ded9250f3cca2827ab16f6331b7ccefdad614353c785a5fc76c1b13	143	0	-	-	exit-sent	2d3c4852	no	10	273.95	9344	9408
20	mux-standby-32-t5	up	50000000	e5f24143	49305	standby	in	e5f24143>024a37bae69d6be2ec51eeb9d2b7e99073c30153d06896032f5bd3c09ca843bdb9;a214890d>022716fba0f9a5d46ae7b8a4412296847d63d96c763d49068e851e9be7542080b1	stcpr	147.782	024a37bae69d6be2ec51eeb9d2b7e99073c30153d06896032f5bd3c09ca843bdb9	20846375	3079	41.7%	41.3%	exit-sent	a214890d	no	12	253.43	72248425	79231235
20	mux-standby-32-t5	up	50000000	1bda3d87	49306	standby	out	1bda3d87>03d1063b6503b67d94b5411a92ec418056d72799583748180141600f0f18de7a5b;314453d6>022716fba0f9a5d46ae7b8a4412296847d63d96c763d49068e851e9be7542080b1	stcpr	164.527	03d1063b6503b67d94b5411a92ec418056d72799583748180141600f0f18de7a5b	220	0	-	-	exit-sent	314453d6	no	8	368.26	9344	9440
20	mux-standby-32-t5	up	50000000	977b7c08	49308	standby	out	977b7c08>03e977883c41fca1e63a178398c46574b7ab8d4f381266c852242f473881c32337;6f46dafc>022716fba0f9a5d46ae7b8a4412296847d63d96c763d49068e851e9be7542080b1	stcpr	159.179	03e977883c41fca1e63a178398c46574b7ab8d4f381266c852242f473881c32337	151	0	-	-	exit-sent	6f46dafc	no	8	269.04	9312	9344
20	mux-standby-32-t5	up	50000000	a94550f5	49309	standby	out	a94550f5>025cc9b7ba632d57c12ccad1eb31c47a942dede14d1e174ac6c19a4988abb200c0;f3dfb306>022716fba0f9a5d46ae7b8a4412296847d63d96c763d49068e851e9be7542080b1	stcpr	165.273	025cc9b7ba632d57c12ccad1eb31c47a942dede14d1e174ac6c19a4988abb200c0	143	0	-	-	exit-sent	f3dfb306	no	8	260.63	9312	9344
20	mux-standby-32-t5	up	50000000	afa66373	49310	standby	out	afa66373>03634a5464d2ef3c257c530b77467265526f010d15a82dab765606abe63426db45;6167786b>022716fba0f9a5d46ae7b8a4412296847d63d96c763d49068e851e9be7542080b1	stcpr	169.47	03634a5464d2ef3c257c530b77467265526f010d15a82dab765606abe63426db45	106	0	-	-	exit-sent	6167786b	no	6	268.45	9248	9344
20	mux-standby-32-t5	up	50000000	bbed733f	49311	standby	out	bbed733f>02b3a85aee85dece633272731c2e37867a39fa9127f28233ad18ed0051184fc40a;d30e45c7>022716fba0f9a5d46ae7b8a4412296847d63d96c763d49068e851e9be7542080b1	stcpr	165.43	02b3a85aee85dece633272731c2e37867a39fa9127f28233ad18ed0051184fc40a	143	0	-	-	exit-sent	d30e45c7	no	7	268.96	9248	9312
20	mux-standby-32-t5	up	50000000	ee5902d2	49312	standby	out	ee5902d2>0397b427c1e522b768389db1fdfab3943a74e69683800fe4950af7dfb3bf66893c;2dfdb077>022716fba0f9a5d46ae7b8a4412296847d63d96c763d49068e851e9be7542080b1	stcpr	165.252	0397b427c1e522b768389db1fdfab3943a74e69683800fe4950af7dfb3bf66893c	143	0	-	-	exit-sent	2dfdb077	no	7	260.94	9248	9312
20	mux-standby-32-t5	up	50000000	30f42c30	49313	standby	out	30f42c30>03eba64189c636ab77c2da630bf2a0c77061bc783e59f80fd39015a42f9ae6ce01;0d8257e2>022716fba0f9a5d46ae7b8a4412296847d63d96c763d49068e851e9be7542080b1	stcpr	159.163	03eba64189c636ab77c2da630bf2a0c77061bc783e59f80fd39015a42f9ae6ce01	143	0	-	-	exit-sent	0d8257e2	no	21	273.61	9696	9536
20	mux-standby-32-t5	up	50000000	fc2eaf78	49314	standby	out	fc2eaf78>03946b98fa081393f55cb5d130467c99de2267248a5bcadf570419feb18ad9d7b4;eb294537>022716fba0f9a5d46ae7b8a4412296847d63d96c763d49068e851e9be7542080b1	stcpr	167.233	03946b98fa081393f55cb5d130467c99de2267248a5bcadf570419feb18ad9d7b4	143	0	-	-	exit-sent	eb294537	no	19	268.73	9632	9504
20	mux-standby-32-t5	up	50000000	4aa23edc	49315	standby	out	4aa23edc>02f65a515856df60ef5b135740b0b2bdd085da3427cc12d02405d5496a63b0b72a;90e12bb9>022716fba0f9a5d46ae7b8a4412296847d63d96c763d49068e851e9be7542080b1	stcpr	163.745	02f65a515856df60ef5b135740b0b2bdd085da3427cc12d02405d5496a63b0b72a	143	0	-	-	exit-sent	90e12bb9	no	7	261.05	9248	9344
20	mux-standby-32-t5	up	50000000	3e214e29	49316	standby	out	3e214e29>0335cab89b9352e1052ddc431a35aa5adbd5667046d09e7a6b06c295af09795e7e;ab79e81f>022716fba0f9a5d46ae7b8a4412296847d63d96c763d49068e851e9be7542080b1	stcpr	519.408792	0335cab89b9352e1052ddc431a35aa5adbd5667046d09e7a6b06c295af09795e7e	180	0	-	-	exit-sent	ab79e81f	no	8	267.92	9216	9248
20	mux-standby-32-t5	up	50000000	770b2d43	49317	standby	out	770b2d43>031e6a72596e6be53c32b4d1909da233846bcef0000f72a0314072c10b9fc35d3c;91846477>022716fba0f9a5d46ae7b8a4412296847d63d96c763d49068e851e9be7542080b1	stcpr	186.748863	031e6a72596e6be53c32b4d1909da233846bcef0000f72a0314072c10b9fc35d3c	207	0	-	-	exit-sent	91846477	no	10	360.57	9280	9344
20	mux-standby-32-t5	up	50000000	25b03079	49318	standby	out	25b03079>02c43f7d6da81cdca65fcf41906ff321f0d9f14e4c9ab0ff8b54b8ec64cce11bf0;18e8b97b>022716fba0f9a5d46ae7b8a4412296847d63d96c763d49068e851e9be7542080b1	stcpr	311.078083	02c43f7d6da81cdca65fcf41906ff321f0d9f14e4c9ab0ff8b54b8ec64cce11bf0	180	0	-	-	exit-sent	18e8b97b	no	8	268.69	9216	9248
20	mux-standby-32-t5	up	50000000	54999ec3	49319	standby	out	54999ec3>0276161280817ad1cd3d637f5396f2b937f1973ba24d37ecf199085fe75166c28a;bcacf948>022716fba0f9a5d46ae7b8a4412296847d63d96c763d49068e851e9be7542080b1	stcpr	93.985362	0276161280817ad1cd3d637f5396f2b937f1973ba24d37ecf199085fe75166c28a	180	0	-	-	exit-sent	bcacf948	no	6	276.43	9152	9280
20	mux-standby-32-t5	up	50000000	ebbe12da	49320	standby	out	ebbe12da>03bd764901d9dc1e982eed39634564625bd245f4e56b9dc7f11017c148264d9458;143843a8>022716fba0f9a5d46ae7b8a4412296847d63d96c763d49068e851e9be7542080b1	stcpr	544.330314	03bd764901d9dc1e982eed39634564625bd245f4e56b9dc7f11017c148264d9458	207	0	-	-	exit-sent	143843a8	no	10	359.41	9280	9376
20	mux-standby-32-t5	up	50000000	475d59a5	49321	standby	out	475d59a5>02b1d9c56928f533ea9b309f8a53ed4807ee4e0193ef3c3a0234033313feceb8f2;99a80e72>022716fba0f9a5d46ae7b8a4412296847d63d96c763d49068e851e9be7542080b1	stcpr	187.757322	02b1d9c56928f533ea9b309f8a53ed4807ee4e0193ef3c3a0234033313feceb8f2	244	0	-	-	exit-sent	99a80e72	no	8	356.94	9216	9344
20	mux-standby-32-t5	up	50000000	2bf982f0	49336	-	out	-	-	-	-	0	0	-	-	exit-sent	-	-	-	-	-	-
20	mux-standby-32-t5	up	50000000	8888d9ea	49337	-	out	-	-	-	-	0	0	-	-	exit-sent	-	-	-	-	-	-
#
# verdicts
# row	label	dir	size	forward_on	forward_kind	forward_share	forward	reverse_fanout	reverse_max_share	reverse	flip
1	mux-standby-32-t1	down	10000000	40c0897c	other	45.6%	INFO	3	47.4%	INFO	-
2	mux-standby-32-t2	down	10000000	95839ad0	lowest-latency	37.5%	INFO	3	47.4%	INFO	flip:40c0897c->95839ad0
3	mux-standby-32-t3	down	10000000	95839ad0	lowest-latency	42.8%	INFO	3	47.4%	INFO	same
4	mux-standby-32-t4	down	10000000	b414796d	direct	43.9%	INFO	3	47.4%	INFO	flip:95839ad0->b414796d
5	mux-standby-32-t5	down	10000000	b414796d	direct	46.4%	INFO	3	47.6%	INFO	same
6	mux-standby-32-t1	up	10000000	95839ad0	lowest-latency	42.9%	INFO	3	40.7%	INFO	flip:b414796d->95839ad0
7	mux-standby-32-t2	up	10000000	95839ad0	lowest-latency	42.9%	INFO	3	40.4%	INFO	same
8	mux-standby-32-t3	up	10000000	95839ad0	lowest-latency	44.5%	INFO	3	46.0%	INFO	same
9	mux-standby-32-t4	up	10000000	95839ad0	lowest-latency	42.9%	INFO	3	41.0%	INFO	same
10	mux-standby-32-t5	up	10000000	95839ad0	lowest-latency	42.6%	INFO	3	39.1%	INFO	same
11	mux-standby-32-t1	down	50000000	b414796d	direct+lowest-latency	54.1%	INFO	2	70.9%	PASS	flip:95839ad0->b414796d
12	mux-standby-32-t2	down	50000000	b414796d	direct+lowest-latency	38.9%	INFO	3	39.9%	PASS	same
13	mux-standby-32-t3	down	50000000	3ce660ee	other	37.9%	INFO	3	39.9%	PASS	flip:b414796d->3ce660ee
14	mux-standby-32-t4	down	50000000	b414796d	direct+lowest-latency	37.7%	INFO	3	40.0%	PASS	flip:3ce660ee->b414796d
15	mux-standby-32-t5	down	50000000	e5f24143	other	36.7%	INFO	3	39.9%	PASS	flip:b414796d->e5f24143
16	mux-standby-32-t1	up	50000000	b414796d	direct+lowest-latency	41.6%	INFO	3	42.2%	INFO	flip:e5f24143->b414796d
17	mux-standby-32-t2	up	50000000	3ce660ee	other	41.7%	INFO	3	40.8%	INFO	flip:b414796d->3ce660ee
18	mux-standby-32-t3	up	50000000	3ce660ee	other	41.7%	INFO	3	40.8%	INFO	same
19	mux-standby-32-t4	up	50000000	e5f24143	other	41.7%	INFO	3	42.6%	INFO	flip:3ce660ee->e5f24143
20	mux-standby-32-t5	up	50000000	e5f24143	other	41.7%	INFO	3	41.3%	INFO	same
# flip	10 change(s) of the dominant forward leg at row(s) 2,4,6,11,13,14,15,16,17,19
