# mux-compose-T2xL2 — per-row leg shares, forward = client->exit, reverse = exit->client
# note	sent_delta was not a number on 14 carrier line(s); those legs read 0 forward
# note	recv_delta was not a number on 14 carrier line(s); those legs read 0 reverse
# note	the exit snapshots only set start and end, so exit_standby/exit_retx/exit_ack are the set-end values repeated on every row, not per-row deltas
# note	carrier.tsv counts a TRANSPORT, not a route group: a transport another group or app also rides counts that traffic here too
# note	latency_ms is the end-of-set legs.json snapshot, not the latency measured on the row
# note	shares and verdicts are computed over the legs that carried the payload: every leg of an ACTIVE group, plus any leg holding >= 1 % of the payload-direction bytes of the row (a mid-set promotion the set-start role does not yet show); the rest are listed with their bytes and a "-" share
# note	some legs are in scope on bytes alone: their group reads "standby" in the set-start legs.json but they carried >= 1 % of the payload of a row
# note	rev_bytes/rev_share on 21 row(s) are the local recv_delta (rev_basis local-recv): the exit's sent_bytes needs a per-row EXIT_SNAP run against an exit that reports the per-leg byte counters, and either the snapshots or the counters were absent
# row	label	dir	size	leg	rg	role	scope	hops	carrier	latency_ms	remote_pk	fwd_bytes	rev_bytes	fwd_share	rev_share	rev_basis	exit_tp	exit_standby	exit_retx	exit_ack_ms	exit_sent_bytes	exit_recv_bytes
1	mux-compose-T2xL2-t1	down	10000000	95839ad0	49203,49215,49224	active	in	95839ad0>0371ab4bcff7b121f4b91f6856d6740c6f9dc1fe716977850aeb5d84378b300a13;dc5330cf>022716fba0f9a5d46ae7b8a4412296847d63d96c763d49068e851e9be7542080b1	stcpr	131.665	0371ab4bcff7b121f4b91f6856d6740c6f9dc1fe716977850aeb5d84378b300a13	1272	3464528	28.3%	28.6%	local-recv	-	-	-	-	-	-
1	mux-compose-T2xL2-t1	down	10000000	f1012467	49203,49211	active	in	f1012467>0281a102c82820e811368c8d028cf11b1a985043b726b1bcdb8fce89b27384b2cb;57c570d9>022716fba0f9a5d46ae7b8a4412296847d63d96c763d49068e851e9be7542080b1	stcpr	152.817176	0281a102c82820e811368c8d028cf11b1a985043b726b1bcdb8fce89b27384b2cb	232	1316422	5.2%	10.9%	local-recv	-	-	-	-	-	-
1	mux-compose-T2xL2-t1	down	10000000	ac40965a	49204	active	in	ac40965a>02c483938539bd7820f72e48ed6056bab68e221e1108d23965a2903221495e4af7;3de424e0>022716fba0f9a5d46ae7b8a4412296847d63d96c763d49068e851e9be7542080b1	stcpr	257.256922	02c483938539bd7820f72e48ed6056bab68e221e1108d23965a2903221495e4af7	1382	2699500	30.7%	22.3%	local-recv	-	-	-	-	-	-
1	mux-compose-T2xL2-t1	down	10000000	2c4ae7a5	49204	active	in	2c4ae7a5>02a2d4c346dabd165fd555dfdba4a7f4d18786fe7e055e562397cd5102bdd7f8dd;d0b47ec2>022716fba0f9a5d46ae7b8a4412296847d63d96c763d49068e851e9be7542080b1	stcpr	293.727518	02a2d4c346dabd165fd555dfdba4a7f4d18786fe7e055e562397cd5102bdd7f8dd	2	1172277	0.0%	9.7%	local-recv	-	-	-	-	-	-
1	mux-compose-T2xL2-t1	down	10000000	77674aa7	49205	standby	out	77674aa7>0269fcc9891752f41850fd345affd7fb133522567f433658142fbefe1d6446d8cd;b7caa06d>022716fba0f9a5d46ae7b8a4412296847d63d96c763d49068e851e9be7542080b1	stcpr	245.654278	0269fcc9891752f41850fd345affd7fb133522567f433658142fbefe1d6446d8cd	175	143	-	-	local-recv	b7caa06d	no	5	340.46	12416	12320
1	mux-compose-T2xL2-t1	down	10000000	a94550f5	49205,49235	standby	out	a94550f5>025cc9b7ba632d57c12ccad1eb31c47a942dede14d1e174ac6c19a4988abb200c0;f3dfb306>022716fba0f9a5d46ae7b8a4412296847d63d96c763d49068e851e9be7542080b1	stcpr	68.394503	025cc9b7ba632d57c12ccad1eb31c47a942dede14d1e174ac6c19a4988abb200c0	24	28	-	-	local-recv	f3dfb306	yes	0	0	0	0
1	mux-compose-T2xL2-t1	down	10000000	b45c771a	49206	standby	out	b45c771a>03f82ff0d7ce318d14db5a8fb754741fa257ffcdb17c629879f854298e8fe85384;5e04a7c8>022716fba0f9a5d46ae7b8a4412296847d63d96c763d49068e851e9be7542080b1	squicr	162.433552	03f82ff0d7ce318d14db5a8fb754741fa257ffcdb17c629879f854298e8fe85384	143	143	-	-	local-recv	5e04a7c8	no	7	244.21	12480	12448
1	mux-compose-T2xL2-t1	down	10000000	b6e61452	49206,49225	standby	out	b6e61452>02d92e70b9dd358112ebd266e641a6a928397edfda54c213f7b37dd5cd57eca17a;f3d8c01a>022716fba0f9a5d46ae7b8a4412296847d63d96c763d49068e851e9be7542080b1	stcpr	77.216812	02d92e70b9dd358112ebd266e641a6a928397edfda54c213f7b37dd5cd57eca17a	0	5	-	-	local-recv	f3d8c01a	yes	0	0	0	0
1	mux-compose-T2xL2-t1	down	10000000	df4c1852	49207	standby	out	df4c1852>035f532aed88e89cb8822a31b71d83a14f63fabd6389e537c2426fe84031c60825;f148d779>022716fba0f9a5d46ae7b8a4412296847d63d96c763d49068e851e9be7542080b1	stcpr	157.096714	035f532aed88e89cb8822a31b71d83a14f63fabd6389e537c2426fe84031c60825	212	212	-	-	local-recv	f148d779	no	5	244.54	12416	12352
1	mux-compose-T2xL2-t1	down	10000000	88737946	49207,49222	standby	out	88737946>039ba57e780efc89546104a134e9121f1dda0617e335eee8c3f21e4e272df93ac1;f888da30>022716fba0f9a5d46ae7b8a4412296847d63d96c763d49068e851e9be7542080b1	stcpr	93.010188	039ba57e780efc89546104a134e9121f1dda0617e335eee8c3f21e4e272df93ac1	0	5	-	-	local-recv	f888da30	yes	0	0	0	0
1	mux-compose-T2xL2-t1	down	10000000	03f0e265	49208	standby	out	03f0e265>035f6c7648bb0034b436db7d3845f7b482e8da705ca2b4622fd9673eb60921d5e5;ca5d50b7>022716fba0f9a5d46ae7b8a4412296847d63d96c763d49068e851e9be7542080b1	stcpr	163.238962	035f6c7648bb0034b436db7d3845f7b482e8da705ca2b4622fd9673eb60921d5e5	199	199	-	-	local-recv	ca5d50b7	no	4	244.36	12384	12352
1	mux-compose-T2xL2-t1	down	10000000	82aaa034	49208,49227	standby	out	82aaa034>03852490a5cb7f48e8d20af0a4c558a605a2ef26b61ae75a78295c442697ecd375;b625e9da>022716fba0f9a5d46ae7b8a4412296847d63d96c763d49068e851e9be7542080b1	stcpr	76.121471	03852490a5cb7f48e8d20af0a4c558a605a2ef26b61ae75a78295c442697ecd375	8	13	-	-	local-recv	b625e9da	yes	0	0	0	0
1	mux-compose-T2xL2-t1	down	10000000	2ca52bbf	49209	standby	out	2ca52bbf>03d1a14c1f4ce581211e919dd22211c211020c3a1634fa90e94df2b60e2e1a7f91;ef8238bf>022716fba0f9a5d46ae7b8a4412296847d63d96c763d49068e851e9be7542080b1	stcpr	166.33074	03d1a14c1f4ce581211e919dd22211c211020c3a1634fa90e94df2b60e2e1a7f91	191	191	-	-	local-recv	ef8238bf	no	5	399.68	12416	12352
1	mux-compose-T2xL2-t1	down	10000000	287b1d97	49209,49228	standby	out	287b1d97>03b934e8a26ddb9d635381df94dbf778cdfebf53f8956902ec3a7837524a75024f;9d5d85da>022716fba0f9a5d46ae7b8a4412296847d63d96c763d49068e851e9be7542080b1	stcpr	79.820625	03b934e8a26ddb9d635381df94dbf778cdfebf53f8956902ec3a7837524a75024f	24	28	-	-	local-recv	9d5d85da	yes	0	0	0	0
1	mux-compose-T2xL2-t1	down	10000000	97ae541b	49210	standby	out	97ae541b>03c3278fa753b5e942c8b1bfe028219520b8b713f370796e442a4d416a41e08b17;b70493f1>022716fba0f9a5d46ae7b8a4412296847d63d96c763d49068e851e9be7542080b1	stcpr	166.306321	03c3278fa753b5e942c8b1bfe028219520b8b713f370796e442a4d416a41e08b17	151	151	-	-	local-recv	b70493f1	no	4	244.42	12384	12352
1	mux-compose-T2xL2-t1	down	10000000	690554b9	49210	standby	out	690554b9>02bf4a7b17f587405738f9c2677ac63b7b99fa3f1e589159daf8429d66585e2e0c;cc141cac>022716fba0f9a5d46ae7b8a4412296847d63d96c763d49068e851e9be7542080b1	stcpr	91.05606	02bf4a7b17f587405738f9c2677ac63b7b99fa3f1e589159daf8429d66585e2e0c	0	2	-	-	local-recv	cc141cac	yes	0	0	0	0
1	mux-compose-T2xL2-t1	down	10000000	a7990e32	49211,49226	standby	out	a7990e32>020819902394f4b8e0e77c3961bb37d77b688d41c3f639f531aebb0a70c64d7092;4d82d133>022716fba0f9a5d46ae7b8a4412296847d63d96c763d49068e851e9be7542080b1	stcpr	65.997397	020819902394f4b8e0e77c3961bb37d77b688d41c3f639f531aebb0a70c64d7092	0	6	-	-	local-recv	4d82d133	yes	0	0	0	0
1	mux-compose-T2xL2-t1	down	10000000	d3604075	49212	standby	in	d3604075>03a9a28d2a38de5342e43b88c6c138eada84e412cf1e703432c7affee73190cd88;7546a023>022716fba0f9a5d46ae7b8a4412296847d63d96c763d49068e851e9be7542080b1	squicr	165.669879	03a9a28d2a38de5342e43b88c6c138eada84e412cf1e703432c7affee73190cd88	1252	3167729	27.8%	26.2%	local-recv	7546a023	no	2751	244.13	281434930	54476288
1	mux-compose-T2xL2-t1	down	10000000	c2ee64dc	49212,49229	standby	in	c2ee64dc>02ea1b80411ef28514056466bf11d8a7b7fcdcf4a964ebd874f8bd9fd74e81eda2;1483d7b9>022716fba0f9a5d46ae7b8a4412296847d63d96c763d49068e851e9be7542080b1	stcpr	86.621971	02ea1b80411ef28514056466bf11d8a7b7fcdcf4a964ebd874f8bd9fd74e81eda2	95	142008	2.1%	1.2%	local-recv	-	-	-	-	-	-
1	mux-compose-T2xL2-t1	down	10000000	7c80edb8	49213	standby	out	7c80edb8>022a2a1c5588bcb401377ca54dc2487ec4f2e41286a3d2aff4028facc7bfd6d9cc;3021cb5c>022716fba0f9a5d46ae7b8a4412296847d63d96c763d49068e851e9be7542080b1	stcpr	162.768885	022a2a1c5588bcb401377ca54dc2487ec4f2e41286a3d2aff4028facc7bfd6d9cc	212	212	-	-	local-recv	3021cb5c	no	7	251.19	12384	12192
1	mux-compose-T2xL2-t1	down	10000000	4470a453	49214	standby	out	4470a453>031bb93993ee93a04c8d7a69b3eab16f2cb7ff6cae97f86e561b1c712b0b6dfae4;6ed88be5>022716fba0f9a5d46ae7b8a4412296847d63d96c763d49068e851e9be7542080b1	stcpr	178.344483	031bb93993ee93a04c8d7a69b3eab16f2cb7ff6cae97f86e561b1c712b0b6dfae4	191	191	-	-	local-recv	6ed88be5	no	4	302.67	12288	12256
1	mux-compose-T2xL2-t1	down	10000000	25b03079	49214,49232	standby	out	25b03079>02c43f7d6da81cdca65fcf41906ff321f0d9f14e4c9ab0ff8b54b8ec64cce11bf0;18e8b97b>022716fba0f9a5d46ae7b8a4412296847d63d96c763d49068e851e9be7542080b1	stcpr	82.598708	02c43f7d6da81cdca65fcf41906ff321f0d9f14e4c9ab0ff8b54b8ec64cce11bf0	16	20	-	-	local-recv	18e8b97b	yes	0	0	0	0
1	mux-compose-T2xL2-t1	down	10000000	619865a5	49215	standby	out	619865a5>02109a13c780fe273e48b5a7a9e030c1052156cd5afef4dff1c100598226ad8da9;25c2ebc5>022716fba0f9a5d46ae7b8a4412296847d63d96c763d49068e851e9be7542080b1	stcpr	163.820431	02109a13c780fe273e48b5a7a9e030c1052156cd5afef4dff1c100598226ad8da9	191	191	-	-	local-recv	25c2ebc5	no	6	243.98	12352	12224
1	mux-compose-T2xL2-t1	down	10000000	fdab37dd	49216	standby	in	fdab37dd>03f57e7cf26c0764c5ab659a606add056ddf8bfad4f5bc7e8613cad05e5f228adf;7420f415>022716fba0f9a5d46ae7b8a4412296847d63d96c763d49068e851e9be7542080b1	stcpr	494.208695	03f57e7cf26c0764c5ab659a606add056ddf8bfad4f5bc7e8613cad05e5f228adf	262	146353	5.8%	1.2%	local-recv	-	-	-	-	-	-
1	mux-compose-T2xL2-t1	down	10000000	35766599	49216	standby	out	35766599>03a4a29d19804bd98d9a8197a327d53d0d00865815ee7d0a320cd0da4250102cdb;a6830d6d>022716fba0f9a5d46ae7b8a4412296847d63d96c763d49068e851e9be7542080b1	stcpr	81.521059	03a4a29d19804bd98d9a8197a327d53d0d00865815ee7d0a320cd0da4250102cdb	16	19	-	-	local-recv	a6830d6d	no	5	263.42	186014151	50049311
1	mux-compose-T2xL2-t1	down	10000000	475d59a5	49217	standby	out	475d59a5>02b1d9c56928f533ea9b309f8a53ed4807ee4e0193ef3c3a0234033313feceb8f2;99a80e72>022716fba0f9a5d46ae7b8a4412296847d63d96c763d49068e851e9be7542080b1	stcpr	248.323589	02b1d9c56928f533ea9b309f8a53ed4807ee4e0193ef3c3a0234033313feceb8f2	199	199	-	-	local-recv	99a80e72	no	5	345.68	12320	12192
1	mux-compose-T2xL2-t1	down	10000000	ca42696c	49217,49231	standby	out	ca42696c>028ed30c290b4c0c36d769108be072a995ac100cd5fcb249b33b92c127961cdfbb;97203c85>022716fba0f9a5d46ae7b8a4412296847d63d96c763d49068e851e9be7542080b1	stcpr	83.770368	028ed30c290b4c0c36d769108be072a995ac100cd5fcb249b33b92c127961cdfbb	32	38	-	-	local-recv	97203c85	yes	0	0	0	0
1	mux-compose-T2xL2-t1	down	10000000	e5faa6e0	49218	standby	out	e5faa6e0>02230b0a96a6f94179fab58196d3dfa1e19070faeae82d6900971462996541e774;47361294>022716fba0f9a5d46ae7b8a4412296847d63d96c763d49068e851e9be7542080b1	stcpr	153.858732	02230b0a96a6f94179fab58196d3dfa1e19070faeae82d6900971462996541e774	196	260	-	-	local-recv	47361294	no	5	244.9	12320	12192
1	mux-compose-T2xL2-t1	down	10000000	ee5902d2	49218,49230	standby	out	ee5902d2>0397b427c1e522b768389db1fdfab3943a74e69683800fe4950af7dfb3bf66893c;2dfdb077>022716fba0f9a5d46ae7b8a4412296847d63d96c763d49068e851e9be7542080b1	stcpr	315.216677	0397b427c1e522b768389db1fdfab3943a74e69683800fe4950af7dfb3bf66893c	32	36	-	-	local-recv	2dfdb077	yes	0	0	0	0
1	mux-compose-T2xL2-t1	down	10000000	b71ddf99	49219	standby	out	b71ddf99>0328947fced4d4b7beb65a6ef60d579e42d7976168c292cbd6d28b5b8bdc85757f;47828219>022716fba0f9a5d46ae7b8a4412296847d63d96c763d49068e851e9be7542080b1	stcpr	505.315652	0328947fced4d4b7beb65a6ef60d579e42d7976168c292cbd6d28b5b8bdc85757f	191	191	-	-	local-recv	47828219	no	5	244.45	12320	12160
1	mux-compose-T2xL2-t1	down	10000000	696629b6	49219,49233	standby	out	696629b6>03ecc7d108a98480b40a85bbfadb8f477d0c3559316306dcd7ba52fa3d21dad91e;75b62c04>022716fba0f9a5d46ae7b8a4412296847d63d96c763d49068e851e9be7542080b1	stcpr	80.675049	03ecc7d108a98480b40a85bbfadb8f477d0c3559316306dcd7ba52fa3d21dad91e	32	36	-	-	local-recv	75b62c04	yes	0	0	0	0
1	mux-compose-T2xL2-t1	down	10000000	bf9b0de8	49220	standby	out	bf9b0de8>026a913078651938783e19416a2de99c924df209e28512da2a571868c989bf3822;c2793bef>022716fba0f9a5d46ae7b8a4412296847d63d96c763d49068e851e9be7542080b1	stcpr	156.499436	026a913078651938783e19416a2de99c924df209e28512da2a571868c989bf3822	191	191	-	-	local-recv	c2793bef	no	4	244.61	12288	12224
1	mux-compose-T2xL2-t1	down	10000000	e5f24143	49220,49223	standby	out	e5f24143>024a37bae69d6be2ec51eeb9d2b7e99073c30153d06896032f5bd3c09ca843bdb9;a214890d>022716fba0f9a5d46ae7b8a4412296847d63d96c763d49068e851e9be7542080b1	stcpr	38.020679	024a37bae69d6be2ec51eeb9d2b7e99073c30153d06896032f5bd3c09ca843bdb9	16	21	-	-	local-recv	a214890d	yes	0	0	0	0
1	mux-compose-T2xL2-t1	down	10000000	bac92dd4	49222,49233	standby	out	bac92dd4>02db6d6f87e5d6382c827c066514195dfed31f61f07a295caa1b8f4364826921be;11b37300>022716fba0f9a5d46ae7b8a4412296847d63d96c763d49068e851e9be7542080b1	stcpr	174.524809	02db6d6f87e5d6382c827c066514195dfed31f61f07a295caa1b8f4364826921be	334	334	-	-	local-recv	11b37300	no	5	249.9	12000	11904
1	mux-compose-T2xL2-t1	down	10000000	0d53f7b1	49223,49232	standby	out	0d53f7b1>021ed11eb6557e39fee1e2ef91671bced1483b6c15debc45be54a5f1e1c3c07659;a8ae418c>022716fba0f9a5d46ae7b8a4412296847d63d96c763d49068e851e9be7542080b1	stcpr	170.154391	021ed11eb6557e39fee1e2ef91671bced1483b6c15debc45be54a5f1e1c3c07659	294	294	-	-	local-recv	a8ae418c	no	5	395.94	12000	11904
1	mux-compose-T2xL2-t1	down	10000000	336d3a3e	49224	standby	out	336d3a3e>031fc6a42965440b0bb761120c53001d03ead6c862249b1851368097fd19b3a9f1;89d170d4>022716fba0f9a5d46ae7b8a4412296847d63d96c763d49068e851e9be7542080b1	stcpr	151.307	031fc6a42965440b0bb761120c53001d03ead6c862249b1851368097fd19b3a9f1	143	143	-	-	local-recv	89d170d4	no	415	373	204778009	29277411
1	mux-compose-T2xL2-t1	down	10000000	5157fdc8	49225	standby	out	5157fdc8>03360da779493433e9ae8e103ac1c0baf6973982f93bd3cf326e4b18f9fda666cb;2b4ccbdd>022716fba0f9a5d46ae7b8a4412296847d63d96c763d49068e851e9be7542080b1	stcpr	177.084961	03360da779493433e9ae8e103ac1c0baf6973982f93bd3cf326e4b18f9fda666cb	143	143	-	-	local-recv	2b4ccbdd	no	5	267.41	12192	12096
1	mux-compose-T2xL2-t1	down	10000000	ea69bc13	49226	standby	out	ea69bc13>03dd3a272482055da08828fafffe0cb537915a52e71c92bfc9bf3140ab0153cd7c;ce4708f1>022716fba0f9a5d46ae7b8a4412296847d63d96c763d49068e851e9be7542080b1	stcpr	168.635	03dd3a272482055da08828fafffe0cb537915a52e71c92bfc9bf3140ab0153cd7c	199	199	-	-	local-recv	ce4708f1	no	4	248.48	12224	12192
1	mux-compose-T2xL2-t1	down	10000000	a18cfda5	49227,49230	standby	out	a18cfda5>032fe1b4b0bf0207c10bc99cf64be4fdc15464981554e0cd58bf66f06960cd5fcc;0601bd31>022716fba0f9a5d46ae7b8a4412296847d63d96c763d49068e851e9be7542080b1	stcpr	161.083818	032fe1b4b0bf0207c10bc99cf64be4fdc15464981554e0cd58bf66f06960cd5fcc	334	334	-	-	local-recv	0601bd31	no	5	256.11	12000	11904
1	mux-compose-T2xL2-t1	down	10000000	9a548f01	49228	standby	out	9a548f01>038a10abc4081748dad046dafe39a4f4744352703d19a6dbee68b97ae9f9d334f0;7db81071>022716fba0f9a5d46ae7b8a4412296847d63d96c763d49068e851e9be7542080b1	stcpr	169.067	038a10abc4081748dad046dafe39a4f4744352703d19a6dbee68b97ae9f9d334f0	151	151	-	-	local-recv	7db81071	no	6	399.19	12288	12160
1	mux-compose-T2xL2-t1	down	10000000	1bb37806	49229	standby	out	1bb37806>02b3a85aee85dece633272731c2e37867a39fa9127f28233ad18ed0051184fc40a;d30e45c7>022716fba0f9a5d46ae7b8a4412296847d63d96c763d49068e851e9be7542080b1	squicr	172.05	02b3a85aee85dece633272731c2e37867a39fa9127f28233ad18ed0051184fc40a	143	143	-	-	local-recv	d30e45c7	no	3	263.52	12192	12224
1	mux-compose-T2xL2-t1	down	10000000	b250c046	49231	standby	out	b250c046>02956775f345d7328128678c0ced40a3e3e3f91bbf431ef886f41df31d93ee1661;3164901a>022716fba0f9a5d46ae7b8a4412296847d63d96c763d49068e851e9be7542080b1	stcpr	78.401539	02956775f345d7328128678c0ced40a3e3e3f91bbf431ef886f41df31d93ee1661	191	191	-	-	local-recv	3164901a	no	3	264.45	11936	11968
1	mux-compose-T2xL2-t1	down	10000000	77fb43c0	49234	standby	out	77fb43c0>02090aec59b40207d8662c82e4ecfc524b740c27f2fb98cfb5582833a66bdcb797;cab03f16>022716fba0f9a5d46ae7b8a4412296847d63d96c763d49068e851e9be7542080b1	squicr	172.700163	02090aec59b40207d8662c82e4ecfc524b740c27f2fb98cfb5582833a66bdcb797	223	223	-	-	local-recv	cab03f16	no	4	250.47	11968	11872
1	mux-compose-T2xL2-t1	down	10000000	fb021902	49234	standby	out	fb021902>02781a0ac87d137d612bdefc5d68f420125887771e2d5cf6bc710c83ffc3b9d696;80303b39>022716fba0f9a5d46ae7b8a4412296847d63d96c763d49068e851e9be7542080b1	stcpr	134.742987	02781a0ac87d137d612bdefc5d68f420125887771e2d5cf6bc710c83ffc3b9d696	16	18	-	-	local-recv	80303b39	yes	0	0	0	0
1	mux-compose-T2xL2-t1	down	10000000	30f42c30	49235	standby	out	30f42c30>03eba64189c636ab77c2da630bf2a0c77061bc783e59f80fd39015a42f9ae6ce01;0d8257e2>022716fba0f9a5d46ae7b8a4412296847d63d96c763d49068e851e9be7542080b1	stcpr	555.855424	03eba64189c636ab77c2da630bf2a0c77061bc783e59f80fd39015a42f9ae6ce01	143	143	-	-	local-recv	0d8257e2	no	6	243.27	12032	11936
2	mux-compose-T2xL2-t2	down	10000000	95839ad0	49203,49215,49224	active	in	95839ad0>0371ab4bcff7b121f4b91f6856d6740c6f9dc1fe716977850aeb5d84378b300a13;dc5330cf>022716fba0f9a5d46ae7b8a4412296847d63d96c763d49068e851e9be7542080b1	stcpr	131.665	0371ab4bcff7b121f4b91f6856d6740c6f9dc1fe716977850aeb5d84378b300a13	1957	4040041	38.0%	33.8%	local-recv	-	-	-	-	-	-
2	mux-compose-T2xL2-t2	down	10000000	f1012467	49203,49211	active	in	f1012467>0281a102c82820e811368c8d028cf11b1a985043b726b1bcdb8fce89b27384b2cb;57c570d9>022716fba0f9a5d46ae7b8a4412296847d63d96c763d49068e851e9be7542080b1	stcpr	152.817176	0281a102c82820e811368c8d028cf11b1a985043b726b1bcdb8fce89b27384b2cb	372	1812179	7.2%	15.1%	local-recv	-	-	-	-	-	-
2	mux-compose-T2xL2-t2	down	10000000	ac40965a	49204	active	in	ac40965a>02c483938539bd7820f72e48ed6056bab68e221e1108d23965a2903221495e4af7;3de424e0>022716fba0f9a5d46ae7b8a4412296847d63d96c763d49068e851e9be7542080b1	stcpr	257.256922	02c483938539bd7820f72e48ed6056bab68e221e1108d23965a2903221495e4af7	1390	2299957	27.0%	19.2%	local-recv	-	-	-	-	-	-
2	mux-compose-T2xL2-t2	down	10000000	2c4ae7a5	49204	active	in	2c4ae7a5>02a2d4c346dabd165fd555dfdba4a7f4d18786fe7e055e562397cd5102bdd7f8dd;d0b47ec2>022716fba0f9a5d46ae7b8a4412296847d63d96c763d49068e851e9be7542080b1	stcpr	293.727518	02a2d4c346dabd165fd555dfdba4a7f4d18786fe7e055e562397cd5102bdd7f8dd	98	1424795	1.9%	11.9%	local-recv	-	-	-	-	-	-
2	mux-compose-T2xL2-t2	down	10000000	77674aa7	49205	standby	out	77674aa7>0269fcc9891752f41850fd345affd7fb133522567f433658142fbefe1d6446d8cd;b7caa06d>022716fba0f9a5d46ae7b8a4412296847d63d96c763d49068e851e9be7542080b1	stcpr	245.654278	0269fcc9891752f41850fd345affd7fb133522567f433658142fbefe1d6446d8cd	228	228	-	-	local-recv	b7caa06d	no	5	340.46	12416	12320
2	mux-compose-T2xL2-t2	down	10000000	a94550f5	49205,49235	standby	out	a94550f5>025cc9b7ba632d57c12ccad1eb31c47a942dede14d1e174ac6c19a4988abb200c0;f3dfb306>022716fba0f9a5d46ae7b8a4412296847d63d96c763d49068e851e9be7542080b1	stcpr	68.394503	025cc9b7ba632d57c12ccad1eb31c47a942dede14d1e174ac6c19a4988abb200c0	24	30	-	-	local-recv	f3dfb306	yes	0	0	0	0
2	mux-compose-T2xL2-t2	down	10000000	b45c771a	49206	standby	out	b45c771a>03f82ff0d7ce318d14db5a8fb754741fa257ffcdb17c629879f854298e8fe85384;5e04a7c8>022716fba0f9a5d46ae7b8a4412296847d63d96c763d49068e851e9be7542080b1	squicr	162.433552	03f82ff0d7ce318d14db5a8fb754741fa257ffcdb17c629879f854298e8fe85384	236	204	-	-	local-recv	5e04a7c8	no	7	244.21	12480	12448
2	mux-compose-T2xL2-t2	down	10000000	b6e61452	49206,49225	standby	out	b6e61452>02d92e70b9dd358112ebd266e641a6a928397edfda54c213f7b37dd5cd57eca17a;f3d8c01a>022716fba0f9a5d46ae7b8a4412296847d63d96c763d49068e851e9be7542080b1	stcpr	77.216812	02d92e70b9dd358112ebd266e641a6a928397edfda54c213f7b37dd5cd57eca17a	48	55	-	-	local-recv	f3d8c01a	yes	0	0	0	0
2	mux-compose-T2xL2-t2	down	10000000	df4c1852	49207	standby	out	df4c1852>035f532aed88e89cb8822a31b71d83a14f63fabd6389e537c2426fe84031c60825;f148d779>022716fba0f9a5d46ae7b8a4412296847d63d96c763d49068e851e9be7542080b1	stcpr	157.096714	035f532aed88e89cb8822a31b71d83a14f63fabd6389e537c2426fe84031c60825	281	281	-	-	local-recv	f148d779	no	5	244.54	12416	12352
2	mux-compose-T2xL2-t2	down	10000000	88737946	49207,49222	standby	out	88737946>039ba57e780efc89546104a134e9121f1dda0617e335eee8c3f21e4e272df93ac1;f888da30>022716fba0f9a5d46ae7b8a4412296847d63d96c763d49068e851e9be7542080b1	stcpr	93.010188	039ba57e780efc89546104a134e9121f1dda0617e335eee8c3f21e4e272df93ac1	24	30	-	-	local-recv	f888da30	yes	0	0	0	0
2	mux-compose-T2xL2-t2	down	10000000	03f0e265	49208	standby	out	03f0e265>035f6c7648bb0034b436db7d3845f7b482e8da705ca2b4622fd9673eb60921d5e5;ca5d50b7>022716fba0f9a5d46ae7b8a4412296847d63d96c763d49068e851e9be7542080b1	stcpr	163.238962	035f6c7648bb0034b436db7d3845f7b482e8da705ca2b4622fd9673eb60921d5e5	241	241	-	-	local-recv	ca5d50b7	no	4	244.36	12384	12352
2	mux-compose-T2xL2-t2	down	10000000	82aaa034	49208,49227	standby	out	82aaa034>03852490a5cb7f48e8d20af0a4c558a605a2ef26b61ae75a78295c442697ecd375;b625e9da>022716fba0f9a5d46ae7b8a4412296847d63d96c763d49068e851e9be7542080b1	stcpr	76.121471	03852490a5cb7f48e8d20af0a4c558a605a2ef26b61ae75a78295c442697ecd375	24	30	-	-	local-recv	b625e9da	yes	0	0	0	0
2	mux-compose-T2xL2-t2	down	10000000	2ca52bbf	49209	standby	out	2ca52bbf>03d1a14c1f4ce581211e919dd22211c211020c3a1634fa90e94df2b60e2e1a7f91;ef8238bf>022716fba0f9a5d46ae7b8a4412296847d63d96c763d49068e851e9be7542080b1	stcpr	166.33074	03d1a14c1f4ce581211e919dd22211c211020c3a1634fa90e94df2b60e2e1a7f91	188	188	-	-	local-recv	ef8238bf	no	5	399.68	12416	12352
2	mux-compose-T2xL2-t2	down	10000000	287b1d97	49209,49228	standby	out	287b1d97>03b934e8a26ddb9d635381df94dbf778cdfebf53f8956902ec3a7837524a75024f;9d5d85da>022716fba0f9a5d46ae7b8a4412296847d63d96c763d49068e851e9be7542080b1	stcpr	79.820625	03b934e8a26ddb9d635381df94dbf778cdfebf53f8956902ec3a7837524a75024f	8	14	-	-	local-recv	9d5d85da	yes	0	0	0	0
2	mux-compose-T2xL2-t2	down	10000000	97ae541b	49210	standby	out	97ae541b>03c3278fa753b5e942c8b1bfe028219520b8b713f370796e442a4d416a41e08b17;b70493f1>022716fba0f9a5d46ae7b8a4412296847d63d96c763d49068e851e9be7542080b1	stcpr	166.306321	03c3278fa753b5e942c8b1bfe028219520b8b713f370796e442a4d416a41e08b17	257	257	-	-	local-recv	b70493f1	no	4	244.42	12384	12352
2	mux-compose-T2xL2-t2	down	10000000	690554b9	49210	standby	out	690554b9>02bf4a7b17f587405738f9c2677ac63b7b99fa3f1e589159daf8429d66585e2e0c;cc141cac>022716fba0f9a5d46ae7b8a4412296847d63d96c763d49068e851e9be7542080b1	stcpr	91.05606	02bf4a7b17f587405738f9c2677ac63b7b99fa3f1e589159daf8429d66585e2e0c	8	11	-	-	local-recv	cc141cac	yes	0	0	0	0
2	mux-compose-T2xL2-t2	down	10000000	a7990e32	49211,49226	standby	out	a7990e32>020819902394f4b8e0e77c3961bb37d77b688d41c3f639f531aebb0a70c64d7092;4d82d133>022716fba0f9a5d46ae7b8a4412296847d63d96c763d49068e851e9be7542080b1	stcpr	65.997397	020819902394f4b8e0e77c3961bb37d77b688d41c3f639f531aebb0a70c64d7092	32	38	-	-	local-recv	4d82d133	yes	0	0	0	0
2	mux-compose-T2xL2-t2	down	10000000	d3604075	49212	standby	in	d3604075>03a9a28d2a38de5342e43b88c6c138eada84e412cf1e703432c7affee73190cd88;7546a023>022716fba0f9a5d46ae7b8a4412296847d63d96c763d49068e851e9be7542080b1	squicr	165.669879	03a9a28d2a38de5342e43b88c6c138eada84e412cf1e703432c7affee73190cd88	924	2101340	17.9%	17.6%	local-recv	7546a023	no	2751	244.13	281434930	54476288
2	mux-compose-T2xL2-t2	down	10000000	c2ee64dc	49212,49229	standby	in	c2ee64dc>02ea1b80411ef28514056466bf11d8a7b7fcdcf4a964ebd874f8bd9fd74e81eda2;1483d7b9>022716fba0f9a5d46ae7b8a4412296847d63d96c763d49068e851e9be7542080b1	stcpr	86.621971	02ea1b80411ef28514056466bf11d8a7b7fcdcf4a964ebd874f8bd9fd74e81eda2	111	142933	2.2%	1.2%	local-recv	-	-	-	-	-	-
2	mux-compose-T2xL2-t2	down	10000000	7c80edb8	49213	standby	out	7c80edb8>022a2a1c5588bcb401377ca54dc2487ec4f2e41286a3d2aff4028facc7bfd6d9cc;3021cb5c>022716fba0f9a5d46ae7b8a4412296847d63d96c763d49068e851e9be7542080b1	stcpr	162.768885	022a2a1c5588bcb401377ca54dc2487ec4f2e41286a3d2aff4028facc7bfd6d9cc	265	265	-	-	local-recv	3021cb5c	no	7	251.19	12384	12192
2	mux-compose-T2xL2-t2	down	10000000	4470a453	49214	standby	out	4470a453>031bb93993ee93a04c8d7a69b3eab16f2cb7ff6cae97f86e561b1c712b0b6dfae4;6ed88be5>022716fba0f9a5d46ae7b8a4412296847d63d96c763d49068e851e9be7542080b1	stcpr	178.344483	031bb93993ee93a04c8d7a69b3eab16f2cb7ff6cae97f86e561b1c712b0b6dfae4	318	318	-	-	local-recv	6ed88be5	no	4	302.67	12288	12256
2	mux-compose-T2xL2-t2	down	10000000	25b03079	49214,49232	standby	out	25b03079>02c43f7d6da81cdca65fcf41906ff321f0d9f14e4c9ab0ff8b54b8ec64cce11bf0;18e8b97b>022716fba0f9a5d46ae7b8a4412296847d63d96c763d49068e851e9be7542080b1	stcpr	82.598708	02c43f7d6da81cdca65fcf41906ff321f0d9f14e4c9ab0ff8b54b8ec64cce11bf0	40	46	-	-	local-recv	18e8b97b	yes	0	0	0	0
2	mux-compose-T2xL2-t2	down	10000000	619865a5	49215	standby	out	619865a5>02109a13c780fe273e48b5a7a9e030c1052156cd5afef4dff1c100598226ad8da9;25c2ebc5>022716fba0f9a5d46ae7b8a4412296847d63d96c763d49068e851e9be7542080b1	stcpr	163.820431	02109a13c780fe273e48b5a7a9e030c1052156cd5afef4dff1c100598226ad8da9	273	273	-	-	local-recv	25c2ebc5	no	6	243.98	12352	12224
2	mux-compose-T2xL2-t2	down	10000000	fdab37dd	49216	standby	in	fdab37dd>03f57e7cf26c0764c5ab659a606add056ddf8bfad4f5bc7e8613cad05e5f228adf;7420f415>022716fba0f9a5d46ae7b8a4412296847d63d96c763d49068e851e9be7542080b1	stcpr	494.208695	03f57e7cf26c0764c5ab659a606add056ddf8bfad4f5bc7e8613cad05e5f228adf	296	147661	5.7%	1.2%	local-recv	-	-	-	-	-	-
2	mux-compose-T2xL2-t2	down	10000000	35766599	49216	standby	out	35766599>03a4a29d19804bd98d9a8197a327d53d0d00865815ee7d0a320cd0da4250102cdb;a6830d6d>022716fba0f9a5d46ae7b8a4412296847d63d96c763d49068e851e9be7542080b1	stcpr	81.521059	03a4a29d19804bd98d9a8197a327d53d0d00865815ee7d0a320cd0da4250102cdb	24	27	-	-	local-recv	a6830d6d	no	5	263.42	186014151	50049311
2	mux-compose-T2xL2-t2	down	10000000	475d59a5	49217	standby	out	475d59a5>02b1d9c56928f533ea9b309f8a53ed4807ee4e0193ef3c3a0234033313feceb8f2;99a80e72>022716fba0f9a5d46ae7b8a4412296847d63d96c763d49068e851e9be7542080b1	stcpr	248.323589	02b1d9c56928f533ea9b309f8a53ed4807ee4e0193ef3c3a0234033313feceb8f2	273	273	-	-	local-recv	99a80e72	no	5	345.68	12320	12192
2	mux-compose-T2xL2-t2	down	10000000	ca42696c	49217,49231	standby	out	ca42696c>028ed30c290b4c0c36d769108be072a995ac100cd5fcb249b33b92c127961cdfbb;97203c85>022716fba0f9a5d46ae7b8a4412296847d63d96c763d49068e851e9be7542080b1	stcpr	83.770368	028ed30c290b4c0c36d769108be072a995ac100cd5fcb249b33b92c127961cdfbb	32	38	-	-	local-recv	97203c85	yes	0	0	0	0
2	mux-compose-T2xL2-t2	down	10000000	e5faa6e0	49218	standby	out	e5faa6e0>02230b0a96a6f94179fab58196d3dfa1e19070faeae82d6900971462996541e774;47361294>022716fba0f9a5d46ae7b8a4412296847d63d96c763d49068e851e9be7542080b1	stcpr	153.858732	02230b0a96a6f94179fab58196d3dfa1e19070faeae82d6900971462996541e774	225	225	-	-	local-recv	47361294	no	5	244.9	12320	12192
2	mux-compose-T2xL2-t2	down	10000000	ee5902d2	49218,49230	standby	out	ee5902d2>0397b427c1e522b768389db1fdfab3943a74e69683800fe4950af7dfb3bf66893c;2dfdb077>022716fba0f9a5d46ae7b8a4412296847d63d96c763d49068e851e9be7542080b1	stcpr	315.216677	0397b427c1e522b768389db1fdfab3943a74e69683800fe4950af7dfb3bf66893c	32	40	-	-	local-recv	2dfdb077	yes	0	0	0	0
2	mux-compose-T2xL2-t2	down	10000000	b71ddf99	49219	standby	out	b71ddf99>0328947fced4d4b7beb65a6ef60d579e42d7976168c292cbd6d28b5b8bdc85757f;47828219>022716fba0f9a5d46ae7b8a4412296847d63d96c763d49068e851e9be7542080b1	stcpr	505.315652	0328947fced4d4b7beb65a6ef60d579e42d7976168c292cbd6d28b5b8bdc85757f	249	249	-	-	local-recv	47828219	no	5	244.45	12320	12160
2	mux-compose-T2xL2-t2	down	10000000	696629b6	49219,49233	standby	out	696629b6>03ecc7d108a98480b40a85bbfadb8f477d0c3559316306dcd7ba52fa3d21dad91e;75b62c04>022716fba0f9a5d46ae7b8a4412296847d63d96c763d49068e851e9be7542080b1	stcpr	80.675049	03ecc7d108a98480b40a85bbfadb8f477d0c3559316306dcd7ba52fa3d21dad91e	48	54	-	-	local-recv	75b62c04	yes	0	0	0	0
2	mux-compose-T2xL2-t2	down	10000000	bf9b0de8	49220	standby	out	bf9b0de8>026a913078651938783e19416a2de99c924df209e28512da2a571868c989bf3822;c2793bef>022716fba0f9a5d46ae7b8a4412296847d63d96c763d49068e851e9be7542080b1	stcpr	156.499436	026a913078651938783e19416a2de99c924df209e28512da2a571868c989bf3822	241	241	-	-	local-recv	c2793bef	no	4	244.61	12288	12224
2	mux-compose-T2xL2-t2	down	10000000	e5f24143	49220,49223	standby	out	e5f24143>024a37bae69d6be2ec51eeb9d2b7e99073c30153d06896032f5bd3c09ca843bdb9;a214890d>022716fba0f9a5d46ae7b8a4412296847d63d96c763d49068e851e9be7542080b1	stcpr	38.020679	024a37bae69d6be2ec51eeb9d2b7e99073c30153d06896032f5bd3c09ca843bdb9	32	38	-	-	local-recv	a214890d	yes	0	0	0	0
2	mux-compose-T2xL2-t2	down	10000000	bac92dd4	49222,49233	standby	out	bac92dd4>02db6d6f87e5d6382c827c066514195dfed31f61f07a295caa1b8f4364826921be;11b37300>022716fba0f9a5d46ae7b8a4412296847d63d96c763d49068e851e9be7542080b1	stcpr	174.524809	02db6d6f87e5d6382c827c066514195dfed31f61f07a295caa1b8f4364826921be	477	477	-	-	local-recv	11b37300	no	5	249.9	12000	11904
2	mux-compose-T2xL2-t2	down	10000000	0d53f7b1	49223,49232	standby	out	0d53f7b1>021ed11eb6557e39fee1e2ef91671bced1483b6c15debc45be54a5f1e1c3c07659;a8ae418c>022716fba0f9a5d46ae7b8a4412296847d63d96c763d49068e851e9be7542080b1	stcpr	170.154391	021ed11eb6557e39fee1e2ef91671bced1483b6c15debc45be54a5f1e1c3c07659	416	416	-	-	local-recv	a8ae418c	no	5	395.94	12000	11904
2	mux-compose-T2xL2-t2	down	10000000	336d3a3e	49224	standby	out	336d3a3e>031fc6a42965440b0bb761120c53001d03ead6c862249b1851368097fd19b3a9f1;89d170d4>022716fba0f9a5d46ae7b8a4412296847d63d96c763d49068e851e9be7542080b1	stcpr	151.307	031fc6a42965440b0bb761120c53001d03ead6c862249b1851368097fd19b3a9f1	318	318	-	-	local-recv	89d170d4	no	415	373	204778009	29277411
2	mux-compose-T2xL2-t2	down	10000000	5157fdc8	49225	standby	out	5157fdc8>03360da779493433e9ae8e103ac1c0baf6973982f93bd3cf326e4b18f9fda666cb;2b4ccbdd>022716fba0f9a5d46ae7b8a4412296847d63d96c763d49068e851e9be7542080b1	stcpr	177.084961	03360da779493433e9ae8e103ac1c0baf6973982f93bd3cf326e4b18f9fda666cb	228	228	-	-	local-recv	2b4ccbdd	no	5	267.41	12192	12096
2	mux-compose-T2xL2-t2	down	10000000	ea69bc13	49226	standby	out	ea69bc13>03dd3a272482055da08828fafffe0cb537915a52e71c92bfc9bf3140ab0153cd7c;ce4708f1>022716fba0f9a5d46ae7b8a4412296847d63d96c763d49068e851e9be7542080b1	stcpr	168.635	03dd3a272482055da08828fafffe0cb537915a52e71c92bfc9bf3140ab0153cd7c	278	278	-	-	local-recv	ce4708f1	no	4	248.48	12224	12192
2	mux-compose-T2xL2-t2	down	10000000	a18cfda5	49227,49230	standby	out	a18cfda5>032fe1b4b0bf0207c10bc99cf64be4fdc15464981554e0cd58bf66f06960cd5fcc;0601bd31>022716fba0f9a5d46ae7b8a4412296847d63d96c763d49068e851e9be7542080b1	stcpr	161.083818	032fe1b4b0bf0207c10bc99cf64be4fdc15464981554e0cd58bf66f06960cd5fcc	615	615	-	-	local-recv	0601bd31	no	5	256.11	12000	11904
2	mux-compose-T2xL2-t2	down	10000000	9a548f01	49228	standby	out	9a548f01>038a10abc4081748dad046dafe39a4f4744352703d19a6dbee68b97ae9f9d334f0;7db81071>022716fba0f9a5d46ae7b8a4412296847d63d96c763d49068e851e9be7542080b1	stcpr	169.067	038a10abc4081748dad046dafe39a4f4744352703d19a6dbee68b97ae9f9d334f0	310	310	-	-	local-recv	7db81071	no	6	399.19	12288	12160
2	mux-compose-T2xL2-t2	down	10000000	1bb37806	49229	standby	out	1bb37806>02b3a85aee85dece633272731c2e37867a39fa9127f28233ad18ed0051184fc40a;d30e45c7>022716fba0f9a5d46ae7b8a4412296847d63d96c763d49068e851e9be7542080b1	squicr	172.05	02b3a85aee85dece633272731c2e37867a39fa9127f28233ad18ed0051184fc40a	188	188	-	-	local-recv	d30e45c7	no	3	263.52	12192	12224
2	mux-compose-T2xL2-t2	down	10000000	b250c046	49231	standby	out	b250c046>02956775f345d7328128678c0ced40a3e3e3f91bbf431ef886f41df31d93ee1661;3164901a>022716fba0f9a5d46ae7b8a4412296847d63d96c763d49068e851e9be7542080b1	stcpr	78.401539	02956775f345d7328128678c0ced40a3e3e3f91bbf431ef886f41df31d93ee1661	241	241	-	-	local-recv	3164901a	no	3	264.45	11936	11968
2	mux-compose-T2xL2-t2	down	10000000	77fb43c0	49234	standby	out	77fb43c0>02090aec59b40207d8662c82e4ecfc524b740c27f2fb98cfb5582833a66bdcb797;cab03f16>022716fba0f9a5d46ae7b8a4412296847d63d96c763d49068e851e9be7542080b1	squicr	172.700163	02090aec59b40207d8662c82e4ecfc524b740c27f2fb98cfb5582833a66bdcb797	276	276	-	-	local-recv	cab03f16	no	4	250.47	11968	11872
2	mux-compose-T2xL2-t2	down	10000000	fb021902	49234	standby	out	fb021902>02781a0ac87d137d612bdefc5d68f420125887771e2d5cf6bc710c83ffc3b9d696;80303b39>022716fba0f9a5d46ae7b8a4412296847d63d96c763d49068e851e9be7542080b1	stcpr	134.742987	02781a0ac87d137d612bdefc5d68f420125887771e2d5cf6bc710c83ffc3b9d696	24	28	-	-	local-recv	80303b39	yes	0	0	0	0
2	mux-compose-T2xL2-t2	down	10000000	30f42c30	49235	standby	out	30f42c30>03eba64189c636ab77c2da630bf2a0c77061bc783e59f80fd39015a42f9ae6ce01;0d8257e2>022716fba0f9a5d46ae7b8a4412296847d63d96c763d49068e851e9be7542080b1	stcpr	555.855424	03eba64189c636ab77c2da630bf2a0c77061bc783e59f80fd39015a42f9ae6ce01	308	244	-	-	local-recv	0d8257e2	no	6	243.27	12032	11936
3	mux-compose-T2xL2-t3	down	10000000	95839ad0	49203,49215,49224	active	in	95839ad0>0371ab4bcff7b121f4b91f6856d6740c6f9dc1fe716977850aeb5d84378b300a13;dc5330cf>022716fba0f9a5d46ae7b8a4412296847d63d96c763d49068e851e9be7542080b1	stcpr	131.665	0371ab4bcff7b121f4b91f6856d6740c6f9dc1fe716977850aeb5d84378b300a13	1994	2585590	45.8%	21.4%	local-recv	-	-	-	-	-	-
3	mux-compose-T2xL2-t3	down	10000000	f1012467	49203,49211	active	in	f1012467>0281a102c82820e811368c8d028cf11b1a985043b726b1bcdb8fce89b27384b2cb;57c570d9>022716fba0f9a5d46ae7b8a4412296847d63d96c763d49068e851e9be7542080b1	stcpr	152.817176	0281a102c82820e811368c8d028cf11b1a985043b726b1bcdb8fce89b27384b2cb	238	3908004	5.5%	32.3%	local-recv	-	-	-	-	-	-
3	mux-compose-T2xL2-t3	down	10000000	ac40965a	49204	active	in	ac40965a>02c483938539bd7820f72e48ed6056bab68e221e1108d23965a2903221495e4af7;3de424e0>022716fba0f9a5d46ae7b8a4412296847d63d96c763d49068e851e9be7542080b1	stcpr	257.256922	02c483938539bd7820f72e48ed6056bab68e221e1108d23965a2903221495e4af7	1100	1324314	25.3%	10.9%	local-recv	-	-	-	-	-	-
3	mux-compose-T2xL2-t3	down	10000000	2c4ae7a5	49204	active	in	2c4ae7a5>02a2d4c346dabd165fd555dfdba4a7f4d18786fe7e055e562397cd5102bdd7f8dd;d0b47ec2>022716fba0f9a5d46ae7b8a4412296847d63d96c763d49068e851e9be7542080b1	stcpr	293.727518	02a2d4c346dabd165fd555dfdba4a7f4d18786fe7e055e562397cd5102bdd7f8dd	98	2173801	2.3%	18.0%	local-recv	-	-	-	-	-	-
3	mux-compose-T2xL2-t3	down	10000000	77674aa7	49205	standby	out	77674aa7>0269fcc9891752f41850fd345affd7fb133522567f433658142fbefe1d6446d8cd;b7caa06d>022716fba0f9a5d46ae7b8a4412296847d63d96c763d49068e851e9be7542080b1	stcpr	245.654278	0269fcc9891752f41850fd345affd7fb133522567f433658142fbefe1d6446d8cd	297	297	-	-	local-recv	b7caa06d	no	5	340.46	12416	12320
3	mux-compose-T2xL2-t3	down	10000000	a94550f5	49205,49235	standby	out	a94550f5>025cc9b7ba632d57c12ccad1eb31c47a942dede14d1e174ac6c19a4988abb200c0;f3dfb306>022716fba0f9a5d46ae7b8a4412296847d63d96c763d49068e851e9be7542080b1	stcpr	68.394503	025cc9b7ba632d57c12ccad1eb31c47a942dede14d1e174ac6c19a4988abb200c0	16	22	-	-	local-recv	f3dfb306	yes	0	0	0	0
3	mux-compose-T2xL2-t3	down	10000000	b45c771a	49206	standby	out	b45c771a>03f82ff0d7ce318d14db5a8fb754741fa257ffcdb17c629879f854298e8fe85384;5e04a7c8>022716fba0f9a5d46ae7b8a4412296847d63d96c763d49068e851e9be7542080b1	squicr	162.433552	03f82ff0d7ce318d14db5a8fb754741fa257ffcdb17c629879f854298e8fe85384	268	268	-	-	local-recv	5e04a7c8	no	7	244.21	12480	12448
3	mux-compose-T2xL2-t3	down	10000000	b6e61452	49206,49225	standby	out	b6e61452>02d92e70b9dd358112ebd266e641a6a928397edfda54c213f7b37dd5cd57eca17a;f3d8c01a>022716fba0f9a5d46ae7b8a4412296847d63d96c763d49068e851e9be7542080b1	stcpr	77.216812	02d92e70b9dd358112ebd266e641a6a928397edfda54c213f7b37dd5cd57eca17a	32	39	-	-	local-recv	f3d8c01a	yes	0	0	0	0
3	mux-compose-T2xL2-t3	down	10000000	df4c1852	49207	standby	out	df4c1852>035f532aed88e89cb8822a31b71d83a14f63fabd6389e537c2426fe84031c60825;f148d779>022716fba0f9a5d46ae7b8a4412296847d63d96c763d49068e851e9be7542080b1	stcpr	157.096714	035f532aed88e89cb8822a31b71d83a14f63fabd6389e537c2426fe84031c60825	236	236	-	-	local-recv	f148d779	no	5	244.54	12416	12352
3	mux-compose-T2xL2-t3	down	10000000	88737946	49207,49222	standby	out	88737946>039ba57e780efc89546104a134e9121f1dda0617e335eee8c3f21e4e272df93ac1;f888da30>022716fba0f9a5d46ae7b8a4412296847d63d96c763d49068e851e9be7542080b1	stcpr	93.010188	039ba57e780efc89546104a134e9121f1dda0617e335eee8c3f21e4e272df93ac1	40	46	-	-	local-recv	f888da30	yes	0	0	0	0
3	mux-compose-T2xL2-t3	down	10000000	03f0e265	49208	standby	out	03f0e265>035f6c7648bb0034b436db7d3845f7b482e8da705ca2b4622fd9673eb60921d5e5;ca5d50b7>022716fba0f9a5d46ae7b8a4412296847d63d96c763d49068e851e9be7542080b1	stcpr	163.238962	035f6c7648bb0034b436db7d3845f7b482e8da705ca2b4622fd9673eb60921d5e5	236	236	-	-	local-recv	ca5d50b7	no	4	244.36	12384	12352
3	mux-compose-T2xL2-t3	down	10000000	82aaa034	49208,49227	standby	out	82aaa034>03852490a5cb7f48e8d20af0a4c558a605a2ef26b61ae75a78295c442697ecd375;b625e9da>022716fba0f9a5d46ae7b8a4412296847d63d96c763d49068e851e9be7542080b1	stcpr	76.121471	03852490a5cb7f48e8d20af0a4c558a605a2ef26b61ae75a78295c442697ecd375	32	38	-	-	local-recv	b625e9da	yes	0	0	0	0
3	mux-compose-T2xL2-t3	down	10000000	2ca52bbf	49209	standby	out	2ca52bbf>03d1a14c1f4ce581211e919dd22211c211020c3a1634fa90e94df2b60e2e1a7f91;ef8238bf>022716fba0f9a5d46ae7b8a4412296847d63d96c763d49068e851e9be7542080b1	stcpr	166.33074	03d1a14c1f4ce581211e919dd22211c211020c3a1634fa90e94df2b60e2e1a7f91	273	273	-	-	local-recv	ef8238bf	no	5	399.68	12416	12352
3	mux-compose-T2xL2-t3	down	10000000	287b1d97	49209,49228	standby	out	287b1d97>03b934e8a26ddb9d635381df94dbf778cdfebf53f8956902ec3a7837524a75024f;9d5d85da>022716fba0f9a5d46ae7b8a4412296847d63d96c763d49068e851e9be7542080b1	stcpr	79.820625	03b934e8a26ddb9d635381df94dbf778cdfebf53f8956902ec3a7837524a75024f	32	38	-	-	local-recv	9d5d85da	yes	0	0	0	0
3	mux-compose-T2xL2-t3	down	10000000	97ae541b	49210	standby	out	97ae541b>03c3278fa753b5e942c8b1bfe028219520b8b713f370796e442a4d416a41e08b17;b70493f1>022716fba0f9a5d46ae7b8a4412296847d63d96c763d49068e851e9be7542080b1	stcpr	166.306321	03c3278fa753b5e942c8b1bfe028219520b8b713f370796e442a4d416a41e08b17	305	305	-	-	local-recv	b70493f1	no	4	244.42	12384	12352
3	mux-compose-T2xL2-t3	down	10000000	690554b9	49210	standby	out	690554b9>02bf4a7b17f587405738f9c2677ac63b7b99fa3f1e589159daf8429d66585e2e0c;cc141cac>022716fba0f9a5d46ae7b8a4412296847d63d96c763d49068e851e9be7542080b1	stcpr	91.05606	02bf4a7b17f587405738f9c2677ac63b7b99fa3f1e589159daf8429d66585e2e0c	24	28	-	-	local-recv	cc141cac	yes	0	0	0	0
3	mux-compose-T2xL2-t3	down	10000000	a7990e32	49211,49226	standby	out	a7990e32>020819902394f4b8e0e77c3961bb37d77b688d41c3f639f531aebb0a70c64d7092;4d82d133>022716fba0f9a5d46ae7b8a4412296847d63d96c763d49068e851e9be7542080b1	stcpr	65.997397	020819902394f4b8e0e77c3961bb37d77b688d41c3f639f531aebb0a70c64d7092	32	38	-	-	local-recv	4d82d133	yes	0	0	0	0
3	mux-compose-T2xL2-t3	down	10000000	d3604075	49212	standby	in	d3604075>03a9a28d2a38de5342e43b88c6c138eada84e412cf1e703432c7affee73190cd88;7546a023>022716fba0f9a5d46ae7b8a4412296847d63d96c763d49068e851e9be7542080b1	squicr	165.669879	03a9a28d2a38de5342e43b88c6c138eada84e412cf1e703432c7affee73190cd88	925	2114567	21.2%	17.5%	local-recv	7546a023	no	2751	244.13	281434930	54476288
3	mux-compose-T2xL2-t3	down	10000000	c2ee64dc	49212,49229	standby	out	c2ee64dc>02ea1b80411ef28514056466bf11d8a7b7fcdcf4a964ebd874f8bd9fd74e81eda2;1483d7b9>022716fba0f9a5d46ae7b8a4412296847d63d96c763d49068e851e9be7542080b1	stcpr	86.621971	02ea1b80411ef28514056466bf11d8a7b7fcdcf4a964ebd874f8bd9fd74e81eda2	24	30	-	-	local-recv	-	-	-	-	-	-
3	mux-compose-T2xL2-t3	down	10000000	7c80edb8	49213	standby	out	7c80edb8>022a2a1c5588bcb401377ca54dc2487ec4f2e41286a3d2aff4028facc7bfd6d9cc;3021cb5c>022716fba0f9a5d46ae7b8a4412296847d63d96c763d49068e851e9be7542080b1	stcpr	162.768885	022a2a1c5588bcb401377ca54dc2487ec4f2e41286a3d2aff4028facc7bfd6d9cc	249	249	-	-	local-recv	3021cb5c	no	7	251.19	12384	12192
3	mux-compose-T2xL2-t3	down	10000000	4470a453	49214	standby	out	4470a453>031bb93993ee93a04c8d7a69b3eab16f2cb7ff6cae97f86e561b1c712b0b6dfae4;6ed88be5>022716fba0f9a5d46ae7b8a4412296847d63d96c763d49068e851e9be7542080b1	stcpr	178.344483	031bb93993ee93a04c8d7a69b3eab16f2cb7ff6cae97f86e561b1c712b0b6dfae4	180	180	-	-	local-recv	6ed88be5	no	4	302.67	12288	12256
3	mux-compose-T2xL2-t3	down	10000000	25b03079	49214,49232	standby	out	25b03079>02c43f7d6da81cdca65fcf41906ff321f0d9f14e4c9ab0ff8b54b8ec64cce11bf0;18e8b97b>022716fba0f9a5d46ae7b8a4412296847d63d96c763d49068e851e9be7542080b1	stcpr	82.598708	02c43f7d6da81cdca65fcf41906ff321f0d9f14e4c9ab0ff8b54b8ec64cce11bf0	24	30	-	-	local-recv	18e8b97b	yes	0	0	0	0
3	mux-compose-T2xL2-t3	down	10000000	619865a5	49215	standby	out	619865a5>02109a13c780fe273e48b5a7a9e030c1052156cd5afef4dff1c100598226ad8da9;25c2ebc5>022716fba0f9a5d46ae7b8a4412296847d63d96c763d49068e851e9be7542080b1	stcpr	163.820431	02109a13c780fe273e48b5a7a9e030c1052156cd5afef4dff1c100598226ad8da9	180	180	-	-	local-recv	25c2ebc5	no	6	243.98	12352	12224
3	mux-compose-T2xL2-t3	down	10000000	fdab37dd	49216	standby	out	fdab37dd>03f57e7cf26c0764c5ab659a606add056ddf8bfad4f5bc7e8613cad05e5f228adf;7420f415>022716fba0f9a5d46ae7b8a4412296847d63d96c763d49068e851e9be7542080b1	stcpr	494.208695	03f57e7cf26c0764c5ab659a606add056ddf8bfad4f5bc7e8613cad05e5f228adf	270	4337	-	-	local-recv	-	-	-	-	-	-
3	mux-compose-T2xL2-t3	down	10000000	35766599	49216	standby	out	35766599>03a4a29d19804bd98d9a8197a327d53d0d00865815ee7d0a320cd0da4250102cdb;a6830d6d>022716fba0f9a5d46ae7b8a4412296847d63d96c763d49068e851e9be7542080b1	stcpr	81.521059	03a4a29d19804bd98d9a8197a327d53d0d00865815ee7d0a320cd0da4250102cdb	8	11	-	-	local-recv	a6830d6d	no	5	263.42	186014151	50049311
3	mux-compose-T2xL2-t3	down	10000000	475d59a5	49217	standby	out	475d59a5>02b1d9c56928f533ea9b309f8a53ed4807ee4e0193ef3c3a0234033313feceb8f2;99a80e72>022716fba0f9a5d46ae7b8a4412296847d63d96c763d49068e851e9be7542080b1	stcpr	248.323589	02b1d9c56928f533ea9b309f8a53ed4807ee4e0193ef3c3a0234033313feceb8f2	180	180	-	-	local-recv	99a80e72	no	5	345.68	12320	12192
3	mux-compose-T2xL2-t3	down	10000000	ca42696c	49217,49231	standby	out	ca42696c>028ed30c290b4c0c36d769108be072a995ac100cd5fcb249b33b92c127961cdfbb;97203c85>022716fba0f9a5d46ae7b8a4412296847d63d96c763d49068e851e9be7542080b1	stcpr	83.770368	028ed30c290b4c0c36d769108be072a995ac100cd5fcb249b33b92c127961cdfbb	32	36	-	-	local-recv	97203c85	yes	0	0	0	0
3	mux-compose-T2xL2-t3	down	10000000	e5faa6e0	49218	standby	out	e5faa6e0>02230b0a96a6f94179fab58196d3dfa1e19070faeae82d6900971462996541e774;47361294>022716fba0f9a5d46ae7b8a4412296847d63d96c763d49068e851e9be7542080b1	stcpr	153.858732	02230b0a96a6f94179fab58196d3dfa1e19070faeae82d6900971462996541e774	244	244	-	-	local-recv	47361294	no	5	244.9	12320	12192
3	mux-compose-T2xL2-t3	down	10000000	ee5902d2	49218,49230	standby	out	ee5902d2>0397b427c1e522b768389db1fdfab3943a74e69683800fe4950af7dfb3bf66893c;2dfdb077>022716fba0f9a5d46ae7b8a4412296847d63d96c763d49068e851e9be7542080b1	stcpr	315.216677	0397b427c1e522b768389db1fdfab3943a74e69683800fe4950af7dfb3bf66893c	24	28	-	-	local-recv	2dfdb077	yes	0	0	0	0
3	mux-compose-T2xL2-t3	down	10000000	b71ddf99	49219	standby	out	b71ddf99>0328947fced4d4b7beb65a6ef60d579e42d7976168c292cbd6d28b5b8bdc85757f;47828219>022716fba0f9a5d46ae7b8a4412296847d63d96c763d49068e851e9be7542080b1	stcpr	505.315652	0328947fced4d4b7beb65a6ef60d579e42d7976168c292cbd6d28b5b8bdc85757f	292	260	-	-	local-recv	47828219	no	5	244.45	12320	12160
3	mux-compose-T2xL2-t3	down	10000000	696629b6	49219,49233	standby	out	696629b6>03ecc7d108a98480b40a85bbfadb8f477d0c3559316306dcd7ba52fa3d21dad91e;75b62c04>022716fba0f9a5d46ae7b8a4412296847d63d96c763d49068e851e9be7542080b1	stcpr	80.675049	03ecc7d108a98480b40a85bbfadb8f477d0c3559316306dcd7ba52fa3d21dad91e	16	22	-	-	local-recv	75b62c04	yes	0	0	0	0
3	mux-compose-T2xL2-t3	down	10000000	bf9b0de8	49220	standby	out	bf9b0de8>026a913078651938783e19416a2de99c924df209e28512da2a571868c989bf3822;c2793bef>022716fba0f9a5d46ae7b8a4412296847d63d96c763d49068e851e9be7542080b1	stcpr	156.499436	026a913078651938783e19416a2de99c924df209e28512da2a571868c989bf3822	313	305	-	-	local-recv	c2793bef	no	4	244.61	12288	12224
3	mux-compose-T2xL2-t3	down	10000000	e5f24143	49220,49223	standby	out	e5f24143>024a37bae69d6be2ec51eeb9d2b7e99073c30153d06896032f5bd3c09ca843bdb9;a214890d>022716fba0f9a5d46ae7b8a4412296847d63d96c763d49068e851e9be7542080b1	stcpr	38.020679	024a37bae69d6be2ec51eeb9d2b7e99073c30153d06896032f5bd3c09ca843bdb9	24	29	-	-	local-recv	a214890d	yes	0	0	0	0
3	mux-compose-T2xL2-t3	down	10000000	bac92dd4	49222,49233	standby	out	bac92dd4>02db6d6f87e5d6382c827c066514195dfed31f61f07a295caa1b8f4364826921be;11b37300>022716fba0f9a5d46ae7b8a4412296847d63d96c763d49068e851e9be7542080b1	stcpr	174.524809	02db6d6f87e5d6382c827c066514195dfed31f61f07a295caa1b8f4364826921be	546	546	-	-	local-recv	11b37300	no	5	249.9	12000	11904
3	mux-compose-T2xL2-t3	down	10000000	0d53f7b1	49223,49232	standby	out	0d53f7b1>021ed11eb6557e39fee1e2ef91671bced1483b6c15debc45be54a5f1e1c3c07659;a8ae418c>022716fba0f9a5d46ae7b8a4412296847d63d96c763d49068e851e9be7542080b1	stcpr	170.154391	021ed11eb6557e39fee1e2ef91671bced1483b6c15debc45be54a5f1e1c3c07659	461	461	-	-	local-recv	a8ae418c	no	5	395.94	12000	11904
3	mux-compose-T2xL2-t3	down	10000000	336d3a3e	49224	standby	out	336d3a3e>031fc6a42965440b0bb761120c53001d03ead6c862249b1851368097fd19b3a9f1;89d170d4>022716fba0f9a5d46ae7b8a4412296847d63d96c763d49068e851e9be7542080b1	stcpr	151.307	031fc6a42965440b0bb761120c53001d03ead6c862249b1851368097fd19b3a9f1	233	233	-	-	local-recv	89d170d4	no	415	373	204778009	29277411
3	mux-compose-T2xL2-t3	down	10000000	5157fdc8	49225	standby	out	5157fdc8>03360da779493433e9ae8e103ac1c0baf6973982f93bd3cf326e4b18f9fda666cb;2b4ccbdd>022716fba0f9a5d46ae7b8a4412296847d63d96c763d49068e851e9be7542080b1	stcpr	177.084961	03360da779493433e9ae8e103ac1c0baf6973982f93bd3cf326e4b18f9fda666cb	236	236	-	-	local-recv	2b4ccbdd	no	5	267.41	12192	12096
3	mux-compose-T2xL2-t3	down	10000000	ea69bc13	49226	standby	out	ea69bc13>03dd3a272482055da08828fafffe0cb537915a52e71c92bfc9bf3140ab0153cd7c;ce4708f1>022716fba0f9a5d46ae7b8a4412296847d63d96c763d49068e851e9be7542080b1	stcpr	168.635	03dd3a272482055da08828fafffe0cb537915a52e71c92bfc9bf3140ab0153cd7c	188	188	-	-	local-recv	ce4708f1	no	4	248.48	12224	12192
3	mux-compose-T2xL2-t3	down	10000000	a18cfda5	49227,49230	standby	out	a18cfda5>032fe1b4b0bf0207c10bc99cf64be4fdc15464981554e0cd58bf66f06960cd5fcc;0601bd31>022716fba0f9a5d46ae7b8a4412296847d63d96c763d49068e851e9be7542080b1	stcpr	161.083818	032fe1b4b0bf0207c10bc99cf64be4fdc15464981554e0cd58bf66f06960cd5fcc	480	480	-	-	local-recv	0601bd31	no	5	256.11	12000	11904
3	mux-compose-T2xL2-t3	down	10000000	9a548f01	49228	standby	out	9a548f01>038a10abc4081748dad046dafe39a4f4744352703d19a6dbee68b97ae9f9d334f0;7db81071>022716fba0f9a5d46ae7b8a4412296847d63d96c763d49068e851e9be7542080b1	stcpr	169.067	038a10abc4081748dad046dafe39a4f4744352703d19a6dbee68b97ae9f9d334f0	265	297	-	-	local-recv	7db81071	no	6	399.19	12288	12160
3	mux-compose-T2xL2-t3	down	10000000	1bb37806	49229	standby	out	1bb37806>02b3a85aee85dece633272731c2e37867a39fa9127f28233ad18ed0051184fc40a;d30e45c7>022716fba0f9a5d46ae7b8a4412296847d63d96c763d49068e851e9be7542080b1	squicr	172.05	02b3a85aee85dece633272731c2e37867a39fa9127f28233ad18ed0051184fc40a	228	228	-	-	local-recv	d30e45c7	no	3	263.52	12192	12224
3	mux-compose-T2xL2-t3	down	10000000	b250c046	49231	standby	out	b250c046>02956775f345d7328128678c0ced40a3e3e3f91bbf431ef886f41df31d93ee1661;3164901a>022716fba0f9a5d46ae7b8a4412296847d63d96c763d49068e851e9be7542080b1	stcpr	78.401539	02956775f345d7328128678c0ced40a3e3e3f91bbf431ef886f41df31d93ee1661	212	212	-	-	local-recv	3164901a	no	3	264.45	11936	11968
3	mux-compose-T2xL2-t3	down	10000000	77fb43c0	49234	standby	out	77fb43c0>02090aec59b40207d8662c82e4ecfc524b740c27f2fb98cfb5582833a66bdcb797;cab03f16>022716fba0f9a5d46ae7b8a4412296847d63d96c763d49068e851e9be7542080b1	squicr	172.700163	02090aec59b40207d8662c82e4ecfc524b740c27f2fb98cfb5582833a66bdcb797	302	302	-	-	local-recv	cab03f16	no	4	250.47	11968	11872
3	mux-compose-T2xL2-t3	down	10000000	fb021902	49234	standby	out	fb021902>02781a0ac87d137d612bdefc5d68f420125887771e2d5cf6bc710c83ffc3b9d696;80303b39>022716fba0f9a5d46ae7b8a4412296847d63d96c763d49068e851e9be7542080b1	stcpr	134.742987	02781a0ac87d137d612bdefc5d68f420125887771e2d5cf6bc710c83ffc3b9d696	16	18	-	-	local-recv	80303b39	yes	0	0	0	0
3	mux-compose-T2xL2-t3	down	10000000	30f42c30	49235	standby	out	30f42c30>03eba64189c636ab77c2da630bf2a0c77061bc783e59f80fd39015a42f9ae6ce01;0d8257e2>022716fba0f9a5d46ae7b8a4412296847d63d96c763d49068e851e9be7542080b1	stcpr	555.855424	03eba64189c636ab77c2da630bf2a0c77061bc783e59f80fd39015a42f9ae6ce01	270	270	-	-	local-recv	0d8257e2	no	6	243.27	12032	11936
4	mux-compose-T2xL2-t4	down	10000000	95839ad0	49203,49215,49224	active	in	95839ad0>0371ab4bcff7b121f4b91f6856d6740c6f9dc1fe716977850aeb5d84378b300a13;dc5330cf>022716fba0f9a5d46ae7b8a4412296847d63d96c763d49068e851e9be7542080b1	stcpr	131.665	0371ab4bcff7b121f4b91f6856d6740c6f9dc1fe716977850aeb5d84378b300a13	1695	2928742	31.7%	20.2%	local-recv	-	-	-	-	-	-
4	mux-compose-T2xL2-t4	down	10000000	f1012467	49203,49211	active	in	f1012467>0281a102c82820e811368c8d028cf11b1a985043b726b1bcdb8fce89b27384b2cb;57c570d9>022716fba0f9a5d46ae7b8a4412296847d63d96c763d49068e851e9be7542080b1	stcpr	152.817176	0281a102c82820e811368c8d028cf11b1a985043b726b1bcdb8fce89b27384b2cb	255	1527154	4.8%	10.5%	local-recv	-	-	-	-	-	-
4	mux-compose-T2xL2-t4	down	10000000	ac40965a	49204	active	in	ac40965a>02c483938539bd7820f72e48ed6056bab68e221e1108d23965a2903221495e4af7;3de424e0>022716fba0f9a5d46ae7b8a4412296847d63d96c763d49068e851e9be7542080b1	stcpr	257.256922	02c483938539bd7820f72e48ed6056bab68e221e1108d23965a2903221495e4af7	1765	2759110	33.1%	19.0%	local-recv	-	-	-	-	-	-
4	mux-compose-T2xL2-t4	down	10000000	2c4ae7a5	49204	active	in	2c4ae7a5>02a2d4c346dabd165fd555dfdba4a7f4d18786fe7e055e562397cd5102bdd7f8dd;d0b47ec2>022716fba0f9a5d46ae7b8a4412296847d63d96c763d49068e851e9be7542080b1	stcpr	293.727518	02a2d4c346dabd165fd555dfdba4a7f4d18786fe7e055e562397cd5102bdd7f8dd	3	3966609	0.1%	27.3%	local-recv	-	-	-	-	-	-
4	mux-compose-T2xL2-t4	down	10000000	77674aa7	49205	standby	out	77674aa7>0269fcc9891752f41850fd345affd7fb133522567f433658142fbefe1d6446d8cd;b7caa06d>022716fba0f9a5d46ae7b8a4412296847d63d96c763d49068e851e9be7542080b1	stcpr	245.654278	0269fcc9891752f41850fd345affd7fb133522567f433658142fbefe1d6446d8cd	233	228	-	-	local-recv	b7caa06d	no	5	340.46	12416	12320
4	mux-compose-T2xL2-t4	down	10000000	a94550f5	49205,49235	standby	out	a94550f5>025cc9b7ba632d57c12ccad1eb31c47a942dede14d1e174ac6c19a4988abb200c0;f3dfb306>022716fba0f9a5d46ae7b8a4412296847d63d96c763d49068e851e9be7542080b1	stcpr	68.394503	025cc9b7ba632d57c12ccad1eb31c47a942dede14d1e174ac6c19a4988abb200c0	24	30	-	-	local-recv	f3dfb306	yes	0	0	0	0
4	mux-compose-T2xL2-t4	down	10000000	b45c771a	49206	standby	out	b45c771a>03f82ff0d7ce318d14db5a8fb754741fa257ffcdb17c629879f854298e8fe85384;5e04a7c8>022716fba0f9a5d46ae7b8a4412296847d63d96c763d49068e851e9be7542080b1	squicr	162.433552	03f82ff0d7ce318d14db5a8fb754741fa257ffcdb17c629879f854298e8fe85384	175	175	-	-	local-recv	5e04a7c8	no	7	244.21	12480	12448
4	mux-compose-T2xL2-t4	down	10000000	b6e61452	49206,49225	standby	out	b6e61452>02d92e70b9dd358112ebd266e641a6a928397edfda54c213f7b37dd5cd57eca17a;f3d8c01a>022716fba0f9a5d46ae7b8a4412296847d63d96c763d49068e851e9be7542080b1	stcpr	77.216812	02d92e70b9dd358112ebd266e641a6a928397edfda54c213f7b37dd5cd57eca17a	0	5	-	-	local-recv	f3d8c01a	yes	0	0	0	0
4	mux-compose-T2xL2-t4	down	10000000	df4c1852	49207	standby	out	df4c1852>035f532aed88e89cb8822a31b71d83a14f63fabd6389e537c2426fe84031c60825;f148d779>022716fba0f9a5d46ae7b8a4412296847d63d96c763d49068e851e9be7542080b1	stcpr	157.096714	035f532aed88e89cb8822a31b71d83a14f63fabd6389e537c2426fe84031c60825	180	180	-	-	local-recv	f148d779	no	5	244.54	12416	12352
4	mux-compose-T2xL2-t4	down	10000000	88737946	49207,49222	standby	out	88737946>039ba57e780efc89546104a134e9121f1dda0617e335eee8c3f21e4e272df93ac1;f888da30>022716fba0f9a5d46ae7b8a4412296847d63d96c763d49068e851e9be7542080b1	stcpr	93.010188	039ba57e780efc89546104a134e9121f1dda0617e335eee8c3f21e4e272df93ac1	16	21	-	-	local-recv	f888da30	yes	0	0	0	0
4	mux-compose-T2xL2-t4	down	10000000	03f0e265	49208	standby	out	03f0e265>035f6c7648bb0034b436db7d3845f7b482e8da705ca2b4622fd9673eb60921d5e5;ca5d50b7>022716fba0f9a5d46ae7b8a4412296847d63d96c763d49068e851e9be7542080b1	stcpr	163.238962	035f6c7648bb0034b436db7d3845f7b482e8da705ca2b4622fd9673eb60921d5e5	260	260	-	-	local-recv	ca5d50b7	no	4	244.36	12384	12352
4	mux-compose-T2xL2-t4	down	10000000	82aaa034	49208,49227	standby	out	82aaa034>03852490a5cb7f48e8d20af0a4c558a605a2ef26b61ae75a78295c442697ecd375;b625e9da>022716fba0f9a5d46ae7b8a4412296847d63d96c763d49068e851e9be7542080b1	stcpr	76.121471	03852490a5cb7f48e8d20af0a4c558a605a2ef26b61ae75a78295c442697ecd375	24	29	-	-	local-recv	b625e9da	yes	0	0	0	0
4	mux-compose-T2xL2-t4	down	10000000	2ca52bbf	49209	standby	out	2ca52bbf>03d1a14c1f4ce581211e919dd22211c211020c3a1634fa90e94df2b60e2e1a7f91;ef8238bf>022716fba0f9a5d46ae7b8a4412296847d63d96c763d49068e851e9be7542080b1	stcpr	166.33074	03d1a14c1f4ce581211e919dd22211c211020c3a1634fa90e94df2b60e2e1a7f91	260	260	-	-	local-recv	ef8238bf	no	5	399.68	12416	12352
4	mux-compose-T2xL2-t4	down	10000000	287b1d97	49209,49228	standby	out	287b1d97>03b934e8a26ddb9d635381df94dbf778cdfebf53f8956902ec3a7837524a75024f;9d5d85da>022716fba0f9a5d46ae7b8a4412296847d63d96c763d49068e851e9be7542080b1	stcpr	79.820625	03b934e8a26ddb9d635381df94dbf778cdfebf53f8956902ec3a7837524a75024f	40	45	-	-	local-recv	9d5d85da	yes	0	0	0	0
4	mux-compose-T2xL2-t4	down	10000000	97ae541b	49210	standby	out	97ae541b>03c3278fa753b5e942c8b1bfe028219520b8b713f370796e442a4d416a41e08b17;b70493f1>022716fba0f9a5d46ae7b8a4412296847d63d96c763d49068e851e9be7542080b1	stcpr	166.306321	03c3278fa753b5e942c8b1bfe028219520b8b713f370796e442a4d416a41e08b17	191	191	-	-	local-recv	b70493f1	no	4	244.42	12384	12352
4	mux-compose-T2xL2-t4	down	10000000	690554b9	49210	standby	out	690554b9>02bf4a7b17f587405738f9c2677ac63b7b99fa3f1e589159daf8429d66585e2e0c;cc141cac>022716fba0f9a5d46ae7b8a4412296847d63d96c763d49068e851e9be7542080b1	stcpr	91.05606	02bf4a7b17f587405738f9c2677ac63b7b99fa3f1e589159daf8429d66585e2e0c	16	19	-	-	local-recv	cc141cac	yes	0	0	0	0
4	mux-compose-T2xL2-t4	down	10000000	a7990e32	49211,49226	standby	out	a7990e32>020819902394f4b8e0e77c3961bb37d77b688d41c3f639f531aebb0a70c64d7092;4d82d133>022716fba0f9a5d46ae7b8a4412296847d63d96c763d49068e851e9be7542080b1	stcpr	65.997397	020819902394f4b8e0e77c3961bb37d77b688d41c3f639f531aebb0a70c64d7092	16	20	-	-	local-recv	4d82d133	yes	0	0	0	0
4	mux-compose-T2xL2-t4	down	10000000	d3604075	49212	standby	in	d3604075>03a9a28d2a38de5342e43b88c6c138eada84e412cf1e703432c7affee73190cd88;7546a023>022716fba0f9a5d46ae7b8a4412296847d63d96c763d49068e851e9be7542080b1	squicr	165.669879	03a9a28d2a38de5342e43b88c6c138eada84e412cf1e703432c7affee73190cd88	1290	3193178	24.2%	22.0%	local-recv	7546a023	no	2751	244.13	281434930	54476288
4	mux-compose-T2xL2-t4	down	10000000	c2ee64dc	49212,49229	standby	out	c2ee64dc>02ea1b80411ef28514056466bf11d8a7b7fcdcf4a964ebd874f8bd9fd74e81eda2;1483d7b9>022716fba0f9a5d46ae7b8a4412296847d63d96c763d49068e851e9be7542080b1	stcpr	86.621971	02ea1b80411ef28514056466bf11d8a7b7fcdcf4a964ebd874f8bd9fd74e81eda2	71	144107	-	-	local-recv	-	-	-	-	-	-
4	mux-compose-T2xL2-t4	down	10000000	7c80edb8	49213	standby	out	7c80edb8>022a2a1c5588bcb401377ca54dc2487ec4f2e41286a3d2aff4028facc7bfd6d9cc;3021cb5c>022716fba0f9a5d46ae7b8a4412296847d63d96c763d49068e851e9be7542080b1	stcpr	162.768885	022a2a1c5588bcb401377ca54dc2487ec4f2e41286a3d2aff4028facc7bfd6d9cc	212	212	-	-	local-recv	3021cb5c	no	7	251.19	12384	12192
4	mux-compose-T2xL2-t4	down	10000000	4470a453	49214	standby	out	4470a453>031bb93993ee93a04c8d7a69b3eab16f2cb7ff6cae97f86e561b1c712b0b6dfae4;6ed88be5>022716fba0f9a5d46ae7b8a4412296847d63d96c763d49068e851e9be7542080b1	stcpr	178.344483	031bb93993ee93a04c8d7a69b3eab16f2cb7ff6cae97f86e561b1c712b0b6dfae4	191	191	-	-	local-recv	6ed88be5	no	4	302.67	12288	12256
4	mux-compose-T2xL2-t4	down	10000000	25b03079	49214,49232	standby	out	25b03079>02c43f7d6da81cdca65fcf41906ff321f0d9f14e4c9ab0ff8b54b8ec64cce11bf0;18e8b97b>022716fba0f9a5d46ae7b8a4412296847d63d96c763d49068e851e9be7542080b1	stcpr	82.598708	02c43f7d6da81cdca65fcf41906ff321f0d9f14e4c9ab0ff8b54b8ec64cce11bf0	16	22	-	-	local-recv	18e8b97b	yes	0	0	0	0
4	mux-compose-T2xL2-t4	down	10000000	619865a5	49215	standby	out	619865a5>02109a13c780fe273e48b5a7a9e030c1052156cd5afef4dff1c100598226ad8da9;25c2ebc5>022716fba0f9a5d46ae7b8a4412296847d63d96c763d49068e851e9be7542080b1	stcpr	163.820431	02109a13c780fe273e48b5a7a9e030c1052156cd5afef4dff1c100598226ad8da9	236	236	-	-	local-recv	25c2ebc5	no	6	243.98	12352	12224
4	mux-compose-T2xL2-t4	down	10000000	fdab37dd	49216	standby	in	fdab37dd>03f57e7cf26c0764c5ab659a606add056ddf8bfad4f5bc7e8613cad05e5f228adf;7420f415>022716fba0f9a5d46ae7b8a4412296847d63d96c763d49068e851e9be7542080b1	stcpr	494.208695	03f57e7cf26c0764c5ab659a606add056ddf8bfad4f5bc7e8613cad05e5f228adf	331	147806	6.2%	1.0%	local-recv	-	-	-	-	-	-
4	mux-compose-T2xL2-t4	down	10000000	35766599	49216	standby	out	35766599>03a4a29d19804bd98d9a8197a327d53d0d00865815ee7d0a320cd0da4250102cdb;a6830d6d>022716fba0f9a5d46ae7b8a4412296847d63d96c763d49068e851e9be7542080b1	stcpr	81.521059	03a4a29d19804bd98d9a8197a327d53d0d00865815ee7d0a320cd0da4250102cdb	16	18	-	-	local-recv	a6830d6d	no	5	263.42	186014151	50049311
4	mux-compose-T2xL2-t4	down	10000000	475d59a5	49217	standby	out	475d59a5>02b1d9c56928f533ea9b309f8a53ed4807ee4e0193ef3c3a0234033313feceb8f2;99a80e72>022716fba0f9a5d46ae7b8a4412296847d63d96c763d49068e851e9be7542080b1	stcpr	248.323589	02b1d9c56928f533ea9b309f8a53ed4807ee4e0193ef3c3a0234033313feceb8f2	236	231	-	-	local-recv	99a80e72	no	5	345.68	12320	12192
4	mux-compose-T2xL2-t4	down	10000000	ca42696c	49217,49231	standby	out	ca42696c>028ed30c290b4c0c36d769108be072a995ac100cd5fcb249b33b92c127961cdfbb;97203c85>022716fba0f9a5d46ae7b8a4412296847d63d96c763d49068e851e9be7542080b1	stcpr	83.770368	028ed30c290b4c0c36d769108be072a995ac100cd5fcb249b33b92c127961cdfbb	32	36	-	-	local-recv	97203c85	yes	0	0	0	0
4	mux-compose-T2xL2-t4	down	10000000	e5faa6e0	49218	standby	out	e5faa6e0>02230b0a96a6f94179fab58196d3dfa1e19070faeae82d6900971462996541e774;47361294>022716fba0f9a5d46ae7b8a4412296847d63d96c763d49068e851e9be7542080b1	stcpr	153.858732	02230b0a96a6f94179fab58196d3dfa1e19070faeae82d6900971462996541e774	191	191	-	-	local-recv	47361294	no	5	244.9	12320	12192
4	mux-compose-T2xL2-t4	down	10000000	ee5902d2	49218,49230	standby	out	ee5902d2>0397b427c1e522b768389db1fdfab3943a74e69683800fe4950af7dfb3bf66893c;2dfdb077>022716fba0f9a5d46ae7b8a4412296847d63d96c763d49068e851e9be7542080b1	stcpr	315.216677	0397b427c1e522b768389db1fdfab3943a74e69683800fe4950af7dfb3bf66893c	32	38	-	-	local-recv	2dfdb077	yes	0	0	0	0
4	mux-compose-T2xL2-t4	down	10000000	b71ddf99	49219	standby	out	b71ddf99>0328947fced4d4b7beb65a6ef60d579e42d7976168c292cbd6d28b5b8bdc85757f;47828219>022716fba0f9a5d46ae7b8a4412296847d63d96c763d49068e851e9be7542080b1	stcpr	505.315652	0328947fced4d4b7beb65a6ef60d579e42d7976168c292cbd6d28b5b8bdc85757f	228	228	-	-	local-recv	47828219	no	5	244.45	12320	12160
4	mux-compose-T2xL2-t4	down	10000000	696629b6	49219,49233	standby	out	696629b6>03ecc7d108a98480b40a85bbfadb8f477d0c3559316306dcd7ba52fa3d21dad91e;75b62c04>022716fba0f9a5d46ae7b8a4412296847d63d96c763d49068e851e9be7542080b1	stcpr	80.675049	03ecc7d108a98480b40a85bbfadb8f477d0c3559316306dcd7ba52fa3d21dad91e	16	20	-	-	local-recv	75b62c04	yes	0	0	0	0
4	mux-compose-T2xL2-t4	down	10000000	bf9b0de8	49220	standby	out	bf9b0de8>026a913078651938783e19416a2de99c924df209e28512da2a571868c989bf3822;c2793bef>022716fba0f9a5d46ae7b8a4412296847d63d96c763d49068e851e9be7542080b1	stcpr	156.499436	026a913078651938783e19416a2de99c924df209e28512da2a571868c989bf3822	228	228	-	-	local-recv	c2793bef	no	4	244.61	12288	12224
4	mux-compose-T2xL2-t4	down	10000000	e5f24143	49220,49223	standby	out	e5f24143>024a37bae69d6be2ec51eeb9d2b7e99073c30153d06896032f5bd3c09ca843bdb9;a214890d>022716fba0f9a5d46ae7b8a4412296847d63d96c763d49068e851e9be7542080b1	stcpr	38.020679	024a37bae69d6be2ec51eeb9d2b7e99073c30153d06896032f5bd3c09ca843bdb9	16	21	-	-	local-recv	a214890d	yes	0	0	0	0
4	mux-compose-T2xL2-t4	down	10000000	bac92dd4	49222,49233	standby	out	bac92dd4>02db6d6f87e5d6382c827c066514195dfed31f61f07a295caa1b8f4364826921be;11b37300>022716fba0f9a5d46ae7b8a4412296847d63d96c763d49068e851e9be7542080b1	stcpr	174.524809	02db6d6f87e5d6382c827c066514195dfed31f61f07a295caa1b8f4364826921be	408	408	-	-	local-recv	11b37300	no	5	249.9	12000	11904
4	mux-compose-T2xL2-t4	down	10000000	0d53f7b1	49223,49232	standby	out	0d53f7b1>021ed11eb6557e39fee1e2ef91671bced1483b6c15debc45be54a5f1e1c3c07659;a8ae418c>022716fba0f9a5d46ae7b8a4412296847d63d96c763d49068e851e9be7542080b1	stcpr	170.154391	021ed11eb6557e39fee1e2ef91671bced1483b6c15debc45be54a5f1e1c3c07659	480	480	-	-	local-recv	a8ae418c	no	5	395.94	12000	11904
4	mux-compose-T2xL2-t4	down	10000000	336d3a3e	49224	standby	out	336d3a3e>031fc6a42965440b0bb761120c53001d03ead6c862249b1851368097fd19b3a9f1;89d170d4>022716fba0f9a5d46ae7b8a4412296847d63d96c763d49068e851e9be7542080b1	stcpr	151.307	031fc6a42965440b0bb761120c53001d03ead6c862249b1851368097fd19b3a9f1	143	143	-	-	local-recv	89d170d4	no	415	373	204778009	29277411
4	mux-compose-T2xL2-t4	down	10000000	5157fdc8	49225	standby	out	5157fdc8>03360da779493433e9ae8e103ac1c0baf6973982f93bd3cf326e4b18f9fda666cb;2b4ccbdd>022716fba0f9a5d46ae7b8a4412296847d63d96c763d49068e851e9be7542080b1	stcpr	177.084961	03360da779493433e9ae8e103ac1c0baf6973982f93bd3cf326e4b18f9fda666cb	228	228	-	-	local-recv	2b4ccbdd	no	5	267.41	12192	12096
4	mux-compose-T2xL2-t4	down	10000000	ea69bc13	49226	standby	out	ea69bc13>03dd3a272482055da08828fafffe0cb537915a52e71c92bfc9bf3140ab0153cd7c;ce4708f1>022716fba0f9a5d46ae7b8a4412296847d63d96c763d49068e851e9be7542080b1	stcpr	168.635	03dd3a272482055da08828fafffe0cb537915a52e71c92bfc9bf3140ab0153cd7c	199	199	-	-	local-recv	ce4708f1	no	4	248.48	12224	12192
4	mux-compose-T2xL2-t4	down	10000000	a18cfda5	49227,49230	standby	out	a18cfda5>032fe1b4b0bf0207c10bc99cf64be4fdc15464981554e0cd58bf66f06960cd5fcc;0601bd31>022716fba0f9a5d46ae7b8a4412296847d63d96c763d49068e851e9be7542080b1	stcpr	161.083818	032fe1b4b0bf0207c10bc99cf64be4fdc15464981554e0cd58bf66f06960cd5fcc	286	286	-	-	local-recv	0601bd31	no	5	256.11	12000	11904
4	mux-compose-T2xL2-t4	down	10000000	9a548f01	49228	standby	out	9a548f01>038a10abc4081748dad046dafe39a4f4744352703d19a6dbee68b97ae9f9d334f0;7db81071>022716fba0f9a5d46ae7b8a4412296847d63d96c763d49068e851e9be7542080b1	stcpr	169.067	038a10abc4081748dad046dafe39a4f4744352703d19a6dbee68b97ae9f9d334f0	151	151	-	-	local-recv	7db81071	no	6	399.19	12288	12160
4	mux-compose-T2xL2-t4	down	10000000	1bb37806	49229	standby	out	1bb37806>02b3a85aee85dece633272731c2e37867a39fa9127f28233ad18ed0051184fc40a;d30e45c7>022716fba0f9a5d46ae7b8a4412296847d63d96c763d49068e851e9be7542080b1	squicr	172.05	02b3a85aee85dece633272731c2e37867a39fa9127f28233ad18ed0051184fc40a	268	268	-	-	local-recv	d30e45c7	no	3	263.52	12192	12224
4	mux-compose-T2xL2-t4	down	10000000	b250c046	49231	standby	out	b250c046>02956775f345d7328128678c0ced40a3e3e3f91bbf431ef886f41df31d93ee1661;3164901a>022716fba0f9a5d46ae7b8a4412296847d63d96c763d49068e851e9be7542080b1	stcpr	78.401539	02956775f345d7328128678c0ced40a3e3e3f91bbf431ef886f41df31d93ee1661	199	199	-	-	local-recv	3164901a	no	3	264.45	11936	11968
4	mux-compose-T2xL2-t4	down	10000000	77fb43c0	49234	standby	out	77fb43c0>02090aec59b40207d8662c82e4ecfc524b740c27f2fb98cfb5582833a66bdcb797;cab03f16>022716fba0f9a5d46ae7b8a4412296847d63d96c763d49068e851e9be7542080b1	squicr	172.700163	02090aec59b40207d8662c82e4ecfc524b740c27f2fb98cfb5582833a66bdcb797	180	180	-	-	local-recv	cab03f16	no	4	250.47	11968	11872
4	mux-compose-T2xL2-t4	down	10000000	fb021902	49234	standby	out	fb021902>02781a0ac87d137d612bdefc5d68f420125887771e2d5cf6bc710c83ffc3b9d696;80303b39>022716fba0f9a5d46ae7b8a4412296847d63d96c763d49068e851e9be7542080b1	stcpr	134.742987	02781a0ac87d137d612bdefc5d68f420125887771e2d5cf6bc710c83ffc3b9d696	16	19	-	-	local-recv	80303b39	yes	0	0	0	0
4	mux-compose-T2xL2-t4	down	10000000	30f42c30	49235	standby	out	30f42c30>03eba64189c636ab77c2da630bf2a0c77061bc783e59f80fd39015a42f9ae6ce01;0d8257e2>022716fba0f9a5d46ae7b8a4412296847d63d96c763d49068e851e9be7542080b1	stcpr	555.855424	03eba64189c636ab77c2da630bf2a0c77061bc783e59f80fd39015a42f9ae6ce01	148	148	-	-	local-recv	0d8257e2	no	6	243.27	12032	11936
5	mux-compose-T2xL2-t5	down	10000000	95839ad0	49203,49215,49224	active	in	95839ad0>0371ab4bcff7b121f4b91f6856d6740c6f9dc1fe716977850aeb5d84378b300a13;dc5330cf>022716fba0f9a5d46ae7b8a4412296847d63d96c763d49068e851e9be7542080b1	stcpr	131.665	0371ab4bcff7b121f4b91f6856d6740c6f9dc1fe716977850aeb5d84378b300a13	1965	5787501	32.6%	28.6%	local-recv	-	-	-	-	-	-
5	mux-compose-T2xL2-t5	down	10000000	f1012467	49203,49211	active	in	f1012467>0281a102c82820e811368c8d028cf11b1a985043b726b1bcdb8fce89b27384b2cb;57c570d9>022716fba0f9a5d46ae7b8a4412296847d63d96c763d49068e851e9be7542080b1	stcpr	152.817176	0281a102c82820e811368c8d028cf11b1a985043b726b1bcdb8fce89b27384b2cb	508	624181	8.4%	3.1%	local-recv	-	-	-	-	-	-
5	mux-compose-T2xL2-t5	down	10000000	ac40965a	49204	active	in	ac40965a>02c483938539bd7820f72e48ed6056bab68e221e1108d23965a2903221495e4af7;3de424e0>022716fba0f9a5d46ae7b8a4412296847d63d96c763d49068e851e9be7542080b1	stcpr	257.256922	02c483938539bd7820f72e48ed6056bab68e221e1108d23965a2903221495e4af7	2263	1377617	37.5%	6.8%	local-recv	-	-	-	-	-	-
5	mux-compose-T2xL2-t5	down	10000000	2c4ae7a5	49204	active	in	2c4ae7a5>02a2d4c346dabd165fd555dfdba4a7f4d18786fe7e055e562397cd5102bdd7f8dd;d0b47ec2>022716fba0f9a5d46ae7b8a4412296847d63d96c763d49068e851e9be7542080b1	stcpr	293.727518	02a2d4c346dabd165fd555dfdba4a7f4d18786fe7e055e562397cd5102bdd7f8dd	101	10067826	1.7%	49.7%	local-recv	-	-	-	-	-	-
5	mux-compose-T2xL2-t5	down	10000000	77674aa7	49205	standby	out	77674aa7>0269fcc9891752f41850fd345affd7fb133522567f433658142fbefe1d6446d8cd;b7caa06d>022716fba0f9a5d46ae7b8a4412296847d63d96c763d49068e851e9be7542080b1	stcpr	245.654278	0269fcc9891752f41850fd345affd7fb133522567f433658142fbefe1d6446d8cd	461	461	-	-	local-recv	b7caa06d	no	5	340.46	12416	12320
5	mux-compose-T2xL2-t5	down	10000000	a94550f5	49205,49235	standby	out	a94550f5>025cc9b7ba632d57c12ccad1eb31c47a942dede14d1e174ac6c19a4988abb200c0;f3dfb306>022716fba0f9a5d46ae7b8a4412296847d63d96c763d49068e851e9be7542080b1	stcpr	68.394503	025cc9b7ba632d57c12ccad1eb31c47a942dede14d1e174ac6c19a4988abb200c0	64	74	-	-	local-recv	f3dfb306	yes	0	0	0	0
5	mux-compose-T2xL2-t5	down	10000000	b45c771a	49206	standby	out	b45c771a>03f82ff0d7ce318d14db5a8fb754741fa257ffcdb17c629879f854298e8fe85384;5e04a7c8>022716fba0f9a5d46ae7b8a4412296847d63d96c763d49068e851e9be7542080b1	squicr	162.433552	03f82ff0d7ce318d14db5a8fb754741fa257ffcdb17c629879f854298e8fe85384	384	384	-	-	local-recv	5e04a7c8	no	7	244.21	12480	12448
5	mux-compose-T2xL2-t5	down	10000000	b6e61452	49206,49225	standby	out	b6e61452>02d92e70b9dd358112ebd266e641a6a928397edfda54c213f7b37dd5cd57eca17a;f3d8c01a>022716fba0f9a5d46ae7b8a4412296847d63d96c763d49068e851e9be7542080b1	stcpr	77.216812	02d92e70b9dd358112ebd266e641a6a928397edfda54c213f7b37dd5cd57eca17a	32	43	-	-	local-recv	f3d8c01a	yes	0	0	0	0
5	mux-compose-T2xL2-t5	down	10000000	df4c1852	49207	standby	out	df4c1852>035f532aed88e89cb8822a31b71d83a14f63fabd6389e537c2426fe84031c60825;f148d779>022716fba0f9a5d46ae7b8a4412296847d63d96c763d49068e851e9be7542080b1	stcpr	157.096714	035f532aed88e89cb8822a31b71d83a14f63fabd6389e537c2426fe84031c60825	453	453	-	-	local-recv	f148d779	no	5	244.54	12416	12352
5	mux-compose-T2xL2-t5	down	10000000	88737946	49207,49222	standby	out	88737946>039ba57e780efc89546104a134e9121f1dda0617e335eee8c3f21e4e272df93ac1;f888da30>022716fba0f9a5d46ae7b8a4412296847d63d96c763d49068e851e9be7542080b1	stcpr	93.010188	039ba57e780efc89546104a134e9121f1dda0617e335eee8c3f21e4e272df93ac1	40	51	-	-	local-recv	f888da30	yes	0	0	0	0
5	mux-compose-T2xL2-t5	down	10000000	03f0e265	49208	standby	out	03f0e265>035f6c7648bb0034b436db7d3845f7b482e8da705ca2b4622fd9673eb60921d5e5;ca5d50b7>022716fba0f9a5d46ae7b8a4412296847d63d96c763d49068e851e9be7542080b1	stcpr	163.238962	035f6c7648bb0034b436db7d3845f7b482e8da705ca2b4622fd9673eb60921d5e5	432	432	-	-	local-recv	ca5d50b7	no	4	244.36	12384	12352
5	mux-compose-T2xL2-t5	down	10000000	82aaa034	49208,49227	standby	out	82aaa034>03852490a5cb7f48e8d20af0a4c558a605a2ef26b61ae75a78295c442697ecd375;b625e9da>022716fba0f9a5d46ae7b8a4412296847d63d96c763d49068e851e9be7542080b1	stcpr	76.121471	03852490a5cb7f48e8d20af0a4c558a605a2ef26b61ae75a78295c442697ecd375	48	59	-	-	local-recv	b625e9da	yes	0	0	0	0
5	mux-compose-T2xL2-t5	down	10000000	2ca52bbf	49209	standby	out	2ca52bbf>03d1a14c1f4ce581211e919dd22211c211020c3a1634fa90e94df2b60e2e1a7f91;ef8238bf>022716fba0f9a5d46ae7b8a4412296847d63d96c763d49068e851e9be7542080b1	stcpr	166.33074	03d1a14c1f4ce581211e919dd22211c211020c3a1634fa90e94df2b60e2e1a7f91	453	453	-	-	local-recv	ef8238bf	no	5	399.68	12416	12352
5	mux-compose-T2xL2-t5	down	10000000	287b1d97	49209,49228	standby	out	287b1d97>03b934e8a26ddb9d635381df94dbf778cdfebf53f8956902ec3a7837524a75024f;9d5d85da>022716fba0f9a5d46ae7b8a4412296847d63d96c763d49068e851e9be7542080b1	stcpr	79.820625	03b934e8a26ddb9d635381df94dbf778cdfebf53f8956902ec3a7837524a75024f	40	51	-	-	local-recv	9d5d85da	yes	0	0	0	0
5	mux-compose-T2xL2-t5	down	10000000	97ae541b	49210	standby	out	97ae541b>03c3278fa753b5e942c8b1bfe028219520b8b713f370796e442a4d416a41e08b17;b70493f1>022716fba0f9a5d46ae7b8a4412296847d63d96c763d49068e851e9be7542080b1	stcpr	166.306321	03c3278fa753b5e942c8b1bfe028219520b8b713f370796e442a4d416a41e08b17	384	384	-	-	local-recv	b70493f1	no	4	244.42	12384	12352
5	mux-compose-T2xL2-t5	down	10000000	690554b9	49210	standby	out	690554b9>02bf4a7b17f587405738f9c2677ac63b7b99fa3f1e589159daf8429d66585e2e0c;cc141cac>022716fba0f9a5d46ae7b8a4412296847d63d96c763d49068e851e9be7542080b1	stcpr	91.05606	02bf4a7b17f587405738f9c2677ac63b7b99fa3f1e589159daf8429d66585e2e0c	24	29	-	-	local-recv	cc141cac	yes	0	0	0	0
5	mux-compose-T2xL2-t5	down	10000000	a7990e32	49211,49226	standby	out	a7990e32>020819902394f4b8e0e77c3961bb37d77b688d41c3f639f531aebb0a70c64d7092;4d82d133>022716fba0f9a5d46ae7b8a4412296847d63d96c763d49068e851e9be7542080b1	stcpr	65.997397	020819902394f4b8e0e77c3961bb37d77b688d41c3f639f531aebb0a70c64d7092	48	58	-	-	local-recv	4d82d133	yes	0	0	0	0
5	mux-compose-T2xL2-t5	down	10000000	d3604075	49212	standby	in	d3604075>03a9a28d2a38de5342e43b88c6c138eada84e412cf1e703432c7affee73190cd88;7546a023>022716fba0f9a5d46ae7b8a4412296847d63d96c763d49068e851e9be7542080b1	squicr	165.669879	03a9a28d2a38de5342e43b88c6c138eada84e412cf1e703432c7affee73190cd88	981	2101554	16.3%	10.4%	local-recv	7546a023	no	2751	244.13	281434930	54476288
5	mux-compose-T2xL2-t5	down	10000000	c2ee64dc	49212,49229	standby	in	c2ee64dc>02ea1b80411ef28514056466bf11d8a7b7fcdcf4a964ebd874f8bd9fd74e81eda2;1483d7b9>022716fba0f9a5d46ae7b8a4412296847d63d96c763d49068e851e9be7542080b1	stcpr	86.621971	02ea1b80411ef28514056466bf11d8a7b7fcdcf4a964ebd874f8bd9fd74e81eda2	210	299484	3.5%	1.5%	local-recv	-	-	-	-	-	-
5	mux-compose-T2xL2-t5	down	10000000	7c80edb8	49213	standby	out	7c80edb8>022a2a1c5588bcb401377ca54dc2487ec4f2e41286a3d2aff4028facc7bfd6d9cc;3021cb5c>022716fba0f9a5d46ae7b8a4412296847d63d96c763d49068e851e9be7542080b1	stcpr	162.768885	022a2a1c5588bcb401377ca54dc2487ec4f2e41286a3d2aff4028facc7bfd6d9cc	413	413	-	-	local-recv	3021cb5c	no	7	251.19	12384	12192
5	mux-compose-T2xL2-t5	down	10000000	4470a453	49214	standby	out	4470a453>031bb93993ee93a04c8d7a69b3eab16f2cb7ff6cae97f86e561b1c712b0b6dfae4;6ed88be5>022716fba0f9a5d46ae7b8a4412296847d63d96c763d49068e851e9be7542080b1	stcpr	178.344483	031bb93993ee93a04c8d7a69b3eab16f2cb7ff6cae97f86e561b1c712b0b6dfae4	472	472	-	-	local-recv	6ed88be5	no	4	302.67	12288	12256
5	mux-compose-T2xL2-t5	down	10000000	25b03079	49214,49232	standby	out	25b03079>02c43f7d6da81cdca65fcf41906ff321f0d9f14e4c9ab0ff8b54b8ec64cce11bf0;18e8b97b>022716fba0f9a5d46ae7b8a4412296847d63d96c763d49068e851e9be7542080b1	stcpr	82.598708	02c43f7d6da81cdca65fcf41906ff321f0d9f14e4c9ab0ff8b54b8ec64cce11bf0	40	50	-	-	local-recv	18e8b97b	yes	0	0	0	0
5	mux-compose-T2xL2-t5	down	10000000	619865a5	49215	standby	out	619865a5>02109a13c780fe273e48b5a7a9e030c1052156cd5afef4dff1c100598226ad8da9;25c2ebc5>022716fba0f9a5d46ae7b8a4412296847d63d96c763d49068e851e9be7542080b1	stcpr	163.820431	02109a13c780fe273e48b5a7a9e030c1052156cd5afef4dff1c100598226ad8da9	472	472	-	-	local-recv	25c2ebc5	no	6	243.98	12352	12224
5	mux-compose-T2xL2-t5	down	10000000	fdab37dd	49216	standby	out	fdab37dd>03f57e7cf26c0764c5ab659a606add056ddf8bfad4f5bc7e8613cad05e5f228adf;7420f415>022716fba0f9a5d46ae7b8a4412296847d63d96c763d49068e851e9be7542080b1	stcpr	494.208695	03f57e7cf26c0764c5ab659a606add056ddf8bfad4f5bc7e8613cad05e5f228adf	479	147974	-	-	local-recv	-	-	-	-	-	-
5	mux-compose-T2xL2-t5	down	10000000	35766599	49216	standby	out	35766599>03a4a29d19804bd98d9a8197a327d53d0d00865815ee7d0a320cd0da4250102cdb;a6830d6d>022716fba0f9a5d46ae7b8a4412296847d63d96c763d49068e851e9be7542080b1	stcpr	81.521059	03a4a29d19804bd98d9a8197a327d53d0d00865815ee7d0a320cd0da4250102cdb	40	46	-	-	local-recv	a6830d6d	no	5	263.42	186014151	50049311
5	mux-compose-T2xL2-t5	down	10000000	475d59a5	49217	standby	out	475d59a5>02b1d9c56928f533ea9b309f8a53ed4807ee4e0193ef3c3a0234033313feceb8f2;99a80e72>022716fba0f9a5d46ae7b8a4412296847d63d96c763d49068e851e9be7542080b1	stcpr	248.323589	02b1d9c56928f533ea9b309f8a53ed4807ee4e0193ef3c3a0234033313feceb8f2	472	472	-	-	local-recv	99a80e72	no	5	345.68	12320	12192
5	mux-compose-T2xL2-t5	down	10000000	ca42696c	49217,49231	standby	out	ca42696c>028ed30c290b4c0c36d769108be072a995ac100cd5fcb249b33b92c127961cdfbb;97203c85>022716fba0f9a5d46ae7b8a4412296847d63d96c763d49068e851e9be7542080b1	stcpr	83.770368	028ed30c290b4c0c36d769108be072a995ac100cd5fcb249b33b92c127961cdfbb	48	58	-	-	local-recv	97203c85	yes	0	0	0	0
5	mux-compose-T2xL2-t5	down	10000000	e5faa6e0	49218	standby	out	e5faa6e0>02230b0a96a6f94179fab58196d3dfa1e19070faeae82d6900971462996541e774;47361294>022716fba0f9a5d46ae7b8a4412296847d63d96c763d49068e851e9be7542080b1	stcpr	153.858732	02230b0a96a6f94179fab58196d3dfa1e19070faeae82d6900971462996541e774	408	408	-	-	local-recv	47361294	no	5	244.9	12320	12192
5	mux-compose-T2xL2-t5	down	10000000	ee5902d2	49218,49230	standby	out	ee5902d2>0397b427c1e522b768389db1fdfab3943a74e69683800fe4950af7dfb3bf66893c;2dfdb077>022716fba0f9a5d46ae7b8a4412296847d63d96c763d49068e851e9be7542080b1	stcpr	315.216677	0397b427c1e522b768389db1fdfab3943a74e69683800fe4950af7dfb3bf66893c	40	50	-	-	local-recv	2dfdb077	yes	0	0	0	0
5	mux-compose-T2xL2-t5	down	10000000	b71ddf99	49219	standby	out	b71ddf99>0328947fced4d4b7beb65a6ef60d579e42d7976168c292cbd6d28b5b8bdc85757f;47828219>022716fba0f9a5d46ae7b8a4412296847d63d96c763d49068e851e9be7542080b1	stcpr	505.315652	0328947fced4d4b7beb65a6ef60d579e42d7976168c292cbd6d28b5b8bdc85757f	384	384	-	-	local-recv	47828219	no	5	244.45	12320	12160
5	mux-compose-T2xL2-t5	down	10000000	696629b6	49219,49233	standby	out	696629b6>03ecc7d108a98480b40a85bbfadb8f477d0c3559316306dcd7ba52fa3d21dad91e;75b62c04>022716fba0f9a5d46ae7b8a4412296847d63d96c763d49068e851e9be7542080b1	stcpr	80.675049	03ecc7d108a98480b40a85bbfadb8f477d0c3559316306dcd7ba52fa3d21dad91e	64	74	-	-	local-recv	75b62c04	yes	0	0	0	0
5	mux-compose-T2xL2-t5	down	10000000	bf9b0de8	49220	standby	out	bf9b0de8>026a913078651938783e19416a2de99c924df209e28512da2a571868c989bf3822;c2793bef>022716fba0f9a5d46ae7b8a4412296847d63d96c763d49068e851e9be7542080b1	stcpr	156.499436	026a913078651938783e19416a2de99c924df209e28512da2a571868c989bf3822	376	376	-	-	local-recv	c2793bef	no	4	244.61	12288	12224
5	mux-compose-T2xL2-t5	down	10000000	e5f24143	49220,49223	standby	out	e5f24143>024a37bae69d6be2ec51eeb9d2b7e99073c30153d06896032f5bd3c09ca843bdb9;a214890d>022716fba0f9a5d46ae7b8a4412296847d63d96c763d49068e851e9be7542080b1	stcpr	38.020679	024a37bae69d6be2ec51eeb9d2b7e99073c30153d06896032f5bd3c09ca843bdb9	32	42	-	-	local-recv	a214890d	yes	0	0	0	0
5	mux-compose-T2xL2-t5	down	10000000	bac92dd4	49222,49233	standby	out	bac92dd4>02db6d6f87e5d6382c827c066514195dfed31f61f07a295caa1b8f4364826921be;11b37300>022716fba0f9a5d46ae7b8a4412296847d63d96c763d49068e851e9be7542080b1	stcpr	174.524809	02db6d6f87e5d6382c827c066514195dfed31f61f07a295caa1b8f4364826921be	798	798	-	-	local-recv	11b37300	no	5	249.9	12000	11904
5	mux-compose-T2xL2-t5	down	10000000	0d53f7b1	49223,49232	standby	out	0d53f7b1>021ed11eb6557e39fee1e2ef91671bced1483b6c15debc45be54a5f1e1c3c07659;a8ae418c>022716fba0f9a5d46ae7b8a4412296847d63d96c763d49068e851e9be7542080b1	stcpr	170.154391	021ed11eb6557e39fee1e2ef91671bced1483b6c15debc45be54a5f1e1c3c07659	758	758	-	-	local-recv	a8ae418c	no	5	395.94	12000	11904
5	mux-compose-T2xL2-t5	down	10000000	336d3a3e	49224	standby	out	336d3a3e>031fc6a42965440b0bb761120c53001d03ead6c862249b1851368097fd19b3a9f1;89d170d4>022716fba0f9a5d46ae7b8a4412296847d63d96c763d49068e851e9be7542080b1	stcpr	151.307	031fc6a42965440b0bb761120c53001d03ead6c862249b1851368097fd19b3a9f1	419	419	-	-	local-recv	89d170d4	no	415	373	204778009	29277411
5	mux-compose-T2xL2-t5	down	10000000	5157fdc8	49225	standby	out	5157fdc8>03360da779493433e9ae8e103ac1c0baf6973982f93bd3cf326e4b18f9fda666cb;2b4ccbdd>022716fba0f9a5d46ae7b8a4412296847d63d96c763d49068e851e9be7542080b1	stcpr	177.084961	03360da779493433e9ae8e103ac1c0baf6973982f93bd3cf326e4b18f9fda666cb	411	411	-	-	local-recv	2b4ccbdd	no	5	267.41	12192	12096
5	mux-compose-T2xL2-t5	down	10000000	ea69bc13	49226	standby	out	ea69bc13>03dd3a272482055da08828fafffe0cb537915a52e71c92bfc9bf3140ab0153cd7c;ce4708f1>022716fba0f9a5d46ae7b8a4412296847d63d96c763d49068e851e9be7542080b1	stcpr	168.635	03dd3a272482055da08828fafffe0cb537915a52e71c92bfc9bf3140ab0153cd7c	464	464	-	-	local-recv	ce4708f1	no	4	248.48	12224	12192
5	mux-compose-T2xL2-t5	down	10000000	a18cfda5	49227,49230	standby	out	a18cfda5>032fe1b4b0bf0207c10bc99cf64be4fdc15464981554e0cd58bf66f06960cd5fcc;0601bd31>022716fba0f9a5d46ae7b8a4412296847d63d96c763d49068e851e9be7542080b1	stcpr	161.083818	032fe1b4b0bf0207c10bc99cf64be4fdc15464981554e0cd58bf66f06960cd5fcc	862	798	-	-	local-recv	0601bd31	no	5	256.11	12000	11904
5	mux-compose-T2xL2-t5	down	10000000	9a548f01	49228	standby	out	9a548f01>038a10abc4081748dad046dafe39a4f4744352703d19a6dbee68b97ae9f9d334f0;7db81071>022716fba0f9a5d46ae7b8a4412296847d63d96c763d49068e851e9be7542080b1	stcpr	169.067	038a10abc4081748dad046dafe39a4f4744352703d19a6dbee68b97ae9f9d334f0	387	387	-	-	local-recv	7db81071	no	6	399.19	12288	12160
5	mux-compose-T2xL2-t5	down	10000000	1bb37806	49229	standby	out	1bb37806>02b3a85aee85dece633272731c2e37867a39fa9127f28233ad18ed0051184fc40a;d30e45c7>022716fba0f9a5d46ae7b8a4412296847d63d96c763d49068e851e9be7542080b1	squicr	172.05	02b3a85aee85dece633272731c2e37867a39fa9127f28233ad18ed0051184fc40a	387	387	-	-	local-recv	d30e45c7	no	3	263.52	12192	12224
5	mux-compose-T2xL2-t5	down	10000000	b250c046	49231	standby	out	b250c046>02956775f345d7328128678c0ced40a3e3e3f91bbf431ef886f41df31d93ee1661;3164901a>022716fba0f9a5d46ae7b8a4412296847d63d96c763d49068e851e9be7542080b1	stcpr	78.401539	02956775f345d7328128678c0ced40a3e3e3f91bbf431ef886f41df31d93ee1661	440	440	-	-	local-recv	3164901a	no	3	264.45	11936	11968
5	mux-compose-T2xL2-t5	down	10000000	77fb43c0	49234	standby	out	77fb43c0>02090aec59b40207d8662c82e4ecfc524b740c27f2fb98cfb5582833a66bdcb797;cab03f16>022716fba0f9a5d46ae7b8a4412296847d63d96c763d49068e851e9be7542080b1	squicr	172.700163	02090aec59b40207d8662c82e4ecfc524b740c27f2fb98cfb5582833a66bdcb797	456	456	-	-	local-recv	cab03f16	no	4	250.47	11968	11872
5	mux-compose-T2xL2-t5	down	10000000	fb021902	49234	standby	out	fb021902>02781a0ac87d137d612bdefc5d68f420125887771e2d5cf6bc710c83ffc3b9d696;80303b39>022716fba0f9a5d46ae7b8a4412296847d63d96c763d49068e851e9be7542080b1	stcpr	134.742987	02781a0ac87d137d612bdefc5d68f420125887771e2d5cf6bc710c83ffc3b9d696	16	21	-	-	local-recv	80303b39	yes	0	0	0	0
5	mux-compose-T2xL2-t5	down	10000000	30f42c30	49235	standby	out	30f42c30>03eba64189c636ab77c2da630bf2a0c77061bc783e59f80fd39015a42f9ae6ce01;0d8257e2>022716fba0f9a5d46ae7b8a4412296847d63d96c763d49068e851e9be7542080b1	stcpr	555.855424	03eba64189c636ab77c2da630bf2a0c77061bc783e59f80fd39015a42f9ae6ce01	424	424	-	-	local-recv	0d8257e2	no	6	243.27	12032	11936
6	mux-compose-T2xL2-t1	up	10000000	95839ad0	49203,49215,49224	active	in	95839ad0>0371ab4bcff7b121f4b91f6856d6740c6f9dc1fe716977850aeb5d84378b300a13;dc5330cf>022716fba0f9a5d46ae7b8a4412296847d63d96c763d49068e851e9be7542080b1	stcpr	131.665	0371ab4bcff7b121f4b91f6856d6740c6f9dc1fe716977850aeb5d84378b300a13	4290071	553231	42.9%	38.2%	local-recv	-	-	-	-	-	-
6	mux-compose-T2xL2-t1	up	10000000	f1012467	49203,49211	active	in	f1012467>0281a102c82820e811368c8d028cf11b1a985043b726b1bcdb8fce89b27384b2cb;57c570d9>022716fba0f9a5d46ae7b8a4412296847d63d96c763d49068e851e9be7542080b1	stcpr	152.817176	0281a102c82820e811368c8d028cf11b1a985043b726b1bcdb8fce89b27384b2cb	396	558923	0.0%	38.6%	local-recv	-	-	-	-	-	-
6	mux-compose-T2xL2-t1	up	10000000	ac40965a	49204	active	in	ac40965a>02c483938539bd7820f72e48ed6056bab68e221e1108d23965a2903221495e4af7;3de424e0>022716fba0f9a5d46ae7b8a4412296847d63d96c763d49068e851e9be7542080b1	stcpr	257.256922	02c483938539bd7820f72e48ed6056bab68e221e1108d23965a2903221495e4af7	2860193	165609	28.6%	11.4%	local-recv	-	-	-	-	-	-
6	mux-compose-T2xL2-t1	up	10000000	2c4ae7a5	49204	active	in	2c4ae7a5>02a2d4c346dabd165fd555dfdba4a7f4d18786fe7e055e562397cd5102bdd7f8dd;d0b47ec2>022716fba0f9a5d46ae7b8a4412296847d63d96c763d49068e851e9be7542080b1	stcpr	293.727518	02a2d4c346dabd165fd555dfdba4a7f4d18786fe7e055e562397cd5102bdd7f8dd	98	169867	0.0%	11.7%	local-recv	-	-	-	-	-	-
6	mux-compose-T2xL2-t1	up	10000000	77674aa7	49205	standby	out	77674aa7>0269fcc9891752f41850fd345affd7fb133522567f433658142fbefe1d6446d8cd;b7caa06d>022716fba0f9a5d46ae7b8a4412296847d63d96c763d49068e851e9be7542080b1	stcpr	245.654278	0269fcc9891752f41850fd345affd7fb133522567f433658142fbefe1d6446d8cd	281	281	-	-	local-recv	b7caa06d	no	5	340.46	12416	12320
6	mux-compose-T2xL2-t1	up	10000000	a94550f5	49205,49235	standby	out	a94550f5>025cc9b7ba632d57c12ccad1eb31c47a942dede14d1e174ac6c19a4988abb200c0;f3dfb306>022716fba0f9a5d46ae7b8a4412296847d63d96c763d49068e851e9be7542080b1	stcpr	68.394503	025cc9b7ba632d57c12ccad1eb31c47a942dede14d1e174ac6c19a4988abb200c0	40	48	-	-	local-recv	f3dfb306	yes	0	0	0	0
6	mux-compose-T2xL2-t1	up	10000000	b45c771a	49206	standby	out	b45c771a>03f82ff0d7ce318d14db5a8fb754741fa257ffcdb17c629879f854298e8fe85384;5e04a7c8>022716fba0f9a5d46ae7b8a4412296847d63d96c763d49068e851e9be7542080b1	squicr	162.433552	03f82ff0d7ce318d14db5a8fb754741fa257ffcdb17c629879f854298e8fe85384	273	273	-	-	local-recv	5e04a7c8	no	7	244.21	12480	12448
6	mux-compose-T2xL2-t1	up	10000000	b6e61452	49206,49225	standby	out	b6e61452>02d92e70b9dd358112ebd266e641a6a928397edfda54c213f7b37dd5cd57eca17a;f3d8c01a>022716fba0f9a5d46ae7b8a4412296847d63d96c763d49068e851e9be7542080b1	stcpr	77.216812	02d92e70b9dd358112ebd266e641a6a928397edfda54c213f7b37dd5cd57eca17a	48	55	-	-	local-recv	f3d8c01a	yes	0	0	0	0
6	mux-compose-T2xL2-t1	up	10000000	df4c1852	49207	standby	out	df4c1852>035f532aed88e89cb8822a31b71d83a14f63fabd6389e537c2426fe84031c60825;f148d779>022716fba0f9a5d46ae7b8a4412296847d63d96c763d49068e851e9be7542080b1	stcpr	157.096714	035f532aed88e89cb8822a31b71d83a14f63fabd6389e537c2426fe84031c60825	313	313	-	-	local-recv	f148d779	no	5	244.54	12416	12352
6	mux-compose-T2xL2-t1	up	10000000	88737946	49207,49222	standby	out	88737946>039ba57e780efc89546104a134e9121f1dda0617e335eee8c3f21e4e272df93ac1;f888da30>022716fba0f9a5d46ae7b8a4412296847d63d96c763d49068e851e9be7542080b1	stcpr	93.010188	039ba57e780efc89546104a134e9121f1dda0617e335eee8c3f21e4e272df93ac1	40	48	-	-	local-recv	f888da30	yes	0	0	0	0
6	mux-compose-T2xL2-t1	up	10000000	03f0e265	49208	standby	out	03f0e265>035f6c7648bb0034b436db7d3845f7b482e8da705ca2b4622fd9673eb60921d5e5;ca5d50b7>022716fba0f9a5d46ae7b8a4412296847d63d96c763d49068e851e9be7542080b1	stcpr	163.238962	035f6c7648bb0034b436db7d3845f7b482e8da705ca2b4622fd9673eb60921d5e5	220	220	-	-	local-recv	ca5d50b7	no	4	244.36	12384	12352
6	mux-compose-T2xL2-t1	up	10000000	82aaa034	49208,49227	standby	out	82aaa034>03852490a5cb7f48e8d20af0a4c558a605a2ef26b61ae75a78295c442697ecd375;b625e9da>022716fba0f9a5d46ae7b8a4412296847d63d96c763d49068e851e9be7542080b1	stcpr	76.121471	03852490a5cb7f48e8d20af0a4c558a605a2ef26b61ae75a78295c442697ecd375	48	56	-	-	local-recv	b625e9da	yes	0	0	0	0
6	mux-compose-T2xL2-t1	up	10000000	2ca52bbf	49209	standby	out	2ca52bbf>03d1a14c1f4ce581211e919dd22211c211020c3a1634fa90e94df2b60e2e1a7f91;ef8238bf>022716fba0f9a5d46ae7b8a4412296847d63d96c763d49068e851e9be7542080b1	stcpr	166.33074	03d1a14c1f4ce581211e919dd22211c211020c3a1634fa90e94df2b60e2e1a7f91	257	257	-	-	local-recv	ef8238bf	no	5	399.68	12416	12352
6	mux-compose-T2xL2-t1	up	10000000	287b1d97	49209,49228	standby	out	287b1d97>03b934e8a26ddb9d635381df94dbf778cdfebf53f8956902ec3a7837524a75024f;9d5d85da>022716fba0f9a5d46ae7b8a4412296847d63d96c763d49068e851e9be7542080b1	stcpr	79.820625	03b934e8a26ddb9d635381df94dbf778cdfebf53f8956902ec3a7837524a75024f	24	31	-	-	local-recv	9d5d85da	yes	0	0	0	0
6	mux-compose-T2xL2-t1	up	10000000	97ae541b	49210	standby	out	97ae541b>03c3278fa753b5e942c8b1bfe028219520b8b713f370796e442a4d416a41e08b17;b70493f1>022716fba0f9a5d46ae7b8a4412296847d63d96c763d49068e851e9be7542080b1	stcpr	166.306321	03c3278fa753b5e942c8b1bfe028219520b8b713f370796e442a4d416a41e08b17	273	273	-	-	local-recv	b70493f1	no	4	244.42	12384	12352
6	mux-compose-T2xL2-t1	up	10000000	690554b9	49210	standby	out	690554b9>02bf4a7b17f587405738f9c2677ac63b7b99fa3f1e589159daf8429d66585e2e0c;cc141cac>022716fba0f9a5d46ae7b8a4412296847d63d96c763d49068e851e9be7542080b1	stcpr	91.05606	02bf4a7b17f587405738f9c2677ac63b7b99fa3f1e589159daf8429d66585e2e0c	24	27	-	-	local-recv	cc141cac	yes	0	0	0	0
6	mux-compose-T2xL2-t1	up	10000000	a7990e32	49211,49226	standby	out	a7990e32>020819902394f4b8e0e77c3961bb37d77b688d41c3f639f531aebb0a70c64d7092;4d82d133>022716fba0f9a5d46ae7b8a4412296847d63d96c763d49068e851e9be7542080b1	stcpr	65.997397	020819902394f4b8e0e77c3961bb37d77b688d41c3f639f531aebb0a70c64d7092	48	56	-	-	local-recv	4d82d133	yes	0	0	0	0
6	mux-compose-T2xL2-t1	up	10000000	d3604075	49212	standby	in	d3604075>03a9a28d2a38de5342e43b88c6c138eada84e412cf1e703432c7affee73190cd88;7546a023>022716fba0f9a5d46ae7b8a4412296847d63d96c763d49068e851e9be7542080b1	squicr	165.669879	03a9a28d2a38de5342e43b88c6c138eada84e412cf1e703432c7affee73190cd88	2859808	1569	28.6%	0.1%	local-recv	7546a023	no	2751	244.13	281434930	54476288
6	mux-compose-T2xL2-t1	up	10000000	c2ee64dc	49212,49229	standby	out	c2ee64dc>02ea1b80411ef28514056466bf11d8a7b7fcdcf4a964ebd874f8bd9fd74e81eda2;1483d7b9>022716fba0f9a5d46ae7b8a4412296847d63d96c763d49068e851e9be7542080b1	stcpr	86.621971	02ea1b80411ef28514056466bf11d8a7b7fcdcf4a964ebd874f8bd9fd74e81eda2	111	144352	-	-	local-recv	-	-	-	-	-	-
6	mux-compose-T2xL2-t1	up	10000000	7c80edb8	49213	standby	out	7c80edb8>022a2a1c5588bcb401377ca54dc2487ec4f2e41286a3d2aff4028facc7bfd6d9cc;3021cb5c>022716fba0f9a5d46ae7b8a4412296847d63d96c763d49068e851e9be7542080b1	stcpr	162.768885	022a2a1c5588bcb401377ca54dc2487ec4f2e41286a3d2aff4028facc7bfd6d9cc	265	265	-	-	local-recv	3021cb5c	no	7	251.19	12384	12192
6	mux-compose-T2xL2-t1	up	10000000	4470a453	49214	standby	out	4470a453>031bb93993ee93a04c8d7a69b3eab16f2cb7ff6cae97f86e561b1c712b0b6dfae4;6ed88be5>022716fba0f9a5d46ae7b8a4412296847d63d96c763d49068e851e9be7542080b1	stcpr	178.344483	031bb93993ee93a04c8d7a69b3eab16f2cb7ff6cae97f86e561b1c712b0b6dfae4	313	313	-	-	local-recv	6ed88be5	no	4	302.67	12288	12256
6	mux-compose-T2xL2-t1	up	10000000	25b03079	49214,49232	standby	out	25b03079>02c43f7d6da81cdca65fcf41906ff321f0d9f14e4c9ab0ff8b54b8ec64cce11bf0;18e8b97b>022716fba0f9a5d46ae7b8a4412296847d63d96c763d49068e851e9be7542080b1	stcpr	82.598708	02c43f7d6da81cdca65fcf41906ff321f0d9f14e4c9ab0ff8b54b8ec64cce11bf0	40	46	-	-	local-recv	18e8b97b	yes	0	0	0	0
6	mux-compose-T2xL2-t1	up	10000000	619865a5	49215	standby	out	619865a5>02109a13c780fe273e48b5a7a9e030c1052156cd5afef4dff1c100598226ad8da9;25c2ebc5>022716fba0f9a5d46ae7b8a4412296847d63d96c763d49068e851e9be7542080b1	stcpr	163.820431	02109a13c780fe273e48b5a7a9e030c1052156cd5afef4dff1c100598226ad8da9	313	313	-	-	local-recv	25c2ebc5	no	6	243.98	12352	12224
6	mux-compose-T2xL2-t1	up	10000000	fdab37dd	49216	standby	out	fdab37dd>03f57e7cf26c0764c5ab659a606add056ddf8bfad4f5bc7e8613cad05e5f228adf;7420f415>022716fba0f9a5d46ae7b8a4412296847d63d96c763d49068e851e9be7542080b1	stcpr	494.208695	03f57e7cf26c0764c5ab659a606add056ddf8bfad4f5bc7e8613cad05e5f228adf	368	148023	-	-	local-recv	-	-	-	-	-	-
6	mux-compose-T2xL2-t1	up	10000000	35766599	49216	standby	out	35766599>03a4a29d19804bd98d9a8197a327d53d0d00865815ee7d0a320cd0da4250102cdb;a6830d6d>022716fba0f9a5d46ae7b8a4412296847d63d96c763d49068e851e9be7542080b1	stcpr	81.521059	03a4a29d19804bd98d9a8197a327d53d0d00865815ee7d0a320cd0da4250102cdb	24	28	-	-	local-recv	a6830d6d	no	5	263.42	186014151	50049311
6	mux-compose-T2xL2-t1	up	10000000	475d59a5	49217	standby	out	475d59a5>02b1d9c56928f533ea9b309f8a53ed4807ee4e0193ef3c3a0234033313feceb8f2;99a80e72>022716fba0f9a5d46ae7b8a4412296847d63d96c763d49068e851e9be7542080b1	stcpr	248.323589	02b1d9c56928f533ea9b309f8a53ed4807ee4e0193ef3c3a0234033313feceb8f2	305	305	-	-	local-recv	99a80e72	no	5	345.68	12320	12192
6	mux-compose-T2xL2-t1	up	10000000	ca42696c	49217,49231	standby	out	ca42696c>028ed30c290b4c0c36d769108be072a995ac100cd5fcb249b33b92c127961cdfbb;97203c85>022716fba0f9a5d46ae7b8a4412296847d63d96c763d49068e851e9be7542080b1	stcpr	83.770368	028ed30c290b4c0c36d769108be072a995ac100cd5fcb249b33b92c127961cdfbb	24	32	-	-	local-recv	97203c85	yes	0	0	0	0
6	mux-compose-T2xL2-t1	up	10000000	e5faa6e0	49218	standby	out	e5faa6e0>02230b0a96a6f94179fab58196d3dfa1e19070faeae82d6900971462996541e774;47361294>022716fba0f9a5d46ae7b8a4412296847d63d96c763d49068e851e9be7542080b1	stcpr	153.858732	02230b0a96a6f94179fab58196d3dfa1e19070faeae82d6900971462996541e774	297	297	-	-	local-recv	47361294	no	5	244.9	12320	12192
6	mux-compose-T2xL2-t1	up	10000000	ee5902d2	49218,49230	standby	out	ee5902d2>0397b427c1e522b768389db1fdfab3943a74e69683800fe4950af7dfb3bf66893c;2dfdb077>022716fba0f9a5d46ae7b8a4412296847d63d96c763d49068e851e9be7542080b1	stcpr	315.216677	0397b427c1e522b768389db1fdfab3943a74e69683800fe4950af7dfb3bf66893c	40	48	-	-	local-recv	2dfdb077	yes	0	0	0	0
6	mux-compose-T2xL2-t1	up	10000000	b71ddf99	49219	standby	out	b71ddf99>0328947fced4d4b7beb65a6ef60d579e42d7976168c292cbd6d28b5b8bdc85757f;47828219>022716fba0f9a5d46ae7b8a4412296847d63d96c763d49068e851e9be7542080b1	stcpr	505.315652	0328947fced4d4b7beb65a6ef60d579e42d7976168c292cbd6d28b5b8bdc85757f	302	302	-	-	local-recv	47828219	no	5	244.45	12320	12160
6	mux-compose-T2xL2-t1	up	10000000	696629b6	49219,49233	standby	out	696629b6>03ecc7d108a98480b40a85bbfadb8f477d0c3559316306dcd7ba52fa3d21dad91e;75b62c04>022716fba0f9a5d46ae7b8a4412296847d63d96c763d49068e851e9be7542080b1	stcpr	80.675049	03ecc7d108a98480b40a85bbfadb8f477d0c3559316306dcd7ba52fa3d21dad91e	48	56	-	-	local-recv	75b62c04	yes	0	0	0	0
6	mux-compose-T2xL2-t1	up	10000000	bf9b0de8	49220	standby	out	bf9b0de8>026a913078651938783e19416a2de99c924df209e28512da2a571868c989bf3822;c2793bef>022716fba0f9a5d46ae7b8a4412296847d63d96c763d49068e851e9be7542080b1	stcpr	156.499436	026a913078651938783e19416a2de99c924df209e28512da2a571868c989bf3822	310	310	-	-	local-recv	c2793bef	no	4	244.61	12288	12224
6	mux-compose-T2xL2-t1	up	10000000	e5f24143	49220,49223	standby	out	e5f24143>024a37bae69d6be2ec51eeb9d2b7e99073c30153d06896032f5bd3c09ca843bdb9;a214890d>022716fba0f9a5d46ae7b8a4412296847d63d96c763d49068e851e9be7542080b1	stcpr	38.020679	024a37bae69d6be2ec51eeb9d2b7e99073c30153d06896032f5bd3c09ca843bdb9	40	94	-	-	local-recv	a214890d	yes	0	0	0	0
6	mux-compose-T2xL2-t1	up	10000000	bac92dd4	49222,49233	standby	out	bac92dd4>02db6d6f87e5d6382c827c066514195dfed31f61f07a295caa1b8f4364826921be;11b37300>022716fba0f9a5d46ae7b8a4412296847d63d96c763d49068e851e9be7542080b1	stcpr	174.524809	02db6d6f87e5d6382c827c066514195dfed31f61f07a295caa1b8f4364826921be	689	689	-	-	local-recv	11b37300	no	5	249.9	12000	11904
6	mux-compose-T2xL2-t1	up	10000000	0d53f7b1	49223,49232	standby	out	0d53f7b1>021ed11eb6557e39fee1e2ef91671bced1483b6c15debc45be54a5f1e1c3c07659;a8ae418c>022716fba0f9a5d46ae7b8a4412296847d63d96c763d49068e851e9be7542080b1	stcpr	170.154391	021ed11eb6557e39fee1e2ef91671bced1483b6c15debc45be54a5f1e1c3c07659	623	607	-	-	local-recv	a8ae418c	no	5	395.94	12000	11904
6	mux-compose-T2xL2-t1	up	10000000	336d3a3e	49224	standby	out	336d3a3e>031fc6a42965440b0bb761120c53001d03ead6c862249b1851368097fd19b3a9f1;89d170d4>022716fba0f9a5d46ae7b8a4412296847d63d96c763d49068e851e9be7542080b1	stcpr	151.307	031fc6a42965440b0bb761120c53001d03ead6c862249b1851368097fd19b3a9f1	313	313	-	-	local-recv	89d170d4	no	415	373	204778009	29277411
6	mux-compose-T2xL2-t1	up	10000000	5157fdc8	49225	standby	out	5157fdc8>03360da779493433e9ae8e103ac1c0baf6973982f93bd3cf326e4b18f9fda666cb;2b4ccbdd>022716fba0f9a5d46ae7b8a4412296847d63d96c763d49068e851e9be7542080b1	stcpr	177.084961	03360da779493433e9ae8e103ac1c0baf6973982f93bd3cf326e4b18f9fda666cb	305	305	-	-	local-recv	2b4ccbdd	no	5	267.41	12192	12096
6	mux-compose-T2xL2-t1	up	10000000	ea69bc13	49226	standby	out	ea69bc13>03dd3a272482055da08828fafffe0cb537915a52e71c92bfc9bf3140ab0153cd7c;ce4708f1>022716fba0f9a5d46ae7b8a4412296847d63d96c763d49068e851e9be7542080b1	stcpr	168.635	03dd3a272482055da08828fafffe0cb537915a52e71c92bfc9bf3140ab0153cd7c	297	297	-	-	local-recv	ce4708f1	no	4	248.48	12224	12192
6	mux-compose-T2xL2-t1	up	10000000	a18cfda5	49227,49230	standby	out	a18cfda5>032fe1b4b0bf0207c10bc99cf64be4fdc15464981554e0cd58bf66f06960cd5fcc;0601bd31>022716fba0f9a5d46ae7b8a4412296847d63d96c763d49068e851e9be7542080b1	stcpr	161.083818	032fe1b4b0bf0207c10bc99cf64be4fdc15464981554e0cd58bf66f06960cd5fcc	543	543	-	-	local-recv	0601bd31	no	5	256.11	12000	11904
6	mux-compose-T2xL2-t1	up	10000000	9a548f01	49228	standby	out	9a548f01>038a10abc4081748dad046dafe39a4f4744352703d19a6dbee68b97ae9f9d334f0;7db81071>022716fba0f9a5d46ae7b8a4412296847d63d96c763d49068e851e9be7542080b1	stcpr	169.067	038a10abc4081748dad046dafe39a4f4744352703d19a6dbee68b97ae9f9d334f0	273	273	-	-	local-recv	7db81071	no	6	399.19	12288	12160
6	mux-compose-T2xL2-t1	up	10000000	1bb37806	49229	standby	out	1bb37806>02b3a85aee85dece633272731c2e37867a39fa9127f28233ad18ed0051184fc40a;d30e45c7>022716fba0f9a5d46ae7b8a4412296847d63d96c763d49068e851e9be7542080b1	squicr	172.05	02b3a85aee85dece633272731c2e37867a39fa9127f28233ad18ed0051184fc40a	313	313	-	-	local-recv	d30e45c7	no	3	263.52	12192	12224
6	mux-compose-T2xL2-t1	up	10000000	b250c046	49231	standby	out	b250c046>02956775f345d7328128678c0ced40a3e3e3f91bbf431ef886f41df31d93ee1661;3164901a>022716fba0f9a5d46ae7b8a4412296847d63d96c763d49068e851e9be7542080b1	stcpr	78.401539	02956775f345d7328128678c0ced40a3e3e3f91bbf431ef886f41df31d93ee1661	286	286	-	-	local-recv	3164901a	no	3	264.45	11936	11968
6	mux-compose-T2xL2-t1	up	10000000	77fb43c0	49234	standby	out	77fb43c0>02090aec59b40207d8662c82e4ecfc524b740c27f2fb98cfb5582833a66bdcb797;cab03f16>022716fba0f9a5d46ae7b8a4412296847d63d96c763d49068e851e9be7542080b1	squicr	172.700163	02090aec59b40207d8662c82e4ecfc524b740c27f2fb98cfb5582833a66bdcb797	286	286	-	-	local-recv	cab03f16	no	4	250.47	11968	11872
6	mux-compose-T2xL2-t1	up	10000000	fb021902	49234	standby	out	fb021902>02781a0ac87d137d612bdefc5d68f420125887771e2d5cf6bc710c83ffc3b9d696;80303b39>022716fba0f9a5d46ae7b8a4412296847d63d96c763d49068e851e9be7542080b1	stcpr	134.742987	02781a0ac87d137d612bdefc5d68f420125887771e2d5cf6bc710c83ffc3b9d696	16	20	-	-	local-recv	80303b39	yes	0	0	0	0
6	mux-compose-T2xL2-t1	up	10000000	30f42c30	49235	standby	out	30f42c30>03eba64189c636ab77c2da630bf2a0c77061bc783e59f80fd39015a42f9ae6ce01;0d8257e2>022716fba0f9a5d46ae7b8a4412296847d63d96c763d49068e851e9be7542080b1	stcpr	555.855424	03eba64189c636ab77c2da630bf2a0c77061bc783e59f80fd39015a42f9ae6ce01	318	318	-	-	local-recv	0d8257e2	no	6	243.27	12032	11936
7	mux-compose-T2xL2-t2	up	10000000	95839ad0	49203,49215,49224	active	in	95839ad0>0371ab4bcff7b121f4b91f6856d6740c6f9dc1fe716977850aeb5d84378b300a13;dc5330cf>022716fba0f9a5d46ae7b8a4412296847d63d96c763d49068e851e9be7542080b1	stcpr	131.665	0371ab4bcff7b121f4b91f6856d6740c6f9dc1fe716977850aeb5d84378b300a13	4289744	1385	42.9%	0.8%	local-recv	-	-	-	-	-	-
7	mux-compose-T2xL2-t2	up	10000000	f1012467	49203,49211	active	in	f1012467>0281a102c82820e811368c8d028cf11b1a985043b726b1bcdb8fce89b27384b2cb;57c570d9>022716fba0f9a5d46ae7b8a4412296847d63d96c763d49068e851e9be7542080b1	stcpr	152.817176	0281a102c82820e811368c8d028cf11b1a985043b726b1bcdb8fce89b27384b2cb	231	977	0.0%	0.6%	local-recv	-	-	-	-	-	-
7	mux-compose-T2xL2-t2	up	10000000	ac40965a	49204	active	in	ac40965a>02c483938539bd7820f72e48ed6056bab68e221e1108d23965a2903221495e4af7;3de424e0>022716fba0f9a5d46ae7b8a4412296847d63d96c763d49068e851e9be7542080b1	stcpr	257.256922	02c483938539bd7820f72e48ed6056bab68e221e1108d23965a2903221495e4af7	2859742	1170	28.6%	0.7%	local-recv	-	-	-	-	-	-
7	mux-compose-T2xL2-t2	up	10000000	2c4ae7a5	49204	active	in	2c4ae7a5>02a2d4c346dabd165fd555dfdba4a7f4d18786fe7e055e562397cd5102bdd7f8dd;d0b47ec2>022716fba0f9a5d46ae7b8a4412296847d63d96c763d49068e851e9be7542080b1	stcpr	293.727518	02a2d4c346dabd165fd555dfdba4a7f4d18786fe7e055e562397cd5102bdd7f8dd	89	170421	0.0%	97.2%	local-recv	-	-	-	-	-	-
7	mux-compose-T2xL2-t2	up	10000000	77674aa7	49205	standby	out	77674aa7>0269fcc9891752f41850fd345affd7fb133522567f433658142fbefe1d6446d8cd;b7caa06d>022716fba0f9a5d46ae7b8a4412296847d63d96c763d49068e851e9be7542080b1	stcpr	245.654278	0269fcc9891752f41850fd345affd7fb133522567f433658142fbefe1d6446d8cd	191	191	-	-	local-recv	b7caa06d	no	5	340.46	12416	12320
7	mux-compose-T2xL2-t2	up	10000000	a94550f5	49205,49235	standby	out	a94550f5>025cc9b7ba632d57c12ccad1eb31c47a942dede14d1e174ac6c19a4988abb200c0;f3dfb306>022716fba0f9a5d46ae7b8a4412296847d63d96c763d49068e851e9be7542080b1	stcpr	68.394503	025cc9b7ba632d57c12ccad1eb31c47a942dede14d1e174ac6c19a4988abb200c0	16	20	-	-	local-recv	f3dfb306	yes	0	0	0	0
7	mux-compose-T2xL2-t2	up	10000000	b45c771a	49206	standby	out	b45c771a>03f82ff0d7ce318d14db5a8fb754741fa257ffcdb17c629879f854298e8fe85384;5e04a7c8>022716fba0f9a5d46ae7b8a4412296847d63d96c763d49068e851e9be7542080b1	squicr	162.433552	03f82ff0d7ce318d14db5a8fb754741fa257ffcdb17c629879f854298e8fe85384	268	268	-	-	local-recv	5e04a7c8	no	7	244.21	12480	12448
7	mux-compose-T2xL2-t2	up	10000000	b6e61452	49206,49225	standby	out	b6e61452>02d92e70b9dd358112ebd266e641a6a928397edfda54c213f7b37dd5cd57eca17a;f3d8c01a>022716fba0f9a5d46ae7b8a4412296847d63d96c763d49068e851e9be7542080b1	stcpr	77.216812	02d92e70b9dd358112ebd266e641a6a928397edfda54c213f7b37dd5cd57eca17a	32	38	-	-	local-recv	f3d8c01a	yes	0	0	0	0
7	mux-compose-T2xL2-t2	up	10000000	df4c1852	49207	standby	out	df4c1852>035f532aed88e89cb8822a31b71d83a14f63fabd6389e537c2426fe84031c60825;f148d779>022716fba0f9a5d46ae7b8a4412296847d63d96c763d49068e851e9be7542080b1	stcpr	157.096714	035f532aed88e89cb8822a31b71d83a14f63fabd6389e537c2426fe84031c60825	191	191	-	-	local-recv	f148d779	no	5	244.54	12416	12352
7	mux-compose-T2xL2-t2	up	10000000	88737946	49207,49222	standby	out	88737946>039ba57e780efc89546104a134e9121f1dda0617e335eee8c3f21e4e272df93ac1;f888da30>022716fba0f9a5d46ae7b8a4412296847d63d96c763d49068e851e9be7542080b1	stcpr	93.010188	039ba57e780efc89546104a134e9121f1dda0617e335eee8c3f21e4e272df93ac1	40	44	-	-	local-recv	f888da30	yes	0	0	0	0
7	mux-compose-T2xL2-t2	up	10000000	03f0e265	49208	standby	out	03f0e265>035f6c7648bb0034b436db7d3845f7b482e8da705ca2b4622fd9673eb60921d5e5;ca5d50b7>022716fba0f9a5d46ae7b8a4412296847d63d96c763d49068e851e9be7542080b1	stcpr	163.238962	035f6c7648bb0034b436db7d3845f7b482e8da705ca2b4622fd9673eb60921d5e5	191	191	-	-	local-recv	ca5d50b7	no	4	244.36	12384	12352
7	mux-compose-T2xL2-t2	up	10000000	82aaa034	49208,49227	standby	out	82aaa034>03852490a5cb7f48e8d20af0a4c558a605a2ef26b61ae75a78295c442697ecd375;b625e9da>022716fba0f9a5d46ae7b8a4412296847d63d96c763d49068e851e9be7542080b1	stcpr	76.121471	03852490a5cb7f48e8d20af0a4c558a605a2ef26b61ae75a78295c442697ecd375	32	36	-	-	local-recv	b625e9da	yes	0	0	0	0
7	mux-compose-T2xL2-t2	up	10000000	2ca52bbf	49209	standby	out	2ca52bbf>03d1a14c1f4ce581211e919dd22211c211020c3a1634fa90e94df2b60e2e1a7f91;ef8238bf>022716fba0f9a5d46ae7b8a4412296847d63d96c763d49068e851e9be7542080b1	stcpr	166.33074	03d1a14c1f4ce581211e919dd22211c211020c3a1634fa90e94df2b60e2e1a7f91	228	228	-	-	local-recv	ef8238bf	no	5	399.68	12416	12352
7	mux-compose-T2xL2-t2	up	10000000	287b1d97	49209,49228	standby	out	287b1d97>03b934e8a26ddb9d635381df94dbf778cdfebf53f8956902ec3a7837524a75024f;9d5d85da>022716fba0f9a5d46ae7b8a4412296847d63d96c763d49068e851e9be7542080b1	stcpr	79.820625	03b934e8a26ddb9d635381df94dbf778cdfebf53f8956902ec3a7837524a75024f	32	38	-	-	local-recv	9d5d85da	yes	0	0	0	0
7	mux-compose-T2xL2-t2	up	10000000	97ae541b	49210	standby	out	97ae541b>03c3278fa753b5e942c8b1bfe028219520b8b713f370796e442a4d416a41e08b17;b70493f1>022716fba0f9a5d46ae7b8a4412296847d63d96c763d49068e851e9be7542080b1	stcpr	166.306321	03c3278fa753b5e942c8b1bfe028219520b8b713f370796e442a4d416a41e08b17	255	191	-	-	local-recv	b70493f1	no	4	244.42	12384	12352
7	mux-compose-T2xL2-t2	up	10000000	690554b9	49210	standby	out	690554b9>02bf4a7b17f587405738f9c2677ac63b7b99fa3f1e589159daf8429d66585e2e0c;cc141cac>022716fba0f9a5d46ae7b8a4412296847d63d96c763d49068e851e9be7542080b1	stcpr	91.05606	02bf4a7b17f587405738f9c2677ac63b7b99fa3f1e589159daf8429d66585e2e0c	24	26	-	-	local-recv	cc141cac	yes	0	0	0	0
7	mux-compose-T2xL2-t2	up	10000000	a7990e32	49211,49226	standby	out	a7990e32>020819902394f4b8e0e77c3961bb37d77b688d41c3f639f531aebb0a70c64d7092;4d82d133>022716fba0f9a5d46ae7b8a4412296847d63d96c763d49068e851e9be7542080b1	stcpr	65.997397	020819902394f4b8e0e77c3961bb37d77b688d41c3f639f531aebb0a70c64d7092	16	21	-	-	local-recv	4d82d133	yes	0	0	0	0
7	mux-compose-T2xL2-t2	up	10000000	d3604075	49212	standby	in	d3604075>03a9a28d2a38de5342e43b88c6c138eada84e412cf1e703432c7affee73190cd88;7546a023>022716fba0f9a5d46ae7b8a4412296847d63d96c763d49068e851e9be7542080b1	squicr	165.669879	03a9a28d2a38de5342e43b88c6c138eada84e412cf1e703432c7affee73190cd88	2859707	1362	28.6%	0.8%	local-recv	7546a023	no	2751	244.13	281434930	54476288
7	mux-compose-T2xL2-t2	up	10000000	c2ee64dc	49212,49229	standby	out	c2ee64dc>02ea1b80411ef28514056466bf11d8a7b7fcdcf4a964ebd874f8bd9fd74e81eda2;1483d7b9>022716fba0f9a5d46ae7b8a4412296847d63d96c763d49068e851e9be7542080b1	stcpr	86.621971	02ea1b80411ef28514056466bf11d8a7b7fcdcf4a964ebd874f8bd9fd74e81eda2	16	21	-	-	local-recv	-	-	-	-	-	-
7	mux-compose-T2xL2-t2	up	10000000	7c80edb8	49213	standby	out	7c80edb8>022a2a1c5588bcb401377ca54dc2487ec4f2e41286a3d2aff4028facc7bfd6d9cc;3021cb5c>022716fba0f9a5d46ae7b8a4412296847d63d96c763d49068e851e9be7542080b1	stcpr	162.768885	022a2a1c5588bcb401377ca54dc2487ec4f2e41286a3d2aff4028facc7bfd6d9cc	143	143	-	-	local-recv	3021cb5c	no	7	251.19	12384	12192
7	mux-compose-T2xL2-t2	up	10000000	4470a453	49214	standby	out	4470a453>031bb93993ee93a04c8d7a69b3eab16f2cb7ff6cae97f86e561b1c712b0b6dfae4;6ed88be5>022716fba0f9a5d46ae7b8a4412296847d63d96c763d49068e851e9be7542080b1	stcpr	178.344483	031bb93993ee93a04c8d7a69b3eab16f2cb7ff6cae97f86e561b1c712b0b6dfae4	180	180	-	-	local-recv	6ed88be5	no	4	302.67	12288	12256
7	mux-compose-T2xL2-t2	up	10000000	25b03079	49214,49232	standby	out	25b03079>02c43f7d6da81cdca65fcf41906ff321f0d9f14e4c9ab0ff8b54b8ec64cce11bf0;18e8b97b>022716fba0f9a5d46ae7b8a4412296847d63d96c763d49068e851e9be7542080b1	stcpr	82.598708	02c43f7d6da81cdca65fcf41906ff321f0d9f14e4c9ab0ff8b54b8ec64cce11bf0	24	28	-	-	local-recv	18e8b97b	yes	0	0	0	0
7	mux-compose-T2xL2-t2	up	10000000	619865a5	49215	standby	out	619865a5>02109a13c780fe273e48b5a7a9e030c1052156cd5afef4dff1c100598226ad8da9;25c2ebc5>022716fba0f9a5d46ae7b8a4412296847d63d96c763d49068e851e9be7542080b1	stcpr	163.820431	02109a13c780fe273e48b5a7a9e030c1052156cd5afef4dff1c100598226ad8da9	143	143	-	-	local-recv	25c2ebc5	no	6	243.98	12352	12224
7	mux-compose-T2xL2-t2	up	10000000	fdab37dd	49216	standby	out	fdab37dd>03f57e7cf26c0764c5ab659a606add056ddf8bfad4f5bc7e8613cad05e5f228adf;7420f415>022716fba0f9a5d46ae7b8a4412296847d63d96c763d49068e851e9be7542080b1	stcpr	494.208695	03f57e7cf26c0764c5ab659a606add056ddf8bfad4f5bc7e8613cad05e5f228adf	244	236	-	-	local-recv	-	-	-	-	-	-
7	mux-compose-T2xL2-t2	up	10000000	35766599	49216	standby	out	35766599>03a4a29d19804bd98d9a8197a327d53d0d00865815ee7d0a320cd0da4250102cdb;a6830d6d>022716fba0f9a5d46ae7b8a4412296847d63d96c763d49068e851e9be7542080b1	stcpr	81.521059	03a4a29d19804bd98d9a8197a327d53d0d00865815ee7d0a320cd0da4250102cdb	8	11	-	-	local-recv	a6830d6d	no	5	263.42	186014151	50049311
7	mux-compose-T2xL2-t2	up	10000000	475d59a5	49217	standby	out	475d59a5>02b1d9c56928f533ea9b309f8a53ed4807ee4e0193ef3c3a0234033313feceb8f2;99a80e72>022716fba0f9a5d46ae7b8a4412296847d63d96c763d49068e851e9be7542080b1	stcpr	248.323589	02b1d9c56928f533ea9b309f8a53ed4807ee4e0193ef3c3a0234033313feceb8f2	180	180	-	-	local-recv	99a80e72	no	5	345.68	12320	12192
7	mux-compose-T2xL2-t2	up	10000000	ca42696c	49217,49231	standby	out	ca42696c>028ed30c290b4c0c36d769108be072a995ac100cd5fcb249b33b92c127961cdfbb;97203c85>022716fba0f9a5d46ae7b8a4412296847d63d96c763d49068e851e9be7542080b1	stcpr	83.770368	028ed30c290b4c0c36d769108be072a995ac100cd5fcb249b33b92c127961cdfbb	16	20	-	-	local-recv	97203c85	yes	0	0	0	0
7	mux-compose-T2xL2-t2	up	10000000	e5faa6e0	49218	standby	out	e5faa6e0>02230b0a96a6f94179fab58196d3dfa1e19070faeae82d6900971462996541e774;47361294>022716fba0f9a5d46ae7b8a4412296847d63d96c763d49068e851e9be7542080b1	stcpr	153.858732	02230b0a96a6f94179fab58196d3dfa1e19070faeae82d6900971462996541e774	199	199	-	-	local-recv	47361294	no	5	244.9	12320	12192
7	mux-compose-T2xL2-t2	up	10000000	ee5902d2	49218,49230	standby	out	ee5902d2>0397b427c1e522b768389db1fdfab3943a74e69683800fe4950af7dfb3bf66893c;2dfdb077>022716fba0f9a5d46ae7b8a4412296847d63d96c763d49068e851e9be7542080b1	stcpr	315.216677	0397b427c1e522b768389db1fdfab3943a74e69683800fe4950af7dfb3bf66893c	16	22	-	-	local-recv	2dfdb077	yes	0	0	0	0
7	mux-compose-T2xL2-t2	up	10000000	b71ddf99	49219	standby	out	b71ddf99>0328947fced4d4b7beb65a6ef60d579e42d7976168c292cbd6d28b5b8bdc85757f;47828219>022716fba0f9a5d46ae7b8a4412296847d63d96c763d49068e851e9be7542080b1	stcpr	505.315652	0328947fced4d4b7beb65a6ef60d579e42d7976168c292cbd6d28b5b8bdc85757f	191	159	-	-	local-recv	47828219	no	5	244.45	12320	12160
7	mux-compose-T2xL2-t2	up	10000000	696629b6	49219,49233	standby	out	696629b6>03ecc7d108a98480b40a85bbfadb8f477d0c3559316306dcd7ba52fa3d21dad91e;75b62c04>022716fba0f9a5d46ae7b8a4412296847d63d96c763d49068e851e9be7542080b1	stcpr	80.675049	03ecc7d108a98480b40a85bbfadb8f477d0c3559316306dcd7ba52fa3d21dad91e	0	6	-	-	local-recv	75b62c04	yes	0	0	0	0
7	mux-compose-T2xL2-t2	up	10000000	bf9b0de8	49220	standby	out	bf9b0de8>026a913078651938783e19416a2de99c924df209e28512da2a571868c989bf3822;c2793bef>022716fba0f9a5d46ae7b8a4412296847d63d96c763d49068e851e9be7542080b1	stcpr	156.499436	026a913078651938783e19416a2de99c924df209e28512da2a571868c989bf3822	199	199	-	-	local-recv	c2793bef	no	4	244.61	12288	12224
7	mux-compose-T2xL2-t2	up	10000000	e5f24143	49220,49223	standby	out	e5f24143>024a37bae69d6be2ec51eeb9d2b7e99073c30153d06896032f5bd3c09ca843bdb9;a214890d>022716fba0f9a5d46ae7b8a4412296847d63d96c763d49068e851e9be7542080b1	stcpr	38.020679	024a37bae69d6be2ec51eeb9d2b7e99073c30153d06896032f5bd3c09ca843bdb9	32	21	-	-	local-recv	a214890d	yes	0	0	0	0
7	mux-compose-T2xL2-t2	up	10000000	bac92dd4	49222,49233	standby	out	bac92dd4>02db6d6f87e5d6382c827c066514195dfed31f61f07a295caa1b8f4364826921be;11b37300>022716fba0f9a5d46ae7b8a4412296847d63d96c763d49068e851e9be7542080b1	stcpr	174.524809	02db6d6f87e5d6382c827c066514195dfed31f61f07a295caa1b8f4364826921be	334	334	-	-	local-recv	11b37300	no	5	249.9	12000	11904
7	mux-compose-T2xL2-t2	up	10000000	0d53f7b1	49223,49232	standby	out	0d53f7b1>021ed11eb6557e39fee1e2ef91671bced1483b6c15debc45be54a5f1e1c3c07659;a8ae418c>022716fba0f9a5d46ae7b8a4412296847d63d96c763d49068e851e9be7542080b1	stcpr	170.154391	021ed11eb6557e39fee1e2ef91671bced1483b6c15debc45be54a5f1e1c3c07659	382	382	-	-	local-recv	a8ae418c	no	5	395.94	12000	11904
7	mux-compose-T2xL2-t2	up	10000000	336d3a3e	49224	standby	out	336d3a3e>031fc6a42965440b0bb761120c53001d03ead6c862249b1851368097fd19b3a9f1;89d170d4>022716fba0f9a5d46ae7b8a4412296847d63d96c763d49068e851e9be7542080b1	stcpr	151.307	031fc6a42965440b0bb761120c53001d03ead6c862249b1851368097fd19b3a9f1	228	228	-	-	local-recv	89d170d4	no	415	373	204778009	29277411
7	mux-compose-T2xL2-t2	up	10000000	5157fdc8	49225	standby	out	5157fdc8>03360da779493433e9ae8e103ac1c0baf6973982f93bd3cf326e4b18f9fda666cb;2b4ccbdd>022716fba0f9a5d46ae7b8a4412296847d63d96c763d49068e851e9be7542080b1	stcpr	177.084961	03360da779493433e9ae8e103ac1c0baf6973982f93bd3cf326e4b18f9fda666cb	204	236	-	-	local-recv	2b4ccbdd	no	5	267.41	12192	12096
7	mux-compose-T2xL2-t2	up	10000000	ea69bc13	49226	standby	out	ea69bc13>03dd3a272482055da08828fafffe0cb537915a52e71c92bfc9bf3140ab0153cd7c;ce4708f1>022716fba0f9a5d46ae7b8a4412296847d63d96c763d49068e851e9be7542080b1	stcpr	168.635	03dd3a272482055da08828fafffe0cb537915a52e71c92bfc9bf3140ab0153cd7c	143	143	-	-	local-recv	ce4708f1	no	4	248.48	12224	12192
7	mux-compose-T2xL2-t2	up	10000000	a18cfda5	49227,49230	standby	out	a18cfda5>032fe1b4b0bf0207c10bc99cf64be4fdc15464981554e0cd58bf66f06960cd5fcc;0601bd31>022716fba0f9a5d46ae7b8a4412296847d63d96c763d49068e851e9be7542080b1	stcpr	161.083818	032fe1b4b0bf0207c10bc99cf64be4fdc15464981554e0cd58bf66f06960cd5fcc	472	472	-	-	local-recv	0601bd31	no	5	256.11	12000	11904
7	mux-compose-T2xL2-t2	up	10000000	9a548f01	49228	standby	out	9a548f01>038a10abc4081748dad046dafe39a4f4744352703d19a6dbee68b97ae9f9d334f0;7db81071>022716fba0f9a5d46ae7b8a4412296847d63d96c763d49068e851e9be7542080b1	stcpr	169.067	038a10abc4081748dad046dafe39a4f4744352703d19a6dbee68b97ae9f9d334f0	260	260	-	-	local-recv	7db81071	no	6	399.19	12288	12160
7	mux-compose-T2xL2-t2	up	10000000	1bb37806	49229	standby	out	1bb37806>02b3a85aee85dece633272731c2e37867a39fa9127f28233ad18ed0051184fc40a;d30e45c7>022716fba0f9a5d46ae7b8a4412296847d63d96c763d49068e851e9be7542080b1	squicr	172.05	02b3a85aee85dece633272731c2e37867a39fa9127f28233ad18ed0051184fc40a	223	191	-	-	local-recv	d30e45c7	no	3	263.52	12192	12224
7	mux-compose-T2xL2-t2	up	10000000	b250c046	49231	standby	out	b250c046>02956775f345d7328128678c0ced40a3e3e3f91bbf431ef886f41df31d93ee1661;3164901a>022716fba0f9a5d46ae7b8a4412296847d63d96c763d49068e851e9be7542080b1	stcpr	78.401539	02956775f345d7328128678c0ced40a3e3e3f91bbf431ef886f41df31d93ee1661	212	212	-	-	local-recv	3164901a	no	3	264.45	11936	11968
7	mux-compose-T2xL2-t2	up	10000000	77fb43c0	49234	standby	out	77fb43c0>02090aec59b40207d8662c82e4ecfc524b740c27f2fb98cfb5582833a66bdcb797;cab03f16>022716fba0f9a5d46ae7b8a4412296847d63d96c763d49068e851e9be7542080b1	squicr	172.700163	02090aec59b40207d8662c82e4ecfc524b740c27f2fb98cfb5582833a66bdcb797	143	143	-	-	local-recv	cab03f16	no	4	250.47	11968	11872
7	mux-compose-T2xL2-t2	up	10000000	fb021902	49234	standby	out	fb021902>02781a0ac87d137d612bdefc5d68f420125887771e2d5cf6bc710c83ffc3b9d696;80303b39>022716fba0f9a5d46ae7b8a4412296847d63d96c763d49068e851e9be7542080b1	stcpr	134.742987	02781a0ac87d137d612bdefc5d68f420125887771e2d5cf6bc710c83ffc3b9d696	8	11	-	-	local-recv	80303b39	yes	0	0	0	0
7	mux-compose-T2xL2-t2	up	10000000	30f42c30	49235	standby	out	30f42c30>03eba64189c636ab77c2da630bf2a0c77061bc783e59f80fd39015a42f9ae6ce01;0d8257e2>022716fba0f9a5d46ae7b8a4412296847d63d96c763d49068e851e9be7542080b1	stcpr	555.855424	03eba64189c636ab77c2da630bf2a0c77061bc783e59f80fd39015a42f9ae6ce01	228	228	-	-	local-recv	0d8257e2	no	6	243.27	12032	11936
8	mux-compose-T2xL2-t3	up	10000000	95839ad0	49203,49215,49224	active	in	95839ad0>0371ab4bcff7b121f4b91f6856d6740c6f9dc1fe716977850aeb5d84378b300a13;dc5330cf>022716fba0f9a5d46ae7b8a4412296847d63d96c763d49068e851e9be7542080b1	stcpr	131.665	0371ab4bcff7b121f4b91f6856d6740c6f9dc1fe716977850aeb5d84378b300a13	4289764	1670	42.9%	0.3%	local-recv	-	-	-	-	-	-
8	mux-compose-T2xL2-t3	up	10000000	f1012467	49203,49211	active	in	f1012467>0281a102c82820e811368c8d028cf11b1a985043b726b1bcdb8fce89b27384b2cb;57c570d9>022716fba0f9a5d46ae7b8a4412296847d63d96c763d49068e851e9be7542080b1	stcpr	152.817176	0281a102c82820e811368c8d028cf11b1a985043b726b1bcdb8fce89b27384b2cb	363	561265	0.0%	99.2%	local-recv	-	-	-	-	-	-
8	mux-compose-T2xL2-t3	up	10000000	ac40965a	49204	active	in	ac40965a>02c483938539bd7820f72e48ed6056bab68e221e1108d23965a2903221495e4af7;3de424e0>022716fba0f9a5d46ae7b8a4412296847d63d96c763d49068e851e9be7542080b1	stcpr	257.256922	02c483938539bd7820f72e48ed6056bab68e221e1108d23965a2903221495e4af7	2859724	1318	28.6%	0.2%	local-recv	-	-	-	-	-	-
8	mux-compose-T2xL2-t3	up	10000000	2c4ae7a5	49204	active	in	2c4ae7a5>02a2d4c346dabd165fd555dfdba4a7f4d18786fe7e055e562397cd5102bdd7f8dd;d0b47ec2>022716fba0f9a5d46ae7b8a4412296847d63d96c763d49068e851e9be7542080b1	stcpr	293.727518	02a2d4c346dabd165fd555dfdba4a7f4d18786fe7e055e562397cd5102bdd7f8dd	19	207	0.0%	0.0%	local-recv	-	-	-	-	-	-
8	mux-compose-T2xL2-t3	up	10000000	77674aa7	49205	standby	out	77674aa7>0269fcc9891752f41850fd345affd7fb133522567f433658142fbefe1d6446d8cd;b7caa06d>022716fba0f9a5d46ae7b8a4412296847d63d96c763d49068e851e9be7542080b1	stcpr	245.654278	0269fcc9891752f41850fd345affd7fb133522567f433658142fbefe1d6446d8cd	260	260	-	-	local-recv	b7caa06d	no	5	340.46	12416	12320
8	mux-compose-T2xL2-t3	up	10000000	a94550f5	49205,49235	standby	out	a94550f5>025cc9b7ba632d57c12ccad1eb31c47a942dede14d1e174ac6c19a4988abb200c0;f3dfb306>022716fba0f9a5d46ae7b8a4412296847d63d96c763d49068e851e9be7542080b1	stcpr	68.394503	025cc9b7ba632d57c12ccad1eb31c47a942dede14d1e174ac6c19a4988abb200c0	24	30	-	-	local-recv	f3dfb306	yes	0	0	0	0
8	mux-compose-T2xL2-t3	up	10000000	b45c771a	49206	standby	out	b45c771a>03f82ff0d7ce318d14db5a8fb754741fa257ffcdb17c629879f854298e8fe85384;5e04a7c8>022716fba0f9a5d46ae7b8a4412296847d63d96c763d49068e851e9be7542080b1	squicr	162.433552	03f82ff0d7ce318d14db5a8fb754741fa257ffcdb17c629879f854298e8fe85384	228	228	-	-	local-recv	5e04a7c8	no	7	244.21	12480	12448
8	mux-compose-T2xL2-t3	up	10000000	b6e61452	49206,49225	standby	out	b6e61452>02d92e70b9dd358112ebd266e641a6a928397edfda54c213f7b37dd5cd57eca17a;f3d8c01a>022716fba0f9a5d46ae7b8a4412296847d63d96c763d49068e851e9be7542080b1	stcpr	77.216812	02d92e70b9dd358112ebd266e641a6a928397edfda54c213f7b37dd5cd57eca17a	32	38	-	-	local-recv	f3d8c01a	yes	0	0	0	0
8	mux-compose-T2xL2-t3	up	10000000	df4c1852	49207	standby	out	df4c1852>035f532aed88e89cb8822a31b71d83a14f63fabd6389e537c2426fe84031c60825;f148d779>022716fba0f9a5d46ae7b8a4412296847d63d96c763d49068e851e9be7542080b1	stcpr	157.096714	035f532aed88e89cb8822a31b71d83a14f63fabd6389e537c2426fe84031c60825	236	236	-	-	local-recv	f148d779	no	5	244.54	12416	12352
8	mux-compose-T2xL2-t3	up	10000000	88737946	49207,49222	standby	out	88737946>039ba57e780efc89546104a134e9121f1dda0617e335eee8c3f21e4e272df93ac1;f888da30>022716fba0f9a5d46ae7b8a4412296847d63d96c763d49068e851e9be7542080b1	stcpr	93.010188	039ba57e780efc89546104a134e9121f1dda0617e335eee8c3f21e4e272df93ac1	32	37	-	-	local-recv	f888da30	yes	0	0	0	0
8	mux-compose-T2xL2-t3	up	10000000	03f0e265	49208	standby	out	03f0e265>035f6c7648bb0034b436db7d3845f7b482e8da705ca2b4622fd9673eb60921d5e5;ca5d50b7>022716fba0f9a5d46ae7b8a4412296847d63d96c763d49068e851e9be7542080b1	stcpr	163.238962	035f6c7648bb0034b436db7d3845f7b482e8da705ca2b4622fd9673eb60921d5e5	228	228	-	-	local-recv	ca5d50b7	no	4	244.36	12384	12352
8	mux-compose-T2xL2-t3	up	10000000	82aaa034	49208,49227	standby	out	82aaa034>03852490a5cb7f48e8d20af0a4c558a605a2ef26b61ae75a78295c442697ecd375;b625e9da>022716fba0f9a5d46ae7b8a4412296847d63d96c763d49068e851e9be7542080b1	stcpr	76.121471	03852490a5cb7f48e8d20af0a4c558a605a2ef26b61ae75a78295c442697ecd375	40	45	-	-	local-recv	b625e9da	yes	0	0	0	0
8	mux-compose-T2xL2-t3	up	10000000	2ca52bbf	49209	standby	out	2ca52bbf>03d1a14c1f4ce581211e919dd22211c211020c3a1634fa90e94df2b60e2e1a7f91;ef8238bf>022716fba0f9a5d46ae7b8a4412296847d63d96c763d49068e851e9be7542080b1	stcpr	166.33074	03d1a14c1f4ce581211e919dd22211c211020c3a1634fa90e94df2b60e2e1a7f91	191	191	-	-	local-recv	ef8238bf	no	5	399.68	12416	12352
8	mux-compose-T2xL2-t3	up	10000000	287b1d97	49209,49228	standby	out	287b1d97>03b934e8a26ddb9d635381df94dbf778cdfebf53f8956902ec3a7837524a75024f;9d5d85da>022716fba0f9a5d46ae7b8a4412296847d63d96c763d49068e851e9be7542080b1	stcpr	79.820625	03b934e8a26ddb9d635381df94dbf778cdfebf53f8956902ec3a7837524a75024f	32	37	-	-	local-recv	9d5d85da	yes	0	0	0	0
8	mux-compose-T2xL2-t3	up	10000000	97ae541b	49210	standby	out	97ae541b>03c3278fa753b5e942c8b1bfe028219520b8b713f370796e442a4d416a41e08b17;b70493f1>022716fba0f9a5d46ae7b8a4412296847d63d96c763d49068e851e9be7542080b1	stcpr	166.306321	03c3278fa753b5e942c8b1bfe028219520b8b713f370796e442a4d416a41e08b17	260	260	-	-	local-recv	b70493f1	no	4	244.42	12384	12352
8	mux-compose-T2xL2-t3	up	10000000	690554b9	49210	standby	out	690554b9>02bf4a7b17f587405738f9c2677ac63b7b99fa3f1e589159daf8429d66585e2e0c;cc141cac>022716fba0f9a5d46ae7b8a4412296847d63d96c763d49068e851e9be7542080b1	stcpr	91.05606	02bf4a7b17f587405738f9c2677ac63b7b99fa3f1e589159daf8429d66585e2e0c	16	19	-	-	local-recv	cc141cac	yes	0	0	0	0
8	mux-compose-T2xL2-t3	up	10000000	a7990e32	49211,49226	standby	out	a7990e32>020819902394f4b8e0e77c3961bb37d77b688d41c3f639f531aebb0a70c64d7092;4d82d133>022716fba0f9a5d46ae7b8a4412296847d63d96c763d49068e851e9be7542080b1	stcpr	65.997397	020819902394f4b8e0e77c3961bb37d77b688d41c3f639f531aebb0a70c64d7092	16	21	-	-	local-recv	4d82d133	yes	0	0	0	0
8	mux-compose-T2xL2-t3	up	10000000	d3604075	49212	standby	in	d3604075>03a9a28d2a38de5342e43b88c6c138eada84e412cf1e703432c7affee73190cd88;7546a023>022716fba0f9a5d46ae7b8a4412296847d63d96c763d49068e851e9be7542080b1	squicr	165.669879	03a9a28d2a38de5342e43b88c6c138eada84e412cf1e703432c7affee73190cd88	2859736	1376	28.6%	0.2%	local-recv	7546a023	no	2751	244.13	281434930	54476288
8	mux-compose-T2xL2-t3	up	10000000	c2ee64dc	49212,49229	standby	out	c2ee64dc>02ea1b80411ef28514056466bf11d8a7b7fcdcf4a964ebd874f8bd9fd74e81eda2;1483d7b9>022716fba0f9a5d46ae7b8a4412296847d63d96c763d49068e851e9be7542080b1	stcpr	86.621971	02ea1b80411ef28514056466bf11d8a7b7fcdcf4a964ebd874f8bd9fd74e81eda2	16	22	-	-	local-recv	-	-	-	-	-	-
8	mux-compose-T2xL2-t3	up	10000000	7c80edb8	49213	standby	out	7c80edb8>022a2a1c5588bcb401377ca54dc2487ec4f2e41286a3d2aff4028facc7bfd6d9cc;3021cb5c>022716fba0f9a5d46ae7b8a4412296847d63d96c763d49068e851e9be7542080b1	stcpr	162.768885	022a2a1c5588bcb401377ca54dc2487ec4f2e41286a3d2aff4028facc7bfd6d9cc	244	244	-	-	local-recv	3021cb5c	no	7	251.19	12384	12192
8	mux-compose-T2xL2-t3	up	10000000	4470a453	49214	standby	out	4470a453>031bb93993ee93a04c8d7a69b3eab16f2cb7ff6cae97f86e561b1c712b0b6dfae4;6ed88be5>022716fba0f9a5d46ae7b8a4412296847d63d96c763d49068e851e9be7542080b1	stcpr	178.344483	031bb93993ee93a04c8d7a69b3eab16f2cb7ff6cae97f86e561b1c712b0b6dfae4	212	212	-	-	local-recv	6ed88be5	no	4	302.67	12288	12256
8	mux-compose-T2xL2-t3	up	10000000	25b03079	49214,49232	standby	out	25b03079>02c43f7d6da81cdca65fcf41906ff321f0d9f14e4c9ab0ff8b54b8ec64cce11bf0;18e8b97b>022716fba0f9a5d46ae7b8a4412296847d63d96c763d49068e851e9be7542080b1	stcpr	82.598708	02c43f7d6da81cdca65fcf41906ff321f0d9f14e4c9ab0ff8b54b8ec64cce11bf0	0	6	-	-	local-recv	18e8b97b	yes	0	0	0	0
8	mux-compose-T2xL2-t3	up	10000000	619865a5	49215	standby	out	619865a5>02109a13c780fe273e48b5a7a9e030c1052156cd5afef4dff1c100598226ad8da9;25c2ebc5>022716fba0f9a5d46ae7b8a4412296847d63d96c763d49068e851e9be7542080b1	stcpr	163.820431	02109a13c780fe273e48b5a7a9e030c1052156cd5afef4dff1c100598226ad8da9	220	220	-	-	local-recv	25c2ebc5	no	6	243.98	12352	12224
8	mux-compose-T2xL2-t3	up	10000000	fdab37dd	49216	standby	out	fdab37dd>03f57e7cf26c0764c5ab659a606add056ddf8bfad4f5bc7e8613cad05e5f228adf;7420f415>022716fba0f9a5d46ae7b8a4412296847d63d96c763d49068e851e9be7542080b1	stcpr	494.208695	03f57e7cf26c0764c5ab659a606add056ddf8bfad4f5bc7e8613cad05e5f228adf	299	148662	-	-	local-recv	-	-	-	-	-	-
8	mux-compose-T2xL2-t3	up	10000000	35766599	49216	standby	out	35766599>03a4a29d19804bd98d9a8197a327d53d0d00865815ee7d0a320cd0da4250102cdb;a6830d6d>022716fba0f9a5d46ae7b8a4412296847d63d96c763d49068e851e9be7542080b1	stcpr	81.521059	03a4a29d19804bd98d9a8197a327d53d0d00865815ee7d0a320cd0da4250102cdb	0	2	-	-	local-recv	a6830d6d	no	5	263.42	186014151	50049311
8	mux-compose-T2xL2-t3	up	10000000	475d59a5	49217	standby	out	475d59a5>02b1d9c56928f533ea9b309f8a53ed4807ee4e0193ef3c3a0234033313feceb8f2;99a80e72>022716fba0f9a5d46ae7b8a4412296847d63d96c763d49068e851e9be7542080b1	stcpr	248.323589	02b1d9c56928f533ea9b309f8a53ed4807ee4e0193ef3c3a0234033313feceb8f2	220	220	-	-	local-recv	99a80e72	no	5	345.68	12320	12192
8	mux-compose-T2xL2-t3	up	10000000	ca42696c	49217,49231	standby	out	ca42696c>028ed30c290b4c0c36d769108be072a995ac100cd5fcb249b33b92c127961cdfbb;97203c85>022716fba0f9a5d46ae7b8a4412296847d63d96c763d49068e851e9be7542080b1	stcpr	83.770368	028ed30c290b4c0c36d769108be072a995ac100cd5fcb249b33b92c127961cdfbb	16	20	-	-	local-recv	97203c85	yes	0	0	0	0
8	mux-compose-T2xL2-t3	up	10000000	e5faa6e0	49218	standby	out	e5faa6e0>02230b0a96a6f94179fab58196d3dfa1e19070faeae82d6900971462996541e774;47361294>022716fba0f9a5d46ae7b8a4412296847d63d96c763d49068e851e9be7542080b1	stcpr	153.858732	02230b0a96a6f94179fab58196d3dfa1e19070faeae82d6900971462996541e774	228	228	-	-	local-recv	47361294	no	5	244.9	12320	12192
8	mux-compose-T2xL2-t3	up	10000000	ee5902d2	49218,49230	standby	out	ee5902d2>0397b427c1e522b768389db1fdfab3943a74e69683800fe4950af7dfb3bf66893c;2dfdb077>022716fba0f9a5d46ae7b8a4412296847d63d96c763d49068e851e9be7542080b1	stcpr	315.216677	0397b427c1e522b768389db1fdfab3943a74e69683800fe4950af7dfb3bf66893c	32	38	-	-	local-recv	2dfdb077	yes	0	0	0	0
8	mux-compose-T2xL2-t3	up	10000000	b71ddf99	49219	standby	out	b71ddf99>0328947fced4d4b7beb65a6ef60d579e42d7976168c292cbd6d28b5b8bdc85757f;47828219>022716fba0f9a5d46ae7b8a4412296847d63d96c763d49068e851e9be7542080b1	stcpr	505.315652	0328947fced4d4b7beb65a6ef60d579e42d7976168c292cbd6d28b5b8bdc85757f	228	228	-	-	local-recv	47828219	no	5	244.45	12320	12160
8	mux-compose-T2xL2-t3	up	10000000	696629b6	49219,49233	standby	out	696629b6>03ecc7d108a98480b40a85bbfadb8f477d0c3559316306dcd7ba52fa3d21dad91e;75b62c04>022716fba0f9a5d46ae7b8a4412296847d63d96c763d49068e851e9be7542080b1	stcpr	80.675049	03ecc7d108a98480b40a85bbfadb8f477d0c3559316306dcd7ba52fa3d21dad91e	24	30	-	-	local-recv	75b62c04	yes	0	0	0	0
8	mux-compose-T2xL2-t3	up	10000000	bf9b0de8	49220	standby	out	bf9b0de8>026a913078651938783e19416a2de99c924df209e28512da2a571868c989bf3822;c2793bef>022716fba0f9a5d46ae7b8a4412296847d63d96c763d49068e851e9be7542080b1	stcpr	156.499436	026a913078651938783e19416a2de99c924df209e28512da2a571868c989bf3822	228	228	-	-	local-recv	c2793bef	no	4	244.61	12288	12224
8	mux-compose-T2xL2-t3	up	10000000	e5f24143	49220,49223	standby	out	e5f24143>024a37bae69d6be2ec51eeb9d2b7e99073c30153d06896032f5bd3c09ca843bdb9;a214890d>022716fba0f9a5d46ae7b8a4412296847d63d96c763d49068e851e9be7542080b1	stcpr	38.020679	024a37bae69d6be2ec51eeb9d2b7e99073c30153d06896032f5bd3c09ca843bdb9	16	22	-	-	local-recv	a214890d	yes	0	0	0	0
8	mux-compose-T2xL2-t3	up	10000000	bac92dd4	49222,49233	standby	out	bac92dd4>02db6d6f87e5d6382c827c066514195dfed31f61f07a295caa1b8f4364826921be;11b37300>022716fba0f9a5d46ae7b8a4412296847d63d96c763d49068e851e9be7542080b1	stcpr	174.524809	02db6d6f87e5d6382c827c066514195dfed31f61f07a295caa1b8f4364826921be	368	368	-	-	local-recv	11b37300	no	5	249.9	12000	11904
8	mux-compose-T2xL2-t3	up	10000000	0d53f7b1	49223,49232	standby	out	0d53f7b1>021ed11eb6557e39fee1e2ef91671bced1483b6c15debc45be54a5f1e1c3c07659;a8ae418c>022716fba0f9a5d46ae7b8a4412296847d63d96c763d49068e851e9be7542080b1	stcpr	170.154391	021ed11eb6557e39fee1e2ef91671bced1483b6c15debc45be54a5f1e1c3c07659	464	464	-	-	local-recv	a8ae418c	no	5	395.94	12000	11904
8	mux-compose-T2xL2-t3	up	10000000	336d3a3e	49224	standby	out	336d3a3e>031fc6a42965440b0bb761120c53001d03ead6c862249b1851368097fd19b3a9f1;89d170d4>022716fba0f9a5d46ae7b8a4412296847d63d96c763d49068e851e9be7542080b1	stcpr	151.307	031fc6a42965440b0bb761120c53001d03ead6c862249b1851368097fd19b3a9f1	260	260	-	-	local-recv	89d170d4	no	415	373	204778009	29277411
8	mux-compose-T2xL2-t3	up	10000000	5157fdc8	49225	standby	out	5157fdc8>03360da779493433e9ae8e103ac1c0baf6973982f93bd3cf326e4b18f9fda666cb;2b4ccbdd>022716fba0f9a5d46ae7b8a4412296847d63d96c763d49068e851e9be7542080b1	stcpr	177.084961	03360da779493433e9ae8e103ac1c0baf6973982f93bd3cf326e4b18f9fda666cb	260	260	-	-	local-recv	2b4ccbdd	no	5	267.41	12192	12096
8	mux-compose-T2xL2-t3	up	10000000	ea69bc13	49226	standby	out	ea69bc13>03dd3a272482055da08828fafffe0cb537915a52e71c92bfc9bf3140ab0153cd7c;ce4708f1>022716fba0f9a5d46ae7b8a4412296847d63d96c763d49068e851e9be7542080b1	stcpr	168.635	03dd3a272482055da08828fafffe0cb537915a52e71c92bfc9bf3140ab0153cd7c	180	180	-	-	local-recv	ce4708f1	no	4	248.48	12224	12192
8	mux-compose-T2xL2-t3	up	10000000	a18cfda5	49227,49230	standby	out	a18cfda5>032fe1b4b0bf0207c10bc99cf64be4fdc15464981554e0cd58bf66f06960cd5fcc;0601bd31>022716fba0f9a5d46ae7b8a4412296847d63d96c763d49068e851e9be7542080b1	stcpr	161.083818	032fe1b4b0bf0207c10bc99cf64be4fdc15464981554e0cd58bf66f06960cd5fcc	334	334	-	-	local-recv	0601bd31	no	5	256.11	12000	11904
8	mux-compose-T2xL2-t3	up	10000000	9a548f01	49228	standby	out	9a548f01>038a10abc4081748dad046dafe39a4f4744352703d19a6dbee68b97ae9f9d334f0;7db81071>022716fba0f9a5d46ae7b8a4412296847d63d96c763d49068e851e9be7542080b1	stcpr	169.067	038a10abc4081748dad046dafe39a4f4744352703d19a6dbee68b97ae9f9d334f0	148	212	-	-	local-recv	7db81071	no	6	399.19	12288	12160
8	mux-compose-T2xL2-t3	up	10000000	1bb37806	49229	standby	out	1bb37806>02b3a85aee85dece633272731c2e37867a39fa9127f28233ad18ed0051184fc40a;d30e45c7>022716fba0f9a5d46ae7b8a4412296847d63d96c763d49068e851e9be7542080b1	squicr	172.05	02b3a85aee85dece633272731c2e37867a39fa9127f28233ad18ed0051184fc40a	236	236	-	-	local-recv	d30e45c7	no	3	263.52	12192	12224
8	mux-compose-T2xL2-t3	up	10000000	b250c046	49231	standby	out	b250c046>02956775f345d7328128678c0ced40a3e3e3f91bbf431ef886f41df31d93ee1661;3164901a>022716fba0f9a5d46ae7b8a4412296847d63d96c763d49068e851e9be7542080b1	stcpr	78.401539	02956775f345d7328128678c0ced40a3e3e3f91bbf431ef886f41df31d93ee1661	188	188	-	-	local-recv	3164901a	no	3	264.45	11936	11968
8	mux-compose-T2xL2-t3	up	10000000	77fb43c0	49234	standby	out	77fb43c0>02090aec59b40207d8662c82e4ecfc524b740c27f2fb98cfb5582833a66bdcb797;cab03f16>022716fba0f9a5d46ae7b8a4412296847d63d96c763d49068e851e9be7542080b1	squicr	172.700163	02090aec59b40207d8662c82e4ecfc524b740c27f2fb98cfb5582833a66bdcb797	220	220	-	-	local-recv	cab03f16	no	4	250.47	11968	11872
8	mux-compose-T2xL2-t3	up	10000000	fb021902	49234	standby	out	fb021902>02781a0ac87d137d612bdefc5d68f420125887771e2d5cf6bc710c83ffc3b9d696;80303b39>022716fba0f9a5d46ae7b8a4412296847d63d96c763d49068e851e9be7542080b1	stcpr	134.742987	02781a0ac87d137d612bdefc5d68f420125887771e2d5cf6bc710c83ffc3b9d696	16	19	-	-	local-recv	80303b39	yes	0	0	0	0
8	mux-compose-T2xL2-t3	up	10000000	30f42c30	49235	standby	out	30f42c30>03eba64189c636ab77c2da630bf2a0c77061bc783e59f80fd39015a42f9ae6ce01;0d8257e2>022716fba0f9a5d46ae7b8a4412296847d63d96c763d49068e851e9be7542080b1	stcpr	555.855424	03eba64189c636ab77c2da630bf2a0c77061bc783e59f80fd39015a42f9ae6ce01	215	151	-	-	local-recv	0d8257e2	no	6	243.27	12032	11936
9	mux-compose-T2xL2-t1	down	50000000	95839ad0	49203,49215,49224	active	in	95839ad0>0371ab4bcff7b121f4b91f6856d6740c6f9dc1fe716977850aeb5d84378b300a13;dc5330cf>022716fba0f9a5d46ae7b8a4412296847d63d96c763d49068e851e9be7542080b1	stcpr	131.665	0371ab4bcff7b121f4b91f6856d6740c6f9dc1fe716977850aeb5d84378b300a13	15759	19931943	71.0%	36.5%	local-recv	-	-	-	-	-	-
9	mux-compose-T2xL2-t1	down	50000000	f1012467	49203,49211	active	in	f1012467>0281a102c82820e811368c8d028cf11b1a985043b726b1bcdb8fce89b27384b2cb;57c570d9>022716fba0f9a5d46ae7b8a4412296847d63d96c763d49068e851e9be7542080b1	stcpr	152.817176	0281a102c82820e811368c8d028cf11b1a985043b726b1bcdb8fce89b27384b2cb	573	4045363	2.6%	7.4%	local-recv	-	-	-	-	-	-
9	mux-compose-T2xL2-t1	down	50000000	ac40965a	49204	active	in	ac40965a>02c483938539bd7820f72e48ed6056bab68e221e1108d23965a2903221495e4af7;3de424e0>022716fba0f9a5d46ae7b8a4412296847d63d96c763d49068e851e9be7542080b1	stcpr	257.256922	02c483938539bd7820f72e48ed6056bab68e221e1108d23965a2903221495e4af7	3064	11367687	13.8%	20.8%	local-recv	-	-	-	-	-	-
9	mux-compose-T2xL2-t1	down	50000000	2c4ae7a5	49204	active	in	2c4ae7a5>02a2d4c346dabd165fd555dfdba4a7f4d18786fe7e055e562397cd5102bdd7f8dd;d0b47ec2>022716fba0f9a5d46ae7b8a4412296847d63d96c763d49068e851e9be7542080b1	stcpr	293.727518	02a2d4c346dabd165fd555dfdba4a7f4d18786fe7e055e562397cd5102bdd7f8dd	100	5099479	0.5%	9.3%	local-recv	-	-	-	-	-	-
9	mux-compose-T2xL2-t1	down	50000000	77674aa7	49205	standby	out	77674aa7>0269fcc9891752f41850fd345affd7fb133522567f433658142fbefe1d6446d8cd;b7caa06d>022716fba0f9a5d46ae7b8a4412296847d63d96c763d49068e851e9be7542080b1	stcpr	245.654278	0269fcc9891752f41850fd345affd7fb133522567f433658142fbefe1d6446d8cd	350	350	-	-	local-recv	b7caa06d	no	5	340.46	12416	12320
9	mux-compose-T2xL2-t1	down	50000000	a94550f5	49205,49235	standby	out	a94550f5>025cc9b7ba632d57c12ccad1eb31c47a942dede14d1e174ac6c19a4988abb200c0;f3dfb306>022716fba0f9a5d46ae7b8a4412296847d63d96c763d49068e851e9be7542080b1	stcpr	68.394503	025cc9b7ba632d57c12ccad1eb31c47a942dede14d1e174ac6c19a4988abb200c0	48	58	-	-	local-recv	f3dfb306	yes	0	0	0	0
9	mux-compose-T2xL2-t1	down	50000000	b45c771a	49206	standby	out	b45c771a>03f82ff0d7ce318d14db5a8fb754741fa257ffcdb17c629879f854298e8fe85384;5e04a7c8>022716fba0f9a5d46ae7b8a4412296847d63d96c763d49068e851e9be7542080b1	squicr	162.433552	03f82ff0d7ce318d14db5a8fb754741fa257ffcdb17c629879f854298e8fe85384	379	379	-	-	local-recv	5e04a7c8	no	7	244.21	12480	12448
9	mux-compose-T2xL2-t1	down	50000000	b6e61452	49206,49225	standby	out	b6e61452>02d92e70b9dd358112ebd266e641a6a928397edfda54c213f7b37dd5cd57eca17a;f3d8c01a>022716fba0f9a5d46ae7b8a4412296847d63d96c763d49068e851e9be7542080b1	stcpr	77.216812	02d92e70b9dd358112ebd266e641a6a928397edfda54c213f7b37dd5cd57eca17a	48	56	-	-	local-recv	f3d8c01a	yes	0	0	0	0
9	mux-compose-T2xL2-t1	down	50000000	df4c1852	49207	standby	out	df4c1852>035f532aed88e89cb8822a31b71d83a14f63fabd6389e537c2426fe84031c60825;f148d779>022716fba0f9a5d46ae7b8a4412296847d63d96c763d49068e851e9be7542080b1	stcpr	157.096714	035f532aed88e89cb8822a31b71d83a14f63fabd6389e537c2426fe84031c60825	342	342	-	-	local-recv	f148d779	no	5	244.54	12416	12352
9	mux-compose-T2xL2-t1	down	50000000	88737946	49207,49222	standby	out	88737946>039ba57e780efc89546104a134e9121f1dda0617e335eee8c3f21e4e272df93ac1;f888da30>022716fba0f9a5d46ae7b8a4412296847d63d96c763d49068e851e9be7542080b1	stcpr	93.010188	039ba57e780efc89546104a134e9121f1dda0617e335eee8c3f21e4e272df93ac1	40	50	-	-	local-recv	f888da30	yes	0	0	0	0
9	mux-compose-T2xL2-t1	down	50000000	03f0e265	49208	standby	out	03f0e265>035f6c7648bb0034b436db7d3845f7b482e8da705ca2b4622fd9673eb60921d5e5;ca5d50b7>022716fba0f9a5d46ae7b8a4412296847d63d96c763d49068e851e9be7542080b1	stcpr	163.238962	035f6c7648bb0034b436db7d3845f7b482e8da705ca2b4622fd9673eb60921d5e5	406	406	-	-	local-recv	ca5d50b7	no	4	244.36	12384	12352
9	mux-compose-T2xL2-t1	down	50000000	82aaa034	49208,49227	standby	out	82aaa034>03852490a5cb7f48e8d20af0a4c558a605a2ef26b61ae75a78295c442697ecd375;b625e9da>022716fba0f9a5d46ae7b8a4412296847d63d96c763d49068e851e9be7542080b1	stcpr	76.121471	03852490a5cb7f48e8d20af0a4c558a605a2ef26b61ae75a78295c442697ecd375	48	58	-	-	local-recv	b625e9da	yes	0	0	0	0
9	mux-compose-T2xL2-t1	down	50000000	2ca52bbf	49209	standby	out	2ca52bbf>03d1a14c1f4ce581211e919dd22211c211020c3a1634fa90e94df2b60e2e1a7f91;ef8238bf>022716fba0f9a5d46ae7b8a4412296847d63d96c763d49068e851e9be7542080b1	stcpr	166.33074	03d1a14c1f4ce581211e919dd22211c211020c3a1634fa90e94df2b60e2e1a7f91	411	411	-	-	local-recv	ef8238bf	no	5	399.68	12416	12352
9	mux-compose-T2xL2-t1	down	50000000	287b1d97	49209,49228	standby	out	287b1d97>03b934e8a26ddb9d635381df94dbf778cdfebf53f8956902ec3a7837524a75024f;9d5d85da>022716fba0f9a5d46ae7b8a4412296847d63d96c763d49068e851e9be7542080b1	stcpr	79.820625	03b934e8a26ddb9d635381df94dbf778cdfebf53f8956902ec3a7837524a75024f	40	49	-	-	local-recv	9d5d85da	yes	0	0	0	0
9	mux-compose-T2xL2-t1	down	50000000	97ae541b	49210	standby	out	97ae541b>03c3278fa753b5e942c8b1bfe028219520b8b713f370796e442a4d416a41e08b17;b70493f1>022716fba0f9a5d46ae7b8a4412296847d63d96c763d49068e851e9be7542080b1	stcpr	166.306321	03c3278fa753b5e942c8b1bfe028219520b8b713f370796e442a4d416a41e08b17	379	379	-	-	local-recv	b70493f1	no	4	244.42	12384	12352
9	mux-compose-T2xL2-t1	down	50000000	690554b9	49210	standby	out	690554b9>02bf4a7b17f587405738f9c2677ac63b7b99fa3f1e589159daf8429d66585e2e0c;cc141cac>022716fba0f9a5d46ae7b8a4412296847d63d96c763d49068e851e9be7542080b1	stcpr	91.05606	02bf4a7b17f587405738f9c2677ac63b7b99fa3f1e589159daf8429d66585e2e0c	24	29	-	-	local-recv	cc141cac	yes	0	0	0	0
9	mux-compose-T2xL2-t1	down	50000000	a7990e32	49211,49226	standby	out	a7990e32>020819902394f4b8e0e77c3961bb37d77b688d41c3f639f531aebb0a70c64d7092;4d82d133>022716fba0f9a5d46ae7b8a4412296847d63d96c763d49068e851e9be7542080b1	stcpr	65.997397	020819902394f4b8e0e77c3961bb37d77b688d41c3f639f531aebb0a70c64d7092	48	57	-	-	local-recv	4d82d133	yes	0	0	0	0
9	mux-compose-T2xL2-t1	down	50000000	d3604075	49212	standby	in	d3604075>03a9a28d2a38de5342e43b88c6c138eada84e412cf1e703432c7affee73190cd88;7546a023>022716fba0f9a5d46ae7b8a4412296847d63d96c763d49068e851e9be7542080b1	squicr	165.669879	03a9a28d2a38de5342e43b88c6c138eada84e412cf1e703432c7affee73190cd88	2692	14098076	12.1%	25.8%	local-recv	7546a023	no	2751	244.13	281434930	54476288
9	mux-compose-T2xL2-t1	down	50000000	c2ee64dc	49212,49229	standby	out	c2ee64dc>02ea1b80411ef28514056466bf11d8a7b7fcdcf4a964ebd874f8bd9fd74e81eda2;1483d7b9>022716fba0f9a5d46ae7b8a4412296847d63d96c763d49068e851e9be7542080b1	stcpr	86.621971	02ea1b80411ef28514056466bf11d8a7b7fcdcf4a964ebd874f8bd9fd74e81eda2	111	144911	-	-	local-recv	-	-	-	-	-	-
9	mux-compose-T2xL2-t1	down	50000000	7c80edb8	49213	standby	out	7c80edb8>022a2a1c5588bcb401377ca54dc2487ec4f2e41286a3d2aff4028facc7bfd6d9cc;3021cb5c>022716fba0f9a5d46ae7b8a4412296847d63d96c763d49068e851e9be7542080b1	stcpr	162.768885	022a2a1c5588bcb401377ca54dc2487ec4f2e41286a3d2aff4028facc7bfd6d9cc	371	371	-	-	local-recv	3021cb5c	no	7	251.19	12384	12192
9	mux-compose-T2xL2-t1	down	50000000	4470a453	49214	standby	out	4470a453>031bb93993ee93a04c8d7a69b3eab16f2cb7ff6cae97f86e561b1c712b0b6dfae4;6ed88be5>022716fba0f9a5d46ae7b8a4412296847d63d96c763d49068e851e9be7542080b1	stcpr	178.344483	031bb93993ee93a04c8d7a69b3eab16f2cb7ff6cae97f86e561b1c712b0b6dfae4	472	472	-	-	local-recv	6ed88be5	no	4	302.67	12288	12256
9	mux-compose-T2xL2-t1	down	50000000	25b03079	49214,49232	standby	out	25b03079>02c43f7d6da81cdca65fcf41906ff321f0d9f14e4c9ab0ff8b54b8ec64cce11bf0;18e8b97b>022716fba0f9a5d46ae7b8a4412296847d63d96c763d49068e851e9be7542080b1	stcpr	82.598708	02c43f7d6da81cdca65fcf41906ff321f0d9f14e4c9ab0ff8b54b8ec64cce11bf0	40	50	-	-	local-recv	18e8b97b	yes	0	0	0	0
9	mux-compose-T2xL2-t1	down	50000000	619865a5	49215	standby	out	619865a5>02109a13c780fe273e48b5a7a9e030c1052156cd5afef4dff1c100598226ad8da9;25c2ebc5>022716fba0f9a5d46ae7b8a4412296847d63d96c763d49068e851e9be7542080b1	stcpr	163.820431	02109a13c780fe273e48b5a7a9e030c1052156cd5afef4dff1c100598226ad8da9	408	472	-	-	local-recv	25c2ebc5	no	6	243.98	12352	12224
9	mux-compose-T2xL2-t1	down	50000000	fdab37dd	49216	standby	out	fdab37dd>03f57e7cf26c0764c5ab659a606add056ddf8bfad4f5bc7e8613cad05e5f228adf;7420f415>022716fba0f9a5d46ae7b8a4412296847d63d96c763d49068e851e9be7542080b1	stcpr	494.208695	03f57e7cf26c0764c5ab659a606add056ddf8bfad4f5bc7e8613cad05e5f228adf	513	297660	-	-	local-recv	-	-	-	-	-	-
9	mux-compose-T2xL2-t1	down	50000000	35766599	49216	standby	out	35766599>03a4a29d19804bd98d9a8197a327d53d0d00865815ee7d0a320cd0da4250102cdb;a6830d6d>022716fba0f9a5d46ae7b8a4412296847d63d96c763d49068e851e9be7542080b1	stcpr	81.521059	03a4a29d19804bd98d9a8197a327d53d0d00865815ee7d0a320cd0da4250102cdb	40	45	-	-	local-recv	a6830d6d	no	5	263.42	186014151	50049311
9	mux-compose-T2xL2-t1	down	50000000	475d59a5	49217	standby	out	475d59a5>02b1d9c56928f533ea9b309f8a53ed4807ee4e0193ef3c3a0234033313feceb8f2;99a80e72>022716fba0f9a5d46ae7b8a4412296847d63d96c763d49068e851e9be7542080b1	stcpr	248.323589	02b1d9c56928f533ea9b309f8a53ed4807ee4e0193ef3c3a0234033313feceb8f2	472	472	-	-	local-recv	99a80e72	no	5	345.68	12320	12192
9	mux-compose-T2xL2-t1	down	50000000	ca42696c	49217,49231	standby	out	ca42696c>028ed30c290b4c0c36d769108be072a995ac100cd5fcb249b33b92c127961cdfbb;97203c85>022716fba0f9a5d46ae7b8a4412296847d63d96c763d49068e851e9be7542080b1	stcpr	83.770368	028ed30c290b4c0c36d769108be072a995ac100cd5fcb249b33b92c127961cdfbb	40	50	-	-	local-recv	97203c85	yes	0	0	0	0
9	mux-compose-T2xL2-t1	down	50000000	e5faa6e0	49218	standby	out	e5faa6e0>02230b0a96a6f94179fab58196d3dfa1e19070faeae82d6900971462996541e774;47361294>022716fba0f9a5d46ae7b8a4412296847d63d96c763d49068e851e9be7542080b1	stcpr	153.858732	02230b0a96a6f94179fab58196d3dfa1e19070faeae82d6900971462996541e774	334	334	-	-	local-recv	47361294	no	5	244.9	12320	12192
9	mux-compose-T2xL2-t1	down	50000000	ee5902d2	49218,49230	standby	out	ee5902d2>0397b427c1e522b768389db1fdfab3943a74e69683800fe4950af7dfb3bf66893c;2dfdb077>022716fba0f9a5d46ae7b8a4412296847d63d96c763d49068e851e9be7542080b1	stcpr	315.216677	0397b427c1e522b768389db1fdfab3943a74e69683800fe4950af7dfb3bf66893c	56	64	-	-	local-recv	2dfdb077	yes	0	0	0	0
9	mux-compose-T2xL2-t1	down	50000000	b71ddf99	49219	standby	out	b71ddf99>0328947fced4d4b7beb65a6ef60d579e42d7976168c292cbd6d28b5b8bdc85757f;47828219>022716fba0f9a5d46ae7b8a4412296847d63d96c763d49068e851e9be7542080b1	stcpr	505.315652	0328947fced4d4b7beb65a6ef60d579e42d7976168c292cbd6d28b5b8bdc85757f	387	387	-	-	local-recv	47828219	no	5	244.45	12320	12160
9	mux-compose-T2xL2-t1	down	50000000	696629b6	49219,49233	standby	out	696629b6>03ecc7d108a98480b40a85bbfadb8f477d0c3559316306dcd7ba52fa3d21dad91e;75b62c04>022716fba0f9a5d46ae7b8a4412296847d63d96c763d49068e851e9be7542080b1	stcpr	80.675049	03ecc7d108a98480b40a85bbfadb8f477d0c3559316306dcd7ba52fa3d21dad91e	64	72	-	-	local-recv	75b62c04	yes	0	0	0	0
9	mux-compose-T2xL2-t1	down	50000000	bf9b0de8	49220	standby	out	bf9b0de8>026a913078651938783e19416a2de99c924df209e28512da2a571868c989bf3822;c2793bef>022716fba0f9a5d46ae7b8a4412296847d63d96c763d49068e851e9be7542080b1	stcpr	156.499436	026a913078651938783e19416a2de99c924df209e28512da2a571868c989bf3822	379	379	-	-	local-recv	c2793bef	no	4	244.61	12288	12224
9	mux-compose-T2xL2-t1	down	50000000	e5f24143	49220,49223	standby	out	e5f24143>024a37bae69d6be2ec51eeb9d2b7e99073c30153d06896032f5bd3c09ca843bdb9;a214890d>022716fba0f9a5d46ae7b8a4412296847d63d96c763d49068e851e9be7542080b1	stcpr	38.020679	024a37bae69d6be2ec51eeb9d2b7e99073c30153d06896032f5bd3c09ca843bdb9	40	50	-	-	local-recv	a214890d	yes	0	0	0	0
9	mux-compose-T2xL2-t1	down	50000000	bac92dd4	49222,49233	standby	out	bac92dd4>02db6d6f87e5d6382c827c066514195dfed31f61f07a295caa1b8f4364826921be;11b37300>022716fba0f9a5d46ae7b8a4412296847d63d96c763d49068e851e9be7542080b1	stcpr	174.524809	02db6d6f87e5d6382c827c066514195dfed31f61f07a295caa1b8f4364826921be	763	763	-	-	local-recv	11b37300	no	5	249.9	12000	11904
9	mux-compose-T2xL2-t1	down	50000000	0d53f7b1	49223,49232	standby	out	0d53f7b1>021ed11eb6557e39fee1e2ef91671bced1483b6c15debc45be54a5f1e1c3c07659;a8ae418c>022716fba0f9a5d46ae7b8a4412296847d63d96c763d49068e851e9be7542080b1	stcpr	170.154391	021ed11eb6557e39fee1e2ef91671bced1483b6c15debc45be54a5f1e1c3c07659	827	827	-	-	local-recv	a8ae418c	no	5	395.94	12000	11904
9	mux-compose-T2xL2-t1	down	50000000	336d3a3e	49224	standby	out	336d3a3e>031fc6a42965440b0bb761120c53001d03ead6c862249b1851368097fd19b3a9f1;89d170d4>022716fba0f9a5d46ae7b8a4412296847d63d96c763d49068e851e9be7542080b1	stcpr	151.307	031fc6a42965440b0bb761120c53001d03ead6c862249b1851368097fd19b3a9f1	456	424	-	-	local-recv	89d170d4	no	415	373	204778009	29277411
9	mux-compose-T2xL2-t1	down	50000000	5157fdc8	49225	standby	out	5157fdc8>03360da779493433e9ae8e103ac1c0baf6973982f93bd3cf326e4b18f9fda666cb;2b4ccbdd>022716fba0f9a5d46ae7b8a4412296847d63d96c763d49068e851e9be7542080b1	stcpr	177.084961	03360da779493433e9ae8e103ac1c0baf6973982f93bd3cf326e4b18f9fda666cb	416	416	-	-	local-recv	2b4ccbdd	no	5	267.41	12192	12096
9	mux-compose-T2xL2-t1	down	50000000	ea69bc13	49226	standby	out	ea69bc13>03dd3a272482055da08828fafffe0cb537915a52e71c92bfc9bf3140ab0153cd7c;ce4708f1>022716fba0f9a5d46ae7b8a4412296847d63d96c763d49068e851e9be7542080b1	stcpr	168.635	03dd3a272482055da08828fafffe0cb537915a52e71c92bfc9bf3140ab0153cd7c	339	339	-	-	local-recv	ce4708f1	no	4	248.48	12224	12192
9	mux-compose-T2xL2-t1	down	50000000	a18cfda5	49227,49230	standby	out	a18cfda5>032fe1b4b0bf0207c10bc99cf64be4fdc15464981554e0cd58bf66f06960cd5fcc;0601bd31>022716fba0f9a5d46ae7b8a4412296847d63d96c763d49068e851e9be7542080b1	stcpr	161.083818	032fe1b4b0bf0207c10bc99cf64be4fdc15464981554e0cd58bf66f06960cd5fcc	755	755	-	-	local-recv	0601bd31	no	5	256.11	12000	11904
9	mux-compose-T2xL2-t1	down	50000000	9a548f01	49228	standby	out	9a548f01>038a10abc4081748dad046dafe39a4f4744352703d19a6dbee68b97ae9f9d334f0;7db81071>022716fba0f9a5d46ae7b8a4412296847d63d96c763d49068e851e9be7542080b1	stcpr	169.067	038a10abc4081748dad046dafe39a4f4744352703d19a6dbee68b97ae9f9d334f0	384	384	-	-	local-recv	7db81071	no	6	399.19	12288	12160
9	mux-compose-T2xL2-t1	down	50000000	1bb37806	49229	standby	out	1bb37806>02b3a85aee85dece633272731c2e37867a39fa9127f28233ad18ed0051184fc40a;d30e45c7>022716fba0f9a5d46ae7b8a4412296847d63d96c763d49068e851e9be7542080b1	squicr	172.05	02b3a85aee85dece633272731c2e37867a39fa9127f28233ad18ed0051184fc40a	424	424	-	-	local-recv	d30e45c7	no	3	263.52	12192	12224
9	mux-compose-T2xL2-t1	down	50000000	b250c046	49231	standby	out	b250c046>02956775f345d7328128678c0ced40a3e3e3f91bbf431ef886f41df31d93ee1661;3164901a>022716fba0f9a5d46ae7b8a4412296847d63d96c763d49068e851e9be7542080b1	stcpr	78.401539	02956775f345d7328128678c0ced40a3e3e3f91bbf431ef886f41df31d93ee1661	387	387	-	-	local-recv	3164901a	no	3	264.45	11936	11968
9	mux-compose-T2xL2-t1	down	50000000	77fb43c0	49234	standby	out	77fb43c0>02090aec59b40207d8662c82e4ecfc524b740c27f2fb98cfb5582833a66bdcb797;cab03f16>022716fba0f9a5d46ae7b8a4412296847d63d96c763d49068e851e9be7542080b1	squicr	172.700163	02090aec59b40207d8662c82e4ecfc524b740c27f2fb98cfb5582833a66bdcb797	350	350	-	-	local-recv	cab03f16	no	4	250.47	11968	11872
9	mux-compose-T2xL2-t1	down	50000000	fb021902	49234	standby	out	fb021902>02781a0ac87d137d612bdefc5d68f420125887771e2d5cf6bc710c83ffc3b9d696;80303b39>022716fba0f9a5d46ae7b8a4412296847d63d96c763d49068e851e9be7542080b1	stcpr	134.742987	02781a0ac87d137d612bdefc5d68f420125887771e2d5cf6bc710c83ffc3b9d696	32	36	-	-	local-recv	80303b39	yes	0	0	0	0
9	mux-compose-T2xL2-t1	down	50000000	30f42c30	49235	standby	out	30f42c30>03eba64189c636ab77c2da630bf2a0c77061bc783e59f80fd39015a42f9ae6ce01;0d8257e2>022716fba0f9a5d46ae7b8a4412296847d63d96c763d49068e851e9be7542080b1	stcpr	555.855424	03eba64189c636ab77c2da630bf2a0c77061bc783e59f80fd39015a42f9ae6ce01	419	419	-	-	local-recv	0d8257e2	no	6	243.27	12032	11936
10	mux-compose-T2xL2-t2	down	50000000	95839ad0	49203,49215,49224	active	in	95839ad0>0371ab4bcff7b121f4b91f6856d6740c6f9dc1fe716977850aeb5d84378b300a13;dc5330cf>022716fba0f9a5d46ae7b8a4412296847d63d96c763d49068e851e9be7542080b1	stcpr	131.665	0371ab4bcff7b121f4b91f6856d6740c6f9dc1fe716977850aeb5d84378b300a13	5590	16850824	43.9%	32.1%	local-recv	-	-	-	-	-	-
10	mux-compose-T2xL2-t2	down	50000000	f1012467	49203,49211	active	in	f1012467>0281a102c82820e811368c8d028cf11b1a985043b726b1bcdb8fce89b27384b2cb;57c570d9>022716fba0f9a5d46ae7b8a4412296847d63d96c763d49068e851e9be7542080b1	stcpr	152.817176	0281a102c82820e811368c8d028cf11b1a985043b726b1bcdb8fce89b27384b2cb	598	4849851	4.7%	9.2%	local-recv	-	-	-	-	-	-
10	mux-compose-T2xL2-t2	down	50000000	ac40965a	49204	active	in	ac40965a>02c483938539bd7820f72e48ed6056bab68e221e1108d23965a2903221495e4af7;3de424e0>022716fba0f9a5d46ae7b8a4412296847d63d96c763d49068e851e9be7542080b1	stcpr	257.256922	02c483938539bd7820f72e48ed6056bab68e221e1108d23965a2903221495e4af7	3782	10456280	29.7%	19.9%	local-recv	-	-	-	-	-	-
10	mux-compose-T2xL2-t2	down	50000000	2c4ae7a5	49204	active	in	2c4ae7a5>02a2d4c346dabd165fd555dfdba4a7f4d18786fe7e055e562397cd5102bdd7f8dd;d0b47ec2>022716fba0f9a5d46ae7b8a4412296847d63d96c763d49068e851e9be7542080b1	stcpr	293.727518	02a2d4c346dabd165fd555dfdba4a7f4d18786fe7e055e562397cd5102bdd7f8dd	100	4324060	0.8%	8.2%	local-recv	-	-	-	-	-	-
10	mux-compose-T2xL2-t2	down	50000000	77674aa7	49205	standby	out	77674aa7>0269fcc9891752f41850fd345affd7fb133522567f433658142fbefe1d6446d8cd;b7caa06d>022716fba0f9a5d46ae7b8a4412296847d63d96c763d49068e851e9be7542080b1	stcpr	245.654278	0269fcc9891752f41850fd345affd7fb133522567f433658142fbefe1d6446d8cd	419	419	-	-	local-recv	b7caa06d	no	5	340.46	12416	12320
10	mux-compose-T2xL2-t2	down	50000000	a94550f5	49205,49235	standby	out	a94550f5>025cc9b7ba632d57c12ccad1eb31c47a942dede14d1e174ac6c19a4988abb200c0;f3dfb306>022716fba0f9a5d46ae7b8a4412296847d63d96c763d49068e851e9be7542080b1	stcpr	68.394503	025cc9b7ba632d57c12ccad1eb31c47a942dede14d1e174ac6c19a4988abb200c0	48	58	-	-	local-recv	f3dfb306	yes	0	0	0	0
10	mux-compose-T2xL2-t2	down	50000000	b45c771a	49206	standby	out	b45c771a>03f82ff0d7ce318d14db5a8fb754741fa257ffcdb17c629879f854298e8fe85384;5e04a7c8>022716fba0f9a5d46ae7b8a4412296847d63d96c763d49068e851e9be7542080b1	squicr	162.433552	03f82ff0d7ce318d14db5a8fb754741fa257ffcdb17c629879f854298e8fe85384	379	379	-	-	local-recv	5e04a7c8	no	7	244.21	12480	12448
10	mux-compose-T2xL2-t2	down	50000000	b6e61452	49206,49225	standby	out	b6e61452>02d92e70b9dd358112ebd266e641a6a928397edfda54c213f7b37dd5cd57eca17a;f3d8c01a>022716fba0f9a5d46ae7b8a4412296847d63d96c763d49068e851e9be7542080b1	stcpr	77.216812	02d92e70b9dd358112ebd266e641a6a928397edfda54c213f7b37dd5cd57eca17a	48	58	-	-	local-recv	f3d8c01a	yes	0	0	0	0
10	mux-compose-T2xL2-t2	down	50000000	df4c1852	49207	standby	out	df4c1852>035f532aed88e89cb8822a31b71d83a14f63fabd6389e537c2426fe84031c60825;f148d779>022716fba0f9a5d46ae7b8a4412296847d63d96c763d49068e851e9be7542080b1	stcpr	157.096714	035f532aed88e89cb8822a31b71d83a14f63fabd6389e537c2426fe84031c60825	387	387	-	-	local-recv	f148d779	no	5	244.54	12416	12352
10	mux-compose-T2xL2-t2	down	50000000	88737946	49207,49222	standby	out	88737946>039ba57e780efc89546104a134e9121f1dda0617e335eee8c3f21e4e272df93ac1;f888da30>022716fba0f9a5d46ae7b8a4412296847d63d96c763d49068e851e9be7542080b1	stcpr	93.010188	039ba57e780efc89546104a134e9121f1dda0617e335eee8c3f21e4e272df93ac1	40	51	-	-	local-recv	f888da30	yes	0	0	0	0
10	mux-compose-T2xL2-t2	down	50000000	03f0e265	49208	standby	out	03f0e265>035f6c7648bb0034b436db7d3845f7b482e8da705ca2b4622fd9673eb60921d5e5;ca5d50b7>022716fba0f9a5d46ae7b8a4412296847d63d96c763d49068e851e9be7542080b1	stcpr	163.238962	035f6c7648bb0034b436db7d3845f7b482e8da705ca2b4622fd9673eb60921d5e5	427	427	-	-	local-recv	ca5d50b7	no	4	244.36	12384	12352
10	mux-compose-T2xL2-t2	down	50000000	82aaa034	49208,49227	standby	out	82aaa034>03852490a5cb7f48e8d20af0a4c558a605a2ef26b61ae75a78295c442697ecd375;b625e9da>022716fba0f9a5d46ae7b8a4412296847d63d96c763d49068e851e9be7542080b1	stcpr	76.121471	03852490a5cb7f48e8d20af0a4c558a605a2ef26b61ae75a78295c442697ecd375	48	58	-	-	local-recv	b625e9da	yes	0	0	0	0
10	mux-compose-T2xL2-t2	down	50000000	2ca52bbf	49209	standby	out	2ca52bbf>03d1a14c1f4ce581211e919dd22211c211020c3a1634fa90e94df2b60e2e1a7f91;ef8238bf>022716fba0f9a5d46ae7b8a4412296847d63d96c763d49068e851e9be7542080b1	stcpr	166.33074	03d1a14c1f4ce581211e919dd22211c211020c3a1634fa90e94df2b60e2e1a7f91	379	379	-	-	local-recv	ef8238bf	no	5	399.68	12416	12352
10	mux-compose-T2xL2-t2	down	50000000	287b1d97	49209,49228	standby	out	287b1d97>03b934e8a26ddb9d635381df94dbf778cdfebf53f8956902ec3a7837524a75024f;9d5d85da>022716fba0f9a5d46ae7b8a4412296847d63d96c763d49068e851e9be7542080b1	stcpr	79.820625	03b934e8a26ddb9d635381df94dbf778cdfebf53f8956902ec3a7837524a75024f	40	50	-	-	local-recv	9d5d85da	yes	0	0	0	0
10	mux-compose-T2xL2-t2	down	50000000	97ae541b	49210	standby	out	97ae541b>03c3278fa753b5e942c8b1bfe028219520b8b713f370796e442a4d416a41e08b17;b70493f1>022716fba0f9a5d46ae7b8a4412296847d63d96c763d49068e851e9be7542080b1	stcpr	166.306321	03c3278fa753b5e942c8b1bfe028219520b8b713f370796e442a4d416a41e08b17	411	411	-	-	local-recv	b70493f1	no	4	244.42	12384	12352
10	mux-compose-T2xL2-t2	down	50000000	690554b9	49210	standby	out	690554b9>02bf4a7b17f587405738f9c2677ac63b7b99fa3f1e589159daf8429d66585e2e0c;cc141cac>022716fba0f9a5d46ae7b8a4412296847d63d96c763d49068e851e9be7542080b1	stcpr	91.05606	02bf4a7b17f587405738f9c2677ac63b7b99fa3f1e589159daf8429d66585e2e0c	24	29	-	-	local-recv	cc141cac	yes	0	0	0	0
10	mux-compose-T2xL2-t2	down	50000000	a7990e32	49211,49226	standby	out	a7990e32>020819902394f4b8e0e77c3961bb37d77b688d41c3f639f531aebb0a70c64d7092;4d82d133>022716fba0f9a5d46ae7b8a4412296847d63d96c763d49068e851e9be7542080b1	stcpr	65.997397	020819902394f4b8e0e77c3961bb37d77b688d41c3f639f531aebb0a70c64d7092	48	59	-	-	local-recv	4d82d133	yes	0	0	0	0
10	mux-compose-T2xL2-t2	down	50000000	d3604075	49212	standby	in	d3604075>03a9a28d2a38de5342e43b88c6c138eada84e412cf1e703432c7affee73190cd88;7546a023>022716fba0f9a5d46ae7b8a4412296847d63d96c763d49068e851e9be7542080b1	squicr	165.669879	03a9a28d2a38de5342e43b88c6c138eada84e412cf1e703432c7affee73190cd88	2649	15996417	20.8%	30.5%	local-recv	7546a023	no	2751	244.13	281434930	54476288
10	mux-compose-T2xL2-t2	down	50000000	c2ee64dc	49212,49229	standby	out	c2ee64dc>02ea1b80411ef28514056466bf11d8a7b7fcdcf4a964ebd874f8bd9fd74e81eda2;1483d7b9>022716fba0f9a5d46ae7b8a4412296847d63d96c763d49068e851e9be7542080b1	stcpr	86.621971	02ea1b80411ef28514056466bf11d8a7b7fcdcf4a964ebd874f8bd9fd74e81eda2	111	145432	-	-	local-recv	-	-	-	-	-	-
10	mux-compose-T2xL2-t2	down	50000000	7c80edb8	49213	standby	out	7c80edb8>022a2a1c5588bcb401377ca54dc2487ec4f2e41286a3d2aff4028facc7bfd6d9cc;3021cb5c>022716fba0f9a5d46ae7b8a4412296847d63d96c763d49068e851e9be7542080b1	stcpr	162.768885	022a2a1c5588bcb401377ca54dc2487ec4f2e41286a3d2aff4028facc7bfd6d9cc	435	435	-	-	local-recv	3021cb5c	no	7	251.19	12384	12192
10	mux-compose-T2xL2-t2	down	50000000	4470a453	49214	standby	out	4470a453>031bb93993ee93a04c8d7a69b3eab16f2cb7ff6cae97f86e561b1c712b0b6dfae4;6ed88be5>022716fba0f9a5d46ae7b8a4412296847d63d96c763d49068e851e9be7542080b1	stcpr	178.344483	031bb93993ee93a04c8d7a69b3eab16f2cb7ff6cae97f86e561b1c712b0b6dfae4	419	419	-	-	local-recv	6ed88be5	no	4	302.67	12288	12256
10	mux-compose-T2xL2-t2	down	50000000	25b03079	49214,49232	standby	out	25b03079>02c43f7d6da81cdca65fcf41906ff321f0d9f14e4c9ab0ff8b54b8ec64cce11bf0;18e8b97b>022716fba0f9a5d46ae7b8a4412296847d63d96c763d49068e851e9be7542080b1	stcpr	82.598708	02c43f7d6da81cdca65fcf41906ff321f0d9f14e4c9ab0ff8b54b8ec64cce11bf0	40	50	-	-	local-recv	18e8b97b	yes	0	0	0	0
10	mux-compose-T2xL2-t2	down	50000000	619865a5	49215	standby	out	619865a5>02109a13c780fe273e48b5a7a9e030c1052156cd5afef4dff1c100598226ad8da9;25c2ebc5>022716fba0f9a5d46ae7b8a4412296847d63d96c763d49068e851e9be7542080b1	stcpr	163.820431	02109a13c780fe273e48b5a7a9e030c1052156cd5afef4dff1c100598226ad8da9	419	419	-	-	local-recv	25c2ebc5	no	6	243.98	12352	12224
10	mux-compose-T2xL2-t2	down	50000000	fdab37dd	49216	standby	out	fdab37dd>03f57e7cf26c0764c5ab659a606add056ddf8bfad4f5bc7e8613cad05e5f228adf;7420f415>022716fba0f9a5d46ae7b8a4412296847d63d96c763d49068e851e9be7542080b1	stcpr	494.208695	03f57e7cf26c0764c5ab659a606add056ddf8bfad4f5bc7e8613cad05e5f228adf	521	303350	-	-	local-recv	-	-	-	-	-	-
10	mux-compose-T2xL2-t2	down	50000000	35766599	49216	standby	out	35766599>03a4a29d19804bd98d9a8197a327d53d0d00865815ee7d0a320cd0da4250102cdb;a6830d6d>022716fba0f9a5d46ae7b8a4412296847d63d96c763d49068e851e9be7542080b1	stcpr	81.521059	03a4a29d19804bd98d9a8197a327d53d0d00865815ee7d0a320cd0da4250102cdb	24	30	-	-	local-recv	a6830d6d	no	5	263.42	186014151	50049311
10	mux-compose-T2xL2-t2	down	50000000	475d59a5	49217	standby	out	475d59a5>02b1d9c56928f533ea9b309f8a53ed4807ee4e0193ef3c3a0234033313feceb8f2;99a80e72>022716fba0f9a5d46ae7b8a4412296847d63d96c763d49068e851e9be7542080b1	stcpr	248.323589	02b1d9c56928f533ea9b309f8a53ed4807ee4e0193ef3c3a0234033313feceb8f2	419	419	-	-	local-recv	99a80e72	no	5	345.68	12320	12192
10	mux-compose-T2xL2-t2	down	50000000	ca42696c	49217,49231	standby	out	ca42696c>028ed30c290b4c0c36d769108be072a995ac100cd5fcb249b33b92c127961cdfbb;97203c85>022716fba0f9a5d46ae7b8a4412296847d63d96c763d49068e851e9be7542080b1	stcpr	83.770368	028ed30c290b4c0c36d769108be072a995ac100cd5fcb249b33b92c127961cdfbb	48	58	-	-	local-recv	97203c85	yes	0	0	0	0
10	mux-compose-T2xL2-t2	down	50000000	e5faa6e0	49218	standby	out	e5faa6e0>02230b0a96a6f94179fab58196d3dfa1e19070faeae82d6900971462996541e774;47361294>022716fba0f9a5d46ae7b8a4412296847d63d96c763d49068e851e9be7542080b1	stcpr	153.858732	02230b0a96a6f94179fab58196d3dfa1e19070faeae82d6900971462996541e774	379	379	-	-	local-recv	47361294	no	5	244.9	12320	12192
10	mux-compose-T2xL2-t2	down	50000000	ee5902d2	49218,49230	standby	out	ee5902d2>0397b427c1e522b768389db1fdfab3943a74e69683800fe4950af7dfb3bf66893c;2dfdb077>022716fba0f9a5d46ae7b8a4412296847d63d96c763d49068e851e9be7542080b1	stcpr	315.216677	0397b427c1e522b768389db1fdfab3943a74e69683800fe4950af7dfb3bf66893c	64	74	-	-	local-recv	2dfdb077	yes	0	0	0	0
10	mux-compose-T2xL2-t2	down	50000000	b71ddf99	49219	standby	out	b71ddf99>0328947fced4d4b7beb65a6ef60d579e42d7976168c292cbd6d28b5b8bdc85757f;47828219>022716fba0f9a5d46ae7b8a4412296847d63d96c763d49068e851e9be7542080b1	stcpr	505.315652	0328947fced4d4b7beb65a6ef60d579e42d7976168c292cbd6d28b5b8bdc85757f	435	435	-	-	local-recv	47828219	no	5	244.45	12320	12160
10	mux-compose-T2xL2-t2	down	50000000	696629b6	49219,49233	standby	out	696629b6>03ecc7d108a98480b40a85bbfadb8f477d0c3559316306dcd7ba52fa3d21dad91e;75b62c04>022716fba0f9a5d46ae7b8a4412296847d63d96c763d49068e851e9be7542080b1	stcpr	80.675049	03ecc7d108a98480b40a85bbfadb8f477d0c3559316306dcd7ba52fa3d21dad91e	64	74	-	-	local-recv	75b62c04	yes	0	0	0	0
10	mux-compose-T2xL2-t2	down	50000000	bf9b0de8	49220	standby	out	bf9b0de8>026a913078651938783e19416a2de99c924df209e28512da2a571868c989bf3822;c2793bef>022716fba0f9a5d46ae7b8a4412296847d63d96c763d49068e851e9be7542080b1	stcpr	156.499436	026a913078651938783e19416a2de99c924df209e28512da2a571868c989bf3822	379	379	-	-	local-recv	c2793bef	no	4	244.61	12288	12224
10	mux-compose-T2xL2-t2	down	50000000	e5f24143	49220,49223	standby	out	e5f24143>024a37bae69d6be2ec51eeb9d2b7e99073c30153d06896032f5bd3c09ca843bdb9;a214890d>022716fba0f9a5d46ae7b8a4412296847d63d96c763d49068e851e9be7542080b1	stcpr	38.020679	024a37bae69d6be2ec51eeb9d2b7e99073c30153d06896032f5bd3c09ca843bdb9	48	58	-	-	local-recv	a214890d	yes	0	0	0	0
10	mux-compose-T2xL2-t2	down	50000000	bac92dd4	49222,49233	standby	out	bac92dd4>02db6d6f87e5d6382c827c066514195dfed31f61f07a295caa1b8f4364826921be;11b37300>022716fba0f9a5d46ae7b8a4412296847d63d96c763d49068e851e9be7542080b1	stcpr	174.524809	02db6d6f87e5d6382c827c066514195dfed31f61f07a295caa1b8f4364826921be	758	758	-	-	local-recv	11b37300	no	5	249.9	12000	11904
10	mux-compose-T2xL2-t2	down	50000000	0d53f7b1	49223,49232	standby	out	0d53f7b1>021ed11eb6557e39fee1e2ef91671bced1483b6c15debc45be54a5f1e1c3c07659;a8ae418c>022716fba0f9a5d46ae7b8a4412296847d63d96c763d49068e851e9be7542080b1	stcpr	170.154391	021ed11eb6557e39fee1e2ef91671bced1483b6c15debc45be54a5f1e1c3c07659	768	822	-	-	local-recv	a8ae418c	no	5	395.94	12000	11904
10	mux-compose-T2xL2-t2	down	50000000	336d3a3e	49224	standby	out	336d3a3e>031fc6a42965440b0bb761120c53001d03ead6c862249b1851368097fd19b3a9f1;89d170d4>022716fba0f9a5d46ae7b8a4412296847d63d96c763d49068e851e9be7542080b1	stcpr	151.307	031fc6a42965440b0bb761120c53001d03ead6c862249b1851368097fd19b3a9f1	456	456	-	-	local-recv	89d170d4	no	415	373	204778009	29277411
10	mux-compose-T2xL2-t2	down	50000000	5157fdc8	49225	standby	out	5157fdc8>03360da779493433e9ae8e103ac1c0baf6973982f93bd3cf326e4b18f9fda666cb;2b4ccbdd>022716fba0f9a5d46ae7b8a4412296847d63d96c763d49068e851e9be7542080b1	stcpr	177.084961	03360da779493433e9ae8e103ac1c0baf6973982f93bd3cf326e4b18f9fda666cb	411	411	-	-	local-recv	2b4ccbdd	no	5	267.41	12192	12096
10	mux-compose-T2xL2-t2	down	50000000	ea69bc13	49226	standby	out	ea69bc13>03dd3a272482055da08828fafffe0cb537915a52e71c92bfc9bf3140ab0153cd7c;ce4708f1>022716fba0f9a5d46ae7b8a4412296847d63d96c763d49068e851e9be7542080b1	stcpr	168.635	03dd3a272482055da08828fafffe0cb537915a52e71c92bfc9bf3140ab0153cd7c	379	379	-	-	local-recv	ce4708f1	no	4	248.48	12224	12192
10	mux-compose-T2xL2-t2	down	50000000	a18cfda5	49227,49230	standby	out	a18cfda5>032fe1b4b0bf0207c10bc99cf64be4fdc15464981554e0cd58bf66f06960cd5fcc;0601bd31>022716fba0f9a5d46ae7b8a4412296847d63d96c763d49068e851e9be7542080b1	stcpr	161.083818	032fe1b4b0bf0207c10bc99cf64be4fdc15464981554e0cd58bf66f06960cd5fcc	822	822	-	-	local-recv	0601bd31	no	5	256.11	12000	11904
10	mux-compose-T2xL2-t2	down	50000000	9a548f01	49228	standby	out	9a548f01>038a10abc4081748dad046dafe39a4f4744352703d19a6dbee68b97ae9f9d334f0;7db81071>022716fba0f9a5d46ae7b8a4412296847d63d96c763d49068e851e9be7542080b1	stcpr	169.067	038a10abc4081748dad046dafe39a4f4744352703d19a6dbee68b97ae9f9d334f0	411	411	-	-	local-recv	7db81071	no	6	399.19	12288	12160
10	mux-compose-T2xL2-t2	down	50000000	1bb37806	49229	standby	out	1bb37806>02b3a85aee85dece633272731c2e37867a39fa9127f28233ad18ed0051184fc40a;d30e45c7>022716fba0f9a5d46ae7b8a4412296847d63d96c763d49068e851e9be7542080b1	squicr	172.05	02b3a85aee85dece633272731c2e37867a39fa9127f28233ad18ed0051184fc40a	387	387	-	-	local-recv	d30e45c7	no	3	263.52	12192	12224
10	mux-compose-T2xL2-t2	down	50000000	b250c046	49231	standby	out	b250c046>02956775f345d7328128678c0ced40a3e3e3f91bbf431ef886f41df31d93ee1661;3164901a>022716fba0f9a5d46ae7b8a4412296847d63d96c763d49068e851e9be7542080b1	stcpr	78.401539	02956775f345d7328128678c0ced40a3e3e3f91bbf431ef886f41df31d93ee1661	387	387	-	-	local-recv	3164901a	no	3	264.45	11936	11968
10	mux-compose-T2xL2-t2	down	50000000	77fb43c0	49234	standby	out	77fb43c0>02090aec59b40207d8662c82e4ecfc524b740c27f2fb98cfb5582833a66bdcb797;cab03f16>022716fba0f9a5d46ae7b8a4412296847d63d96c763d49068e851e9be7542080b1	squicr	172.700163	02090aec59b40207d8662c82e4ecfc524b740c27f2fb98cfb5582833a66bdcb797	419	419	-	-	local-recv	cab03f16	no	4	250.47	11968	11872
10	mux-compose-T2xL2-t2	down	50000000	fb021902	49234	standby	out	fb021902>02781a0ac87d137d612bdefc5d68f420125887771e2d5cf6bc710c83ffc3b9d696;80303b39>022716fba0f9a5d46ae7b8a4412296847d63d96c763d49068e851e9be7542080b1	stcpr	134.742987	02781a0ac87d137d612bdefc5d68f420125887771e2d5cf6bc710c83ffc3b9d696	40	45	-	-	local-recv	80303b39	yes	0	0	0	0
10	mux-compose-T2xL2-t2	down	50000000	30f42c30	49235	standby	out	30f42c30>03eba64189c636ab77c2da630bf2a0c77061bc783e59f80fd39015a42f9ae6ce01;0d8257e2>022716fba0f9a5d46ae7b8a4412296847d63d96c763d49068e851e9be7542080b1	stcpr	555.855424	03eba64189c636ab77c2da630bf2a0c77061bc783e59f80fd39015a42f9ae6ce01	456	456	-	-	local-recv	0d8257e2	no	6	243.27	12032	11936
11	mux-compose-T2xL2-t3	down	50000000	95839ad0	49203,49215,49224	active	in	95839ad0>0371ab4bcff7b121f4b91f6856d6740c6f9dc1fe716977850aeb5d84378b300a13;dc5330cf>022716fba0f9a5d46ae7b8a4412296847d63d96c763d49068e851e9be7542080b1	stcpr	131.665	0371ab4bcff7b121f4b91f6856d6740c6f9dc1fe716977850aeb5d84378b300a13	10744	20342195	7.2%	23.7%	local-recv	-	-	-	-	-	-
11	mux-compose-T2xL2-t3	down	50000000	f1012467	49203,49211	active	in	f1012467>0281a102c82820e811368c8d028cf11b1a985043b726b1bcdb8fce89b27384b2cb;57c570d9>022716fba0f9a5d46ae7b8a4412296847d63d96c763d49068e851e9be7542080b1	stcpr	152.817176	0281a102c82820e811368c8d028cf11b1a985043b726b1bcdb8fce89b27384b2cb	2015	7638416	1.3%	8.9%	local-recv	-	-	-	-	-	-
11	mux-compose-T2xL2-t3	down	50000000	ac40965a	49204	active	in	ac40965a>02c483938539bd7820f72e48ed6056bab68e221e1108d23965a2903221495e4af7;3de424e0>022716fba0f9a5d46ae7b8a4412296847d63d96c763d49068e851e9be7542080b1	stcpr	257.256922	02c483938539bd7820f72e48ed6056bab68e221e1108d23965a2903221495e4af7	131454	45073116	87.7%	52.5%	local-recv	-	-	-	-	-	-
11	mux-compose-T2xL2-t3	down	50000000	fdab37dd	49204,49216	active	in	fdab37dd>03f57e7cf26c0764c5ab659a606add056ddf8bfad4f5bc7e8613cad05e5f228adf;7420f415>022716fba0f9a5d46ae7b8a4412296847d63d96c763d49068e851e9be7542080b1	stcpr	494.208695	03f57e7cf26c0764c5ab659a606add056ddf8bfad4f5bc7e8613cad05e5f228adf	1946	758534	1.3%	0.9%	local-recv	-	-	-	-	-	-
11	mux-compose-T2xL2-t3	down	50000000	77674aa7	49205	standby	out	77674aa7>0269fcc9891752f41850fd345affd7fb133522567f433658142fbefe1d6446d8cd;b7caa06d>022716fba0f9a5d46ae7b8a4412296847d63d96c763d49068e851e9be7542080b1	stcpr	245.654278	0269fcc9891752f41850fd345affd7fb133522567f433658142fbefe1d6446d8cd	1532	1532	-	-	local-recv	b7caa06d	no	5	340.46	12416	12320
11	mux-compose-T2xL2-t3	down	50000000	a94550f5	49205,49235	standby	out	a94550f5>025cc9b7ba632d57c12ccad1eb31c47a942dede14d1e174ac6c19a4988abb200c0;f3dfb306>022716fba0f9a5d46ae7b8a4412296847d63d96c763d49068e851e9be7542080b1	stcpr	68.394503	025cc9b7ba632d57c12ccad1eb31c47a942dede14d1e174ac6c19a4988abb200c0	184	222	-	-	local-recv	f3dfb306	yes	0	0	0	0
11	mux-compose-T2xL2-t3	down	50000000	b45c771a	49206	standby	out	b45c771a>03f82ff0d7ce318d14db5a8fb754741fa257ffcdb17c629879f854298e8fe85384;5e04a7c8>022716fba0f9a5d46ae7b8a4412296847d63d96c763d49068e851e9be7542080b1	squicr	162.433552	03f82ff0d7ce318d14db5a8fb754741fa257ffcdb17c629879f854298e8fe85384	1524	1524	-	-	local-recv	5e04a7c8	no	7	244.21	12480	12448
11	mux-compose-T2xL2-t3	down	50000000	b6e61452	49206,49225	standby	out	b6e61452>02d92e70b9dd358112ebd266e641a6a928397edfda54c213f7b37dd5cd57eca17a;f3d8c01a>022716fba0f9a5d46ae7b8a4412296847d63d96c763d49068e851e9be7542080b1	stcpr	77.216812	02d92e70b9dd358112ebd266e641a6a928397edfda54c213f7b37dd5cd57eca17a	176	214	-	-	local-recv	f3d8c01a	yes	0	0	0	0
11	mux-compose-T2xL2-t3	down	50000000	df4c1852	49207	standby	out	df4c1852>035f532aed88e89cb8822a31b71d83a14f63fabd6389e537c2426fe84031c60825;f148d779>022716fba0f9a5d46ae7b8a4412296847d63d96c763d49068e851e9be7542080b1	stcpr	157.096714	035f532aed88e89cb8822a31b71d83a14f63fabd6389e537c2426fe84031c60825	1519	1455	-	-	local-recv	f148d779	no	5	244.54	12416	12352
11	mux-compose-T2xL2-t3	down	50000000	88737946	49207,49222	standby	out	88737946>039ba57e780efc89546104a134e9121f1dda0617e335eee8c3f21e4e272df93ac1;f888da30>022716fba0f9a5d46ae7b8a4412296847d63d96c763d49068e851e9be7542080b1	stcpr	93.010188	039ba57e780efc89546104a134e9121f1dda0617e335eee8c3f21e4e272df93ac1	168	206	-	-	local-recv	f888da30	yes	0	0	0	0
11	mux-compose-T2xL2-t3	down	50000000	03f0e265	49208	standby	out	03f0e265>035f6c7648bb0034b436db7d3845f7b482e8da705ca2b4622fd9673eb60921d5e5;ca5d50b7>022716fba0f9a5d46ae7b8a4412296847d63d96c763d49068e851e9be7542080b1	stcpr	163.238962	035f6c7648bb0034b436db7d3845f7b482e8da705ca2b4622fd9673eb60921d5e5	1572	1572	-	-	local-recv	ca5d50b7	no	4	244.36	12384	12352
11	mux-compose-T2xL2-t3	down	50000000	82aaa034	49208,49227	standby	out	82aaa034>03852490a5cb7f48e8d20af0a4c558a605a2ef26b61ae75a78295c442697ecd375;b625e9da>022716fba0f9a5d46ae7b8a4412296847d63d96c763d49068e851e9be7542080b1	stcpr	76.121471	03852490a5cb7f48e8d20af0a4c558a605a2ef26b61ae75a78295c442697ecd375	168	206	-	-	local-recv	b625e9da	yes	0	0	0	0
11	mux-compose-T2xL2-t3	down	50000000	2ca52bbf	49209	standby	out	2ca52bbf>03d1a14c1f4ce581211e919dd22211c211020c3a1634fa90e94df2b60e2e1a7f91;ef8238bf>022716fba0f9a5d46ae7b8a4412296847d63d96c763d49068e851e9be7542080b1	stcpr	166.33074	03d1a14c1f4ce581211e919dd22211c211020c3a1634fa90e94df2b60e2e1a7f91	1524	1524	-	-	local-recv	ef8238bf	no	5	399.68	12416	12352
11	mux-compose-T2xL2-t3	down	50000000	287b1d97	49209,49228	standby	out	287b1d97>03b934e8a26ddb9d635381df94dbf778cdfebf53f8956902ec3a7837524a75024f;9d5d85da>022716fba0f9a5d46ae7b8a4412296847d63d96c763d49068e851e9be7542080b1	stcpr	79.820625	03b934e8a26ddb9d635381df94dbf778cdfebf53f8956902ec3a7837524a75024f	184	223	-	-	local-recv	9d5d85da	yes	0	0	0	0
11	mux-compose-T2xL2-t3	down	50000000	97ae541b	49210	standby	out	97ae541b>03c3278fa753b5e942c8b1bfe028219520b8b713f370796e442a4d416a41e08b17;b70493f1>022716fba0f9a5d46ae7b8a4412296847d63d96c763d49068e851e9be7542080b1	stcpr	166.306321	03c3278fa753b5e942c8b1bfe028219520b8b713f370796e442a4d416a41e08b17	1524	1524	-	-	local-recv	b70493f1	no	4	244.42	12384	12352
11	mux-compose-T2xL2-t3	down	50000000	690554b9	49210	standby	out	690554b9>02bf4a7b17f587405738f9c2677ac63b7b99fa3f1e589159daf8429d66585e2e0c;cc141cac>022716fba0f9a5d46ae7b8a4412296847d63d96c763d49068e851e9be7542080b1	stcpr	91.05606	02bf4a7b17f587405738f9c2677ac63b7b99fa3f1e589159daf8429d66585e2e0c	104	124	-	-	local-recv	cc141cac	yes	0	0	0	0
11	mux-compose-T2xL2-t3	down	50000000	a7990e32	49211,49226	standby	out	a7990e32>020819902394f4b8e0e77c3961bb37d77b688d41c3f639f531aebb0a70c64d7092;4d82d133>022716fba0f9a5d46ae7b8a4412296847d63d96c763d49068e851e9be7542080b1	stcpr	65.997397	020819902394f4b8e0e77c3961bb37d77b688d41c3f639f531aebb0a70c64d7092	176	214	-	-	local-recv	4d82d133	yes	0	0	0	0
11	mux-compose-T2xL2-t3	down	50000000	d3604075	49212	standby	in	d3604075>03a9a28d2a38de5342e43b88c6c138eada84e412cf1e703432c7affee73190cd88;7546a023>022716fba0f9a5d46ae7b8a4412296847d63d96c763d49068e851e9be7542080b1	squicr	165.669879	03a9a28d2a38de5342e43b88c6c138eada84e412cf1e703432c7affee73190cd88	3730	12029613	2.5%	14.0%	local-recv	7546a023	no	2751	244.13	281434930	54476288
11	mux-compose-T2xL2-t3	down	50000000	c2ee64dc	49212,49229	standby	out	c2ee64dc>02ea1b80411ef28514056466bf11d8a7b7fcdcf4a964ebd874f8bd9fd74e81eda2;1483d7b9>022716fba0f9a5d46ae7b8a4412296847d63d96c763d49068e851e9be7542080b1	stcpr	86.621971	02ea1b80411ef28514056466bf11d8a7b7fcdcf4a964ebd874f8bd9fd74e81eda2	523	724445	-	-	local-recv	-	-	-	-	-	-
11	mux-compose-T2xL2-t3	down	50000000	7c80edb8	49213	standby	out	7c80edb8>022a2a1c5588bcb401377ca54dc2487ec4f2e41286a3d2aff4028facc7bfd6d9cc;3021cb5c>022716fba0f9a5d46ae7b8a4412296847d63d96c763d49068e851e9be7542080b1	stcpr	162.768885	022a2a1c5588bcb401377ca54dc2487ec4f2e41286a3d2aff4028facc7bfd6d9cc	1492	1492	-	-	local-recv	3021cb5c	no	7	251.19	12384	12192
11	mux-compose-T2xL2-t3	down	50000000	4470a453	49214	standby	out	4470a453>031bb93993ee93a04c8d7a69b3eab16f2cb7ff6cae97f86e561b1c712b0b6dfae4;6ed88be5>022716fba0f9a5d46ae7b8a4412296847d63d96c763d49068e851e9be7542080b1	stcpr	178.344483	031bb93993ee93a04c8d7a69b3eab16f2cb7ff6cae97f86e561b1c712b0b6dfae4	1572	1572	-	-	local-recv	6ed88be5	no	4	302.67	12288	12256
11	mux-compose-T2xL2-t3	down	50000000	25b03079	49214,49232	standby	out	25b03079>02c43f7d6da81cdca65fcf41906ff321f0d9f14e4c9ab0ff8b54b8ec64cce11bf0;18e8b97b>022716fba0f9a5d46ae7b8a4412296847d63d96c763d49068e851e9be7542080b1	stcpr	82.598708	02c43f7d6da81cdca65fcf41906ff321f0d9f14e4c9ab0ff8b54b8ec64cce11bf0	184	222	-	-	local-recv	18e8b97b	yes	0	0	0	0
11	mux-compose-T2xL2-t3	down	50000000	619865a5	49215	standby	out	619865a5>02109a13c780fe273e48b5a7a9e030c1052156cd5afef4dff1c100598226ad8da9;25c2ebc5>022716fba0f9a5d46ae7b8a4412296847d63d96c763d49068e851e9be7542080b1	stcpr	163.820431	02109a13c780fe273e48b5a7a9e030c1052156cd5afef4dff1c100598226ad8da9	1540	1572	-	-	local-recv	25c2ebc5	no	6	243.98	12352	12224
11	mux-compose-T2xL2-t3	down	50000000	35766599	49216	standby	out	35766599>03a4a29d19804bd98d9a8197a327d53d0d00865815ee7d0a320cd0da4250102cdb;a6830d6d>022716fba0f9a5d46ae7b8a4412296847d63d96c763d49068e851e9be7542080b1	stcpr	81.521059	03a4a29d19804bd98d9a8197a327d53d0d00865815ee7d0a320cd0da4250102cdb	120	139	-	-	local-recv	a6830d6d	no	5	263.42	186014151	50049311
11	mux-compose-T2xL2-t3	down	50000000	475d59a5	49217	standby	out	475d59a5>02b1d9c56928f533ea9b309f8a53ed4807ee4e0193ef3c3a0234033313feceb8f2;99a80e72>022716fba0f9a5d46ae7b8a4412296847d63d96c763d49068e851e9be7542080b1	stcpr	248.323589	02b1d9c56928f533ea9b309f8a53ed4807ee4e0193ef3c3a0234033313feceb8f2	1572	1572	-	-	local-recv	99a80e72	no	5	345.68	12320	12192
11	mux-compose-T2xL2-t3	down	50000000	ca42696c	49217,49231	standby	out	ca42696c>028ed30c290b4c0c36d769108be072a995ac100cd5fcb249b33b92c127961cdfbb;97203c85>022716fba0f9a5d46ae7b8a4412296847d63d96c763d49068e851e9be7542080b1	stcpr	83.770368	028ed30c290b4c0c36d769108be072a995ac100cd5fcb249b33b92c127961cdfbb	208	246	-	-	local-recv	97203c85	yes	0	0	0	0
11	mux-compose-T2xL2-t3	down	50000000	e5faa6e0	49218	standby	out	e5faa6e0>02230b0a96a6f94179fab58196d3dfa1e19070faeae82d6900971462996541e774;47361294>022716fba0f9a5d46ae7b8a4412296847d63d96c763d49068e851e9be7542080b1	stcpr	153.858732	02230b0a96a6f94179fab58196d3dfa1e19070faeae82d6900971462996541e774	1524	1524	-	-	local-recv	47361294	no	5	244.9	12320	12192
11	mux-compose-T2xL2-t3	down	50000000	ee5902d2	49218,49230	standby	out	ee5902d2>0397b427c1e522b768389db1fdfab3943a74e69683800fe4950af7dfb3bf66893c;2dfdb077>022716fba0f9a5d46ae7b8a4412296847d63d96c763d49068e851e9be7542080b1	stcpr	315.216677	0397b427c1e522b768389db1fdfab3943a74e69683800fe4950af7dfb3bf66893c	192	230	-	-	local-recv	2dfdb077	yes	0	0	0	0
11	mux-compose-T2xL2-t3	down	50000000	b71ddf99	49219	standby	out	b71ddf99>0328947fced4d4b7beb65a6ef60d579e42d7976168c292cbd6d28b5b8bdc85757f;47828219>022716fba0f9a5d46ae7b8a4412296847d63d96c763d49068e851e9be7542080b1	stcpr	505.315652	0328947fced4d4b7beb65a6ef60d579e42d7976168c292cbd6d28b5b8bdc85757f	1511	1511	-	-	local-recv	47828219	no	5	244.45	12320	12160
11	mux-compose-T2xL2-t3	down	50000000	696629b6	49219,49233	standby	out	696629b6>03ecc7d108a98480b40a85bbfadb8f477d0c3559316306dcd7ba52fa3d21dad91e;75b62c04>022716fba0f9a5d46ae7b8a4412296847d63d96c763d49068e851e9be7542080b1	stcpr	80.675049	03ecc7d108a98480b40a85bbfadb8f477d0c3559316306dcd7ba52fa3d21dad91e	200	238	-	-	local-recv	75b62c04	yes	0	0	0	0
11	mux-compose-T2xL2-t3	down	50000000	bf9b0de8	49220	standby	out	bf9b0de8>026a913078651938783e19416a2de99c924df209e28512da2a571868c989bf3822;c2793bef>022716fba0f9a5d46ae7b8a4412296847d63d96c763d49068e851e9be7542080b1	stcpr	156.499436	026a913078651938783e19416a2de99c924df209e28512da2a571868c989bf3822	1503	1503	-	-	local-recv	c2793bef	no	4	244.61	12288	12224
11	mux-compose-T2xL2-t3	down	50000000	e5f24143	49220,49223	standby	out	e5f24143>024a37bae69d6be2ec51eeb9d2b7e99073c30153d06896032f5bd3c09ca843bdb9;a214890d>022716fba0f9a5d46ae7b8a4412296847d63d96c763d49068e851e9be7542080b1	stcpr	38.020679	024a37bae69d6be2ec51eeb9d2b7e99073c30153d06896032f5bd3c09ca843bdb9	176	214	-	-	local-recv	a214890d	yes	0	0	0	0
11	mux-compose-T2xL2-t3	down	50000000	bac92dd4	49222,49233	standby	out	bac92dd4>02db6d6f87e5d6382c827c066514195dfed31f61f07a295caa1b8f4364826921be;11b37300>022716fba0f9a5d46ae7b8a4412296847d63d96c763d49068e851e9be7542080b1	stcpr	174.524809	02db6d6f87e5d6382c827c066514195dfed31f61f07a295caa1b8f4364826921be	2918	2918	-	-	local-recv	11b37300	no	5	249.9	12000	11904
11	mux-compose-T2xL2-t3	down	50000000	0d53f7b1	49223,49232	standby	out	0d53f7b1>021ed11eb6557e39fee1e2ef91671bced1483b6c15debc45be54a5f1e1c3c07659;a8ae418c>022716fba0f9a5d46ae7b8a4412296847d63d96c763d49068e851e9be7542080b1	stcpr	170.154391	021ed11eb6557e39fee1e2ef91671bced1483b6c15debc45be54a5f1e1c3c07659	3040	3008	-	-	local-recv	a8ae418c	no	5	395.94	12000	11904
11	mux-compose-T2xL2-t3	down	50000000	336d3a3e	49224	standby	out	336d3a3e>031fc6a42965440b0bb761120c53001d03ead6c862249b1851368097fd19b3a9f1;89d170d4>022716fba0f9a5d46ae7b8a4412296847d63d96c763d49068e851e9be7542080b1	stcpr	151.307	031fc6a42965440b0bb761120c53001d03ead6c862249b1851368097fd19b3a9f1	1537	1537	-	-	local-recv	89d170d4	no	415	373	204778009	29277411
11	mux-compose-T2xL2-t3	down	50000000	5157fdc8	49225	standby	out	5157fdc8>03360da779493433e9ae8e103ac1c0baf6973982f93bd3cf326e4b18f9fda666cb;2b4ccbdd>022716fba0f9a5d46ae7b8a4412296847d63d96c763d49068e851e9be7542080b1	stcpr	177.084961	03360da779493433e9ae8e103ac1c0baf6973982f93bd3cf326e4b18f9fda666cb	1532	1532	-	-	local-recv	2b4ccbdd	no	5	267.41	12192	12096
11	mux-compose-T2xL2-t3	down	50000000	ea69bc13	49226	standby	out	ea69bc13>03dd3a272482055da08828fafffe0cb537915a52e71c92bfc9bf3140ab0153cd7c;ce4708f1>022716fba0f9a5d46ae7b8a4412296847d63d96c763d49068e851e9be7542080b1	stcpr	168.635	03dd3a272482055da08828fafffe0cb537915a52e71c92bfc9bf3140ab0153cd7c	1572	1572	-	-	local-recv	ce4708f1	no	4	248.48	12224	12192
11	mux-compose-T2xL2-t3	down	50000000	a18cfda5	49227,49230	standby	out	a18cfda5>032fe1b4b0bf0207c10bc99cf64be4fdc15464981554e0cd58bf66f06960cd5fcc;0601bd31>022716fba0f9a5d46ae7b8a4412296847d63d96c763d49068e851e9be7542080b1	stcpr	161.083818	032fe1b4b0bf0207c10bc99cf64be4fdc15464981554e0cd58bf66f06960cd5fcc	3074	3074	-	-	local-recv	0601bd31	no	5	256.11	12000	11904
11	mux-compose-T2xL2-t3	down	50000000	9a548f01	49228	standby	out	9a548f01>038a10abc4081748dad046dafe39a4f4744352703d19a6dbee68b97ae9f9d334f0;7db81071>022716fba0f9a5d46ae7b8a4412296847d63d96c763d49068e851e9be7542080b1	stcpr	169.067	038a10abc4081748dad046dafe39a4f4744352703d19a6dbee68b97ae9f9d334f0	1524	1524	-	-	local-recv	7db81071	no	6	399.19	12288	12160
11	mux-compose-T2xL2-t3	down	50000000	1bb37806	49229	standby	out	1bb37806>02b3a85aee85dece633272731c2e37867a39fa9127f28233ad18ed0051184fc40a;d30e45c7>022716fba0f9a5d46ae7b8a4412296847d63d96c763d49068e851e9be7542080b1	squicr	172.05	02b3a85aee85dece633272731c2e37867a39fa9127f28233ad18ed0051184fc40a	1524	1524	-	-	local-recv	d30e45c7	no	3	263.52	12192	12224
11	mux-compose-T2xL2-t3	down	50000000	b250c046	49231	standby	out	b250c046>02956775f345d7328128678c0ced40a3e3e3f91bbf431ef886f41df31d93ee1661;3164901a>022716fba0f9a5d46ae7b8a4412296847d63d96c763d49068e851e9be7542080b1	stcpr	78.401539	02956775f345d7328128678c0ced40a3e3e3f91bbf431ef886f41df31d93ee1661	1572	1572	-	-	local-recv	3164901a	no	3	264.45	11936	11968
11	mux-compose-T2xL2-t3	down	50000000	77fb43c0	49234	standby	out	77fb43c0>02090aec59b40207d8662c82e4ecfc524b740c27f2fb98cfb5582833a66bdcb797;cab03f16>022716fba0f9a5d46ae7b8a4412296847d63d96c763d49068e851e9be7542080b1	squicr	172.700163	02090aec59b40207d8662c82e4ecfc524b740c27f2fb98cfb5582833a66bdcb797	1572	1572	-	-	local-recv	cab03f16	no	4	250.47	11968	11872
11	mux-compose-T2xL2-t3	down	50000000	fb021902	49234	standby	out	fb021902>02781a0ac87d137d612bdefc5d68f420125887771e2d5cf6bc710c83ffc3b9d696;80303b39>022716fba0f9a5d46ae7b8a4412296847d63d96c763d49068e851e9be7542080b1	stcpr	134.742987	02781a0ac87d137d612bdefc5d68f420125887771e2d5cf6bc710c83ffc3b9d696	120	139	-	-	local-recv	80303b39	yes	0	0	0	0
11	mux-compose-T2xL2-t3	down	50000000	30f42c30	49235	standby	out	30f42c30>03eba64189c636ab77c2da630bf2a0c77061bc783e59f80fd39015a42f9ae6ce01;0d8257e2>022716fba0f9a5d46ae7b8a4412296847d63d96c763d49068e851e9be7542080b1	stcpr	555.855424	03eba64189c636ab77c2da630bf2a0c77061bc783e59f80fd39015a42f9ae6ce01	1524	1524	-	-	local-recv	0d8257e2	no	6	243.27	12032	11936
12	mux-compose-T2xL2-t4	down	50000000	95839ad0	49203,49215,49224	active	in	95839ad0>0371ab4bcff7b121f4b91f6856d6740c6f9dc1fe716977850aeb5d84378b300a13;dc5330cf>022716fba0f9a5d46ae7b8a4412296847d63d96c763d49068e851e9be7542080b1	stcpr	131.665	0371ab4bcff7b121f4b91f6856d6740c6f9dc1fe716977850aeb5d84378b300a13	6395	15159202	14.3%	23.9%	local-recv	-	-	-	-	-	-
12	mux-compose-T2xL2-t4	down	50000000	f1012467	49203,49211	active	in	f1012467>0281a102c82820e811368c8d028cf11b1a985043b726b1bcdb8fce89b27384b2cb;57c570d9>022716fba0f9a5d46ae7b8a4412296847d63d96c763d49068e851e9be7542080b1	stcpr	152.817176	0281a102c82820e811368c8d028cf11b1a985043b726b1bcdb8fce89b27384b2cb	602	5981751	1.3%	9.4%	local-recv	-	-	-	-	-	-
12	mux-compose-T2xL2-t4	down	50000000	ac40965a	49204	active	in	ac40965a>02c483938539bd7820f72e48ed6056bab68e221e1108d23965a2903221495e4af7;3de424e0>022716fba0f9a5d46ae7b8a4412296847d63d96c763d49068e851e9be7542080b1	stcpr	257.256922	02c483938539bd7820f72e48ed6056bab68e221e1108d23965a2903221495e4af7	31907	17822858	71.1%	28.1%	local-recv	-	-	-	-	-	-
12	mux-compose-T2xL2-t4	down	50000000	fdab37dd	49204,49216	active	in	fdab37dd>03f57e7cf26c0764c5ab659a606add056ddf8bfad4f5bc7e8613cad05e5f228adf;7420f415>022716fba0f9a5d46ae7b8a4412296847d63d96c763d49068e851e9be7542080b1	stcpr	494.208695	03f57e7cf26c0764c5ab659a606add056ddf8bfad4f5bc7e8613cad05e5f228adf	588	152142	1.3%	0.2%	local-recv	-	-	-	-	-	-
12	mux-compose-T2xL2-t4	down	50000000	77674aa7	49205	standby	out	77674aa7>0269fcc9891752f41850fd345affd7fb133522567f433658142fbefe1d6446d8cd;b7caa06d>022716fba0f9a5d46ae7b8a4412296847d63d96c763d49068e851e9be7542080b1	stcpr	245.654278	0269fcc9891752f41850fd345affd7fb133522567f433658142fbefe1d6446d8cd	546	546	-	-	local-recv	b7caa06d	no	5	340.46	12416	12320
12	mux-compose-T2xL2-t4	down	50000000	a94550f5	49205,49235	standby	out	a94550f5>025cc9b7ba632d57c12ccad1eb31c47a942dede14d1e174ac6c19a4988abb200c0;f3dfb306>022716fba0f9a5d46ae7b8a4412296847d63d96c763d49068e851e9be7542080b1	stcpr	68.394503	025cc9b7ba632d57c12ccad1eb31c47a942dede14d1e174ac6c19a4988abb200c0	56	66	-	-	local-recv	f3dfb306	yes	0	0	0	0
12	mux-compose-T2xL2-t4	down	50000000	b45c771a	49206	standby	out	b45c771a>03f82ff0d7ce318d14db5a8fb754741fa257ffcdb17c629879f854298e8fe85384;5e04a7c8>022716fba0f9a5d46ae7b8a4412296847d63d96c763d49068e851e9be7542080b1	squicr	162.433552	03f82ff0d7ce318d14db5a8fb754741fa257ffcdb17c629879f854298e8fe85384	477	477	-	-	local-recv	5e04a7c8	no	7	244.21	12480	12448
12	mux-compose-T2xL2-t4	down	50000000	b6e61452	49206,49225	standby	out	b6e61452>02d92e70b9dd358112ebd266e641a6a928397edfda54c213f7b37dd5cd57eca17a;f3d8c01a>022716fba0f9a5d46ae7b8a4412296847d63d96c763d49068e851e9be7542080b1	stcpr	77.216812	02d92e70b9dd358112ebd266e641a6a928397edfda54c213f7b37dd5cd57eca17a	64	76	-	-	local-recv	f3d8c01a	yes	0	0	0	0
12	mux-compose-T2xL2-t4	down	50000000	df4c1852	49207	standby	out	df4c1852>035f532aed88e89cb8822a31b71d83a14f63fabd6389e537c2426fe84031c60825;f148d779>022716fba0f9a5d46ae7b8a4412296847d63d96c763d49068e851e9be7542080b1	stcpr	157.096714	035f532aed88e89cb8822a31b71d83a14f63fabd6389e537c2426fe84031c60825	546	546	-	-	local-recv	f148d779	no	5	244.54	12416	12352
12	mux-compose-T2xL2-t4	down	50000000	88737946	49207,49222	standby	out	88737946>039ba57e780efc89546104a134e9121f1dda0617e335eee8c3f21e4e272df93ac1;f888da30>022716fba0f9a5d46ae7b8a4412296847d63d96c763d49068e851e9be7542080b1	stcpr	93.010188	039ba57e780efc89546104a134e9121f1dda0617e335eee8c3f21e4e272df93ac1	80	92	-	-	local-recv	f888da30	yes	0	0	0	0
12	mux-compose-T2xL2-t4	down	50000000	03f0e265	49208	standby	out	03f0e265>035f6c7648bb0034b436db7d3845f7b482e8da705ca2b4622fd9673eb60921d5e5;ca5d50b7>022716fba0f9a5d46ae7b8a4412296847d63d96c763d49068e851e9be7542080b1	stcpr	163.238962	035f6c7648bb0034b436db7d3845f7b482e8da705ca2b4622fd9673eb60921d5e5	490	490	-	-	local-recv	ca5d50b7	no	4	244.36	12384	12352
12	mux-compose-T2xL2-t4	down	50000000	82aaa034	49208,49227	standby	out	82aaa034>03852490a5cb7f48e8d20af0a4c558a605a2ef26b61ae75a78295c442697ecd375;b625e9da>022716fba0f9a5d46ae7b8a4412296847d63d96c763d49068e851e9be7542080b1	stcpr	76.121471	03852490a5cb7f48e8d20af0a4c558a605a2ef26b61ae75a78295c442697ecd375	72	84	-	-	local-recv	b625e9da	yes	0	0	0	0
12	mux-compose-T2xL2-t4	down	50000000	2ca52bbf	49209	standby	out	2ca52bbf>03d1a14c1f4ce581211e919dd22211c211020c3a1634fa90e94df2b60e2e1a7f91;ef8238bf>022716fba0f9a5d46ae7b8a4412296847d63d96c763d49068e851e9be7542080b1	stcpr	166.33074	03d1a14c1f4ce581211e919dd22211c211020c3a1634fa90e94df2b60e2e1a7f91	501	501	-	-	local-recv	ef8238bf	no	5	399.68	12416	12352
12	mux-compose-T2xL2-t4	down	50000000	287b1d97	49209,49228	standby	out	287b1d97>03b934e8a26ddb9d635381df94dbf778cdfebf53f8956902ec3a7837524a75024f;9d5d85da>022716fba0f9a5d46ae7b8a4412296847d63d96c763d49068e851e9be7542080b1	stcpr	79.820625	03b934e8a26ddb9d635381df94dbf778cdfebf53f8956902ec3a7837524a75024f	72	84	-	-	local-recv	9d5d85da	yes	0	0	0	0
12	mux-compose-T2xL2-t4	down	50000000	97ae541b	49210	standby	out	97ae541b>03c3278fa753b5e942c8b1bfe028219520b8b713f370796e442a4d416a41e08b17;b70493f1>022716fba0f9a5d46ae7b8a4412296847d63d96c763d49068e851e9be7542080b1	stcpr	166.306321	03c3278fa753b5e942c8b1bfe028219520b8b713f370796e442a4d416a41e08b17	474	538	-	-	local-recv	b70493f1	no	4	244.42	12384	12352
12	mux-compose-T2xL2-t4	down	50000000	690554b9	49210	standby	out	690554b9>02bf4a7b17f587405738f9c2677ac63b7b99fa3f1e589159daf8429d66585e2e0c;cc141cac>022716fba0f9a5d46ae7b8a4412296847d63d96c763d49068e851e9be7542080b1	stcpr	91.05606	02bf4a7b17f587405738f9c2677ac63b7b99fa3f1e589159daf8429d66585e2e0c	48	54	-	-	local-recv	cc141cac	yes	0	0	0	0
12	mux-compose-T2xL2-t4	down	50000000	a7990e32	49211,49226	standby	out	a7990e32>020819902394f4b8e0e77c3961bb37d77b688d41c3f639f531aebb0a70c64d7092;4d82d133>022716fba0f9a5d46ae7b8a4412296847d63d96c763d49068e851e9be7542080b1	stcpr	65.997397	020819902394f4b8e0e77c3961bb37d77b688d41c3f639f531aebb0a70c64d7092	64	76	-	-	local-recv	4d82d133	yes	0	0	0	0
12	mux-compose-T2xL2-t4	down	50000000	d3604075	49212	standby	in	d3604075>03a9a28d2a38de5342e43b88c6c138eada84e412cf1e703432c7affee73190cd88;7546a023>022716fba0f9a5d46ae7b8a4412296847d63d96c763d49068e851e9be7542080b1	squicr	165.669879	03a9a28d2a38de5342e43b88c6c138eada84e412cf1e703432c7affee73190cd88	5384	24254581	12.0%	38.3%	local-recv	7546a023	no	2751	244.13	281434930	54476288
12	mux-compose-T2xL2-t4	down	50000000	c2ee64dc	49212,49229	standby	out	c2ee64dc>02ea1b80411ef28514056466bf11d8a7b7fcdcf4a964ebd874f8bd9fd74e81eda2;1483d7b9>022716fba0f9a5d46ae7b8a4412296847d63d96c763d49068e851e9be7542080b1	stcpr	86.621971	02ea1b80411ef28514056466bf11d8a7b7fcdcf4a964ebd874f8bd9fd74e81eda2	127	145281	-	-	local-recv	-	-	-	-	-	-
12	mux-compose-T2xL2-t4	down	50000000	7c80edb8	49213	standby	out	7c80edb8>022a2a1c5588bcb401377ca54dc2487ec4f2e41286a3d2aff4028facc7bfd6d9cc;3021cb5c>022716fba0f9a5d46ae7b8a4412296847d63d96c763d49068e851e9be7542080b1	stcpr	162.768885	022a2a1c5588bcb401377ca54dc2487ec4f2e41286a3d2aff4028facc7bfd6d9cc	482	482	-	-	local-recv	3021cb5c	no	7	251.19	12384	12192
12	mux-compose-T2xL2-t4	down	50000000	4470a453	49214	standby	out	4470a453>031bb93993ee93a04c8d7a69b3eab16f2cb7ff6cae97f86e561b1c712b0b6dfae4;6ed88be5>022716fba0f9a5d46ae7b8a4412296847d63d96c763d49068e851e9be7542080b1	stcpr	178.344483	031bb93993ee93a04c8d7a69b3eab16f2cb7ff6cae97f86e561b1c712b0b6dfae4	461	461	-	-	local-recv	6ed88be5	no	4	302.67	12288	12256
12	mux-compose-T2xL2-t4	down	50000000	25b03079	49214,49232	standby	out	25b03079>02c43f7d6da81cdca65fcf41906ff321f0d9f14e4c9ab0ff8b54b8ec64cce11bf0;18e8b97b>022716fba0f9a5d46ae7b8a4412296847d63d96c763d49068e851e9be7542080b1	stcpr	82.598708	02c43f7d6da81cdca65fcf41906ff321f0d9f14e4c9ab0ff8b54b8ec64cce11bf0	48	60	-	-	local-recv	18e8b97b	yes	0	0	0	0
12	mux-compose-T2xL2-t4	down	50000000	619865a5	49215	standby	out	619865a5>02109a13c780fe273e48b5a7a9e030c1052156cd5afef4dff1c100598226ad8da9;25c2ebc5>022716fba0f9a5d46ae7b8a4412296847d63d96c763d49068e851e9be7542080b1	stcpr	163.820431	02109a13c780fe273e48b5a7a9e030c1052156cd5afef4dff1c100598226ad8da9	461	461	-	-	local-recv	25c2ebc5	no	6	243.98	12352	12224
12	mux-compose-T2xL2-t4	down	50000000	35766599	49216	standby	out	35766599>03a4a29d19804bd98d9a8197a327d53d0d00865815ee7d0a320cd0da4250102cdb;a6830d6d>022716fba0f9a5d46ae7b8a4412296847d63d96c763d49068e851e9be7542080b1	stcpr	81.521059	03a4a29d19804bd98d9a8197a327d53d0d00865815ee7d0a320cd0da4250102cdb	32	38	-	-	local-recv	a6830d6d	no	5	263.42	186014151	50049311
12	mux-compose-T2xL2-t4	down	50000000	475d59a5	49217	standby	out	475d59a5>02b1d9c56928f533ea9b309f8a53ed4807ee4e0193ef3c3a0234033313feceb8f2;99a80e72>022716fba0f9a5d46ae7b8a4412296847d63d96c763d49068e851e9be7542080b1	stcpr	248.323589	02b1d9c56928f533ea9b309f8a53ed4807ee4e0193ef3c3a0234033313feceb8f2	453	453	-	-	local-recv	99a80e72	no	5	345.68	12320	12192
12	mux-compose-T2xL2-t4	down	50000000	ca42696c	49217,49231	standby	out	ca42696c>028ed30c290b4c0c36d769108be072a995ac100cd5fcb249b33b92c127961cdfbb;97203c85>022716fba0f9a5d46ae7b8a4412296847d63d96c763d49068e851e9be7542080b1	stcpr	83.770368	028ed30c290b4c0c36d769108be072a995ac100cd5fcb249b33b92c127961cdfbb	48	60	-	-	local-recv	97203c85	yes	0	0	0	0
12	mux-compose-T2xL2-t4	down	50000000	e5faa6e0	49218	standby	out	e5faa6e0>02230b0a96a6f94179fab58196d3dfa1e19070faeae82d6900971462996541e774;47361294>022716fba0f9a5d46ae7b8a4412296847d63d96c763d49068e851e9be7542080b1	stcpr	153.858732	02230b0a96a6f94179fab58196d3dfa1e19070faeae82d6900971462996541e774	498	498	-	-	local-recv	47361294	no	5	244.9	12320	12192
12	mux-compose-T2xL2-t4	down	50000000	ee5902d2	49218,49230	standby	out	ee5902d2>0397b427c1e522b768389db1fdfab3943a74e69683800fe4950af7dfb3bf66893c;2dfdb077>022716fba0f9a5d46ae7b8a4412296847d63d96c763d49068e851e9be7542080b1	stcpr	315.216677	0397b427c1e522b768389db1fdfab3943a74e69683800fe4950af7dfb3bf66893c	48	60	-	-	local-recv	2dfdb077	yes	0	0	0	0
12	mux-compose-T2xL2-t4	down	50000000	b71ddf99	49219	standby	out	b71ddf99>0328947fced4d4b7beb65a6ef60d579e42d7976168c292cbd6d28b5b8bdc85757f;47828219>022716fba0f9a5d46ae7b8a4412296847d63d96c763d49068e851e9be7542080b1	stcpr	505.315652	0328947fced4d4b7beb65a6ef60d579e42d7976168c292cbd6d28b5b8bdc85757f	429	429	-	-	local-recv	47828219	no	5	244.45	12320	12160
12	mux-compose-T2xL2-t4	down	50000000	696629b6	49219,49233	standby	out	696629b6>03ecc7d108a98480b40a85bbfadb8f477d0c3559316306dcd7ba52fa3d21dad91e;75b62c04>022716fba0f9a5d46ae7b8a4412296847d63d96c763d49068e851e9be7542080b1	stcpr	80.675049	03ecc7d108a98480b40a85bbfadb8f477d0c3559316306dcd7ba52fa3d21dad91e	48	60	-	-	local-recv	75b62c04	yes	0	0	0	0
12	mux-compose-T2xL2-t4	down	50000000	bf9b0de8	49220	standby	out	bf9b0de8>026a913078651938783e19416a2de99c924df209e28512da2a571868c989bf3822;c2793bef>022716fba0f9a5d46ae7b8a4412296847d63d96c763d49068e851e9be7542080b1	stcpr	156.499436	026a913078651938783e19416a2de99c924df209e28512da2a571868c989bf3822	429	429	-	-	local-recv	c2793bef	no	4	244.61	12288	12224
12	mux-compose-T2xL2-t4	down	50000000	e5f24143	49220,49223	standby	out	e5f24143>024a37bae69d6be2ec51eeb9d2b7e99073c30153d06896032f5bd3c09ca843bdb9;a214890d>022716fba0f9a5d46ae7b8a4412296847d63d96c763d49068e851e9be7542080b1	stcpr	38.020679	024a37bae69d6be2ec51eeb9d2b7e99073c30153d06896032f5bd3c09ca843bdb9	48	60	-	-	local-recv	a214890d	yes	0	0	0	0
12	mux-compose-T2xL2-t4	down	50000000	bac92dd4	49222,49233	standby	out	bac92dd4>02db6d6f87e5d6382c827c066514195dfed31f61f07a295caa1b8f4364826921be;11b37300>022716fba0f9a5d46ae7b8a4412296847d63d96c763d49068e851e9be7542080b1	stcpr	174.524809	02db6d6f87e5d6382c827c066514195dfed31f61f07a295caa1b8f4364826921be	837	837	-	-	local-recv	11b37300	no	5	249.9	12000	11904
12	mux-compose-T2xL2-t4	down	50000000	0d53f7b1	49223,49232	standby	out	0d53f7b1>021ed11eb6557e39fee1e2ef91671bced1483b6c15debc45be54a5f1e1c3c07659;a8ae418c>022716fba0f9a5d46ae7b8a4412296847d63d96c763d49068e851e9be7542080b1	stcpr	170.154391	021ed11eb6557e39fee1e2ef91671bced1483b6c15debc45be54a5f1e1c3c07659	1063	1063	-	-	local-recv	a8ae418c	no	5	395.94	12000	11904
12	mux-compose-T2xL2-t4	down	50000000	336d3a3e	49224	standby	out	336d3a3e>031fc6a42965440b0bb761120c53001d03ead6c862249b1851368097fd19b3a9f1;89d170d4>022716fba0f9a5d46ae7b8a4412296847d63d96c763d49068e851e9be7542080b1	stcpr	151.307	031fc6a42965440b0bb761120c53001d03ead6c862249b1851368097fd19b3a9f1	509	509	-	-	local-recv	89d170d4	no	415	373	204778009	29277411
12	mux-compose-T2xL2-t4	down	50000000	5157fdc8	49225	standby	out	5157fdc8>03360da779493433e9ae8e103ac1c0baf6973982f93bd3cf326e4b18f9fda666cb;2b4ccbdd>022716fba0f9a5d46ae7b8a4412296847d63d96c763d49068e851e9be7542080b1	stcpr	177.084961	03360da779493433e9ae8e103ac1c0baf6973982f93bd3cf326e4b18f9fda666cb	509	509	-	-	local-recv	2b4ccbdd	no	5	267.41	12192	12096
12	mux-compose-T2xL2-t4	down	50000000	ea69bc13	49226	standby	out	ea69bc13>03dd3a272482055da08828fafffe0cb537915a52e71c92bfc9bf3140ab0153cd7c;ce4708f1>022716fba0f9a5d46ae7b8a4412296847d63d96c763d49068e851e9be7542080b1	stcpr	168.635	03dd3a272482055da08828fafffe0cb537915a52e71c92bfc9bf3140ab0153cd7c	453	453	-	-	local-recv	ce4708f1	no	4	248.48	12224	12192
12	mux-compose-T2xL2-t4	down	50000000	a18cfda5	49227,49230	standby	out	a18cfda5>032fe1b4b0bf0207c10bc99cf64be4fdc15464981554e0cd58bf66f06960cd5fcc;0601bd31>022716fba0f9a5d46ae7b8a4412296847d63d96c763d49068e851e9be7542080b1	stcpr	161.083818	032fe1b4b0bf0207c10bc99cf64be4fdc15464981554e0cd58bf66f06960cd5fcc	885	885	-	-	local-recv	0601bd31	no	5	256.11	12000	11904
12	mux-compose-T2xL2-t4	down	50000000	9a548f01	49228	standby	out	9a548f01>038a10abc4081748dad046dafe39a4f4744352703d19a6dbee68b97ae9f9d334f0;7db81071>022716fba0f9a5d46ae7b8a4412296847d63d96c763d49068e851e9be7542080b1	stcpr	169.067	038a10abc4081748dad046dafe39a4f4744352703d19a6dbee68b97ae9f9d334f0	426	426	-	-	local-recv	7db81071	no	6	399.19	12288	12160
12	mux-compose-T2xL2-t4	down	50000000	1bb37806	49229	standby	out	1bb37806>02b3a85aee85dece633272731c2e37867a39fa9127f28233ad18ed0051184fc40a;d30e45c7>022716fba0f9a5d46ae7b8a4412296847d63d96c763d49068e851e9be7542080b1	squicr	172.05	02b3a85aee85dece633272731c2e37867a39fa9127f28233ad18ed0051184fc40a	546	546	-	-	local-recv	d30e45c7	no	3	263.52	12192	12224
12	mux-compose-T2xL2-t4	down	50000000	b250c046	49231	standby	out	b250c046>02956775f345d7328128678c0ced40a3e3e3f91bbf431ef886f41df31d93ee1661;3164901a>022716fba0f9a5d46ae7b8a4412296847d63d96c763d49068e851e9be7542080b1	stcpr	78.401539	02956775f345d7328128678c0ced40a3e3e3f91bbf431ef886f41df31d93ee1661	424	424	-	-	local-recv	3164901a	no	3	264.45	11936	11968
12	mux-compose-T2xL2-t4	down	50000000	77fb43c0	49234	standby	out	77fb43c0>02090aec59b40207d8662c82e4ecfc524b740c27f2fb98cfb5582833a66bdcb797;cab03f16>022716fba0f9a5d46ae7b8a4412296847d63d96c763d49068e851e9be7542080b1	squicr	172.700163	02090aec59b40207d8662c82e4ecfc524b740c27f2fb98cfb5582833a66bdcb797	493	493	-	-	local-recv	cab03f16	no	4	250.47	11968	11872
12	mux-compose-T2xL2-t4	down	50000000	fb021902	49234	standby	out	fb021902>02781a0ac87d137d612bdefc5d68f420125887771e2d5cf6bc710c83ffc3b9d696;80303b39>022716fba0f9a5d46ae7b8a4412296847d63d96c763d49068e851e9be7542080b1	stcpr	134.742987	02781a0ac87d137d612bdefc5d68f420125887771e2d5cf6bc710c83ffc3b9d696	32	38	-	-	local-recv	80303b39	yes	0	0	0	0
12	mux-compose-T2xL2-t4	down	50000000	30f42c30	49235	standby	out	30f42c30>03eba64189c636ab77c2da630bf2a0c77061bc783e59f80fd39015a42f9ae6ce01;0d8257e2>022716fba0f9a5d46ae7b8a4412296847d63d96c763d49068e851e9be7542080b1	stcpr	555.855424	03eba64189c636ab77c2da630bf2a0c77061bc783e59f80fd39015a42f9ae6ce01	456	456	-	-	local-recv	0d8257e2	no	6	243.27	12032	11936
13	mux-compose-T2xL2-t5	down	50000000	95839ad0	49203,49215,49224	active	in	95839ad0>0371ab4bcff7b121f4b91f6856d6740c6f9dc1fe716977850aeb5d84378b300a13;dc5330cf>022716fba0f9a5d46ae7b8a4412296847d63d96c763d49068e851e9be7542080b1	stcpr	131.665	0371ab4bcff7b121f4b91f6856d6740c6f9dc1fe716977850aeb5d84378b300a13	7609	16539902	58.6%	32.1%	local-recv	-	-	-	-	-	-
13	mux-compose-T2xL2-t5	down	50000000	f1012467	49203,49211	active	in	f1012467>0281a102c82820e811368c8d028cf11b1a985043b726b1bcdb8fce89b27384b2cb;57c570d9>022716fba0f9a5d46ae7b8a4412296847d63d96c763d49068e851e9be7542080b1	stcpr	152.817176	0281a102c82820e811368c8d028cf11b1a985043b726b1bcdb8fce89b27384b2cb	441	4602943	3.4%	8.9%	local-recv	-	-	-	-	-	-
13	mux-compose-T2xL2-t5	down	50000000	ac40965a	49204	active	in	ac40965a>02c483938539bd7820f72e48ed6056bab68e221e1108d23965a2903221495e4af7;3de424e0>022716fba0f9a5d46ae7b8a4412296847d63d96c763d49068e851e9be7542080b1	stcpr	257.256922	02c483938539bd7820f72e48ed6056bab68e221e1108d23965a2903221495e4af7	2551	18260578	19.7%	35.4%	local-recv	-	-	-	-	-	-
13	mux-compose-T2xL2-t5	down	50000000	fdab37dd	49204,49216	active	in	fdab37dd>03f57e7cf26c0764c5ab659a606add056ddf8bfad4f5bc7e8613cad05e5f228adf;7420f415>022716fba0f9a5d46ae7b8a4412296847d63d96c763d49068e851e9be7542080b1	stcpr	494.208695	03f57e7cf26c0764c5ab659a606add056ddf8bfad4f5bc7e8613cad05e5f228adf	360	151774	2.8%	0.3%	local-recv	-	-	-	-	-	-
13	mux-compose-T2xL2-t5	down	50000000	77674aa7	49205	standby	out	77674aa7>0269fcc9891752f41850fd345affd7fb133522567f433658142fbefe1d6446d8cd;b7caa06d>022716fba0f9a5d46ae7b8a4412296847d63d96c763d49068e851e9be7542080b1	stcpr	245.654278	0269fcc9891752f41850fd345affd7fb133522567f433658142fbefe1d6446d8cd	297	265	-	-	local-recv	b7caa06d	no	5	340.46	12416	12320
13	mux-compose-T2xL2-t5	down	50000000	a94550f5	49205,49235	standby	out	a94550f5>025cc9b7ba632d57c12ccad1eb31c47a942dede14d1e174ac6c19a4988abb200c0;f3dfb306>022716fba0f9a5d46ae7b8a4412296847d63d96c763d49068e851e9be7542080b1	stcpr	68.394503	025cc9b7ba632d57c12ccad1eb31c47a942dede14d1e174ac6c19a4988abb200c0	24	30	-	-	local-recv	f3dfb306	yes	0	0	0	0
13	mux-compose-T2xL2-t5	down	50000000	b45c771a	49206	standby	out	b45c771a>03f82ff0d7ce318d14db5a8fb754741fa257ffcdb17c629879f854298e8fe85384;5e04a7c8>022716fba0f9a5d46ae7b8a4412296847d63d96c763d49068e851e9be7542080b1	squicr	162.433552	03f82ff0d7ce318d14db5a8fb754741fa257ffcdb17c629879f854298e8fe85384	313	313	-	-	local-recv	5e04a7c8	no	7	244.21	12480	12448
13	mux-compose-T2xL2-t5	down	50000000	b6e61452	49206,49225	standby	out	b6e61452>02d92e70b9dd358112ebd266e641a6a928397edfda54c213f7b37dd5cd57eca17a;f3d8c01a>022716fba0f9a5d46ae7b8a4412296847d63d96c763d49068e851e9be7542080b1	stcpr	77.216812	02d92e70b9dd358112ebd266e641a6a928397edfda54c213f7b37dd5cd57eca17a	48	56	-	-	local-recv	f3d8c01a	yes	0	0	0	0
13	mux-compose-T2xL2-t5	down	50000000	df4c1852	49207	standby	out	df4c1852>035f532aed88e89cb8822a31b71d83a14f63fabd6389e537c2426fe84031c60825;f148d779>022716fba0f9a5d46ae7b8a4412296847d63d96c763d49068e851e9be7542080b1	stcpr	157.096714	035f532aed88e89cb8822a31b71d83a14f63fabd6389e537c2426fe84031c60825	313	313	-	-	local-recv	f148d779	no	5	244.54	12416	12352
13	mux-compose-T2xL2-t5	down	50000000	88737946	49207,49222	standby	out	88737946>039ba57e780efc89546104a134e9121f1dda0617e335eee8c3f21e4e272df93ac1;f888da30>022716fba0f9a5d46ae7b8a4412296847d63d96c763d49068e851e9be7542080b1	stcpr	93.010188	039ba57e780efc89546104a134e9121f1dda0617e335eee8c3f21e4e272df93ac1	24	31	-	-	local-recv	f888da30	yes	0	0	0	0
13	mux-compose-T2xL2-t5	down	50000000	03f0e265	49208	standby	out	03f0e265>035f6c7648bb0034b436db7d3845f7b482e8da705ca2b4622fd9673eb60921d5e5;ca5d50b7>022716fba0f9a5d46ae7b8a4412296847d63d96c763d49068e851e9be7542080b1	stcpr	163.238962	035f6c7648bb0034b436db7d3845f7b482e8da705ca2b4622fd9673eb60921d5e5	310	342	-	-	local-recv	ca5d50b7	no	4	244.36	12384	12352
13	mux-compose-T2xL2-t5	down	50000000	82aaa034	49208,49227	standby	out	82aaa034>03852490a5cb7f48e8d20af0a4c558a605a2ef26b61ae75a78295c442697ecd375;b625e9da>022716fba0f9a5d46ae7b8a4412296847d63d96c763d49068e851e9be7542080b1	stcpr	76.121471	03852490a5cb7f48e8d20af0a4c558a605a2ef26b61ae75a78295c442697ecd375	24	31	-	-	local-recv	b625e9da	yes	0	0	0	0
13	mux-compose-T2xL2-t5	down	50000000	2ca52bbf	49209	standby	out	2ca52bbf>03d1a14c1f4ce581211e919dd22211c211020c3a1634fa90e94df2b60e2e1a7f91;ef8238bf>022716fba0f9a5d46ae7b8a4412296847d63d96c763d49068e851e9be7542080b1	stcpr	166.33074	03d1a14c1f4ce581211e919dd22211c211020c3a1634fa90e94df2b60e2e1a7f91	305	305	-	-	local-recv	ef8238bf	no	5	399.68	12416	12352
13	mux-compose-T2xL2-t5	down	50000000	287b1d97	49209,49228	standby	out	287b1d97>03b934e8a26ddb9d635381df94dbf778cdfebf53f8956902ec3a7837524a75024f;9d5d85da>022716fba0f9a5d46ae7b8a4412296847d63d96c763d49068e851e9be7542080b1	stcpr	79.820625	03b934e8a26ddb9d635381df94dbf778cdfebf53f8956902ec3a7837524a75024f	40	48	-	-	local-recv	9d5d85da	yes	0	0	0	0
13	mux-compose-T2xL2-t5	down	50000000	97ae541b	49210	standby	out	97ae541b>03c3278fa753b5e942c8b1bfe028219520b8b713f370796e442a4d416a41e08b17;b70493f1>022716fba0f9a5d46ae7b8a4412296847d63d96c763d49068e851e9be7542080b1	stcpr	166.306321	03c3278fa753b5e942c8b1bfe028219520b8b713f370796e442a4d416a41e08b17	262	294	-	-	local-recv	b70493f1	no	4	244.42	12384	12352
13	mux-compose-T2xL2-t5	down	50000000	690554b9	49210	standby	out	690554b9>02bf4a7b17f587405738f9c2677ac63b7b99fa3f1e589159daf8429d66585e2e0c;cc141cac>022716fba0f9a5d46ae7b8a4412296847d63d96c763d49068e851e9be7542080b1	stcpr	91.05606	02bf4a7b17f587405738f9c2677ac63b7b99fa3f1e589159daf8429d66585e2e0c	16	20	-	-	local-recv	cc141cac	yes	0	0	0	0
13	mux-compose-T2xL2-t5	down	50000000	a7990e32	49211,49226	standby	out	a7990e32>020819902394f4b8e0e77c3961bb37d77b688d41c3f639f531aebb0a70c64d7092;4d82d133>022716fba0f9a5d46ae7b8a4412296847d63d96c763d49068e851e9be7542080b1	stcpr	65.997397	020819902394f4b8e0e77c3961bb37d77b688d41c3f639f531aebb0a70c64d7092	32	40	-	-	local-recv	4d82d133	yes	0	0	0	0
13	mux-compose-T2xL2-t5	down	50000000	d3604075	49212	standby	in	d3604075>03a9a28d2a38de5342e43b88c6c138eada84e412cf1e703432c7affee73190cd88;7546a023>022716fba0f9a5d46ae7b8a4412296847d63d96c763d49068e851e9be7542080b1	squicr	165.669879	03a9a28d2a38de5342e43b88c6c138eada84e412cf1e703432c7affee73190cd88	2015	12026178	15.5%	23.3%	local-recv	7546a023	no	2751	244.13	281434930	54476288
13	mux-compose-T2xL2-t5	down	50000000	c2ee64dc	49212,49229	standby	out	c2ee64dc>02ea1b80411ef28514056466bf11d8a7b7fcdcf4a964ebd874f8bd9fd74e81eda2;1483d7b9>022716fba0f9a5d46ae7b8a4412296847d63d96c763d49068e851e9be7542080b1	stcpr	86.621971	02ea1b80411ef28514056466bf11d8a7b7fcdcf4a964ebd874f8bd9fd74e81eda2	111	146285	-	-	local-recv	-	-	-	-	-	-
13	mux-compose-T2xL2-t5	down	50000000	7c80edb8	49213	standby	out	7c80edb8>022a2a1c5588bcb401377ca54dc2487ec4f2e41286a3d2aff4028facc7bfd6d9cc;3021cb5c>022716fba0f9a5d46ae7b8a4412296847d63d96c763d49068e851e9be7542080b1	stcpr	162.768885	022a2a1c5588bcb401377ca54dc2487ec4f2e41286a3d2aff4028facc7bfd6d9cc	334	334	-	-	local-recv	3021cb5c	no	7	251.19	12384	12192
13	mux-compose-T2xL2-t5	down	50000000	4470a453	49214	standby	out	4470a453>031bb93993ee93a04c8d7a69b3eab16f2cb7ff6cae97f86e561b1c712b0b6dfae4;6ed88be5>022716fba0f9a5d46ae7b8a4412296847d63d96c763d49068e851e9be7542080b1	stcpr	178.344483	031bb93993ee93a04c8d7a69b3eab16f2cb7ff6cae97f86e561b1c712b0b6dfae4	313	313	-	-	local-recv	6ed88be5	no	4	302.67	12288	12256
13	mux-compose-T2xL2-t5	down	50000000	25b03079	49214,49232	standby	out	25b03079>02c43f7d6da81cdca65fcf41906ff321f0d9f14e4c9ab0ff8b54b8ec64cce11bf0;18e8b97b>022716fba0f9a5d46ae7b8a4412296847d63d96c763d49068e851e9be7542080b1	stcpr	82.598708	02c43f7d6da81cdca65fcf41906ff321f0d9f14e4c9ab0ff8b54b8ec64cce11bf0	40	46	-	-	local-recv	18e8b97b	yes	0	0	0	0
13	mux-compose-T2xL2-t5	down	50000000	619865a5	49215	standby	out	619865a5>02109a13c780fe273e48b5a7a9e030c1052156cd5afef4dff1c100598226ad8da9;25c2ebc5>022716fba0f9a5d46ae7b8a4412296847d63d96c763d49068e851e9be7542080b1	stcpr	163.820431	02109a13c780fe273e48b5a7a9e030c1052156cd5afef4dff1c100598226ad8da9	313	313	-	-	local-recv	25c2ebc5	no	6	243.98	12352	12224
13	mux-compose-T2xL2-t5	down	50000000	35766599	49216	standby	out	35766599>03a4a29d19804bd98d9a8197a327d53d0d00865815ee7d0a320cd0da4250102cdb;a6830d6d>022716fba0f9a5d46ae7b8a4412296847d63d96c763d49068e851e9be7542080b1	stcpr	81.521059	03a4a29d19804bd98d9a8197a327d53d0d00865815ee7d0a320cd0da4250102cdb	24	28	-	-	local-recv	a6830d6d	no	5	263.42	186014151	50049311
13	mux-compose-T2xL2-t5	down	50000000	475d59a5	49217	standby	out	475d59a5>02b1d9c56928f533ea9b309f8a53ed4807ee4e0193ef3c3a0234033313feceb8f2;99a80e72>022716fba0f9a5d46ae7b8a4412296847d63d96c763d49068e851e9be7542080b1	stcpr	248.323589	02b1d9c56928f533ea9b309f8a53ed4807ee4e0193ef3c3a0234033313feceb8f2	305	305	-	-	local-recv	99a80e72	no	5	345.68	12320	12192
13	mux-compose-T2xL2-t5	down	50000000	ca42696c	49217,49231	standby	out	ca42696c>028ed30c290b4c0c36d769108be072a995ac100cd5fcb249b33b92c127961cdfbb;97203c85>022716fba0f9a5d46ae7b8a4412296847d63d96c763d49068e851e9be7542080b1	stcpr	83.770368	028ed30c290b4c0c36d769108be072a995ac100cd5fcb249b33b92c127961cdfbb	48	56	-	-	local-recv	97203c85	yes	0	0	0	0
13	mux-compose-T2xL2-t5	down	50000000	e5faa6e0	49218	standby	out	e5faa6e0>02230b0a96a6f94179fab58196d3dfa1e19070faeae82d6900971462996541e774;47361294>022716fba0f9a5d46ae7b8a4412296847d63d96c763d49068e851e9be7542080b1	stcpr	153.858732	02230b0a96a6f94179fab58196d3dfa1e19070faeae82d6900971462996541e774	342	342	-	-	local-recv	47361294	no	5	244.9	12320	12192
13	mux-compose-T2xL2-t5	down	50000000	ee5902d2	49218,49230	standby	out	ee5902d2>0397b427c1e522b768389db1fdfab3943a74e69683800fe4950af7dfb3bf66893c;2dfdb077>022716fba0f9a5d46ae7b8a4412296847d63d96c763d49068e851e9be7542080b1	stcpr	315.216677	0397b427c1e522b768389db1fdfab3943a74e69683800fe4950af7dfb3bf66893c	48	56	-	-	local-recv	2dfdb077	yes	0	0	0	0
13	mux-compose-T2xL2-t5	down	50000000	b71ddf99	49219	standby	out	b71ddf99>0328947fced4d4b7beb65a6ef60d579e42d7976168c292cbd6d28b5b8bdc85757f;47828219>022716fba0f9a5d46ae7b8a4412296847d63d96c763d49068e851e9be7542080b1	stcpr	505.315652	0328947fced4d4b7beb65a6ef60d579e42d7976168c292cbd6d28b5b8bdc85757f	313	313	-	-	local-recv	47828219	no	5	244.45	12320	12160
13	mux-compose-T2xL2-t5	down	50000000	696629b6	49219,49233	standby	out	696629b6>03ecc7d108a98480b40a85bbfadb8f477d0c3559316306dcd7ba52fa3d21dad91e;75b62c04>022716fba0f9a5d46ae7b8a4412296847d63d96c763d49068e851e9be7542080b1	stcpr	80.675049	03ecc7d108a98480b40a85bbfadb8f477d0c3559316306dcd7ba52fa3d21dad91e	48	56	-	-	local-recv	75b62c04	yes	0	0	0	0
13	mux-compose-T2xL2-t5	down	50000000	bf9b0de8	49220	standby	out	bf9b0de8>026a913078651938783e19416a2de99c924df209e28512da2a571868c989bf3822;c2793bef>022716fba0f9a5d46ae7b8a4412296847d63d96c763d49068e851e9be7542080b1	stcpr	156.499436	026a913078651938783e19416a2de99c924df209e28512da2a571868c989bf3822	313	313	-	-	local-recv	c2793bef	no	4	244.61	12288	12224
13	mux-compose-T2xL2-t5	down	50000000	e5f24143	49220,49223	standby	out	e5f24143>024a37bae69d6be2ec51eeb9d2b7e99073c30153d06896032f5bd3c09ca843bdb9;a214890d>022716fba0f9a5d46ae7b8a4412296847d63d96c763d49068e851e9be7542080b1	stcpr	38.020679	024a37bae69d6be2ec51eeb9d2b7e99073c30153d06896032f5bd3c09ca843bdb9	48	56	-	-	local-recv	a214890d	yes	0	0	0	0
13	mux-compose-T2xL2-t5	down	50000000	bac92dd4	49222,49233	standby	out	bac92dd4>02db6d6f87e5d6382c827c066514195dfed31f61f07a295caa1b8f4364826921be;11b37300>022716fba0f9a5d46ae7b8a4412296847d63d96c763d49068e851e9be7542080b1	stcpr	174.524809	02db6d6f87e5d6382c827c066514195dfed31f61f07a295caa1b8f4364826921be	610	610	-	-	local-recv	11b37300	no	5	249.9	12000	11904
13	mux-compose-T2xL2-t5	down	50000000	0d53f7b1	49223,49232	standby	out	0d53f7b1>021ed11eb6557e39fee1e2ef91671bced1483b6c15debc45be54a5f1e1c3c07659;a8ae418c>022716fba0f9a5d46ae7b8a4412296847d63d96c763d49068e851e9be7542080b1	stcpr	170.154391	021ed11eb6557e39fee1e2ef91671bced1483b6c15debc45be54a5f1e1c3c07659	564	564	-	-	local-recv	a8ae418c	no	5	395.94	12000	11904
13	mux-compose-T2xL2-t5	down	50000000	336d3a3e	49224	standby	out	336d3a3e>031fc6a42965440b0bb761120c53001d03ead6c862249b1851368097fd19b3a9f1;89d170d4>022716fba0f9a5d46ae7b8a4412296847d63d96c763d49068e851e9be7542080b1	stcpr	151.307	031fc6a42965440b0bb761120c53001d03ead6c862249b1851368097fd19b3a9f1	313	313	-	-	local-recv	89d170d4	no	415	373	204778009	29277411
13	mux-compose-T2xL2-t5	down	50000000	5157fdc8	49225	standby	out	5157fdc8>03360da779493433e9ae8e103ac1c0baf6973982f93bd3cf326e4b18f9fda666cb;2b4ccbdd>022716fba0f9a5d46ae7b8a4412296847d63d96c763d49068e851e9be7542080b1	stcpr	177.084961	03360da779493433e9ae8e103ac1c0baf6973982f93bd3cf326e4b18f9fda666cb	313	313	-	-	local-recv	2b4ccbdd	no	5	267.41	12192	12096
13	mux-compose-T2xL2-t5	down	50000000	ea69bc13	49226	standby	out	ea69bc13>03dd3a272482055da08828fafffe0cb537915a52e71c92bfc9bf3140ab0153cd7c;ce4708f1>022716fba0f9a5d46ae7b8a4412296847d63d96c763d49068e851e9be7542080b1	stcpr	168.635	03dd3a272482055da08828fafffe0cb537915a52e71c92bfc9bf3140ab0153cd7c	342	342	-	-	local-recv	ce4708f1	no	4	248.48	12224	12192
13	mux-compose-T2xL2-t5	down	50000000	a18cfda5	49227,49230	standby	out	a18cfda5>032fe1b4b0bf0207c10bc99cf64be4fdc15464981554e0cd58bf66f06960cd5fcc;0601bd31>022716fba0f9a5d46ae7b8a4412296847d63d96c763d49068e851e9be7542080b1	stcpr	161.083818	032fe1b4b0bf0207c10bc99cf64be4fdc15464981554e0cd58bf66f06960cd5fcc	610	610	-	-	local-recv	0601bd31	no	5	256.11	12000	11904
13	mux-compose-T2xL2-t5	down	50000000	9a548f01	49228	standby	out	9a548f01>038a10abc4081748dad046dafe39a4f4744352703d19a6dbee68b97ae9f9d334f0;7db81071>022716fba0f9a5d46ae7b8a4412296847d63d96c763d49068e851e9be7542080b1	stcpr	169.067	038a10abc4081748dad046dafe39a4f4744352703d19a6dbee68b97ae9f9d334f0	310	310	-	-	local-recv	7db81071	no	6	399.19	12288	12160
13	mux-compose-T2xL2-t5	down	50000000	1bb37806	49229	standby	out	1bb37806>02b3a85aee85dece633272731c2e37867a39fa9127f28233ad18ed0051184fc40a;d30e45c7>022716fba0f9a5d46ae7b8a4412296847d63d96c763d49068e851e9be7542080b1	squicr	172.05	02b3a85aee85dece633272731c2e37867a39fa9127f28233ad18ed0051184fc40a	305	305	-	-	local-recv	d30e45c7	no	3	263.52	12192	12224
13	mux-compose-T2xL2-t5	down	50000000	b250c046	49231	standby	out	b250c046>02956775f345d7328128678c0ced40a3e3e3f91bbf431ef886f41df31d93ee1661;3164901a>022716fba0f9a5d46ae7b8a4412296847d63d96c763d49068e851e9be7542080b1	stcpr	78.401539	02956775f345d7328128678c0ced40a3e3e3f91bbf431ef886f41df31d93ee1661	305	305	-	-	local-recv	3164901a	no	3	264.45	11936	11968
13	mux-compose-T2xL2-t5	down	50000000	77fb43c0	49234	standby	out	77fb43c0>02090aec59b40207d8662c82e4ecfc524b740c27f2fb98cfb5582833a66bdcb797;cab03f16>022716fba0f9a5d46ae7b8a4412296847d63d96c763d49068e851e9be7542080b1	squicr	172.700163	02090aec59b40207d8662c82e4ecfc524b740c27f2fb98cfb5582833a66bdcb797	350	350	-	-	local-recv	cab03f16	no	4	250.47	11968	11872
13	mux-compose-T2xL2-t5	down	50000000	fb021902	49234	standby	out	fb021902>02781a0ac87d137d612bdefc5d68f420125887771e2d5cf6bc710c83ffc3b9d696;80303b39>022716fba0f9a5d46ae7b8a4412296847d63d96c763d49068e851e9be7542080b1	stcpr	134.742987	02781a0ac87d137d612bdefc5d68f420125887771e2d5cf6bc710c83ffc3b9d696	24	28	-	-	local-recv	80303b39	yes	0	0	0	0
13	mux-compose-T2xL2-t5	down	50000000	30f42c30	49235	standby	out	30f42c30>03eba64189c636ab77c2da630bf2a0c77061bc783e59f80fd39015a42f9ae6ce01;0d8257e2>022716fba0f9a5d46ae7b8a4412296847d63d96c763d49068e851e9be7542080b1	stcpr	555.855424	03eba64189c636ab77c2da630bf2a0c77061bc783e59f80fd39015a42f9ae6ce01	313	313	-	-	local-recv	0d8257e2	no	6	243.27	12032	11936
14	mux-compose-T2xL2-t1	up	50000000	77674aa7	49205	standby	in	77674aa7>0269fcc9891752f41850fd345affd7fb133522567f433658142fbefe1d6446d8cd;b7caa06d>022716fba0f9a5d46ae7b8a4412296847d63d96c763d49068e851e9be7542080b1	stcpr	245.654278	0269fcc9891752f41850fd345affd7fb133522567f433658142fbefe1d6446d8cd	350	350	0.0%	2.3%	local-recv	b7caa06d	no	5	340.46	12416	12320
14	mux-compose-T2xL2-t1	up	50000000	a94550f5	49205,49235	standby	in	a94550f5>025cc9b7ba632d57c12ccad1eb31c47a942dede14d1e174ac6c19a4988abb200c0;f3dfb306>022716fba0f9a5d46ae7b8a4412296847d63d96c763d49068e851e9be7542080b1	stcpr	68.394503	025cc9b7ba632d57c12ccad1eb31c47a942dede14d1e174ac6c19a4988abb200c0	56	64	0.0%	0.4%	local-recv	f3dfb306	yes	0	0	0	0
14	mux-compose-T2xL2-t1	up	50000000	b45c771a	49206	standby	in	b45c771a>03f82ff0d7ce318d14db5a8fb754741fa257ffcdb17c629879f854298e8fe85384;5e04a7c8>022716fba0f9a5d46ae7b8a4412296847d63d96c763d49068e851e9be7542080b1	squicr	162.433552	03f82ff0d7ce318d14db5a8fb754741fa257ffcdb17c629879f854298e8fe85384	387	387	0.0%	2.5%	local-recv	5e04a7c8	no	7	244.21	12480	12448
14	mux-compose-T2xL2-t1	up	50000000	b6e61452	49206,49225	standby	in	b6e61452>02d92e70b9dd358112ebd266e641a6a928397edfda54c213f7b37dd5cd57eca17a;f3d8c01a>022716fba0f9a5d46ae7b8a4412296847d63d96c763d49068e851e9be7542080b1	stcpr	77.216812	02d92e70b9dd358112ebd266e641a6a928397edfda54c213f7b37dd5cd57eca17a	48	58	0.0%	0.4%	local-recv	f3d8c01a	yes	0	0	0	0
14	mux-compose-T2xL2-t1	up	50000000	df4c1852	49207	standby	in	df4c1852>035f532aed88e89cb8822a31b71d83a14f63fabd6389e537c2426fe84031c60825;f148d779>022716fba0f9a5d46ae7b8a4412296847d63d96c763d49068e851e9be7542080b1	stcpr	157.096714	035f532aed88e89cb8822a31b71d83a14f63fabd6389e537c2426fe84031c60825	342	342	0.0%	2.3%	local-recv	f148d779	no	5	244.54	12416	12352
14	mux-compose-T2xL2-t1	up	50000000	88737946	49207,49222	standby	in	88737946>039ba57e780efc89546104a134e9121f1dda0617e335eee8c3f21e4e272df93ac1;f888da30>022716fba0f9a5d46ae7b8a4412296847d63d96c763d49068e851e9be7542080b1	stcpr	93.010188	039ba57e780efc89546104a134e9121f1dda0617e335eee8c3f21e4e272df93ac1	48	56	0.0%	0.4%	local-recv	f888da30	yes	0	0	0	0
14	mux-compose-T2xL2-t1	up	50000000	03f0e265	49208	standby	in	03f0e265>035f6c7648bb0034b436db7d3845f7b482e8da705ca2b4622fd9673eb60921d5e5;ca5d50b7>022716fba0f9a5d46ae7b8a4412296847d63d96c763d49068e851e9be7542080b1	stcpr	163.238962	035f6c7648bb0034b436db7d3845f7b482e8da705ca2b4622fd9673eb60921d5e5	387	379	0.0%	2.5%	local-recv	ca5d50b7	no	4	244.36	12384	12352
14	mux-compose-T2xL2-t1	up	50000000	82aaa034	49208,49227	standby	in	82aaa034>03852490a5cb7f48e8d20af0a4c558a605a2ef26b61ae75a78295c442697ecd375;b625e9da>022716fba0f9a5d46ae7b8a4412296847d63d96c763d49068e851e9be7542080b1	stcpr	76.121471	03852490a5cb7f48e8d20af0a4c558a605a2ef26b61ae75a78295c442697ecd375	40	48	0.0%	0.3%	local-recv	b625e9da	yes	0	0	0	0
14	mux-compose-T2xL2-t1	up	50000000	2ca52bbf	49209	standby	in	2ca52bbf>03d1a14c1f4ce581211e919dd22211c211020c3a1634fa90e94df2b60e2e1a7f91;ef8238bf>022716fba0f9a5d46ae7b8a4412296847d63d96c763d49068e851e9be7542080b1	stcpr	166.33074	03d1a14c1f4ce581211e919dd22211c211020c3a1634fa90e94df2b60e2e1a7f91	387	387	0.0%	2.5%	local-recv	ef8238bf	no	5	399.68	12416	12352
14	mux-compose-T2xL2-t1	up	50000000	287b1d97	49209,49228	standby	in	287b1d97>03b934e8a26ddb9d635381df94dbf778cdfebf53f8956902ec3a7837524a75024f;9d5d85da>022716fba0f9a5d46ae7b8a4412296847d63d96c763d49068e851e9be7542080b1	stcpr	79.820625	03b934e8a26ddb9d635381df94dbf778cdfebf53f8956902ec3a7837524a75024f	40	50	0.0%	0.3%	local-recv	9d5d85da	yes	0	0	0	0
14	mux-compose-T2xL2-t1	up	50000000	97ae541b	49210	standby	in	97ae541b>03c3278fa753b5e942c8b1bfe028219520b8b713f370796e442a4d416a41e08b17;b70493f1>022716fba0f9a5d46ae7b8a4412296847d63d96c763d49068e851e9be7542080b1	stcpr	166.306321	03c3278fa753b5e942c8b1bfe028219520b8b713f370796e442a4d416a41e08b17	350	350	0.0%	2.3%	local-recv	b70493f1	no	4	244.42	12384	12352
14	mux-compose-T2xL2-t1	up	50000000	690554b9	49210	standby	in	690554b9>02bf4a7b17f587405738f9c2677ac63b7b99fa3f1e589159daf8429d66585e2e0c;cc141cac>022716fba0f9a5d46ae7b8a4412296847d63d96c763d49068e851e9be7542080b1	stcpr	91.05606	02bf4a7b17f587405738f9c2677ac63b7b99fa3f1e589159daf8429d66585e2e0c	32	36	0.0%	0.2%	local-recv	cc141cac	yes	0	0	0	0
14	mux-compose-T2xL2-t1	up	50000000	a7990e32	49211,49226	standby	in	a7990e32>020819902394f4b8e0e77c3961bb37d77b688d41c3f639f531aebb0a70c64d7092;4d82d133>022716fba0f9a5d46ae7b8a4412296847d63d96c763d49068e851e9be7542080b1	stcpr	65.997397	020819902394f4b8e0e77c3961bb37d77b688d41c3f639f531aebb0a70c64d7092	183	191	0.0%	1.3%	local-recv	4d82d133	yes	0	0	0	0
14	mux-compose-T2xL2-t1	up	50000000	d3604075	49212	standby	in	d3604075>03a9a28d2a38de5342e43b88c6c138eada84e412cf1e703432c7affee73190cd88;7546a023>022716fba0f9a5d46ae7b8a4412296847d63d96c763d49068e851e9be7542080b1	squicr	165.669879	03a9a28d2a38de5342e43b88c6c138eada84e412cf1e703432c7affee73190cd88	16677134	3018	66.6%	19.9%	local-recv	7546a023	no	2751	244.13	281434930	54476288
14	mux-compose-T2xL2-t1	up	50000000	7c80edb8	49213	standby	in	7c80edb8>022a2a1c5588bcb401377ca54dc2487ec4f2e41286a3d2aff4028facc7bfd6d9cc;3021cb5c>022716fba0f9a5d46ae7b8a4412296847d63d96c763d49068e851e9be7542080b1	stcpr	162.768885	022a2a1c5588bcb401377ca54dc2487ec4f2e41286a3d2aff4028facc7bfd6d9cc	326	326	0.0%	2.1%	local-recv	3021cb5c	no	7	251.19	12384	12192
14	mux-compose-T2xL2-t1	up	50000000	4470a453	49214	standby	in	4470a453>031bb93993ee93a04c8d7a69b3eab16f2cb7ff6cae97f86e561b1c712b0b6dfae4;6ed88be5>022716fba0f9a5d46ae7b8a4412296847d63d96c763d49068e851e9be7542080b1	stcpr	178.344483	031bb93993ee93a04c8d7a69b3eab16f2cb7ff6cae97f86e561b1c712b0b6dfae4	342	342	0.0%	2.3%	local-recv	6ed88be5	no	4	302.67	12288	12256
14	mux-compose-T2xL2-t1	up	50000000	25b03079	49214,49232	standby	in	25b03079>02c43f7d6da81cdca65fcf41906ff321f0d9f14e4c9ab0ff8b54b8ec64cce11bf0;18e8b97b>022716fba0f9a5d46ae7b8a4412296847d63d96c763d49068e851e9be7542080b1	stcpr	82.598708	02c43f7d6da81cdca65fcf41906ff321f0d9f14e4c9ab0ff8b54b8ec64cce11bf0	48	56	0.0%	0.4%	local-recv	18e8b97b	yes	0	0	0	0
14	mux-compose-T2xL2-t1	up	50000000	619865a5	49215	standby	in	619865a5>02109a13c780fe273e48b5a7a9e030c1052156cd5afef4dff1c100598226ad8da9;25c2ebc5>022716fba0f9a5d46ae7b8a4412296847d63d96c763d49068e851e9be7542080b1	stcpr	163.820431	02109a13c780fe273e48b5a7a9e030c1052156cd5afef4dff1c100598226ad8da9	342	342	0.0%	2.3%	local-recv	25c2ebc5	no	6	243.98	12352	12224
14	mux-compose-T2xL2-t1	up	50000000	35766599	49216	standby	in	35766599>03a4a29d19804bd98d9a8197a327d53d0d00865815ee7d0a320cd0da4250102cdb;a6830d6d>022716fba0f9a5d46ae7b8a4412296847d63d96c763d49068e851e9be7542080b1	stcpr	81.521059	03a4a29d19804bd98d9a8197a327d53d0d00865815ee7d0a320cd0da4250102cdb	8338758	1709	33.3%	11.2%	local-recv	a6830d6d	no	5	263.42	186014151	50049311
14	mux-compose-T2xL2-t1	up	50000000	475d59a5	49217	standby	in	475d59a5>02b1d9c56928f533ea9b309f8a53ed4807ee4e0193ef3c3a0234033313feceb8f2;99a80e72>022716fba0f9a5d46ae7b8a4412296847d63d96c763d49068e851e9be7542080b1	stcpr	248.323589	02b1d9c56928f533ea9b309f8a53ed4807ee4e0193ef3c3a0234033313feceb8f2	342	342	0.0%	2.3%	local-recv	99a80e72	no	5	345.68	12320	12192
14	mux-compose-T2xL2-t1	up	50000000	ca42696c	49217,49231	standby	in	ca42696c>028ed30c290b4c0c36d769108be072a995ac100cd5fcb249b33b92c127961cdfbb;97203c85>022716fba0f9a5d46ae7b8a4412296847d63d96c763d49068e851e9be7542080b1	stcpr	83.770368	028ed30c290b4c0c36d769108be072a995ac100cd5fcb249b33b92c127961cdfbb	48	56	0.0%	0.4%	local-recv	97203c85	yes	0	0	0	0
14	mux-compose-T2xL2-t1	up	50000000	e5faa6e0	49218	standby	in	e5faa6e0>02230b0a96a6f94179fab58196d3dfa1e19070faeae82d6900971462996541e774;47361294>022716fba0f9a5d46ae7b8a4412296847d63d96c763d49068e851e9be7542080b1	stcpr	153.858732	02230b0a96a6f94179fab58196d3dfa1e19070faeae82d6900971462996541e774	350	350	0.0%	2.3%	local-recv	47361294	no	5	244.9	12320	12192
14	mux-compose-T2xL2-t1	up	50000000	ee5902d2	49218,49230	standby	in	ee5902d2>0397b427c1e522b768389db1fdfab3943a74e69683800fe4950af7dfb3bf66893c;2dfdb077>022716fba0f9a5d46ae7b8a4412296847d63d96c763d49068e851e9be7542080b1	stcpr	315.216677	0397b427c1e522b768389db1fdfab3943a74e69683800fe4950af7dfb3bf66893c	48	56	0.0%	0.4%	local-recv	2dfdb077	yes	0	0	0	0
14	mux-compose-T2xL2-t1	up	50000000	b71ddf99	49219	standby	in	b71ddf99>0328947fced4d4b7beb65a6ef60d579e42d7976168c292cbd6d28b5b8bdc85757f;47828219>022716fba0f9a5d46ae7b8a4412296847d63d96c763d49068e851e9be7542080b1	stcpr	505.315652	0328947fced4d4b7beb65a6ef60d579e42d7976168c292cbd6d28b5b8bdc85757f	350	350	0.0%	2.3%	local-recv	47828219	no	5	244.45	12320	12160
14	mux-compose-T2xL2-t1	up	50000000	696629b6	49219,49233	standby	in	696629b6>03ecc7d108a98480b40a85bbfadb8f477d0c3559316306dcd7ba52fa3d21dad91e;75b62c04>022716fba0f9a5d46ae7b8a4412296847d63d96c763d49068e851e9be7542080b1	stcpr	80.675049	03ecc7d108a98480b40a85bbfadb8f477d0c3559316306dcd7ba52fa3d21dad91e	40	50	0.0%	0.3%	local-recv	75b62c04	yes	0	0	0	0
14	mux-compose-T2xL2-t1	up	50000000	bf9b0de8	49220	standby	in	bf9b0de8>026a913078651938783e19416a2de99c924df209e28512da2a571868c989bf3822;c2793bef>022716fba0f9a5d46ae7b8a4412296847d63d96c763d49068e851e9be7542080b1	stcpr	156.499436	026a913078651938783e19416a2de99c924df209e28512da2a571868c989bf3822	350	350	0.0%	2.3%	local-recv	c2793bef	no	4	244.61	12288	12224
14	mux-compose-T2xL2-t1	up	50000000	e5f24143	49220,49223	standby	in	e5f24143>024a37bae69d6be2ec51eeb9d2b7e99073c30153d06896032f5bd3c09ca843bdb9;a214890d>022716fba0f9a5d46ae7b8a4412296847d63d96c763d49068e851e9be7542080b1	stcpr	38.020679	024a37bae69d6be2ec51eeb9d2b7e99073c30153d06896032f5bd3c09ca843bdb9	48	57	0.0%	0.4%	local-recv	a214890d	yes	0	0	0	0
14	mux-compose-T2xL2-t1	up	50000000	bac92dd4	49222,49233	standby	in	bac92dd4>02db6d6f87e5d6382c827c066514195dfed31f61f07a295caa1b8f4364826921be;11b37300>022716fba0f9a5d46ae7b8a4412296847d63d96c763d49068e851e9be7542080b1	stcpr	174.524809	02db6d6f87e5d6382c827c066514195dfed31f61f07a295caa1b8f4364826921be	676	676	0.0%	4.4%	local-recv	11b37300	no	5	249.9	12000	11904
14	mux-compose-T2xL2-t1	up	50000000	0d53f7b1	49223,49232	standby	in	0d53f7b1>021ed11eb6557e39fee1e2ef91671bced1483b6c15debc45be54a5f1e1c3c07659;a8ae418c>022716fba0f9a5d46ae7b8a4412296847d63d96c763d49068e851e9be7542080b1	stcpr	170.154391	021ed11eb6557e39fee1e2ef91671bced1483b6c15debc45be54a5f1e1c3c07659	750	742	0.0%	4.9%	local-recv	a8ae418c	no	5	395.94	12000	11904
14	mux-compose-T2xL2-t1	up	50000000	336d3a3e	49224	standby	in	336d3a3e>031fc6a42965440b0bb761120c53001d03ead6c862249b1851368097fd19b3a9f1;89d170d4>022716fba0f9a5d46ae7b8a4412296847d63d96c763d49068e851e9be7542080b1	stcpr	151.307	031fc6a42965440b0bb761120c53001d03ead6c862249b1851368097fd19b3a9f1	355	355	0.0%	2.3%	local-recv	89d170d4	no	415	373	204778009	29277411
14	mux-compose-T2xL2-t1	up	50000000	5157fdc8	49225	standby	in	5157fdc8>03360da779493433e9ae8e103ac1c0baf6973982f93bd3cf326e4b18f9fda666cb;2b4ccbdd>022716fba0f9a5d46ae7b8a4412296847d63d96c763d49068e851e9be7542080b1	stcpr	177.084961	03360da779493433e9ae8e103ac1c0baf6973982f93bd3cf326e4b18f9fda666cb	350	350	0.0%	2.3%	local-recv	2b4ccbdd	no	5	267.41	12192	12096
14	mux-compose-T2xL2-t1	up	50000000	ea69bc13	49226	standby	in	ea69bc13>03dd3a272482055da08828fafffe0cb537915a52e71c92bfc9bf3140ab0153cd7c;ce4708f1>022716fba0f9a5d46ae7b8a4412296847d63d96c763d49068e851e9be7542080b1	stcpr	168.635	03dd3a272482055da08828fafffe0cb537915a52e71c92bfc9bf3140ab0153cd7c	350	350	0.0%	2.3%	local-recv	ce4708f1	no	4	248.48	12224	12192
14	mux-compose-T2xL2-t1	up	50000000	a18cfda5	49227,49230	standby	in	a18cfda5>032fe1b4b0bf0207c10bc99cf64be4fdc15464981554e0cd58bf66f06960cd5fcc;0601bd31>022716fba0f9a5d46ae7b8a4412296847d63d96c763d49068e851e9be7542080b1	stcpr	161.083818	032fe1b4b0bf0207c10bc99cf64be4fdc15464981554e0cd58bf66f06960cd5fcc	796	732	0.0%	4.8%	local-recv	0601bd31	no	5	256.11	12000	11904
14	mux-compose-T2xL2-t1	up	50000000	9a548f01	49228	standby	in	9a548f01>038a10abc4081748dad046dafe39a4f4744352703d19a6dbee68b97ae9f9d334f0;7db81071>022716fba0f9a5d46ae7b8a4412296847d63d96c763d49068e851e9be7542080b1	stcpr	169.067	038a10abc4081748dad046dafe39a4f4744352703d19a6dbee68b97ae9f9d334f0	342	342	0.0%	2.3%	local-recv	7db81071	no	6	399.19	12288	12160
14	mux-compose-T2xL2-t1	up	50000000	1bb37806	49229	standby	in	1bb37806>02b3a85aee85dece633272731c2e37867a39fa9127f28233ad18ed0051184fc40a;d30e45c7>022716fba0f9a5d46ae7b8a4412296847d63d96c763d49068e851e9be7542080b1	squicr	172.05	02b3a85aee85dece633272731c2e37867a39fa9127f28233ad18ed0051184fc40a	379	379	0.0%	2.5%	local-recv	d30e45c7	no	3	263.52	12192	12224
14	mux-compose-T2xL2-t1	up	50000000	b250c046	49231	standby	in	b250c046>02956775f345d7328128678c0ced40a3e3e3f91bbf431ef886f41df31d93ee1661;3164901a>022716fba0f9a5d46ae7b8a4412296847d63d96c763d49068e851e9be7542080b1	stcpr	78.401539	02956775f345d7328128678c0ced40a3e3e3f91bbf431ef886f41df31d93ee1661	379	411	0.0%	2.7%	local-recv	3164901a	no	3	264.45	11936	11968
14	mux-compose-T2xL2-t1	up	50000000	77fb43c0	49234	standby	in	77fb43c0>02090aec59b40207d8662c82e4ecfc524b740c27f2fb98cfb5582833a66bdcb797;cab03f16>022716fba0f9a5d46ae7b8a4412296847d63d96c763d49068e851e9be7542080b1	squicr	172.700163	02090aec59b40207d8662c82e4ecfc524b740c27f2fb98cfb5582833a66bdcb797	342	342	0.0%	2.3%	local-recv	cab03f16	no	4	250.47	11968	11872
14	mux-compose-T2xL2-t1	up	50000000	fb021902	49234	standby	in	fb021902>02781a0ac87d137d612bdefc5d68f420125887771e2d5cf6bc710c83ffc3b9d696;80303b39>022716fba0f9a5d46ae7b8a4412296847d63d96c763d49068e851e9be7542080b1	stcpr	134.742987	02781a0ac87d137d612bdefc5d68f420125887771e2d5cf6bc710c83ffc3b9d696	32	37	0.0%	0.2%	local-recv	80303b39	yes	0	0	0	0
14	mux-compose-T2xL2-t1	up	50000000	30f42c30	49235	standby	in	30f42c30>03eba64189c636ab77c2da630bf2a0c77061bc783e59f80fd39015a42f9ae6ce01;0d8257e2>022716fba0f9a5d46ae7b8a4412296847d63d96c763d49068e851e9be7542080b1	stcpr	555.855424	03eba64189c636ab77c2da630bf2a0c77061bc783e59f80fd39015a42f9ae6ce01	379	379	0.0%	2.5%	local-recv	0d8257e2	no	6	243.27	12032	11936
15	mux-compose-T2xL2-t2	up	50000000	77674aa7	49205	standby	in	77674aa7>0269fcc9891752f41850fd345affd7fb133522567f433658142fbefe1d6446d8cd;b7caa06d>022716fba0f9a5d46ae7b8a4412296847d63d96c763d49068e851e9be7542080b1	stcpr	245.654278	0269fcc9891752f41850fd345affd7fb133522567f433658142fbefe1d6446d8cd	270	270	0.0%	1.7%	local-recv	b7caa06d	no	5	340.46	12416	12320
15	mux-compose-T2xL2-t2	up	50000000	a94550f5	49205,49235	standby	in	a94550f5>025cc9b7ba632d57c12ccad1eb31c47a942dede14d1e174ac6c19a4988abb200c0;f3dfb306>022716fba0f9a5d46ae7b8a4412296847d63d96c763d49068e851e9be7542080b1	stcpr	68.394503	025cc9b7ba632d57c12ccad1eb31c47a942dede14d1e174ac6c19a4988abb200c0	40	46	0.0%	0.3%	local-recv	f3dfb306	yes	0	0	0	0
15	mux-compose-T2xL2-t2	up	50000000	b45c771a	49206	standby	in	b45c771a>03f82ff0d7ce318d14db5a8fb754741fa257ffcdb17c629879f854298e8fe85384;5e04a7c8>022716fba0f9a5d46ae7b8a4412296847d63d96c763d49068e851e9be7542080b1	squicr	162.433552	03f82ff0d7ce318d14db5a8fb754741fa257ffcdb17c629879f854298e8fe85384	249	281	0.0%	1.8%	local-recv	5e04a7c8	no	7	244.21	12480	12448
15	mux-compose-T2xL2-t2	up	50000000	b6e61452	49206,49225	standby	in	b6e61452>02d92e70b9dd358112ebd266e641a6a928397edfda54c213f7b37dd5cd57eca17a;f3d8c01a>022716fba0f9a5d46ae7b8a4412296847d63d96c763d49068e851e9be7542080b1	stcpr	77.216812	02d92e70b9dd358112ebd266e641a6a928397edfda54c213f7b37dd5cd57eca17a	0	8	0.0%	0.1%	local-recv	f3d8c01a	yes	0	0	0	0
15	mux-compose-T2xL2-t2	up	50000000	df4c1852	49207	standby	in	df4c1852>035f532aed88e89cb8822a31b71d83a14f63fabd6389e537c2426fe84031c60825;f148d779>022716fba0f9a5d46ae7b8a4412296847d63d96c763d49068e851e9be7542080b1	stcpr	157.096714	035f532aed88e89cb8822a31b71d83a14f63fabd6389e537c2426fe84031c60825	212	212	0.0%	1.3%	local-recv	f148d779	no	5	244.54	12416	12352
15	mux-compose-T2xL2-t2	up	50000000	88737946	49207,49222	standby	in	88737946>039ba57e780efc89546104a134e9121f1dda0617e335eee8c3f21e4e272df93ac1;f888da30>022716fba0f9a5d46ae7b8a4412296847d63d96c763d49068e851e9be7542080b1	stcpr	93.010188	039ba57e780efc89546104a134e9121f1dda0617e335eee8c3f21e4e272df93ac1	16	23	0.0%	0.1%	local-recv	f888da30	yes	0	0	0	0
15	mux-compose-T2xL2-t2	up	50000000	03f0e265	49208	standby	in	03f0e265>035f6c7648bb0034b436db7d3845f7b482e8da705ca2b4622fd9673eb60921d5e5;ca5d50b7>022716fba0f9a5d46ae7b8a4412296847d63d96c763d49068e851e9be7542080b1	stcpr	163.238962	035f6c7648bb0034b436db7d3845f7b482e8da705ca2b4622fd9673eb60921d5e5	278	278	0.0%	1.8%	local-recv	ca5d50b7	no	4	244.36	12384	12352
15	mux-compose-T2xL2-t2	up	50000000	82aaa034	49208,49227	standby	in	82aaa034>03852490a5cb7f48e8d20af0a4c558a605a2ef26b61ae75a78295c442697ecd375;b625e9da>022716fba0f9a5d46ae7b8a4412296847d63d96c763d49068e851e9be7542080b1	stcpr	76.121471	03852490a5cb7f48e8d20af0a4c558a605a2ef26b61ae75a78295c442697ecd375	24	30	0.0%	0.2%	local-recv	b625e9da	yes	0	0	0	0
15	mux-compose-T2xL2-t2	up	50000000	2ca52bbf	49209	standby	in	2ca52bbf>03d1a14c1f4ce581211e919dd22211c211020c3a1634fa90e94df2b60e2e1a7f91;ef8238bf>022716fba0f9a5d46ae7b8a4412296847d63d96c763d49068e851e9be7542080b1	stcpr	166.33074	03d1a14c1f4ce581211e919dd22211c211020c3a1634fa90e94df2b60e2e1a7f91	278	278	0.0%	1.8%	local-recv	ef8238bf	no	5	399.68	12416	12352
15	mux-compose-T2xL2-t2	up	50000000	287b1d97	49209,49228	standby	in	287b1d97>03b934e8a26ddb9d635381df94dbf778cdfebf53f8956902ec3a7837524a75024f;9d5d85da>022716fba0f9a5d46ae7b8a4412296847d63d96c763d49068e851e9be7542080b1	stcpr	79.820625	03b934e8a26ddb9d635381df94dbf778cdfebf53f8956902ec3a7837524a75024f	24	32	0.0%	0.2%	local-recv	9d5d85da	yes	0	0	0	0
15	mux-compose-T2xL2-t2	up	50000000	97ae541b	49210	standby	in	97ae541b>03c3278fa753b5e942c8b1bfe028219520b8b713f370796e442a4d416a41e08b17;b70493f1>022716fba0f9a5d46ae7b8a4412296847d63d96c763d49068e851e9be7542080b1	stcpr	166.306321	03c3278fa753b5e942c8b1bfe028219520b8b713f370796e442a4d416a41e08b17	305	241	0.0%	1.5%	local-recv	b70493f1	no	4	244.42	12384	12352
15	mux-compose-T2xL2-t2	up	50000000	690554b9	49210	standby	in	690554b9>02bf4a7b17f587405738f9c2677ac63b7b99fa3f1e589159daf8429d66585e2e0c;cc141cac>022716fba0f9a5d46ae7b8a4412296847d63d96c763d49068e851e9be7542080b1	stcpr	91.05606	02bf4a7b17f587405738f9c2677ac63b7b99fa3f1e589159daf8429d66585e2e0c	16	19	0.0%	0.1%	local-recv	cc141cac	yes	0	0	0	0
15	mux-compose-T2xL2-t2	up	50000000	a7990e32	49211,49226	standby	in	a7990e32>020819902394f4b8e0e77c3961bb37d77b688d41c3f639f531aebb0a70c64d7092;4d82d133>022716fba0f9a5d46ae7b8a4412296847d63d96c763d49068e851e9be7542080b1	stcpr	65.997397	020819902394f4b8e0e77c3961bb37d77b688d41c3f639f531aebb0a70c64d7092	302	306	0.0%	1.9%	local-recv	4d82d133	yes	0	0	0	0
15	mux-compose-T2xL2-t2	up	50000000	d3604075	49212	standby	in	d3604075>03a9a28d2a38de5342e43b88c6c138eada84e412cf1e703432c7affee73190cd88;7546a023>022716fba0f9a5d46ae7b8a4412296847d63d96c763d49068e851e9be7542080b1	squicr	165.669879	03a9a28d2a38de5342e43b88c6c138eada84e412cf1e703432c7affee73190cd88	16676970	2707	33.3%	17.1%	local-recv	7546a023	no	2751	244.13	281434930	54476288
15	mux-compose-T2xL2-t2	up	50000000	7c80edb8	49213	standby	in	7c80edb8>022a2a1c5588bcb401377ca54dc2487ec4f2e41286a3d2aff4028facc7bfd6d9cc;3021cb5c>022716fba0f9a5d46ae7b8a4412296847d63d96c763d49068e851e9be7542080b1	stcpr	162.768885	022a2a1c5588bcb401377ca54dc2487ec4f2e41286a3d2aff4028facc7bfd6d9cc	254	254	0.0%	1.6%	local-recv	3021cb5c	no	7	251.19	12384	12192
15	mux-compose-T2xL2-t2	up	50000000	4470a453	49214	standby	in	4470a453>031bb93993ee93a04c8d7a69b3eab16f2cb7ff6cae97f86e561b1c712b0b6dfae4;6ed88be5>022716fba0f9a5d46ae7b8a4412296847d63d96c763d49068e851e9be7542080b1	stcpr	178.344483	031bb93993ee93a04c8d7a69b3eab16f2cb7ff6cae97f86e561b1c712b0b6dfae4	270	270	0.0%	1.7%	local-recv	6ed88be5	no	4	302.67	12288	12256
15	mux-compose-T2xL2-t2	up	50000000	25b03079	49214,49232	standby	in	25b03079>02c43f7d6da81cdca65fcf41906ff321f0d9f14e4c9ab0ff8b54b8ec64cce11bf0;18e8b97b>022716fba0f9a5d46ae7b8a4412296847d63d96c763d49068e851e9be7542080b1	stcpr	82.598708	02c43f7d6da81cdca65fcf41906ff321f0d9f14e4c9ab0ff8b54b8ec64cce11bf0	32	40	0.0%	0.3%	local-recv	18e8b97b	yes	0	0	0	0
15	mux-compose-T2xL2-t2	up	50000000	619865a5	49215	standby	in	619865a5>02109a13c780fe273e48b5a7a9e030c1052156cd5afef4dff1c100598226ad8da9;25c2ebc5>022716fba0f9a5d46ae7b8a4412296847d63d96c763d49068e851e9be7542080b1	stcpr	163.820431	02109a13c780fe273e48b5a7a9e030c1052156cd5afef4dff1c100598226ad8da9	262	262	0.0%	1.7%	local-recv	25c2ebc5	no	6	243.98	12352	12224
15	mux-compose-T2xL2-t2	up	50000000	35766599	49216	standby	in	35766599>03a4a29d19804bd98d9a8197a327d53d0d00865815ee7d0a320cd0da4250102cdb;a6830d6d>022716fba0f9a5d46ae7b8a4412296847d63d96c763d49068e851e9be7542080b1	stcpr	81.521059	03a4a29d19804bd98d9a8197a327d53d0d00865815ee7d0a320cd0da4250102cdb	20846262	3032	41.6%	19.1%	local-recv	a6830d6d	no	5	263.42	186014151	50049311
15	mux-compose-T2xL2-t2	up	50000000	475d59a5	49217	standby	in	475d59a5>02b1d9c56928f533ea9b309f8a53ed4807ee4e0193ef3c3a0234033313feceb8f2;99a80e72>022716fba0f9a5d46ae7b8a4412296847d63d96c763d49068e851e9be7542080b1	stcpr	248.323589	02b1d9c56928f533ea9b309f8a53ed4807ee4e0193ef3c3a0234033313feceb8f2	278	278	0.0%	1.8%	local-recv	99a80e72	no	5	345.68	12320	12192
15	mux-compose-T2xL2-t2	up	50000000	ca42696c	49217,49231	standby	in	ca42696c>028ed30c290b4c0c36d769108be072a995ac100cd5fcb249b33b92c127961cdfbb;97203c85>022716fba0f9a5d46ae7b8a4412296847d63d96c763d49068e851e9be7542080b1	stcpr	83.770368	028ed30c290b4c0c36d769108be072a995ac100cd5fcb249b33b92c127961cdfbb	32	38	0.0%	0.2%	local-recv	97203c85	yes	0	0	0	0
15	mux-compose-T2xL2-t2	up	50000000	e5faa6e0	49218	standby	in	e5faa6e0>02230b0a96a6f94179fab58196d3dfa1e19070faeae82d6900971462996541e774;47361294>022716fba0f9a5d46ae7b8a4412296847d63d96c763d49068e851e9be7542080b1	stcpr	153.858732	02230b0a96a6f94179fab58196d3dfa1e19070faeae82d6900971462996541e774	265	265	0.0%	1.7%	local-recv	47361294	no	5	244.9	12320	12192
15	mux-compose-T2xL2-t2	up	50000000	ee5902d2	49218,49230	standby	in	ee5902d2>0397b427c1e522b768389db1fdfab3943a74e69683800fe4950af7dfb3bf66893c;2dfdb077>022716fba0f9a5d46ae7b8a4412296847d63d96c763d49068e851e9be7542080b1	stcpr	315.216677	0397b427c1e522b768389db1fdfab3943a74e69683800fe4950af7dfb3bf66893c	32	40	0.0%	0.3%	local-recv	2dfdb077	yes	0	0	0	0
15	mux-compose-T2xL2-t2	up	50000000	b71ddf99	49219	standby	in	b71ddf99>0328947fced4d4b7beb65a6ef60d579e42d7976168c292cbd6d28b5b8bdc85757f;47828219>022716fba0f9a5d46ae7b8a4412296847d63d96c763d49068e851e9be7542080b1	stcpr	505.315652	0328947fced4d4b7beb65a6ef60d579e42d7976168c292cbd6d28b5b8bdc85757f	302	302	0.0%	1.9%	local-recv	47828219	no	5	244.45	12320	12160
15	mux-compose-T2xL2-t2	up	50000000	696629b6	49219,49233	standby	in	696629b6>03ecc7d108a98480b40a85bbfadb8f477d0c3559316306dcd7ba52fa3d21dad91e;75b62c04>022716fba0f9a5d46ae7b8a4412296847d63d96c763d49068e851e9be7542080b1	stcpr	80.675049	03ecc7d108a98480b40a85bbfadb8f477d0c3559316306dcd7ba52fa3d21dad91e	32	40	0.0%	0.3%	local-recv	75b62c04	yes	0	0	0	0
15	mux-compose-T2xL2-t2	up	50000000	bf9b0de8	49220	standby	in	bf9b0de8>026a913078651938783e19416a2de99c924df209e28512da2a571868c989bf3822;c2793bef>022716fba0f9a5d46ae7b8a4412296847d63d96c763d49068e851e9be7542080b1	stcpr	156.499436	026a913078651938783e19416a2de99c924df209e28512da2a571868c989bf3822	302	302	0.0%	1.9%	local-recv	c2793bef	no	4	244.61	12288	12224
15	mux-compose-T2xL2-t2	up	50000000	e5f24143	49220,49223	standby	in	e5f24143>024a37bae69d6be2ec51eeb9d2b7e99073c30153d06896032f5bd3c09ca843bdb9;a214890d>022716fba0f9a5d46ae7b8a4412296847d63d96c763d49068e851e9be7542080b1	stcpr	38.020679	024a37bae69d6be2ec51eeb9d2b7e99073c30153d06896032f5bd3c09ca843bdb9	32	38	0.0%	0.2%	local-recv	a214890d	yes	0	0	0	0
15	mux-compose-T2xL2-t2	up	50000000	bac92dd4	49222,49233	standby	in	bac92dd4>02db6d6f87e5d6382c827c066514195dfed31f61f07a295caa1b8f4364826921be;11b37300>022716fba0f9a5d46ae7b8a4412296847d63d96c763d49068e851e9be7542080b1	stcpr	174.524809	02db6d6f87e5d6382c827c066514195dfed31f61f07a295caa1b8f4364826921be	546	546	0.0%	3.4%	local-recv	11b37300	no	5	249.9	12000	11904
15	mux-compose-T2xL2-t2	up	50000000	0d53f7b1	49223,49232	standby	in	0d53f7b1>021ed11eb6557e39fee1e2ef91671bced1483b6c15debc45be54a5f1e1c3c07659;a8ae418c>022716fba0f9a5d46ae7b8a4412296847d63d96c763d49068e851e9be7542080b1	stcpr	170.154391	021ed11eb6557e39fee1e2ef91671bced1483b6c15debc45be54a5f1e1c3c07659	538	538	0.0%	3.4%	local-recv	a8ae418c	no	5	395.94	12000	11904
15	mux-compose-T2xL2-t2	up	50000000	336d3a3e	49224	standby	in	336d3a3e>031fc6a42965440b0bb761120c53001d03ead6c862249b1851368097fd19b3a9f1;89d170d4>022716fba0f9a5d46ae7b8a4412296847d63d96c763d49068e851e9be7542080b1	stcpr	151.307	031fc6a42965440b0bb761120c53001d03ead6c862249b1851368097fd19b3a9f1	12573504	2448	25.1%	15.4%	local-recv	89d170d4	no	415	373	204778009	29277411
15	mux-compose-T2xL2-t2	up	50000000	5157fdc8	49225	standby	in	5157fdc8>03360da779493433e9ae8e103ac1c0baf6973982f93bd3cf326e4b18f9fda666cb;2b4ccbdd>022716fba0f9a5d46ae7b8a4412296847d63d96c763d49068e851e9be7542080b1	stcpr	177.084961	03360da779493433e9ae8e103ac1c0baf6973982f93bd3cf326e4b18f9fda666cb	217	217	0.0%	1.4%	local-recv	2b4ccbdd	no	5	267.41	12192	12096
15	mux-compose-T2xL2-t2	up	50000000	ea69bc13	49226	standby	in	ea69bc13>03dd3a272482055da08828fafffe0cb537915a52e71c92bfc9bf3140ab0153cd7c;ce4708f1>022716fba0f9a5d46ae7b8a4412296847d63d96c763d49068e851e9be7542080b1	stcpr	168.635	03dd3a272482055da08828fafffe0cb537915a52e71c92bfc9bf3140ab0153cd7c	273	273	0.0%	1.7%	local-recv	ce4708f1	no	4	248.48	12224	12192
15	mux-compose-T2xL2-t2	up	50000000	a18cfda5	49227,49230	standby	in	a18cfda5>032fe1b4b0bf0207c10bc99cf64be4fdc15464981554e0cd58bf66f06960cd5fcc;0601bd31>022716fba0f9a5d46ae7b8a4412296847d63d96c763d49068e851e9be7542080b1	stcpr	161.083818	032fe1b4b0bf0207c10bc99cf64be4fdc15464981554e0cd58bf66f06960cd5fcc	546	546	0.0%	3.4%	local-recv	0601bd31	no	5	256.11	12000	11904
15	mux-compose-T2xL2-t2	up	50000000	9a548f01	49228	standby	in	9a548f01>038a10abc4081748dad046dafe39a4f4744352703d19a6dbee68b97ae9f9d334f0;7db81071>022716fba0f9a5d46ae7b8a4412296847d63d96c763d49068e851e9be7542080b1	stcpr	169.067	038a10abc4081748dad046dafe39a4f4744352703d19a6dbee68b97ae9f9d334f0	310	310	0.0%	2.0%	local-recv	7db81071	no	6	399.19	12288	12160
15	mux-compose-T2xL2-t2	up	50000000	1bb37806	49229	standby	in	1bb37806>02b3a85aee85dece633272731c2e37867a39fa9127f28233ad18ed0051184fc40a;d30e45c7>022716fba0f9a5d46ae7b8a4412296847d63d96c763d49068e851e9be7542080b1	squicr	172.05	02b3a85aee85dece633272731c2e37867a39fa9127f28233ad18ed0051184fc40a	225	225	0.0%	1.4%	local-recv	d30e45c7	no	3	263.52	12192	12224
15	mux-compose-T2xL2-t2	up	50000000	b250c046	49231	standby	in	b250c046>02956775f345d7328128678c0ced40a3e3e3f91bbf431ef886f41df31d93ee1661;3164901a>022716fba0f9a5d46ae7b8a4412296847d63d96c763d49068e851e9be7542080b1	stcpr	78.401539	02956775f345d7328128678c0ced40a3e3e3f91bbf431ef886f41df31d93ee1661	305	305	0.0%	1.9%	local-recv	3164901a	no	3	264.45	11936	11968
15	mux-compose-T2xL2-t2	up	50000000	77fb43c0	49234	standby	in	77fb43c0>02090aec59b40207d8662c82e4ecfc524b740c27f2fb98cfb5582833a66bdcb797;cab03f16>022716fba0f9a5d46ae7b8a4412296847d63d96c763d49068e851e9be7542080b1	squicr	172.700163	02090aec59b40207d8662c82e4ecfc524b740c27f2fb98cfb5582833a66bdcb797	265	265	0.0%	1.7%	local-recv	cab03f16	no	4	250.47	11968	11872
15	mux-compose-T2xL2-t2	up	50000000	fb021902	49234	standby	in	fb021902>02781a0ac87d137d612bdefc5d68f420125887771e2d5cf6bc710c83ffc3b9d696;80303b39>022716fba0f9a5d46ae7b8a4412296847d63d96c763d49068e851e9be7542080b1	stcpr	134.742987	02781a0ac87d137d612bdefc5d68f420125887771e2d5cf6bc710c83ffc3b9d696	16	20	0.0%	0.1%	local-recv	80303b39	yes	0	0	0	0
15	mux-compose-T2xL2-t2	up	50000000	30f42c30	49235	standby	in	30f42c30>03eba64189c636ab77c2da630bf2a0c77061bc783e59f80fd39015a42f9ae6ce01;0d8257e2>022716fba0f9a5d46ae7b8a4412296847d63d96c763d49068e851e9be7542080b1	stcpr	555.855424	03eba64189c636ab77c2da630bf2a0c77061bc783e59f80fd39015a42f9ae6ce01	265	265	0.0%	1.7%	local-recv	0d8257e2	no	6	243.27	12032	11936
16	mux-compose-T2xL2-t3	up	50000000	77674aa7	49205	standby	in	77674aa7>0269fcc9891752f41850fd345affd7fb133522567f433658142fbefe1d6446d8cd;b7caa06d>022716fba0f9a5d46ae7b8a4412296847d63d96c763d49068e851e9be7542080b1	stcpr	245.654278	0269fcc9891752f41850fd345affd7fb133522567f433658142fbefe1d6446d8cd	302	302	0.0%	1.7%	local-recv	b7caa06d	no	5	340.46	12416	12320
16	mux-compose-T2xL2-t3	up	50000000	a94550f5	49205,49235	standby	in	a94550f5>025cc9b7ba632d57c12ccad1eb31c47a942dede14d1e174ac6c19a4988abb200c0;f3dfb306>022716fba0f9a5d46ae7b8a4412296847d63d96c763d49068e851e9be7542080b1	stcpr	68.394503	025cc9b7ba632d57c12ccad1eb31c47a942dede14d1e174ac6c19a4988abb200c0	40	48	0.0%	0.3%	local-recv	f3dfb306	yes	0	0	0	0
16	mux-compose-T2xL2-t3	up	50000000	b45c771a	49206	standby	in	b45c771a>03f82ff0d7ce318d14db5a8fb754741fa257ffcdb17c629879f854298e8fe85384;5e04a7c8>022716fba0f9a5d46ae7b8a4412296847d63d96c763d49068e851e9be7542080b1	squicr	162.433552	03f82ff0d7ce318d14db5a8fb754741fa257ffcdb17c629879f854298e8fe85384	305	305	0.0%	1.7%	local-recv	5e04a7c8	no	7	244.21	12480	12448
16	mux-compose-T2xL2-t3	up	50000000	b6e61452	49206,49225	standby	in	b6e61452>02d92e70b9dd358112ebd266e641a6a928397edfda54c213f7b37dd5cd57eca17a;f3d8c01a>022716fba0f9a5d46ae7b8a4412296847d63d96c763d49068e851e9be7542080b1	stcpr	77.216812	02d92e70b9dd358112ebd266e641a6a928397edfda54c213f7b37dd5cd57eca17a	48	56	0.0%	0.3%	local-recv	f3d8c01a	yes	0	0	0	0
16	mux-compose-T2xL2-t3	up	50000000	df4c1852	49207	standby	in	df4c1852>035f532aed88e89cb8822a31b71d83a14f63fabd6389e537c2426fe84031c60825;f148d779>022716fba0f9a5d46ae7b8a4412296847d63d96c763d49068e851e9be7542080b1	stcpr	157.096714	035f532aed88e89cb8822a31b71d83a14f63fabd6389e537c2426fe84031c60825	281	281	0.0%	1.6%	local-recv	f148d779	no	5	244.54	12416	12352
16	mux-compose-T2xL2-t3	up	50000000	88737946	49207,49222	standby	in	88737946>039ba57e780efc89546104a134e9121f1dda0617e335eee8c3f21e4e272df93ac1;f888da30>022716fba0f9a5d46ae7b8a4412296847d63d96c763d49068e851e9be7542080b1	stcpr	93.010188	039ba57e780efc89546104a134e9121f1dda0617e335eee8c3f21e4e272df93ac1	24	32	0.0%	0.2%	local-recv	f888da30	yes	0	0	0	0
16	mux-compose-T2xL2-t3	up	50000000	03f0e265	49208	standby	in	03f0e265>035f6c7648bb0034b436db7d3845f7b482e8da705ca2b4622fd9673eb60921d5e5;ca5d50b7>022716fba0f9a5d46ae7b8a4412296847d63d96c763d49068e851e9be7542080b1	stcpr	163.238962	035f6c7648bb0034b436db7d3845f7b482e8da705ca2b4622fd9673eb60921d5e5	305	305	0.0%	1.7%	local-recv	ca5d50b7	no	4	244.36	12384	12352
16	mux-compose-T2xL2-t3	up	50000000	82aaa034	49208,49227	standby	in	82aaa034>03852490a5cb7f48e8d20af0a4c558a605a2ef26b61ae75a78295c442697ecd375;b625e9da>022716fba0f9a5d46ae7b8a4412296847d63d96c763d49068e851e9be7542080b1	stcpr	76.121471	03852490a5cb7f48e8d20af0a4c558a605a2ef26b61ae75a78295c442697ecd375	24	32	0.0%	0.2%	local-recv	b625e9da	yes	0	0	0	0
16	mux-compose-T2xL2-t3	up	50000000	2ca52bbf	49209	standby	in	2ca52bbf>03d1a14c1f4ce581211e919dd22211c211020c3a1634fa90e94df2b60e2e1a7f91;ef8238bf>022716fba0f9a5d46ae7b8a4412296847d63d96c763d49068e851e9be7542080b1	stcpr	166.33074	03d1a14c1f4ce581211e919dd22211c211020c3a1634fa90e94df2b60e2e1a7f91	305	305	0.0%	1.7%	local-recv	ef8238bf	no	5	399.68	12416	12352
16	mux-compose-T2xL2-t3	up	50000000	287b1d97	49209,49228	standby	in	287b1d97>03b934e8a26ddb9d635381df94dbf778cdfebf53f8956902ec3a7837524a75024f;9d5d85da>022716fba0f9a5d46ae7b8a4412296847d63d96c763d49068e851e9be7542080b1	stcpr	79.820625	03b934e8a26ddb9d635381df94dbf778cdfebf53f8956902ec3a7837524a75024f	40	48	0.0%	0.3%	local-recv	9d5d85da	yes	0	0	0	0
16	mux-compose-T2xL2-t3	up	50000000	97ae541b	49210	standby	in	97ae541b>03c3278fa753b5e942c8b1bfe028219520b8b713f370796e442a4d416a41e08b17;b70493f1>022716fba0f9a5d46ae7b8a4412296847d63d96c763d49068e851e9be7542080b1	stcpr	166.306321	03c3278fa753b5e942c8b1bfe028219520b8b713f370796e442a4d416a41e08b17	305	305	0.0%	1.7%	local-recv	b70493f1	no	4	244.42	12384	12352
16	mux-compose-T2xL2-t3	up	50000000	690554b9	49210	standby	in	690554b9>02bf4a7b17f587405738f9c2677ac63b7b99fa3f1e589159daf8429d66585e2e0c;cc141cac>022716fba0f9a5d46ae7b8a4412296847d63d96c763d49068e851e9be7542080b1	stcpr	91.05606	02bf4a7b17f587405738f9c2677ac63b7b99fa3f1e589159daf8429d66585e2e0c	16	20	0.0%	0.1%	local-recv	cc141cac	yes	0	0	0	0
16	mux-compose-T2xL2-t3	up	50000000	a7990e32	49211,49226	standby	in	a7990e32>020819902394f4b8e0e77c3961bb37d77b688d41c3f639f531aebb0a70c64d7092;4d82d133>022716fba0f9a5d46ae7b8a4412296847d63d96c763d49068e851e9be7542080b1	stcpr	65.997397	020819902394f4b8e0e77c3961bb37d77b688d41c3f639f531aebb0a70c64d7092	305	309	0.0%	1.8%	local-recv	4d82d133	yes	0	0	0	0
16	mux-compose-T2xL2-t3	up	50000000	d3604075	49212	standby	in	d3604075>03a9a28d2a38de5342e43b88c6c138eada84e412cf1e703432c7affee73190cd88;7546a023>022716fba0f9a5d46ae7b8a4412296847d63d96c763d49068e851e9be7542080b1	squicr	165.669879	03a9a28d2a38de5342e43b88c6c138eada84e412cf1e703432c7affee73190cd88	12508066	2707	25.0%	15.3%	local-recv	7546a023	no	2751	244.13	281434930	54476288
16	mux-compose-T2xL2-t3	up	50000000	7c80edb8	49213	standby	in	7c80edb8>022a2a1c5588bcb401377ca54dc2487ec4f2e41286a3d2aff4028facc7bfd6d9cc;3021cb5c>022716fba0f9a5d46ae7b8a4412296847d63d96c763d49068e851e9be7542080b1	stcpr	162.768885	022a2a1c5588bcb401377ca54dc2487ec4f2e41286a3d2aff4028facc7bfd6d9cc	334	334	0.0%	1.9%	local-recv	3021cb5c	no	7	251.19	12384	12192
16	mux-compose-T2xL2-t3	up	50000000	4470a453	49214	standby	in	4470a453>031bb93993ee93a04c8d7a69b3eab16f2cb7ff6cae97f86e561b1c712b0b6dfae4;6ed88be5>022716fba0f9a5d46ae7b8a4412296847d63d96c763d49068e851e9be7542080b1	stcpr	178.344483	031bb93993ee93a04c8d7a69b3eab16f2cb7ff6cae97f86e561b1c712b0b6dfae4	350	350	0.0%	2.0%	local-recv	6ed88be5	no	4	302.67	12288	12256
16	mux-compose-T2xL2-t3	up	50000000	25b03079	49214,49232	standby	in	25b03079>02c43f7d6da81cdca65fcf41906ff321f0d9f14e4c9ab0ff8b54b8ec64cce11bf0;18e8b97b>022716fba0f9a5d46ae7b8a4412296847d63d96c763d49068e851e9be7542080b1	stcpr	82.598708	02c43f7d6da81cdca65fcf41906ff321f0d9f14e4c9ab0ff8b54b8ec64cce11bf0	40	48	0.0%	0.3%	local-recv	18e8b97b	yes	0	0	0	0
16	mux-compose-T2xL2-t3	up	50000000	619865a5	49215	standby	in	619865a5>02109a13c780fe273e48b5a7a9e030c1052156cd5afef4dff1c100598226ad8da9;25c2ebc5>022716fba0f9a5d46ae7b8a4412296847d63d96c763d49068e851e9be7542080b1	stcpr	163.820431	02109a13c780fe273e48b5a7a9e030c1052156cd5afef4dff1c100598226ad8da9	334	334	0.0%	1.9%	local-recv	25c2ebc5	no	6	243.98	12352	12224
16	mux-compose-T2xL2-t3	up	50000000	35766599	49216	standby	in	35766599>03a4a29d19804bd98d9a8197a327d53d0d00865815ee7d0a320cd0da4250102cdb;a6830d6d>022716fba0f9a5d46ae7b8a4412296847d63d96c763d49068e851e9be7542080b1	stcpr	81.521059	03a4a29d19804bd98d9a8197a327d53d0d00865815ee7d0a320cd0da4250102cdb	20846344	3114	41.7%	17.7%	local-recv	a6830d6d	no	5	263.42	186014151	50049311
16	mux-compose-T2xL2-t3	up	50000000	475d59a5	49217	standby	in	475d59a5>02b1d9c56928f533ea9b309f8a53ed4807ee4e0193ef3c3a0234033313feceb8f2;99a80e72>022716fba0f9a5d46ae7b8a4412296847d63d96c763d49068e851e9be7542080b1	stcpr	248.323589	02b1d9c56928f533ea9b309f8a53ed4807ee4e0193ef3c3a0234033313feceb8f2	342	342	0.0%	1.9%	local-recv	99a80e72	no	5	345.68	12320	12192
16	mux-compose-T2xL2-t3	up	50000000	ca42696c	49217,49231	standby	in	ca42696c>028ed30c290b4c0c36d769108be072a995ac100cd5fcb249b33b92c127961cdfbb;97203c85>022716fba0f9a5d46ae7b8a4412296847d63d96c763d49068e851e9be7542080b1	stcpr	83.770368	028ed30c290b4c0c36d769108be072a995ac100cd5fcb249b33b92c127961cdfbb	48	56	0.0%	0.3%	local-recv	97203c85	yes	0	0	0	0
16	mux-compose-T2xL2-t3	up	50000000	e5faa6e0	49218	standby	in	e5faa6e0>02230b0a96a6f94179fab58196d3dfa1e19070faeae82d6900971462996541e774;47361294>022716fba0f9a5d46ae7b8a4412296847d63d96c763d49068e851e9be7542080b1	stcpr	153.858732	02230b0a96a6f94179fab58196d3dfa1e19070faeae82d6900971462996541e774	273	273	0.0%	1.5%	local-recv	47361294	no	5	244.9	12320	12192
16	mux-compose-T2xL2-t3	up	50000000	ee5902d2	49218,49230	standby	in	ee5902d2>0397b427c1e522b768389db1fdfab3943a74e69683800fe4950af7dfb3bf66893c;2dfdb077>022716fba0f9a5d46ae7b8a4412296847d63d96c763d49068e851e9be7542080b1	stcpr	315.216677	0397b427c1e522b768389db1fdfab3943a74e69683800fe4950af7dfb3bf66893c	48	56	0.0%	0.3%	local-recv	2dfdb077	yes	0	0	0	0
16	mux-compose-T2xL2-t3	up	50000000	b71ddf99	49219	standby	in	b71ddf99>0328947fced4d4b7beb65a6ef60d579e42d7976168c292cbd6d28b5b8bdc85757f;47828219>022716fba0f9a5d46ae7b8a4412296847d63d96c763d49068e851e9be7542080b1	stcpr	505.315652	0328947fced4d4b7beb65a6ef60d579e42d7976168c292cbd6d28b5b8bdc85757f	313	313	0.0%	1.8%	local-recv	47828219	no	5	244.45	12320	12160
16	mux-compose-T2xL2-t3	up	50000000	696629b6	49219,49233	standby	in	696629b6>03ecc7d108a98480b40a85bbfadb8f477d0c3559316306dcd7ba52fa3d21dad91e;75b62c04>022716fba0f9a5d46ae7b8a4412296847d63d96c763d49068e851e9be7542080b1	stcpr	80.675049	03ecc7d108a98480b40a85bbfadb8f477d0c3559316306dcd7ba52fa3d21dad91e	48	56	0.0%	0.3%	local-recv	75b62c04	yes	0	0	0	0
16	mux-compose-T2xL2-t3	up	50000000	bf9b0de8	49220	standby	in	bf9b0de8>026a913078651938783e19416a2de99c924df209e28512da2a571868c989bf3822;c2793bef>022716fba0f9a5d46ae7b8a4412296847d63d96c763d49068e851e9be7542080b1	stcpr	156.499436	026a913078651938783e19416a2de99c924df209e28512da2a571868c989bf3822	345	313	0.0%	1.8%	local-recv	c2793bef	no	4	244.61	12288	12224
16	mux-compose-T2xL2-t3	up	50000000	e5f24143	49220,49223	standby	in	e5f24143>024a37bae69d6be2ec51eeb9d2b7e99073c30153d06896032f5bd3c09ca843bdb9;a214890d>022716fba0f9a5d46ae7b8a4412296847d63d96c763d49068e851e9be7542080b1	stcpr	38.020679	024a37bae69d6be2ec51eeb9d2b7e99073c30153d06896032f5bd3c09ca843bdb9	48	55	0.0%	0.3%	local-recv	a214890d	yes	0	0	0	0
16	mux-compose-T2xL2-t3	up	50000000	bac92dd4	49222,49233	standby	in	bac92dd4>02db6d6f87e5d6382c827c066514195dfed31f61f07a295caa1b8f4364826921be;11b37300>022716fba0f9a5d46ae7b8a4412296847d63d96c763d49068e851e9be7542080b1	stcpr	174.524809	02db6d6f87e5d6382c827c066514195dfed31f61f07a295caa1b8f4364826921be	615	615	0.0%	3.5%	local-recv	11b37300	no	5	249.9	12000	11904
16	mux-compose-T2xL2-t3	up	50000000	0d53f7b1	49223,49232	standby	in	0d53f7b1>021ed11eb6557e39fee1e2ef91671bced1483b6c15debc45be54a5f1e1c3c07659;a8ae418c>022716fba0f9a5d46ae7b8a4412296847d63d96c763d49068e851e9be7542080b1	stcpr	170.154391	021ed11eb6557e39fee1e2ef91671bced1483b6c15debc45be54a5f1e1c3c07659	612	612	0.0%	3.5%	local-recv	a8ae418c	no	5	395.94	12000	11904
16	mux-compose-T2xL2-t3	up	50000000	336d3a3e	49224	standby	in	336d3a3e>031fc6a42965440b0bb761120c53001d03ead6c862249b1851368097fd19b3a9f1;89d170d4>022716fba0f9a5d46ae7b8a4412296847d63d96c763d49068e851e9be7542080b1	stcpr	151.307	031fc6a42965440b0bb761120c53001d03ead6c862249b1851368097fd19b3a9f1	16677156	2801	33.3%	15.9%	local-recv	89d170d4	no	415	373	204778009	29277411
16	mux-compose-T2xL2-t3	up	50000000	5157fdc8	49225	standby	in	5157fdc8>03360da779493433e9ae8e103ac1c0baf6973982f93bd3cf326e4b18f9fda666cb;2b4ccbdd>022716fba0f9a5d46ae7b8a4412296847d63d96c763d49068e851e9be7542080b1	stcpr	177.084961	03360da779493433e9ae8e103ac1c0baf6973982f93bd3cf326e4b18f9fda666cb	350	350	0.0%	2.0%	local-recv	2b4ccbdd	no	5	267.41	12192	12096
16	mux-compose-T2xL2-t3	up	50000000	ea69bc13	49226	standby	in	ea69bc13>03dd3a272482055da08828fafffe0cb537915a52e71c92bfc9bf3140ab0153cd7c;ce4708f1>022716fba0f9a5d46ae7b8a4412296847d63d96c763d49068e851e9be7542080b1	stcpr	168.635	03dd3a272482055da08828fafffe0cb537915a52e71c92bfc9bf3140ab0153cd7c	273	273	0.0%	1.5%	local-recv	ce4708f1	no	4	248.48	12224	12192
16	mux-compose-T2xL2-t3	up	50000000	a18cfda5	49227,49230	standby	in	a18cfda5>032fe1b4b0bf0207c10bc99cf64be4fdc15464981554e0cd58bf66f06960cd5fcc;0601bd31>022716fba0f9a5d46ae7b8a4412296847d63d96c763d49068e851e9be7542080b1	stcpr	161.083818	032fe1b4b0bf0207c10bc99cf64be4fdc15464981554e0cd58bf66f06960cd5fcc	615	615	0.0%	3.5%	local-recv	0601bd31	no	5	256.11	12000	11904
16	mux-compose-T2xL2-t3	up	50000000	9a548f01	49228	standby	in	9a548f01>038a10abc4081748dad046dafe39a4f4744352703d19a6dbee68b97ae9f9d334f0;7db81071>022716fba0f9a5d46ae7b8a4412296847d63d96c763d49068e851e9be7542080b1	stcpr	169.067	038a10abc4081748dad046dafe39a4f4744352703d19a6dbee68b97ae9f9d334f0	310	337	0.0%	1.9%	local-recv	7db81071	no	6	399.19	12288	12160
16	mux-compose-T2xL2-t3	up	50000000	1bb37806	49229	standby	in	1bb37806>02b3a85aee85dece633272731c2e37867a39fa9127f28233ad18ed0051184fc40a;d30e45c7>022716fba0f9a5d46ae7b8a4412296847d63d96c763d49068e851e9be7542080b1	squicr	172.05	02b3a85aee85dece633272731c2e37867a39fa9127f28233ad18ed0051184fc40a	297	297	0.0%	1.7%	local-recv	d30e45c7	no	3	263.52	12192	12224
16	mux-compose-T2xL2-t3	up	50000000	b250c046	49231	standby	in	b250c046>02956775f345d7328128678c0ced40a3e3e3f91bbf431ef886f41df31d93ee1661;3164901a>022716fba0f9a5d46ae7b8a4412296847d63d96c763d49068e851e9be7542080b1	stcpr	78.401539	02956775f345d7328128678c0ced40a3e3e3f91bbf431ef886f41df31d93ee1661	310	310	0.0%	1.8%	local-recv	3164901a	no	3	264.45	11936	11968
16	mux-compose-T2xL2-t3	up	50000000	77fb43c0	49234	standby	in	77fb43c0>02090aec59b40207d8662c82e4ecfc524b740c27f2fb98cfb5582833a66bdcb797;cab03f16>022716fba0f9a5d46ae7b8a4412296847d63d96c763d49068e851e9be7542080b1	squicr	172.700163	02090aec59b40207d8662c82e4ecfc524b740c27f2fb98cfb5582833a66bdcb797	355	355	0.0%	2.0%	local-recv	cab03f16	no	4	250.47	11968	11872
16	mux-compose-T2xL2-t3	up	50000000	fb021902	49234	standby	in	fb021902>02781a0ac87d137d612bdefc5d68f420125887771e2d5cf6bc710c83ffc3b9d696;80303b39>022716fba0f9a5d46ae7b8a4412296847d63d96c763d49068e851e9be7542080b1	stcpr	134.742987	02781a0ac87d137d612bdefc5d68f420125887771e2d5cf6bc710c83ffc3b9d696	24	28	0.0%	0.2%	local-recv	80303b39	yes	0	0	0	0
16	mux-compose-T2xL2-t3	up	50000000	30f42c30	49235	standby	in	30f42c30>03eba64189c636ab77c2da630bf2a0c77061bc783e59f80fd39015a42f9ae6ce01;0d8257e2>022716fba0f9a5d46ae7b8a4412296847d63d96c763d49068e851e9be7542080b1	stcpr	555.855424	03eba64189c636ab77c2da630bf2a0c77061bc783e59f80fd39015a42f9ae6ce01	350	350	0.0%	2.0%	local-recv	0d8257e2	no	6	243.27	12032	11936
17	mux-compose-T2xL2-t1	down	100000000	77674aa7	49205	standby	in	77674aa7>0269fcc9891752f41850fd345affd7fb133522567f433658142fbefe1d6446d8cd;b7caa06d>022716fba0f9a5d46ae7b8a4412296847d63d96c763d49068e851e9be7542080b1	stcpr	245.654278	0269fcc9891752f41850fd345affd7fb133522567f433658142fbefe1d6446d8cd	662	684	1.0%	0.0%	local-recv	b7caa06d	no	5	340.46	12416	12320
17	mux-compose-T2xL2-t1	down	100000000	a94550f5	49205,49235	standby	in	a94550f5>025cc9b7ba632d57c12ccad1eb31c47a942dede14d1e174ac6c19a4988abb200c0;f3dfb306>022716fba0f9a5d46ae7b8a4412296847d63d96c763d49068e851e9be7542080b1	stcpr	68.394503	025cc9b7ba632d57c12ccad1eb31c47a942dede14d1e174ac6c19a4988abb200c0	80	96	0.1%	0.0%	local-recv	f3dfb306	yes	0	0	0	0
17	mux-compose-T2xL2-t1	down	100000000	b45c771a	49206	standby	in	b45c771a>03f82ff0d7ce318d14db5a8fb754741fa257ffcdb17c629879f854298e8fe85384;5e04a7c8>022716fba0f9a5d46ae7b8a4412296847d63d96c763d49068e851e9be7542080b1	squicr	162.433552	03f82ff0d7ce318d14db5a8fb754741fa257ffcdb17c629879f854298e8fe85384	694	721	1.1%	0.0%	local-recv	5e04a7c8	no	7	244.21	12480	12448
17	mux-compose-T2xL2-t1	down	100000000	b6e61452	49206,49225	standby	in	b6e61452>02d92e70b9dd358112ebd266e641a6a928397edfda54c213f7b37dd5cd57eca17a;f3d8c01a>022716fba0f9a5d46ae7b8a4412296847d63d96c763d49068e851e9be7542080b1	stcpr	77.216812	02d92e70b9dd358112ebd266e641a6a928397edfda54c213f7b37dd5cd57eca17a	80	97	0.1%	0.0%	local-recv	f3d8c01a	yes	0	0	0	0
17	mux-compose-T2xL2-t1	down	100000000	df4c1852	49207	standby	in	df4c1852>035f532aed88e89cb8822a31b71d83a14f63fabd6389e537c2426fe84031c60825;f148d779>022716fba0f9a5d46ae7b8a4412296847d63d96c763d49068e851e9be7542080b1	stcpr	157.096714	035f532aed88e89cb8822a31b71d83a14f63fabd6389e537c2426fe84031c60825	694	721	1.1%	0.0%	local-recv	f148d779	no	5	244.54	12416	12352
17	mux-compose-T2xL2-t1	down	100000000	88737946	49207,49222	standby	in	88737946>039ba57e780efc89546104a134e9121f1dda0617e335eee8c3f21e4e272df93ac1;f888da30>022716fba0f9a5d46ae7b8a4412296847d63d96c763d49068e851e9be7542080b1	stcpr	93.010188	039ba57e780efc89546104a134e9121f1dda0617e335eee8c3f21e4e272df93ac1	80	96	0.1%	0.0%	local-recv	f888da30	yes	0	0	0	0
17	mux-compose-T2xL2-t1	down	100000000	03f0e265	49208	standby	in	03f0e265>035f6c7648bb0034b436db7d3845f7b482e8da705ca2b4622fd9673eb60921d5e5;ca5d50b7>022716fba0f9a5d46ae7b8a4412296847d63d96c763d49068e851e9be7542080b1	stcpr	163.238962	035f6c7648bb0034b436db7d3845f7b482e8da705ca2b4622fd9673eb60921d5e5	657	684	1.0%	0.0%	local-recv	ca5d50b7	no	4	244.36	12384	12352
17	mux-compose-T2xL2-t1	down	100000000	82aaa034	49208,49227	standby	in	82aaa034>03852490a5cb7f48e8d20af0a4c558a605a2ef26b61ae75a78295c442697ecd375;b625e9da>022716fba0f9a5d46ae7b8a4412296847d63d96c763d49068e851e9be7542080b1	stcpr	76.121471	03852490a5cb7f48e8d20af0a4c558a605a2ef26b61ae75a78295c442697ecd375	80	96	0.1%	0.0%	local-recv	b625e9da	yes	0	0	0	0
17	mux-compose-T2xL2-t1	down	100000000	2ca52bbf	49209	standby	in	2ca52bbf>03d1a14c1f4ce581211e919dd22211c211020c3a1634fa90e94df2b60e2e1a7f91;ef8238bf>022716fba0f9a5d46ae7b8a4412296847d63d96c763d49068e851e9be7542080b1	stcpr	166.33074	03d1a14c1f4ce581211e919dd22211c211020c3a1634fa90e94df2b60e2e1a7f91	646	673	1.0%	0.0%	local-recv	ef8238bf	no	5	399.68	12416	12352
17	mux-compose-T2xL2-t1	down	100000000	287b1d97	49209,49228	standby	in	287b1d97>03b934e8a26ddb9d635381df94dbf778cdfebf53f8956902ec3a7837524a75024f;9d5d85da>022716fba0f9a5d46ae7b8a4412296847d63d96c763d49068e851e9be7542080b1	stcpr	79.820625	03b934e8a26ddb9d635381df94dbf778cdfebf53f8956902ec3a7837524a75024f	64	80	0.1%	0.0%	local-recv	9d5d85da	yes	0	0	0	0
17	mux-compose-T2xL2-t1	down	100000000	97ae541b	49210	standby	in	97ae541b>03c3278fa753b5e942c8b1bfe028219520b8b713f370796e442a4d416a41e08b17;b70493f1>022716fba0f9a5d46ae7b8a4412296847d63d96c763d49068e851e9be7542080b1	stcpr	166.306321	03c3278fa753b5e942c8b1bfe028219520b8b713f370796e442a4d416a41e08b17	657	684	1.0%	0.0%	local-recv	b70493f1	no	4	244.42	12384	12352
17	mux-compose-T2xL2-t1	down	100000000	690554b9	49210	standby	in	690554b9>02bf4a7b17f587405738f9c2677ac63b7b99fa3f1e589159daf8429d66585e2e0c;cc141cac>022716fba0f9a5d46ae7b8a4412296847d63d96c763d49068e851e9be7542080b1	stcpr	91.05606	02bf4a7b17f587405738f9c2677ac63b7b99fa3f1e589159daf8429d66585e2e0c	32	40	0.1%	0.0%	local-recv	cc141cac	yes	0	0	0	0
17	mux-compose-T2xL2-t1	down	100000000	a7990e32	49211,49226	standby	in	a7990e32>020819902394f4b8e0e77c3961bb37d77b688d41c3f639f531aebb0a70c64d7092;4d82d133>022716fba0f9a5d46ae7b8a4412296847d63d96c763d49068e851e9be7542080b1	stcpr	65.997397	020819902394f4b8e0e77c3961bb37d77b688d41c3f639f531aebb0a70c64d7092	681	684	1.1%	0.0%	local-recv	4d82d133	yes	0	0	0	0
17	mux-compose-T2xL2-t1	down	100000000	d3604075	49212	standby	in	d3604075>03a9a28d2a38de5342e43b88c6c138eada84e412cf1e703432c7affee73190cd88;7546a023>022716fba0f9a5d46ae7b8a4412296847d63d96c763d49068e851e9be7542080b1	squicr	165.669879	03a9a28d2a38de5342e43b88c6c138eada84e412cf1e703432c7affee73190cd88	38026	54732328	59.6%	45.6%	local-recv	7546a023	no	2751	244.13	281434930	54476288
17	mux-compose-T2xL2-t1	down	100000000	7c80edb8	49213	standby	in	7c80edb8>022a2a1c5588bcb401377ca54dc2487ec4f2e41286a3d2aff4028facc7bfd6d9cc;3021cb5c>022716fba0f9a5d46ae7b8a4412296847d63d96c763d49068e851e9be7542080b1	stcpr	162.768885	022a2a1c5588bcb401377ca54dc2487ec4f2e41286a3d2aff4028facc7bfd6d9cc	625	652	1.0%	0.0%	local-recv	3021cb5c	no	7	251.19	12384	12192
17	mux-compose-T2xL2-t1	down	100000000	4470a453	49214	standby	in	4470a453>031bb93993ee93a04c8d7a69b3eab16f2cb7ff6cae97f86e561b1c712b0b6dfae4;6ed88be5>022716fba0f9a5d46ae7b8a4412296847d63d96c763d49068e851e9be7542080b1	stcpr	178.344483	031bb93993ee93a04c8d7a69b3eab16f2cb7ff6cae97f86e561b1c712b0b6dfae4	694	721	1.1%	0.0%	local-recv	6ed88be5	no	4	302.67	12288	12256
17	mux-compose-T2xL2-t1	down	100000000	25b03079	49214,49232	standby	in	25b03079>02c43f7d6da81cdca65fcf41906ff321f0d9f14e4c9ab0ff8b54b8ec64cce11bf0;18e8b97b>022716fba0f9a5d46ae7b8a4412296847d63d96c763d49068e851e9be7542080b1	stcpr	82.598708	02c43f7d6da81cdca65fcf41906ff321f0d9f14e4c9ab0ff8b54b8ec64cce11bf0	80	96	0.1%	0.0%	local-recv	18e8b97b	yes	0	0	0	0
17	mux-compose-T2xL2-t1	down	100000000	619865a5	49215	standby	in	619865a5>02109a13c780fe273e48b5a7a9e030c1052156cd5afef4dff1c100598226ad8da9;25c2ebc5>022716fba0f9a5d46ae7b8a4412296847d63d96c763d49068e851e9be7542080b1	stcpr	163.820431	02109a13c780fe273e48b5a7a9e030c1052156cd5afef4dff1c100598226ad8da9	662	689	1.0%	0.0%	local-recv	25c2ebc5	no	6	243.98	12352	12224
17	mux-compose-T2xL2-t1	down	100000000	35766599	49216	standby	in	35766599>03a4a29d19804bd98d9a8197a327d53d0d00865815ee7d0a320cd0da4250102cdb;a6830d6d>022716fba0f9a5d46ae7b8a4412296847d63d96c763d49068e851e9be7542080b1	stcpr	81.521059	03a4a29d19804bd98d9a8197a327d53d0d00865815ee7d0a320cd0da4250102cdb	2623	24518849	4.1%	20.4%	local-recv	a6830d6d	no	5	263.42	186014151	50049311
17	mux-compose-T2xL2-t1	down	100000000	475d59a5	49217	standby	in	475d59a5>02b1d9c56928f533ea9b309f8a53ed4807ee4e0193ef3c3a0234033313feceb8f2;99a80e72>022716fba0f9a5d46ae7b8a4412296847d63d96c763d49068e851e9be7542080b1	stcpr	248.323589	02b1d9c56928f533ea9b309f8a53ed4807ee4e0193ef3c3a0234033313feceb8f2	699	721	1.1%	0.0%	local-recv	99a80e72	no	5	345.68	12320	12192
17	mux-compose-T2xL2-t1	down	100000000	ca42696c	49217,49231	standby	in	ca42696c>028ed30c290b4c0c36d769108be072a995ac100cd5fcb249b33b92c127961cdfbb;97203c85>022716fba0f9a5d46ae7b8a4412296847d63d96c763d49068e851e9be7542080b1	stcpr	83.770368	028ed30c290b4c0c36d769108be072a995ac100cd5fcb249b33b92c127961cdfbb	80	96	0.1%	0.0%	local-recv	97203c85	yes	0	0	0	0
17	mux-compose-T2xL2-t1	down	100000000	e5faa6e0	49218	standby	in	e5faa6e0>02230b0a96a6f94179fab58196d3dfa1e19070faeae82d6900971462996541e774;47361294>022716fba0f9a5d46ae7b8a4412296847d63d96c763d49068e851e9be7542080b1	stcpr	153.858732	02230b0a96a6f94179fab58196d3dfa1e19070faeae82d6900971462996541e774	694	721	1.1%	0.0%	local-recv	47361294	no	5	244.9	12320	12192
17	mux-compose-T2xL2-t1	down	100000000	ee5902d2	49218,49230	standby	in	ee5902d2>0397b427c1e522b768389db1fdfab3943a74e69683800fe4950af7dfb3bf66893c;2dfdb077>022716fba0f9a5d46ae7b8a4412296847d63d96c763d49068e851e9be7542080b1	stcpr	315.216677	0397b427c1e522b768389db1fdfab3943a74e69683800fe4950af7dfb3bf66893c	80	96	0.1%	0.0%	local-recv	2dfdb077	yes	0	0	0	0
17	mux-compose-T2xL2-t1	down	100000000	b71ddf99	49219	standby	in	b71ddf99>0328947fced4d4b7beb65a6ef60d579e42d7976168c292cbd6d28b5b8bdc85757f;47828219>022716fba0f9a5d46ae7b8a4412296847d63d96c763d49068e851e9be7542080b1	stcpr	505.315652	0328947fced4d4b7beb65a6ef60d579e42d7976168c292cbd6d28b5b8bdc85757f	694	721	1.1%	0.0%	local-recv	47828219	no	5	244.45	12320	12160
17	mux-compose-T2xL2-t1	down	100000000	696629b6	49219,49233	standby	in	696629b6>03ecc7d108a98480b40a85bbfadb8f477d0c3559316306dcd7ba52fa3d21dad91e;75b62c04>022716fba0f9a5d46ae7b8a4412296847d63d96c763d49068e851e9be7542080b1	stcpr	80.675049	03ecc7d108a98480b40a85bbfadb8f477d0c3559316306dcd7ba52fa3d21dad91e	80	98	0.1%	0.0%	local-recv	75b62c04	yes	0	0	0	0
17	mux-compose-T2xL2-t1	down	100000000	bf9b0de8	49220	standby	in	bf9b0de8>026a913078651938783e19416a2de99c924df209e28512da2a571868c989bf3822;c2793bef>022716fba0f9a5d46ae7b8a4412296847d63d96c763d49068e851e9be7542080b1	stcpr	156.499436	026a913078651938783e19416a2de99c924df209e28512da2a571868c989bf3822	694	721	1.1%	0.0%	local-recv	c2793bef	no	4	244.61	12288	12224
17	mux-compose-T2xL2-t1	down	100000000	e5f24143	49220,49223	standby	in	e5f24143>024a37bae69d6be2ec51eeb9d2b7e99073c30153d06896032f5bd3c09ca843bdb9;a214890d>022716fba0f9a5d46ae7b8a4412296847d63d96c763d49068e851e9be7542080b1	stcpr	38.020679	024a37bae69d6be2ec51eeb9d2b7e99073c30153d06896032f5bd3c09ca843bdb9	80	96	0.1%	0.0%	local-recv	a214890d	yes	0	0	0	0
17	mux-compose-T2xL2-t1	down	100000000	bac92dd4	49222,49233	standby	in	bac92dd4>02db6d6f87e5d6382c827c066514195dfed31f61f07a295caa1b8f4364826921be;11b37300>022716fba0f9a5d46ae7b8a4412296847d63d96c763d49068e851e9be7542080b1	stcpr	174.524809	02db6d6f87e5d6382c827c066514195dfed31f61f07a295caa1b8f4364826921be	1372	1426	2.2%	0.0%	local-recv	11b37300	no	5	249.9	12000	11904
17	mux-compose-T2xL2-t1	down	100000000	0d53f7b1	49223,49232	standby	in	0d53f7b1>021ed11eb6557e39fee1e2ef91671bced1483b6c15debc45be54a5f1e1c3c07659;a8ae418c>022716fba0f9a5d46ae7b8a4412296847d63d96c763d49068e851e9be7542080b1	stcpr	170.154391	021ed11eb6557e39fee1e2ef91671bced1483b6c15debc45be54a5f1e1c3c07659	1283	1283	2.0%	0.0%	local-recv	a8ae418c	no	5	395.94	12000	11904
17	mux-compose-T2xL2-t1	down	100000000	336d3a3e	49224	standby	in	336d3a3e>031fc6a42965440b0bb761120c53001d03ead6c862249b1851368097fd19b3a9f1;89d170d4>022716fba0f9a5d46ae7b8a4412296847d63d96c763d49068e851e9be7542080b1	stcpr	151.307	031fc6a42965440b0bb761120c53001d03ead6c862249b1851368097fd19b3a9f1	4214	40869584	6.6%	34.0%	local-recv	89d170d4	no	415	373	204778009	29277411
17	mux-compose-T2xL2-t1	down	100000000	5157fdc8	49225	standby	in	5157fdc8>03360da779493433e9ae8e103ac1c0baf6973982f93bd3cf326e4b18f9fda666cb;2b4ccbdd>022716fba0f9a5d46ae7b8a4412296847d63d96c763d49068e851e9be7542080b1	stcpr	177.084961	03360da779493433e9ae8e103ac1c0baf6973982f93bd3cf326e4b18f9fda666cb	694	721	1.1%	0.0%	local-recv	2b4ccbdd	no	5	267.41	12192	12096
17	mux-compose-T2xL2-t1	down	100000000	ea69bc13	49226	standby	in	ea69bc13>03dd3a272482055da08828fafffe0cb537915a52e71c92bfc9bf3140ab0153cd7c;ce4708f1>022716fba0f9a5d46ae7b8a4412296847d63d96c763d49068e851e9be7542080b1	stcpr	168.635	03dd3a272482055da08828fafffe0cb537915a52e71c92bfc9bf3140ab0153cd7c	630	689	1.0%	0.0%	local-recv	ce4708f1	no	4	248.48	12224	12192
17	mux-compose-T2xL2-t1	down	100000000	a18cfda5	49227,49230	standby	in	a18cfda5>032fe1b4b0bf0207c10bc99cf64be4fdc15464981554e0cd58bf66f06960cd5fcc;0601bd31>022716fba0f9a5d46ae7b8a4412296847d63d96c763d49068e851e9be7542080b1	stcpr	161.083818	032fe1b4b0bf0207c10bc99cf64be4fdc15464981554e0cd58bf66f06960cd5fcc	1298	1352	2.0%	0.0%	local-recv	0601bd31	no	5	256.11	12000	11904
17	mux-compose-T2xL2-t1	down	100000000	9a548f01	49228	standby	in	9a548f01>038a10abc4081748dad046dafe39a4f4744352703d19a6dbee68b97ae9f9d334f0;7db81071>022716fba0f9a5d46ae7b8a4412296847d63d96c763d49068e851e9be7542080b1	stcpr	169.067	038a10abc4081748dad046dafe39a4f4744352703d19a6dbee68b97ae9f9d334f0	657	684	1.0%	0.0%	local-recv	7db81071	no	6	399.19	12288	12160
17	mux-compose-T2xL2-t1	down	100000000	1bb37806	49229	standby	in	1bb37806>02b3a85aee85dece633272731c2e37867a39fa9127f28233ad18ed0051184fc40a;d30e45c7>022716fba0f9a5d46ae7b8a4412296847d63d96c763d49068e851e9be7542080b1	squicr	172.05	02b3a85aee85dece633272731c2e37867a39fa9127f28233ad18ed0051184fc40a	625	652	1.0%	0.0%	local-recv	d30e45c7	no	3	263.52	12192	12224
17	mux-compose-T2xL2-t1	down	100000000	b250c046	49231	standby	in	b250c046>02956775f345d7328128678c0ced40a3e3e3f91bbf431ef886f41df31d93ee1661;3164901a>022716fba0f9a5d46ae7b8a4412296847d63d96c763d49068e851e9be7542080b1	stcpr	78.401539	02956775f345d7328128678c0ced40a3e3e3f91bbf431ef886f41df31d93ee1661	681	708	1.1%	0.0%	local-recv	3164901a	no	3	264.45	11936	11968
17	mux-compose-T2xL2-t1	down	100000000	77fb43c0	49234	standby	in	77fb43c0>02090aec59b40207d8662c82e4ecfc524b740c27f2fb98cfb5582833a66bdcb797;cab03f16>022716fba0f9a5d46ae7b8a4412296847d63d96c763d49068e851e9be7542080b1	squicr	172.700163	02090aec59b40207d8662c82e4ecfc524b740c27f2fb98cfb5582833a66bdcb797	652	679	1.0%	0.0%	local-recv	cab03f16	no	4	250.47	11968	11872
17	mux-compose-T2xL2-t1	down	100000000	fb021902	49234	standby	in	fb021902>02781a0ac87d137d612bdefc5d68f420125887771e2d5cf6bc710c83ffc3b9d696;80303b39>022716fba0f9a5d46ae7b8a4412296847d63d96c763d49068e851e9be7542080b1	stcpr	134.742987	02781a0ac87d137d612bdefc5d68f420125887771e2d5cf6bc710c83ffc3b9d696	48	56	0.1%	0.0%	local-recv	80303b39	yes	0	0	0	0
17	mux-compose-T2xL2-t1	down	100000000	30f42c30	49235	standby	in	30f42c30>03eba64189c636ab77c2da630bf2a0c77061bc783e59f80fd39015a42f9ae6ce01;0d8257e2>022716fba0f9a5d46ae7b8a4412296847d63d96c763d49068e851e9be7542080b1	stcpr	555.855424	03eba64189c636ab77c2da630bf2a0c77061bc783e59f80fd39015a42f9ae6ce01	689	716	1.1%	0.0%	local-recv	0d8257e2	no	6	243.27	12032	11936
18	mux-compose-T2xL2-t2	down	100000000	77674aa7	49205	standby	in	77674aa7>0269fcc9891752f41850fd345affd7fb133522567f433658142fbefe1d6446d8cd;b7caa06d>022716fba0f9a5d46ae7b8a4412296847d63d96c763d49068e851e9be7542080b1	stcpr	245.654278	0269fcc9891752f41850fd345affd7fb133522567f433658142fbefe1d6446d8cd	520	520	1.8%	0.0%	local-recv	b7caa06d	no	5	340.46	12416	12320
18	mux-compose-T2xL2-t2	down	100000000	a94550f5	49205,49235	standby	in	a94550f5>025cc9b7ba632d57c12ccad1eb31c47a942dede14d1e174ac6c19a4988abb200c0;f3dfb306>022716fba0f9a5d46ae7b8a4412296847d63d96c763d49068e851e9be7542080b1	stcpr	68.394503	025cc9b7ba632d57c12ccad1eb31c47a942dede14d1e174ac6c19a4988abb200c0	56	68	0.2%	0.0%	local-recv	f3dfb306	yes	0	0	0	0
18	mux-compose-T2xL2-t2	down	100000000	b45c771a	49206	standby	in	b45c771a>03f82ff0d7ce318d14db5a8fb754741fa257ffcdb17c629879f854298e8fe85384;5e04a7c8>022716fba0f9a5d46ae7b8a4412296847d63d96c763d49068e851e9be7542080b1	squicr	162.433552	03f82ff0d7ce318d14db5a8fb754741fa257ffcdb17c629879f854298e8fe85384	496	496	1.7%	0.0%	local-recv	5e04a7c8	no	7	244.21	12480	12448
18	mux-compose-T2xL2-t2	down	100000000	b6e61452	49206,49225	standby	in	b6e61452>02d92e70b9dd358112ebd266e641a6a928397edfda54c213f7b37dd5cd57eca17a;f3d8c01a>022716fba0f9a5d46ae7b8a4412296847d63d96c763d49068e851e9be7542080b1	stcpr	77.216812	02d92e70b9dd358112ebd266e641a6a928397edfda54c213f7b37dd5cd57eca17a	48	59	0.2%	0.0%	local-recv	f3d8c01a	yes	0	0	0	0
18	mux-compose-T2xL2-t2	down	100000000	df4c1852	49207	standby	in	df4c1852>035f532aed88e89cb8822a31b71d83a14f63fabd6389e537c2426fe84031c60825;f148d779>022716fba0f9a5d46ae7b8a4412296847d63d96c763d49068e851e9be7542080b1	stcpr	157.096714	035f532aed88e89cb8822a31b71d83a14f63fabd6389e537c2426fe84031c60825	448	448	1.5%	0.0%	local-recv	f148d779	no	5	244.54	12416	12352
18	mux-compose-T2xL2-t2	down	100000000	88737946	49207,49222	standby	in	88737946>039ba57e780efc89546104a134e9121f1dda0617e335eee8c3f21e4e272df93ac1;f888da30>022716fba0f9a5d46ae7b8a4412296847d63d96c763d49068e851e9be7542080b1	stcpr	93.010188	039ba57e780efc89546104a134e9121f1dda0617e335eee8c3f21e4e272df93ac1	56	68	0.2%	0.0%	local-recv	f888da30	yes	0	0	0	0
18	mux-compose-T2xL2-t2	down	100000000	03f0e265	49208	standby	in	03f0e265>035f6c7648bb0034b436db7d3845f7b482e8da705ca2b4622fd9673eb60921d5e5;ca5d50b7>022716fba0f9a5d46ae7b8a4412296847d63d96c763d49068e851e9be7542080b1	stcpr	163.238962	035f6c7648bb0034b436db7d3845f7b482e8da705ca2b4622fd9673eb60921d5e5	533	533	1.8%	0.0%	local-recv	ca5d50b7	no	4	244.36	12384	12352
18	mux-compose-T2xL2-t2	down	100000000	82aaa034	49208,49227	standby	in	82aaa034>03852490a5cb7f48e8d20af0a4c558a605a2ef26b61ae75a78295c442697ecd375;b625e9da>022716fba0f9a5d46ae7b8a4412296847d63d96c763d49068e851e9be7542080b1	stcpr	76.121471	03852490a5cb7f48e8d20af0a4c558a605a2ef26b61ae75a78295c442697ecd375	56	68	0.2%	0.0%	local-recv	b625e9da	yes	0	0	0	0
18	mux-compose-T2xL2-t2	down	100000000	2ca52bbf	49209	standby	in	2ca52bbf>03d1a14c1f4ce581211e919dd22211c211020c3a1634fa90e94df2b60e2e1a7f91;ef8238bf>022716fba0f9a5d46ae7b8a4412296847d63d96c763d49068e851e9be7542080b1	stcpr	166.33074	03d1a14c1f4ce581211e919dd22211c211020c3a1634fa90e94df2b60e2e1a7f91	464	464	1.6%	0.0%	local-recv	ef8238bf	no	5	399.68	12416	12352
18	mux-compose-T2xL2-t2	down	100000000	287b1d97	49209,49228	standby	in	287b1d97>03b934e8a26ddb9d635381df94dbf778cdfebf53f8956902ec3a7837524a75024f;9d5d85da>022716fba0f9a5d46ae7b8a4412296847d63d96c763d49068e851e9be7542080b1	stcpr	79.820625	03b934e8a26ddb9d635381df94dbf778cdfebf53f8956902ec3a7837524a75024f	56	68	0.2%	0.0%	local-recv	9d5d85da	yes	0	0	0	0
18	mux-compose-T2xL2-t2	down	100000000	97ae541b	49210	standby	in	97ae541b>03c3278fa753b5e942c8b1bfe028219520b8b713f370796e442a4d416a41e08b17;b70493f1>022716fba0f9a5d46ae7b8a4412296847d63d96c763d49068e851e9be7542080b1	stcpr	166.306321	03c3278fa753b5e942c8b1bfe028219520b8b713f370796e442a4d416a41e08b17	533	533	1.8%	0.0%	local-recv	b70493f1	no	4	244.42	12384	12352
18	mux-compose-T2xL2-t2	down	100000000	690554b9	49210	standby	in	690554b9>02bf4a7b17f587405738f9c2677ac63b7b99fa3f1e589159daf8429d66585e2e0c;cc141cac>022716fba0f9a5d46ae7b8a4412296847d63d96c763d49068e851e9be7542080b1	stcpr	91.05606	02bf4a7b17f587405738f9c2677ac63b7b99fa3f1e589159daf8429d66585e2e0c	40	46	0.1%	0.0%	local-recv	cc141cac	yes	0	0	0	0
18	mux-compose-T2xL2-t2	down	100000000	a7990e32	49211,49226	standby	in	a7990e32>020819902394f4b8e0e77c3961bb37d77b688d41c3f639f531aebb0a70c64d7092;4d82d133>022716fba0f9a5d46ae7b8a4412296847d63d96c763d49068e851e9be7542080b1	stcpr	65.997397	020819902394f4b8e0e77c3961bb37d77b688d41c3f639f531aebb0a70c64d7092	472	478	1.6%	0.0%	local-recv	4d82d133	yes	0	0	0	0
18	mux-compose-T2xL2-t2	down	100000000	d3604075	49212	standby	in	d3604075>03a9a28d2a38de5342e43b88c6c138eada84e412cf1e703432c7affee73190cd88;7546a023>022716fba0f9a5d46ae7b8a4412296847d63d96c763d49068e851e9be7542080b1	squicr	165.669879	03a9a28d2a38de5342e43b88c6c138eada84e412cf1e703432c7affee73190cd88	7333	30854094	24.8%	27.9%	local-recv	7546a023	no	2751	244.13	281434930	54476288
18	mux-compose-T2xL2-t2	down	100000000	7c80edb8	49213	standby	in	7c80edb8>022a2a1c5588bcb401377ca54dc2487ec4f2e41286a3d2aff4028facc7bfd6d9cc;3021cb5c>022716fba0f9a5d46ae7b8a4412296847d63d96c763d49068e851e9be7542080b1	stcpr	162.768885	022a2a1c5588bcb401377ca54dc2487ec4f2e41286a3d2aff4028facc7bfd6d9cc	461	461	1.6%	0.0%	local-recv	3021cb5c	no	7	251.19	12384	12192
18	mux-compose-T2xL2-t2	down	100000000	4470a453	49214	standby	in	4470a453>031bb93993ee93a04c8d7a69b3eab16f2cb7ff6cae97f86e561b1c712b0b6dfae4;6ed88be5>022716fba0f9a5d46ae7b8a4412296847d63d96c763d49068e851e9be7542080b1	stcpr	178.344483	031bb93993ee93a04c8d7a69b3eab16f2cb7ff6cae97f86e561b1c712b0b6dfae4	408	408	1.4%	0.0%	local-recv	6ed88be5	no	4	302.67	12288	12256
18	mux-compose-T2xL2-t2	down	100000000	25b03079	49214,49232	standby	in	25b03079>02c43f7d6da81cdca65fcf41906ff321f0d9f14e4c9ab0ff8b54b8ec64cce11bf0;18e8b97b>022716fba0f9a5d46ae7b8a4412296847d63d96c763d49068e851e9be7542080b1	stcpr	82.598708	02c43f7d6da81cdca65fcf41906ff321f0d9f14e4c9ab0ff8b54b8ec64cce11bf0	40	52	0.1%	0.0%	local-recv	18e8b97b	yes	0	0	0	0
18	mux-compose-T2xL2-t2	down	100000000	619865a5	49215	standby	in	619865a5>02109a13c780fe273e48b5a7a9e030c1052156cd5afef4dff1c100598226ad8da9;25c2ebc5>022716fba0f9a5d46ae7b8a4412296847d63d96c763d49068e851e9be7542080b1	stcpr	163.820431	02109a13c780fe273e48b5a7a9e030c1052156cd5afef4dff1c100598226ad8da9	400	400	1.4%	0.0%	local-recv	25c2ebc5	no	6	243.98	12352	12224
18	mux-compose-T2xL2-t2	down	100000000	35766599	49216	standby	in	35766599>03a4a29d19804bd98d9a8197a327d53d0d00865815ee7d0a320cd0da4250102cdb;a6830d6d>022716fba0f9a5d46ae7b8a4412296847d63d96c763d49068e851e9be7542080b1	stcpr	81.521059	03a4a29d19804bd98d9a8197a327d53d0d00865815ee7d0a320cd0da4250102cdb	4597	40875273	15.6%	36.9%	local-recv	a6830d6d	no	5	263.42	186014151	50049311
18	mux-compose-T2xL2-t2	down	100000000	475d59a5	49217	standby	in	475d59a5>02b1d9c56928f533ea9b309f8a53ed4807ee4e0193ef3c3a0234033313feceb8f2;99a80e72>022716fba0f9a5d46ae7b8a4412296847d63d96c763d49068e851e9be7542080b1	stcpr	248.323589	02b1d9c56928f533ea9b309f8a53ed4807ee4e0193ef3c3a0234033313feceb8f2	416	416	1.4%	0.0%	local-recv	99a80e72	no	5	345.68	12320	12192
18	mux-compose-T2xL2-t2	down	100000000	ca42696c	49217,49231	standby	in	ca42696c>028ed30c290b4c0c36d769108be072a995ac100cd5fcb249b33b92c127961cdfbb;97203c85>022716fba0f9a5d46ae7b8a4412296847d63d96c763d49068e851e9be7542080b1	stcpr	83.770368	028ed30c290b4c0c36d769108be072a995ac100cd5fcb249b33b92c127961cdfbb	56	68	0.2%	0.0%	local-recv	97203c85	yes	0	0	0	0
18	mux-compose-T2xL2-t2	down	100000000	e5faa6e0	49218	standby	in	e5faa6e0>02230b0a96a6f94179fab58196d3dfa1e19070faeae82d6900971462996541e774;47361294>022716fba0f9a5d46ae7b8a4412296847d63d96c763d49068e851e9be7542080b1	stcpr	153.858732	02230b0a96a6f94179fab58196d3dfa1e19070faeae82d6900971462996541e774	496	496	1.7%	0.0%	local-recv	47361294	no	5	244.9	12320	12192
18	mux-compose-T2xL2-t2	down	100000000	ee5902d2	49218,49230	standby	in	ee5902d2>0397b427c1e522b768389db1fdfab3943a74e69683800fe4950af7dfb3bf66893c;2dfdb077>022716fba0f9a5d46ae7b8a4412296847d63d96c763d49068e851e9be7542080b1	stcpr	315.216677	0397b427c1e522b768389db1fdfab3943a74e69683800fe4950af7dfb3bf66893c	48	60	0.2%	0.0%	local-recv	2dfdb077	yes	0	0	0	0
18	mux-compose-T2xL2-t2	down	100000000	b71ddf99	49219	standby	in	b71ddf99>0328947fced4d4b7beb65a6ef60d579e42d7976168c292cbd6d28b5b8bdc85757f;47828219>022716fba0f9a5d46ae7b8a4412296847d63d96c763d49068e851e9be7542080b1	stcpr	505.315652	0328947fced4d4b7beb65a6ef60d579e42d7976168c292cbd6d28b5b8bdc85757f	488	488	1.7%	0.0%	local-recv	47828219	no	5	244.45	12320	12160
18	mux-compose-T2xL2-t2	down	100000000	696629b6	49219,49233	standby	in	696629b6>03ecc7d108a98480b40a85bbfadb8f477d0c3559316306dcd7ba52fa3d21dad91e;75b62c04>022716fba0f9a5d46ae7b8a4412296847d63d96c763d49068e851e9be7542080b1	stcpr	80.675049	03ecc7d108a98480b40a85bbfadb8f477d0c3559316306dcd7ba52fa3d21dad91e	32	44	0.1%	0.0%	local-recv	75b62c04	yes	0	0	0	0
18	mux-compose-T2xL2-t2	down	100000000	bf9b0de8	49220	standby	in	bf9b0de8>026a913078651938783e19416a2de99c924df209e28512da2a571868c989bf3822;c2793bef>022716fba0f9a5d46ae7b8a4412296847d63d96c763d49068e851e9be7542080b1	stcpr	156.499436	026a913078651938783e19416a2de99c924df209e28512da2a571868c989bf3822	496	496	1.7%	0.0%	local-recv	c2793bef	no	4	244.61	12288	12224
18	mux-compose-T2xL2-t2	down	100000000	e5f24143	49220,49223	standby	in	e5f24143>024a37bae69d6be2ec51eeb9d2b7e99073c30153d06896032f5bd3c09ca843bdb9;a214890d>022716fba0f9a5d46ae7b8a4412296847d63d96c763d49068e851e9be7542080b1	stcpr	38.020679	024a37bae69d6be2ec51eeb9d2b7e99073c30153d06896032f5bd3c09ca843bdb9	48	60	0.2%	0.0%	local-recv	a214890d	yes	0	0	0	0
18	mux-compose-T2xL2-t2	down	100000000	bac92dd4	49222,49233	standby	in	bac92dd4>02db6d6f87e5d6382c827c066514195dfed31f61f07a295caa1b8f4364826921be;11b37300>022716fba0f9a5d46ae7b8a4412296847d63d96c763d49068e851e9be7542080b1	stcpr	174.524809	02db6d6f87e5d6382c827c066514195dfed31f61f07a295caa1b8f4364826921be	880	880	3.0%	0.0%	local-recv	11b37300	no	5	249.9	12000	11904
18	mux-compose-T2xL2-t2	down	100000000	0d53f7b1	49223,49232	standby	in	0d53f7b1>021ed11eb6557e39fee1e2ef91671bced1483b6c15debc45be54a5f1e1c3c07659;a8ae418c>022716fba0f9a5d46ae7b8a4412296847d63d96c763d49068e851e9be7542080b1	stcpr	170.154391	021ed11eb6557e39fee1e2ef91671bced1483b6c15debc45be54a5f1e1c3c07659	1010	1010	3.4%	0.0%	local-recv	a8ae418c	no	5	395.94	12000	11904
18	mux-compose-T2xL2-t2	down	100000000	336d3a3e	49224	standby	in	336d3a3e>031fc6a42965440b0bb761120c53001d03ead6c862249b1851368097fd19b3a9f1;89d170d4>022716fba0f9a5d46ae7b8a4412296847d63d96c763d49068e851e9be7542080b1	stcpr	151.307	031fc6a42965440b0bb761120c53001d03ead6c862249b1851368097fd19b3a9f1	4343	38925275	14.7%	35.2%	local-recv	89d170d4	no	415	373	204778009	29277411
18	mux-compose-T2xL2-t2	down	100000000	5157fdc8	49225	standby	in	5157fdc8>03360da779493433e9ae8e103ac1c0baf6973982f93bd3cf326e4b18f9fda666cb;2b4ccbdd>022716fba0f9a5d46ae7b8a4412296847d63d96c763d49068e851e9be7542080b1	stcpr	177.084961	03360da779493433e9ae8e103ac1c0baf6973982f93bd3cf326e4b18f9fda666cb	464	464	1.6%	0.0%	local-recv	2b4ccbdd	no	5	267.41	12192	12096
18	mux-compose-T2xL2-t2	down	100000000	ea69bc13	49226	standby	in	ea69bc13>03dd3a272482055da08828fafffe0cb537915a52e71c92bfc9bf3140ab0153cd7c;ce4708f1>022716fba0f9a5d46ae7b8a4412296847d63d96c763d49068e851e9be7542080b1	stcpr	168.635	03dd3a272482055da08828fafffe0cb537915a52e71c92bfc9bf3140ab0153cd7c	448	448	1.5%	0.0%	local-recv	ce4708f1	no	4	248.48	12224	12192
18	mux-compose-T2xL2-t2	down	100000000	a18cfda5	49227,49230	standby	in	a18cfda5>032fe1b4b0bf0207c10bc99cf64be4fdc15464981554e0cd58bf66f06960cd5fcc;0601bd31>022716fba0f9a5d46ae7b8a4412296847d63d96c763d49068e851e9be7542080b1	stcpr	161.083818	032fe1b4b0bf0207c10bc99cf64be4fdc15464981554e0cd58bf66f06960cd5fcc	962	962	3.3%	0.0%	local-recv	0601bd31	no	5	256.11	12000	11904
18	mux-compose-T2xL2-t2	down	100000000	9a548f01	49228	standby	in	9a548f01>038a10abc4081748dad046dafe39a4f4744352703d19a6dbee68b97ae9f9d334f0;7db81071>022716fba0f9a5d46ae7b8a4412296847d63d96c763d49068e851e9be7542080b1	stcpr	169.067	038a10abc4081748dad046dafe39a4f4744352703d19a6dbee68b97ae9f9d334f0	485	485	1.6%	0.0%	local-recv	7db81071	no	6	399.19	12288	12160
18	mux-compose-T2xL2-t2	down	100000000	1bb37806	49229	standby	in	1bb37806>02b3a85aee85dece633272731c2e37867a39fa9127f28233ad18ed0051184fc40a;d30e45c7>022716fba0f9a5d46ae7b8a4412296847d63d96c763d49068e851e9be7542080b1	squicr	172.05	02b3a85aee85dece633272731c2e37867a39fa9127f28233ad18ed0051184fc40a	469	485	1.6%	0.0%	local-recv	d30e45c7	no	3	263.52	12192	12224
18	mux-compose-T2xL2-t2	down	100000000	b250c046	49231	standby	in	b250c046>02956775f345d7328128678c0ced40a3e3e3f91bbf431ef886f41df31d93ee1661;3164901a>022716fba0f9a5d46ae7b8a4412296847d63d96c763d49068e851e9be7542080b1	stcpr	78.401539	02956775f345d7328128678c0ced40a3e3e3f91bbf431ef886f41df31d93ee1661	448	448	1.5%	0.0%	local-recv	3164901a	no	3	264.45	11936	11968
18	mux-compose-T2xL2-t2	down	100000000	77fb43c0	49234	standby	in	77fb43c0>02090aec59b40207d8662c82e4ecfc524b740c27f2fb98cfb5582833a66bdcb797;cab03f16>022716fba0f9a5d46ae7b8a4412296847d63d96c763d49068e851e9be7542080b1	squicr	172.700163	02090aec59b40207d8662c82e4ecfc524b740c27f2fb98cfb5582833a66bdcb797	477	477	1.6%	0.0%	local-recv	cab03f16	no	4	250.47	11968	11872
18	mux-compose-T2xL2-t2	down	100000000	fb021902	49234	standby	in	fb021902>02781a0ac87d137d612bdefc5d68f420125887771e2d5cf6bc710c83ffc3b9d696;80303b39>022716fba0f9a5d46ae7b8a4412296847d63d96c763d49068e851e9be7542080b1	stcpr	134.742987	02781a0ac87d137d612bdefc5d68f420125887771e2d5cf6bc710c83ffc3b9d696	24	29	0.1%	0.0%	local-recv	80303b39	yes	0	0	0	0
18	mux-compose-T2xL2-t2	down	100000000	30f42c30	49235	standby	in	30f42c30>03eba64189c636ab77c2da630bf2a0c77061bc783e59f80fd39015a42f9ae6ce01;0d8257e2>022716fba0f9a5d46ae7b8a4412296847d63d96c763d49068e851e9be7542080b1	stcpr	555.855424	03eba64189c636ab77c2da630bf2a0c77061bc783e59f80fd39015a42f9ae6ce01	408	408	1.4%	0.0%	local-recv	0d8257e2	no	6	243.27	12032	11936
19	mux-compose-T2xL2-t3	down	100000000	77674aa7	49205	standby	in	77674aa7>0269fcc9891752f41850fd345affd7fb133522567f433658142fbefe1d6446d8cd;b7caa06d>022716fba0f9a5d46ae7b8a4412296847d63d96c763d49068e851e9be7542080b1	stcpr	245.654278	0269fcc9891752f41850fd345affd7fb133522567f433658142fbefe1d6446d8cd	374	342	1.8%	0.0%	local-recv	b7caa06d	no	5	340.46	12416	12320
19	mux-compose-T2xL2-t3	down	100000000	a94550f5	49205,49235	standby	in	a94550f5>025cc9b7ba632d57c12ccad1eb31c47a942dede14d1e174ac6c19a4988abb200c0;f3dfb306>022716fba0f9a5d46ae7b8a4412296847d63d96c763d49068e851e9be7542080b1	stcpr	68.394503	025cc9b7ba632d57c12ccad1eb31c47a942dede14d1e174ac6c19a4988abb200c0	40	48	0.2%	0.0%	local-recv	f3dfb306	yes	0	0	0	0
19	mux-compose-T2xL2-t3	down	100000000	b45c771a	49206	standby	in	b45c771a>03f82ff0d7ce318d14db5a8fb754741fa257ffcdb17c629879f854298e8fe85384;5e04a7c8>022716fba0f9a5d46ae7b8a4412296847d63d96c763d49068e851e9be7542080b1	squicr	162.433552	03f82ff0d7ce318d14db5a8fb754741fa257ffcdb17c629879f854298e8fe85384	424	446	2.0%	0.0%	local-recv	5e04a7c8	no	7	244.21	12480	12448
19	mux-compose-T2xL2-t3	down	100000000	b6e61452	49206,49225	standby	in	b6e61452>02d92e70b9dd358112ebd266e641a6a928397edfda54c213f7b37dd5cd57eca17a;f3d8c01a>022716fba0f9a5d46ae7b8a4412296847d63d96c763d49068e851e9be7542080b1	stcpr	77.216812	02d92e70b9dd358112ebd266e641a6a928397edfda54c213f7b37dd5cd57eca17a	48	58	0.2%	0.0%	local-recv	f3d8c01a	yes	0	0	0	0
19	mux-compose-T2xL2-t3	down	100000000	df4c1852	49207	standby	in	df4c1852>035f532aed88e89cb8822a31b71d83a14f63fabd6389e537c2426fe84031c60825;f148d779>022716fba0f9a5d46ae7b8a4412296847d63d96c763d49068e851e9be7542080b1	stcpr	157.096714	035f532aed88e89cb8822a31b71d83a14f63fabd6389e537c2426fe84031c60825	379	379	1.8%	0.0%	local-recv	f148d779	no	5	244.54	12416	12352
19	mux-compose-T2xL2-t3	down	100000000	88737946	49207,49222	standby	in	88737946>039ba57e780efc89546104a134e9121f1dda0617e335eee8c3f21e4e272df93ac1;f888da30>022716fba0f9a5d46ae7b8a4412296847d63d96c763d49068e851e9be7542080b1	stcpr	93.010188	039ba57e780efc89546104a134e9121f1dda0617e335eee8c3f21e4e272df93ac1	48	56	0.2%	0.0%	local-recv	f888da30	yes	0	0	0	0
19	mux-compose-T2xL2-t3	down	100000000	03f0e265	49208	standby	in	03f0e265>035f6c7648bb0034b436db7d3845f7b482e8da705ca2b4622fd9673eb60921d5e5;ca5d50b7>022716fba0f9a5d46ae7b8a4412296847d63d96c763d49068e851e9be7542080b1	stcpr	163.238962	035f6c7648bb0034b436db7d3845f7b482e8da705ca2b4622fd9673eb60921d5e5	342	342	1.6%	0.0%	local-recv	ca5d50b7	no	4	244.36	12384	12352
19	mux-compose-T2xL2-t3	down	100000000	82aaa034	49208,49227	standby	in	82aaa034>03852490a5cb7f48e8d20af0a4c558a605a2ef26b61ae75a78295c442697ecd375;b625e9da>022716fba0f9a5d46ae7b8a4412296847d63d96c763d49068e851e9be7542080b1	stcpr	76.121471	03852490a5cb7f48e8d20af0a4c558a605a2ef26b61ae75a78295c442697ecd375	40	40	0.2%	0.0%	local-recv	b625e9da	yes	0	0	0	0
19	mux-compose-T2xL2-t3	down	100000000	2ca52bbf	49209	standby	in	2ca52bbf>03d1a14c1f4ce581211e919dd22211c211020c3a1634fa90e94df2b60e2e1a7f91;ef8238bf>022716fba0f9a5d46ae7b8a4412296847d63d96c763d49068e851e9be7542080b1	stcpr	166.33074	03d1a14c1f4ce581211e919dd22211c211020c3a1634fa90e94df2b60e2e1a7f91	347	374	1.6%	0.0%	local-recv	ef8238bf	no	5	399.68	12416	12352
19	mux-compose-T2xL2-t3	down	100000000	287b1d97	49209,49228	standby	in	287b1d97>03b934e8a26ddb9d635381df94dbf778cdfebf53f8956902ec3a7837524a75024f;9d5d85da>022716fba0f9a5d46ae7b8a4412296847d63d96c763d49068e851e9be7542080b1	stcpr	79.820625	03b934e8a26ddb9d635381df94dbf778cdfebf53f8956902ec3a7837524a75024f	32	41	0.2%	0.0%	local-recv	9d5d85da	yes	0	0	0	0
19	mux-compose-T2xL2-t3	down	100000000	97ae541b	49210	standby	in	97ae541b>03c3278fa753b5e942c8b1bfe028219520b8b713f370796e442a4d416a41e08b17;b70493f1>022716fba0f9a5d46ae7b8a4412296847d63d96c763d49068e851e9be7542080b1	stcpr	166.306321	03c3278fa753b5e942c8b1bfe028219520b8b713f370796e442a4d416a41e08b17	350	350	1.7%	0.0%	local-recv	b70493f1	no	4	244.42	12384	12352
19	mux-compose-T2xL2-t3	down	100000000	690554b9	49210	standby	in	690554b9>02bf4a7b17f587405738f9c2677ac63b7b99fa3f1e589159daf8429d66585e2e0c;cc141cac>022716fba0f9a5d46ae7b8a4412296847d63d96c763d49068e851e9be7542080b1	stcpr	91.05606	02bf4a7b17f587405738f9c2677ac63b7b99fa3f1e589159daf8429d66585e2e0c	24	28	0.1%	0.0%	local-recv	cc141cac	yes	0	0	0	0
19	mux-compose-T2xL2-t3	down	100000000	a7990e32	49211,49226	standby	in	a7990e32>020819902394f4b8e0e77c3961bb37d77b688d41c3f639f531aebb0a70c64d7092;4d82d133>022716fba0f9a5d46ae7b8a4412296847d63d96c763d49068e851e9be7542080b1	stcpr	65.997397	020819902394f4b8e0e77c3961bb37d77b688d41c3f639f531aebb0a70c64d7092	342	347	1.6%	0.0%	local-recv	4d82d133	yes	0	0	0	0
19	mux-compose-T2xL2-t3	down	100000000	d3604075	49212	standby	in	d3604075>03a9a28d2a38de5342e43b88c6c138eada84e412cf1e703432c7affee73190cd88;7546a023>022716fba0f9a5d46ae7b8a4412296847d63d96c763d49068e851e9be7542080b1	squicr	165.669879	03a9a28d2a38de5342e43b88c6c138eada84e412cf1e703432c7affee73190cd88	3160	20444674	14.9%	20.4%	local-recv	7546a023	no	2751	244.13	281434930	54476288
19	mux-compose-T2xL2-t3	down	100000000	7c80edb8	49213	standby	in	7c80edb8>022a2a1c5588bcb401377ca54dc2487ec4f2e41286a3d2aff4028facc7bfd6d9cc;3021cb5c>022716fba0f9a5d46ae7b8a4412296847d63d96c763d49068e851e9be7542080b1	stcpr	162.768885	022a2a1c5588bcb401377ca54dc2487ec4f2e41286a3d2aff4028facc7bfd6d9cc	323	350	1.5%	0.0%	local-recv	3021cb5c	no	7	251.19	12384	12192
19	mux-compose-T2xL2-t3	down	100000000	4470a453	49214	standby	in	4470a453>031bb93993ee93a04c8d7a69b3eab16f2cb7ff6cae97f86e561b1c712b0b6dfae4;6ed88be5>022716fba0f9a5d46ae7b8a4412296847d63d96c763d49068e851e9be7542080b1	stcpr	178.344483	031bb93993ee93a04c8d7a69b3eab16f2cb7ff6cae97f86e561b1c712b0b6dfae4	334	334	1.6%	0.0%	local-recv	6ed88be5	no	4	302.67	12288	12256
19	mux-compose-T2xL2-t3	down	100000000	25b03079	49214,49232	standby	in	25b03079>02c43f7d6da81cdca65fcf41906ff321f0d9f14e4c9ab0ff8b54b8ec64cce11bf0;18e8b97b>022716fba0f9a5d46ae7b8a4412296847d63d96c763d49068e851e9be7542080b1	stcpr	82.598708	02c43f7d6da81cdca65fcf41906ff321f0d9f14e4c9ab0ff8b54b8ec64cce11bf0	40	48	0.2%	0.0%	local-recv	18e8b97b	yes	0	0	0	0
19	mux-compose-T2xL2-t3	down	100000000	619865a5	49215	standby	in	619865a5>02109a13c780fe273e48b5a7a9e030c1052156cd5afef4dff1c100598226ad8da9;25c2ebc5>022716fba0f9a5d46ae7b8a4412296847d63d96c763d49068e851e9be7542080b1	stcpr	163.820431	02109a13c780fe273e48b5a7a9e030c1052156cd5afef4dff1c100598226ad8da9	323	350	1.5%	0.0%	local-recv	25c2ebc5	no	6	243.98	12352	12224
19	mux-compose-T2xL2-t3	down	100000000	35766599	49216	standby	in	35766599>03a4a29d19804bd98d9a8197a327d53d0d00865815ee7d0a320cd0da4250102cdb;a6830d6d>022716fba0f9a5d46ae7b8a4412296847d63d96c763d49068e851e9be7542080b1	stcpr	81.521059	03a4a29d19804bd98d9a8197a327d53d0d00865815ee7d0a320cd0da4250102cdb	3904	38879666	18.5%	38.8%	local-recv	a6830d6d	no	5	263.42	186014151	50049311
19	mux-compose-T2xL2-t3	down	100000000	475d59a5	49217	standby	in	475d59a5>02b1d9c56928f533ea9b309f8a53ed4807ee4e0193ef3c3a0234033313feceb8f2;99a80e72>022716fba0f9a5d46ae7b8a4412296847d63d96c763d49068e851e9be7542080b1	stcpr	248.323589	02b1d9c56928f533ea9b309f8a53ed4807ee4e0193ef3c3a0234033313feceb8f2	334	334	1.6%	0.0%	local-recv	99a80e72	no	5	345.68	12320	12192
19	mux-compose-T2xL2-t3	down	100000000	ca42696c	49217,49231	standby	in	ca42696c>028ed30c290b4c0c36d769108be072a995ac100cd5fcb249b33b92c127961cdfbb;97203c85>022716fba0f9a5d46ae7b8a4412296847d63d96c763d49068e851e9be7542080b1	stcpr	83.770368	028ed30c290b4c0c36d769108be072a995ac100cd5fcb249b33b92c127961cdfbb	64	74	0.3%	0.0%	local-recv	97203c85	yes	0	0	0	0
19	mux-compose-T2xL2-t3	down	100000000	e5faa6e0	49218	standby	in	e5faa6e0>02230b0a96a6f94179fab58196d3dfa1e19070faeae82d6900971462996541e774;47361294>022716fba0f9a5d46ae7b8a4412296847d63d96c763d49068e851e9be7542080b1	stcpr	153.858732	02230b0a96a6f94179fab58196d3dfa1e19070faeae82d6900971462996541e774	387	387	1.8%	0.0%	local-recv	47361294	no	5	244.9	12320	12192
19	mux-compose-T2xL2-t3	down	100000000	ee5902d2	49218,49230	standby	in	ee5902d2>0397b427c1e522b768389db1fdfab3943a74e69683800fe4950af7dfb3bf66893c;2dfdb077>022716fba0f9a5d46ae7b8a4412296847d63d96c763d49068e851e9be7542080b1	stcpr	315.216677	0397b427c1e522b768389db1fdfab3943a74e69683800fe4950af7dfb3bf66893c	40	50	0.2%	0.0%	local-recv	2dfdb077	yes	0	0	0	0
19	mux-compose-T2xL2-t3	down	100000000	b71ddf99	49219	standby	in	b71ddf99>0328947fced4d4b7beb65a6ef60d579e42d7976168c292cbd6d28b5b8bdc85757f;47828219>022716fba0f9a5d46ae7b8a4412296847d63d96c763d49068e851e9be7542080b1	stcpr	505.315652	0328947fced4d4b7beb65a6ef60d579e42d7976168c292cbd6d28b5b8bdc85757f	350	350	1.7%	0.0%	local-recv	47828219	no	5	244.45	12320	12160
19	mux-compose-T2xL2-t3	down	100000000	696629b6	49219,49233	standby	in	696629b6>03ecc7d108a98480b40a85bbfadb8f477d0c3559316306dcd7ba52fa3d21dad91e;75b62c04>022716fba0f9a5d46ae7b8a4412296847d63d96c763d49068e851e9be7542080b1	stcpr	80.675049	03ecc7d108a98480b40a85bbfadb8f477d0c3559316306dcd7ba52fa3d21dad91e	32	42	0.2%	0.0%	local-recv	75b62c04	yes	0	0	0	0
19	mux-compose-T2xL2-t3	down	100000000	bf9b0de8	49220	standby	in	bf9b0de8>026a913078651938783e19416a2de99c924df209e28512da2a571868c989bf3822;c2793bef>022716fba0f9a5d46ae7b8a4412296847d63d96c763d49068e851e9be7542080b1	stcpr	156.499436	026a913078651938783e19416a2de99c924df209e28512da2a571868c989bf3822	350	350	1.7%	0.0%	local-recv	c2793bef	no	4	244.61	12288	12224
19	mux-compose-T2xL2-t3	down	100000000	e5f24143	49220,49223	standby	in	e5f24143>024a37bae69d6be2ec51eeb9d2b7e99073c30153d06896032f5bd3c09ca843bdb9;a214890d>022716fba0f9a5d46ae7b8a4412296847d63d96c763d49068e851e9be7542080b1	stcpr	38.020679	024a37bae69d6be2ec51eeb9d2b7e99073c30153d06896032f5bd3c09ca843bdb9	48	57	0.2%	0.0%	local-recv	a214890d	yes	0	0	0	0
19	mux-compose-T2xL2-t3	down	100000000	bac92dd4	49222,49233	standby	in	bac92dd4>02db6d6f87e5d6382c827c066514195dfed31f61f07a295caa1b8f4364826921be;11b37300>022716fba0f9a5d46ae7b8a4412296847d63d96c763d49068e851e9be7542080b1	stcpr	174.524809	02db6d6f87e5d6382c827c066514195dfed31f61f07a295caa1b8f4364826921be	681	681	3.2%	0.0%	local-recv	11b37300	no	5	249.9	12000	11904
19	mux-compose-T2xL2-t3	down	100000000	0d53f7b1	49223,49232	standby	in	0d53f7b1>021ed11eb6557e39fee1e2ef91671bced1483b6c15debc45be54a5f1e1c3c07659;a8ae418c>022716fba0f9a5d46ae7b8a4412296847d63d96c763d49068e851e9be7542080b1	stcpr	170.154391	021ed11eb6557e39fee1e2ef91671bced1483b6c15debc45be54a5f1e1c3c07659	683	737	3.2%	0.0%	local-recv	a8ae418c	no	5	395.94	12000	11904
19	mux-compose-T2xL2-t3	down	100000000	336d3a3e	49224	standby	in	336d3a3e>031fc6a42965440b0bb761120c53001d03ead6c862249b1851368097fd19b3a9f1;89d170d4>022716fba0f9a5d46ae7b8a4412296847d63d96c763d49068e851e9be7542080b1	stcpr	151.307	031fc6a42965440b0bb761120c53001d03ead6c862249b1851368097fd19b3a9f1	4142	40869790	19.6%	40.8%	local-recv	89d170d4	no	415	373	204778009	29277411
19	mux-compose-T2xL2-t3	down	100000000	5157fdc8	49225	standby	in	5157fdc8>03360da779493433e9ae8e103ac1c0baf6973982f93bd3cf326e4b18f9fda666cb;2b4ccbdd>022716fba0f9a5d46ae7b8a4412296847d63d96c763d49068e851e9be7542080b1	stcpr	177.084961	03360da779493433e9ae8e103ac1c0baf6973982f93bd3cf326e4b18f9fda666cb	347	347	1.6%	0.0%	local-recv	2b4ccbdd	no	5	267.41	12192	12096
19	mux-compose-T2xL2-t3	down	100000000	ea69bc13	49226	standby	in	ea69bc13>03dd3a272482055da08828fafffe0cb537915a52e71c92bfc9bf3140ab0153cd7c;ce4708f1>022716fba0f9a5d46ae7b8a4412296847d63d96c763d49068e851e9be7542080b1	stcpr	168.635	03dd3a272482055da08828fafffe0cb537915a52e71c92bfc9bf3140ab0153cd7c	392	392	1.9%	0.0%	local-recv	ce4708f1	no	4	248.48	12224	12192
19	mux-compose-T2xL2-t3	down	100000000	a18cfda5	49227,49230	standby	in	a18cfda5>032fe1b4b0bf0207c10bc99cf64be4fdc15464981554e0cd58bf66f06960cd5fcc;0601bd31>022716fba0f9a5d46ae7b8a4412296847d63d96c763d49068e851e9be7542080b1	stcpr	161.083818	032fe1b4b0bf0207c10bc99cf64be4fdc15464981554e0cd58bf66f06960cd5fcc	689	689	3.3%	0.0%	local-recv	0601bd31	no	5	256.11	12000	11904
19	mux-compose-T2xL2-t3	down	100000000	9a548f01	49228	standby	in	9a548f01>038a10abc4081748dad046dafe39a4f4744352703d19a6dbee68b97ae9f9d334f0;7db81071>022716fba0f9a5d46ae7b8a4412296847d63d96c763d49068e851e9be7542080b1	stcpr	169.067	038a10abc4081748dad046dafe39a4f4744352703d19a6dbee68b97ae9f9d334f0	355	355	1.7%	0.0%	local-recv	7db81071	no	6	399.19	12288	12160
19	mux-compose-T2xL2-t3	down	100000000	1bb37806	49229	standby	in	1bb37806>02b3a85aee85dece633272731c2e37867a39fa9127f28233ad18ed0051184fc40a;d30e45c7>022716fba0f9a5d46ae7b8a4412296847d63d96c763d49068e851e9be7542080b1	squicr	172.05	02b3a85aee85dece633272731c2e37867a39fa9127f28233ad18ed0051184fc40a	323	323	1.5%	0.0%	local-recv	d30e45c7	no	3	263.52	12192	12224
19	mux-compose-T2xL2-t3	down	100000000	b250c046	49231	standby	in	b250c046>02956775f345d7328128678c0ced40a3e3e3f91bbf431ef886f41df31d93ee1661;3164901a>022716fba0f9a5d46ae7b8a4412296847d63d96c763d49068e851e9be7542080b1	stcpr	78.401539	02956775f345d7328128678c0ced40a3e3e3f91bbf431ef886f41df31d93ee1661	342	342	1.6%	0.0%	local-recv	3164901a	no	3	264.45	11936	11968
19	mux-compose-T2xL2-t3	down	100000000	77fb43c0	49234	standby	in	77fb43c0>02090aec59b40207d8662c82e4ecfc524b740c27f2fb98cfb5582833a66bdcb797;cab03f16>022716fba0f9a5d46ae7b8a4412296847d63d96c763d49068e851e9be7542080b1	squicr	172.700163	02090aec59b40207d8662c82e4ecfc524b740c27f2fb98cfb5582833a66bdcb797	339	339	1.6%	0.0%	local-recv	cab03f16	no	4	250.47	11968	11872
19	mux-compose-T2xL2-t3	down	100000000	fb021902	49234	standby	in	fb021902>02781a0ac87d137d612bdefc5d68f420125887771e2d5cf6bc710c83ffc3b9d696;80303b39>022716fba0f9a5d46ae7b8a4412296847d63d96c763d49068e851e9be7542080b1	stcpr	134.742987	02781a0ac87d137d612bdefc5d68f420125887771e2d5cf6bc710c83ffc3b9d696	32	37	0.2%	0.0%	local-recv	80303b39	yes	0	0	0	0
19	mux-compose-T2xL2-t3	down	100000000	30f42c30	49235	standby	in	30f42c30>03eba64189c636ab77c2da630bf2a0c77061bc783e59f80fd39015a42f9ae6ce01;0d8257e2>022716fba0f9a5d46ae7b8a4412296847d63d96c763d49068e851e9be7542080b1	stcpr	555.855424	03eba64189c636ab77c2da630bf2a0c77061bc783e59f80fd39015a42f9ae6ce01	339	366	1.6%	0.0%	local-recv	0d8257e2	no	6	243.27	12032	11936
20	mux-compose-T2xL2-t4	down	100000000	77674aa7	49205	standby	in	77674aa7>0269fcc9891752f41850fd345affd7fb133522567f433658142fbefe1d6446d8cd;b7caa06d>022716fba0f9a5d46ae7b8a4412296847d63d96c763d49068e851e9be7542080b1	stcpr	245.654278	0269fcc9891752f41850fd345affd7fb133522567f433658142fbefe1d6446d8cd	334	334	1.5%	0.0%	local-recv	b7caa06d	no	5	340.46	12416	12320
20	mux-compose-T2xL2-t4	down	100000000	a94550f5	49205,49235	standby	in	a94550f5>025cc9b7ba632d57c12ccad1eb31c47a942dede14d1e174ac6c19a4988abb200c0;f3dfb306>022716fba0f9a5d46ae7b8a4412296847d63d96c763d49068e851e9be7542080b1	stcpr	68.394503	025cc9b7ba632d57c12ccad1eb31c47a942dede14d1e174ac6c19a4988abb200c0	24	32	0.1%	0.0%	local-recv	f3dfb306	yes	0	0	0	0
20	mux-compose-T2xL2-t4	down	100000000	b45c771a	49206	standby	in	b45c771a>03f82ff0d7ce318d14db5a8fb754741fa257ffcdb17c629879f854298e8fe85384;5e04a7c8>022716fba0f9a5d46ae7b8a4412296847d63d96c763d49068e851e9be7542080b1	squicr	162.433552	03f82ff0d7ce318d14db5a8fb754741fa257ffcdb17c629879f854298e8fe85384	329	329	1.5%	0.0%	local-recv	5e04a7c8	no	7	244.21	12480	12448
20	mux-compose-T2xL2-t4	down	100000000	b6e61452	49206,49225	standby	in	b6e61452>02d92e70b9dd358112ebd266e641a6a928397edfda54c213f7b37dd5cd57eca17a;f3d8c01a>022716fba0f9a5d46ae7b8a4412296847d63d96c763d49068e851e9be7542080b1	stcpr	77.216812	02d92e70b9dd358112ebd266e641a6a928397edfda54c213f7b37dd5cd57eca17a	32	40	0.1%	0.0%	local-recv	f3d8c01a	yes	0	0	0	0
20	mux-compose-T2xL2-t4	down	100000000	df4c1852	49207	standby	in	df4c1852>035f532aed88e89cb8822a31b71d83a14f63fabd6389e537c2426fe84031c60825;f148d779>022716fba0f9a5d46ae7b8a4412296847d63d96c763d49068e851e9be7542080b1	stcpr	157.096714	035f532aed88e89cb8822a31b71d83a14f63fabd6389e537c2426fe84031c60825	342	342	1.6%	0.0%	local-recv	f148d779	no	5	244.54	12416	12352
20	mux-compose-T2xL2-t4	down	100000000	88737946	49207,49222	standby	in	88737946>039ba57e780efc89546104a134e9121f1dda0617e335eee8c3f21e4e272df93ac1;f888da30>022716fba0f9a5d46ae7b8a4412296847d63d96c763d49068e851e9be7542080b1	stcpr	93.010188	039ba57e780efc89546104a134e9121f1dda0617e335eee8c3f21e4e272df93ac1	32	41	0.1%	0.0%	local-recv	f888da30	yes	0	0	0	0
20	mux-compose-T2xL2-t4	down	100000000	03f0e265	49208	standby	in	03f0e265>035f6c7648bb0034b436db7d3845f7b482e8da705ca2b4622fd9673eb60921d5e5;ca5d50b7>022716fba0f9a5d46ae7b8a4412296847d63d96c763d49068e851e9be7542080b1	stcpr	163.238962	035f6c7648bb0034b436db7d3845f7b482e8da705ca2b4622fd9673eb60921d5e5	342	342	1.6%	0.0%	local-recv	ca5d50b7	no	4	244.36	12384	12352
20	mux-compose-T2xL2-t4	down	100000000	82aaa034	49208,49227	standby	in	82aaa034>03852490a5cb7f48e8d20af0a4c558a605a2ef26b61ae75a78295c442697ecd375;b625e9da>022716fba0f9a5d46ae7b8a4412296847d63d96c763d49068e851e9be7542080b1	stcpr	76.121471	03852490a5cb7f48e8d20af0a4c558a605a2ef26b61ae75a78295c442697ecd375	40	48	0.2%	0.0%	local-recv	b625e9da	yes	0	0	0	0
20	mux-compose-T2xL2-t4	down	100000000	2ca52bbf	49209	standby	in	2ca52bbf>03d1a14c1f4ce581211e919dd22211c211020c3a1634fa90e94df2b60e2e1a7f91;ef8238bf>022716fba0f9a5d46ae7b8a4412296847d63d96c763d49068e851e9be7542080b1	stcpr	166.33074	03d1a14c1f4ce581211e919dd22211c211020c3a1634fa90e94df2b60e2e1a7f91	297	297	1.4%	0.0%	local-recv	ef8238bf	no	5	399.68	12416	12352
20	mux-compose-T2xL2-t4	down	100000000	287b1d97	49209,49228	standby	in	287b1d97>03b934e8a26ddb9d635381df94dbf778cdfebf53f8956902ec3a7837524a75024f;9d5d85da>022716fba0f9a5d46ae7b8a4412296847d63d96c763d49068e851e9be7542080b1	stcpr	79.820625	03b934e8a26ddb9d635381df94dbf778cdfebf53f8956902ec3a7837524a75024f	40	56	0.2%	0.0%	local-recv	9d5d85da	yes	0	0	0	0
20	mux-compose-T2xL2-t4	down	100000000	97ae541b	49210	standby	in	97ae541b>03c3278fa753b5e942c8b1bfe028219520b8b713f370796e442a4d416a41e08b17;b70493f1>022716fba0f9a5d46ae7b8a4412296847d63d96c763d49068e851e9be7542080b1	stcpr	166.306321	03c3278fa753b5e942c8b1bfe028219520b8b713f370796e442a4d416a41e08b17	334	334	1.5%	0.0%	local-recv	b70493f1	no	4	244.42	12384	12352
20	mux-compose-T2xL2-t4	down	100000000	690554b9	49210	standby	in	690554b9>02bf4a7b17f587405738f9c2677ac63b7b99fa3f1e589159daf8429d66585e2e0c;cc141cac>022716fba0f9a5d46ae7b8a4412296847d63d96c763d49068e851e9be7542080b1	stcpr	91.05606	02bf4a7b17f587405738f9c2677ac63b7b99fa3f1e589159daf8429d66585e2e0c	16	20	0.1%	0.0%	local-recv	cc141cac	yes	0	0	0	0
20	mux-compose-T2xL2-t4	down	100000000	a7990e32	49211,49226	standby	in	a7990e32>020819902394f4b8e0e77c3961bb37d77b688d41c3f639f531aebb0a70c64d7092;4d82d133>022716fba0f9a5d46ae7b8a4412296847d63d96c763d49068e851e9be7542080b1	stcpr	65.997397	020819902394f4b8e0e77c3961bb37d77b688d41c3f639f531aebb0a70c64d7092	305	309	1.4%	0.0%	local-recv	4d82d133	yes	0	0	0	0
20	mux-compose-T2xL2-t4	down	100000000	d3604075	49212	standby	in	d3604075>03a9a28d2a38de5342e43b88c6c138eada84e412cf1e703432c7affee73190cd88;7546a023>022716fba0f9a5d46ae7b8a4412296847d63d96c763d49068e851e9be7542080b1	squicr	165.669879	03a9a28d2a38de5342e43b88c6c138eada84e412cf1e703432c7affee73190cd88	2645	20432314	12.2%	20.2%	local-recv	7546a023	no	2751	244.13	281434930	54476288
20	mux-compose-T2xL2-t4	down	100000000	7c80edb8	49213	standby	in	7c80edb8>022a2a1c5588bcb401377ca54dc2487ec4f2e41286a3d2aff4028facc7bfd6d9cc;3021cb5c>022716fba0f9a5d46ae7b8a4412296847d63d96c763d49068e851e9be7542080b1	stcpr	162.768885	022a2a1c5588bcb401377ca54dc2487ec4f2e41286a3d2aff4028facc7bfd6d9cc	326	326	1.5%	0.0%	local-recv	3021cb5c	no	7	251.19	12384	12192
20	mux-compose-T2xL2-t4	down	100000000	4470a453	49214	standby	in	4470a453>031bb93993ee93a04c8d7a69b3eab16f2cb7ff6cae97f86e561b1c712b0b6dfae4;6ed88be5>022716fba0f9a5d46ae7b8a4412296847d63d96c763d49068e851e9be7542080b1	stcpr	178.344483	031bb93993ee93a04c8d7a69b3eab16f2cb7ff6cae97f86e561b1c712b0b6dfae4	342	342	1.6%	0.0%	local-recv	6ed88be5	no	4	302.67	12288	12256
20	mux-compose-T2xL2-t4	down	100000000	25b03079	49214,49232	standby	in	25b03079>02c43f7d6da81cdca65fcf41906ff321f0d9f14e4c9ab0ff8b54b8ec64cce11bf0;18e8b97b>022716fba0f9a5d46ae7b8a4412296847d63d96c763d49068e851e9be7542080b1	stcpr	82.598708	02c43f7d6da81cdca65fcf41906ff321f0d9f14e4c9ab0ff8b54b8ec64cce11bf0	40	48	0.2%	0.0%	local-recv	18e8b97b	yes	0	0	0	0
20	mux-compose-T2xL2-t4	down	100000000	619865a5	49215	standby	in	619865a5>02109a13c780fe273e48b5a7a9e030c1052156cd5afef4dff1c100598226ad8da9;25c2ebc5>022716fba0f9a5d46ae7b8a4412296847d63d96c763d49068e851e9be7542080b1	stcpr	163.820431	02109a13c780fe273e48b5a7a9e030c1052156cd5afef4dff1c100598226ad8da9	326	326	1.5%	0.0%	local-recv	25c2ebc5	no	6	243.98	12352	12224
20	mux-compose-T2xL2-t4	down	100000000	35766599	49216	standby	in	35766599>03a4a29d19804bd98d9a8197a327d53d0d00865815ee7d0a320cd0da4250102cdb;a6830d6d>022716fba0f9a5d46ae7b8a4412296847d63d96c763d49068e851e9be7542080b1	stcpr	81.521059	03a4a29d19804bd98d9a8197a327d53d0d00865815ee7d0a320cd0da4250102cdb	3497	40864343	16.1%	40.4%	local-recv	a6830d6d	no	5	263.42	186014151	50049311
20	mux-compose-T2xL2-t4	down	100000000	475d59a5	49217	standby	in	475d59a5>02b1d9c56928f533ea9b309f8a53ed4807ee4e0193ef3c3a0234033313feceb8f2;99a80e72>022716fba0f9a5d46ae7b8a4412296847d63d96c763d49068e851e9be7542080b1	stcpr	248.323589	02b1d9c56928f533ea9b309f8a53ed4807ee4e0193ef3c3a0234033313feceb8f2	342	342	1.6%	0.0%	local-recv	99a80e72	no	5	345.68	12320	12192
20	mux-compose-T2xL2-t4	down	100000000	ca42696c	49217,49231	standby	in	ca42696c>028ed30c290b4c0c36d769108be072a995ac100cd5fcb249b33b92c127961cdfbb;97203c85>022716fba0f9a5d46ae7b8a4412296847d63d96c763d49068e851e9be7542080b1	stcpr	83.770368	028ed30c290b4c0c36d769108be072a995ac100cd5fcb249b33b92c127961cdfbb	32	42	0.1%	0.0%	local-recv	97203c85	yes	0	0	0	0
20	mux-compose-T2xL2-t4	down	100000000	e5faa6e0	49218	standby	in	e5faa6e0>02230b0a96a6f94179fab58196d3dfa1e19070faeae82d6900971462996541e774;47361294>022716fba0f9a5d46ae7b8a4412296847d63d96c763d49068e851e9be7542080b1	stcpr	153.858732	02230b0a96a6f94179fab58196d3dfa1e19070faeae82d6900971462996541e774	334	334	1.5%	0.0%	local-recv	47361294	no	5	244.9	12320	12192
20	mux-compose-T2xL2-t4	down	100000000	ee5902d2	49218,49230	standby	in	ee5902d2>0397b427c1e522b768389db1fdfab3943a74e69683800fe4950af7dfb3bf66893c;2dfdb077>022716fba0f9a5d46ae7b8a4412296847d63d96c763d49068e851e9be7542080b1	stcpr	315.216677	0397b427c1e522b768389db1fdfab3943a74e69683800fe4950af7dfb3bf66893c	32	40	0.1%	0.0%	local-recv	2dfdb077	yes	0	0	0	0
20	mux-compose-T2xL2-t4	down	100000000	b71ddf99	49219	standby	in	b71ddf99>0328947fced4d4b7beb65a6ef60d579e42d7976168c292cbd6d28b5b8bdc85757f;47828219>022716fba0f9a5d46ae7b8a4412296847d63d96c763d49068e851e9be7542080b1	stcpr	505.315652	0328947fced4d4b7beb65a6ef60d579e42d7976168c292cbd6d28b5b8bdc85757f	334	334	1.5%	0.0%	local-recv	47828219	no	5	244.45	12320	12160
20	mux-compose-T2xL2-t4	down	100000000	696629b6	49219,49233	standby	in	696629b6>03ecc7d108a98480b40a85bbfadb8f477d0c3559316306dcd7ba52fa3d21dad91e;75b62c04>022716fba0f9a5d46ae7b8a4412296847d63d96c763d49068e851e9be7542080b1	stcpr	80.675049	03ecc7d108a98480b40a85bbfadb8f477d0c3559316306dcd7ba52fa3d21dad91e	40	48	0.2%	0.0%	local-recv	75b62c04	yes	0	0	0	0
20	mux-compose-T2xL2-t4	down	100000000	bf9b0de8	49220	standby	in	bf9b0de8>026a913078651938783e19416a2de99c924df209e28512da2a571868c989bf3822;c2793bef>022716fba0f9a5d46ae7b8a4412296847d63d96c763d49068e851e9be7542080b1	stcpr	156.499436	026a913078651938783e19416a2de99c924df209e28512da2a571868c989bf3822	334	334	1.5%	0.0%	local-recv	c2793bef	no	4	244.61	12288	12224
20	mux-compose-T2xL2-t4	down	100000000	e5f24143	49220,49223	standby	in	e5f24143>024a37bae69d6be2ec51eeb9d2b7e99073c30153d06896032f5bd3c09ca843bdb9;a214890d>022716fba0f9a5d46ae7b8a4412296847d63d96c763d49068e851e9be7542080b1	stcpr	38.020679	024a37bae69d6be2ec51eeb9d2b7e99073c30153d06896032f5bd3c09ca843bdb9	32	41	0.1%	0.0%	local-recv	a214890d	yes	0	0	0	0
20	mux-compose-T2xL2-t4	down	100000000	bac92dd4	49222,49233	standby	in	bac92dd4>02db6d6f87e5d6382c827c066514195dfed31f61f07a295caa1b8f4364826921be;11b37300>022716fba0f9a5d46ae7b8a4412296847d63d96c763d49068e851e9be7542080b1	stcpr	174.524809	02db6d6f87e5d6382c827c066514195dfed31f61f07a295caa1b8f4364826921be	681	681	3.1%	0.0%	local-recv	11b37300	no	5	249.9	12000	11904
20	mux-compose-T2xL2-t4	down	100000000	0d53f7b1	49223,49232	standby	in	0d53f7b1>021ed11eb6557e39fee1e2ef91671bced1483b6c15debc45be54a5f1e1c3c07659;a8ae418c>022716fba0f9a5d46ae7b8a4412296847d63d96c763d49068e851e9be7542080b1	stcpr	170.154391	021ed11eb6557e39fee1e2ef91671bced1483b6c15debc45be54a5f1e1c3c07659	684	684	3.2%	0.0%	local-recv	a8ae418c	no	5	395.94	12000	11904
20	mux-compose-T2xL2-t4	down	100000000	336d3a3e	49224	standby	in	336d3a3e>031fc6a42965440b0bb761120c53001d03ead6c862249b1851368097fd19b3a9f1;89d170d4>022716fba0f9a5d46ae7b8a4412296847d63d96c763d49068e851e9be7542080b1	stcpr	151.307	031fc6a42965440b0bb761120c53001d03ead6c862249b1851368097fd19b3a9f1	6396	39864613	29.5%	39.4%	local-recv	89d170d4	no	415	373	204778009	29277411
20	mux-compose-T2xL2-t4	down	100000000	5157fdc8	49225	standby	in	5157fdc8>03360da779493433e9ae8e103ac1c0baf6973982f93bd3cf326e4b18f9fda666cb;2b4ccbdd>022716fba0f9a5d46ae7b8a4412296847d63d96c763d49068e851e9be7542080b1	stcpr	177.084961	03360da779493433e9ae8e103ac1c0baf6973982f93bd3cf326e4b18f9fda666cb	334	334	1.5%	0.0%	local-recv	2b4ccbdd	no	5	267.41	12192	12096
20	mux-compose-T2xL2-t4	down	100000000	ea69bc13	49226	standby	in	ea69bc13>03dd3a272482055da08828fafffe0cb537915a52e71c92bfc9bf3140ab0153cd7c;ce4708f1>022716fba0f9a5d46ae7b8a4412296847d63d96c763d49068e851e9be7542080b1	stcpr	168.635	03dd3a272482055da08828fafffe0cb537915a52e71c92bfc9bf3140ab0153cd7c	286	286	1.3%	0.0%	local-recv	ce4708f1	no	4	248.48	12224	12192
20	mux-compose-T2xL2-t4	down	100000000	a18cfda5	49227,49230	standby	in	a18cfda5>032fe1b4b0bf0207c10bc99cf64be4fdc15464981554e0cd58bf66f06960cd5fcc;0601bd31>022716fba0f9a5d46ae7b8a4412296847d63d96c763d49068e851e9be7542080b1	stcpr	161.083818	032fe1b4b0bf0207c10bc99cf64be4fdc15464981554e0cd58bf66f06960cd5fcc	551	551	2.5%	0.0%	local-recv	0601bd31	no	5	256.11	12000	11904
20	mux-compose-T2xL2-t4	down	100000000	9a548f01	49228	standby	in	9a548f01>038a10abc4081748dad046dafe39a4f4744352703d19a6dbee68b97ae9f9d334f0;7db81071>022716fba0f9a5d46ae7b8a4412296847d63d96c763d49068e851e9be7542080b1	stcpr	169.067	038a10abc4081748dad046dafe39a4f4744352703d19a6dbee68b97ae9f9d334f0	310	310	1.4%	0.0%	local-recv	7db81071	no	6	399.19	12288	12160
20	mux-compose-T2xL2-t4	down	100000000	1bb37806	49229	standby	in	1bb37806>02b3a85aee85dece633272731c2e37867a39fa9127f28233ad18ed0051184fc40a;d30e45c7>022716fba0f9a5d46ae7b8a4412296847d63d96c763d49068e851e9be7542080b1	squicr	172.05	02b3a85aee85dece633272731c2e37867a39fa9127f28233ad18ed0051184fc40a	334	334	1.5%	0.0%	local-recv	d30e45c7	no	3	263.52	12192	12224
20	mux-compose-T2xL2-t4	down	100000000	b250c046	49231	standby	in	b250c046>02956775f345d7328128678c0ced40a3e3e3f91bbf431ef886f41df31d93ee1661;3164901a>022716fba0f9a5d46ae7b8a4412296847d63d96c763d49068e851e9be7542080b1	stcpr	78.401539	02956775f345d7328128678c0ced40a3e3e3f91bbf431ef886f41df31d93ee1661	305	305	1.4%	0.0%	local-recv	3164901a	no	3	264.45	11936	11968
20	mux-compose-T2xL2-t4	down	100000000	77fb43c0	49234	standby	in	77fb43c0>02090aec59b40207d8662c82e4ecfc524b740c27f2fb98cfb5582833a66bdcb797;cab03f16>022716fba0f9a5d46ae7b8a4412296847d63d96c763d49068e851e9be7542080b1	squicr	172.700163	02090aec59b40207d8662c82e4ecfc524b740c27f2fb98cfb5582833a66bdcb797	342	342	1.6%	0.0%	local-recv	cab03f16	no	4	250.47	11968	11872
20	mux-compose-T2xL2-t4	down	100000000	fb021902	49234	standby	in	fb021902>02781a0ac87d137d612bdefc5d68f420125887771e2d5cf6bc710c83ffc3b9d696;80303b39>022716fba0f9a5d46ae7b8a4412296847d63d96c763d49068e851e9be7542080b1	stcpr	134.742987	02781a0ac87d137d612bdefc5d68f420125887771e2d5cf6bc710c83ffc3b9d696	16	20	0.1%	0.0%	local-recv	80303b39	yes	0	0	0	0
20	mux-compose-T2xL2-t4	down	100000000	30f42c30	49235	standby	in	30f42c30>03eba64189c636ab77c2da630bf2a0c77061bc783e59f80fd39015a42f9ae6ce01;0d8257e2>022716fba0f9a5d46ae7b8a4412296847d63d96c763d49068e851e9be7542080b1	stcpr	555.855424	03eba64189c636ab77c2da630bf2a0c77061bc783e59f80fd39015a42f9ae6ce01	305	305	1.4%	0.0%	local-recv	0d8257e2	no	6	243.27	12032	11936
21	mux-compose-T2xL2-t5	down	100000000	77674aa7	49205	standby	in	77674aa7>0269fcc9891752f41850fd345affd7fb133522567f433658142fbefe1d6446d8cd;b7caa06d>022716fba0f9a5d46ae7b8a4412296847d63d96c763d49068e851e9be7542080b1	stcpr	245.654278	0269fcc9891752f41850fd345affd7fb133522567f433658142fbefe1d6446d8cd	424	414	1.2%	0.0%	local-recv	b7caa06d	no	5	340.46	12416	12320
21	mux-compose-T2xL2-t5	down	100000000	a94550f5	49205,49235	standby	in	a94550f5>025cc9b7ba632d57c12ccad1eb31c47a942dede14d1e174ac6c19a4988abb200c0;f3dfb306>022716fba0f9a5d46ae7b8a4412296847d63d96c763d49068e851e9be7542080b1	stcpr	68.394503	025cc9b7ba632d57c12ccad1eb31c47a942dede14d1e174ac6c19a4988abb200c0	24	32	0.1%	0.0%	local-recv	f3dfb306	yes	0	0	0	0
21	mux-compose-T2xL2-t5	down	100000000	b45c771a	49206	standby	in	b45c771a>03f82ff0d7ce318d14db5a8fb754741fa257ffcdb17c629879f854298e8fe85384;5e04a7c8>022716fba0f9a5d46ae7b8a4412296847d63d96c763d49068e851e9be7542080b1	squicr	162.433552	03f82ff0d7ce318d14db5a8fb754741fa257ffcdb17c629879f854298e8fe85384	382	377	1.1%	0.0%	local-recv	5e04a7c8	no	7	244.21	12480	12448
21	mux-compose-T2xL2-t5	down	100000000	b6e61452	49206,49225	standby	in	b6e61452>02d92e70b9dd358112ebd266e641a6a928397edfda54c213f7b37dd5cd57eca17a;f3d8c01a>022716fba0f9a5d46ae7b8a4412296847d63d96c763d49068e851e9be7542080b1	stcpr	77.216812	02d92e70b9dd358112ebd266e641a6a928397edfda54c213f7b37dd5cd57eca17a	48	56	0.1%	0.0%	local-recv	f3d8c01a	yes	0	0	0	0
21	mux-compose-T2xL2-t5	down	100000000	df4c1852	49207	standby	in	df4c1852>035f532aed88e89cb8822a31b71d83a14f63fabd6389e537c2426fe84031c60825;f148d779>022716fba0f9a5d46ae7b8a4412296847d63d96c763d49068e851e9be7542080b1	stcpr	157.096714	035f532aed88e89cb8822a31b71d83a14f63fabd6389e537c2426fe84031c60825	411	406	1.1%	0.0%	local-recv	f148d779	no	5	244.54	12416	12352
21	mux-compose-T2xL2-t5	down	100000000	88737946	49207,49222	standby	in	88737946>039ba57e780efc89546104a134e9121f1dda0617e335eee8c3f21e4e272df93ac1;f888da30>022716fba0f9a5d46ae7b8a4412296847d63d96c763d49068e851e9be7542080b1	stcpr	93.010188	039ba57e780efc89546104a134e9121f1dda0617e335eee8c3f21e4e272df93ac1	48	56	0.1%	0.0%	local-recv	f888da30	yes	0	0	0	0
21	mux-compose-T2xL2-t5	down	100000000	03f0e265	49208	standby	in	03f0e265>035f6c7648bb0034b436db7d3845f7b482e8da705ca2b4622fd9673eb60921d5e5;ca5d50b7>022716fba0f9a5d46ae7b8a4412296847d63d96c763d49068e851e9be7542080b1	stcpr	163.238962	035f6c7648bb0034b436db7d3845f7b482e8da705ca2b4622fd9673eb60921d5e5	411	406	1.1%	0.0%	local-recv	ca5d50b7	no	4	244.36	12384	12352
21	mux-compose-T2xL2-t5	down	100000000	82aaa034	49208,49227	standby	in	82aaa034>03852490a5cb7f48e8d20af0a4c558a605a2ef26b61ae75a78295c442697ecd375;b625e9da>022716fba0f9a5d46ae7b8a4412296847d63d96c763d49068e851e9be7542080b1	stcpr	76.121471	03852490a5cb7f48e8d20af0a4c558a605a2ef26b61ae75a78295c442697ecd375	40	48	0.1%	0.0%	local-recv	b625e9da	yes	0	0	0	0
21	mux-compose-T2xL2-t5	down	100000000	2ca52bbf	49209	standby	in	2ca52bbf>03d1a14c1f4ce581211e919dd22211c211020c3a1634fa90e94df2b60e2e1a7f91;ef8238bf>022716fba0f9a5d46ae7b8a4412296847d63d96c763d49068e851e9be7542080b1	stcpr	166.33074	03d1a14c1f4ce581211e919dd22211c211020c3a1634fa90e94df2b60e2e1a7f91	374	369	1.0%	0.0%	local-recv	ef8238bf	no	5	399.68	12416	12352
21	mux-compose-T2xL2-t5	down	100000000	287b1d97	49209,49228	standby	in	287b1d97>03b934e8a26ddb9d635381df94dbf778cdfebf53f8956902ec3a7837524a75024f;9d5d85da>022716fba0f9a5d46ae7b8a4412296847d63d96c763d49068e851e9be7542080b1	stcpr	79.820625	03b934e8a26ddb9d635381df94dbf778cdfebf53f8956902ec3a7837524a75024f	32	40	0.1%	0.0%	local-recv	9d5d85da	yes	0	0	0	0
21	mux-compose-T2xL2-t5	down	100000000	97ae541b	49210	standby	in	97ae541b>03c3278fa753b5e942c8b1bfe028219520b8b713f370796e442a4d416a41e08b17;b70493f1>022716fba0f9a5d46ae7b8a4412296847d63d96c763d49068e851e9be7542080b1	stcpr	166.306321	03c3278fa753b5e942c8b1bfe028219520b8b713f370796e442a4d416a41e08b17	419	414	1.2%	0.0%	local-recv	b70493f1	no	4	244.42	12384	12352
21	mux-compose-T2xL2-t5	down	100000000	690554b9	49210	standby	in	690554b9>02bf4a7b17f587405738f9c2677ac63b7b99fa3f1e589159daf8429d66585e2e0c;cc141cac>022716fba0f9a5d46ae7b8a4412296847d63d96c763d49068e851e9be7542080b1	stcpr	91.05606	02bf4a7b17f587405738f9c2677ac63b7b99fa3f1e589159daf8429d66585e2e0c	24	28	0.1%	0.0%	local-recv	cc141cac	yes	0	0	0	0
21	mux-compose-T2xL2-t5	down	100000000	a7990e32	49211,49226	standby	in	a7990e32>020819902394f4b8e0e77c3961bb37d77b688d41c3f639f531aebb0a70c64d7092;4d82d133>022716fba0f9a5d46ae7b8a4412296847d63d96c763d49068e851e9be7542080b1	stcpr	65.997397	020819902394f4b8e0e77c3961bb37d77b688d41c3f639f531aebb0a70c64d7092	411	410	1.1%	0.0%	local-recv	4d82d133	yes	0	0	0	0
21	mux-compose-T2xL2-t5	down	100000000	d3604075	49212	standby	in	d3604075>03a9a28d2a38de5342e43b88c6c138eada84e412cf1e703432c7affee73190cd88;7546a023>022716fba0f9a5d46ae7b8a4412296847d63d96c763d49068e851e9be7542080b1	squicr	165.669879	03a9a28d2a38de5342e43b88c6c138eada84e412cf1e703432c7affee73190cd88	2509	20454937	7.0%	20.4%	local-recv	7546a023	no	2751	244.13	281434930	54476288
21	mux-compose-T2xL2-t5	down	100000000	7c80edb8	49213	standby	in	7c80edb8>022a2a1c5588bcb401377ca54dc2487ec4f2e41286a3d2aff4028facc7bfd6d9cc;3021cb5c>022716fba0f9a5d46ae7b8a4412296847d63d96c763d49068e851e9be7542080b1	stcpr	162.768885	022a2a1c5588bcb401377ca54dc2487ec4f2e41286a3d2aff4028facc7bfd6d9cc	363	390	1.0%	0.0%	local-recv	3021cb5c	no	7	251.19	12384	12192
21	mux-compose-T2xL2-t5	down	100000000	4470a453	49214	standby	in	4470a453>031bb93993ee93a04c8d7a69b3eab16f2cb7ff6cae97f86e561b1c712b0b6dfae4;6ed88be5>022716fba0f9a5d46ae7b8a4412296847d63d96c763d49068e851e9be7542080b1	stcpr	178.344483	031bb93993ee93a04c8d7a69b3eab16f2cb7ff6cae97f86e561b1c712b0b6dfae4	366	361	1.0%	0.0%	local-recv	6ed88be5	no	4	302.67	12288	12256
21	mux-compose-T2xL2-t5	down	100000000	25b03079	49214,49232	standby	in	25b03079>02c43f7d6da81cdca65fcf41906ff321f0d9f14e4c9ab0ff8b54b8ec64cce11bf0;18e8b97b>022716fba0f9a5d46ae7b8a4412296847d63d96c763d49068e851e9be7542080b1	stcpr	82.598708	02c43f7d6da81cdca65fcf41906ff321f0d9f14e4c9ab0ff8b54b8ec64cce11bf0	40	48	0.1%	0.0%	local-recv	18e8b97b	yes	0	0	0	0
21	mux-compose-T2xL2-t5	down	100000000	619865a5	49215	standby	in	619865a5>02109a13c780fe273e48b5a7a9e030c1052156cd5afef4dff1c100598226ad8da9;25c2ebc5>022716fba0f9a5d46ae7b8a4412296847d63d96c763d49068e851e9be7542080b1	stcpr	163.820431	02109a13c780fe273e48b5a7a9e030c1052156cd5afef4dff1c100598226ad8da9	318	377	0.9%	0.0%	local-recv	25c2ebc5	no	6	243.98	12352	12224
21	mux-compose-T2xL2-t5	down	100000000	35766599	49216	standby	in	35766599>03a4a29d19804bd98d9a8197a327d53d0d00865815ee7d0a320cd0da4250102cdb;a6830d6d>022716fba0f9a5d46ae7b8a4412296847d63d96c763d49068e851e9be7542080b1	stcpr	81.521059	03a4a29d19804bd98d9a8197a327d53d0d00865815ee7d0a320cd0da4250102cdb	3409	40866996	9.5%	40.7%	local-recv	a6830d6d	no	5	263.42	186014151	50049311
21	mux-compose-T2xL2-t5	down	100000000	475d59a5	49217	standby	in	475d59a5>02b1d9c56928f533ea9b309f8a53ed4807ee4e0193ef3c3a0234033313feceb8f2;99a80e72>022716fba0f9a5d46ae7b8a4412296847d63d96c763d49068e851e9be7542080b1	stcpr	248.323589	02b1d9c56928f533ea9b309f8a53ed4807ee4e0193ef3c3a0234033313feceb8f2	334	361	0.9%	0.0%	local-recv	99a80e72	no	5	345.68	12320	12192
21	mux-compose-T2xL2-t5	down	100000000	ca42696c	49217,49231	standby	in	ca42696c>028ed30c290b4c0c36d769108be072a995ac100cd5fcb249b33b92c127961cdfbb;97203c85>022716fba0f9a5d46ae7b8a4412296847d63d96c763d49068e851e9be7542080b1	stcpr	83.770368	028ed30c290b4c0c36d769108be072a995ac100cd5fcb249b33b92c127961cdfbb	48	56	0.1%	0.0%	local-recv	97203c85	yes	0	0	0	0
21	mux-compose-T2xL2-t5	down	100000000	e5faa6e0	49218	standby	in	e5faa6e0>02230b0a96a6f94179fab58196d3dfa1e19070faeae82d6900971462996541e774;47361294>022716fba0f9a5d46ae7b8a4412296847d63d96c763d49068e851e9be7542080b1	stcpr	153.858732	02230b0a96a6f94179fab58196d3dfa1e19070faeae82d6900971462996541e774	11499	426	31.9%	0.0%	local-recv	47361294	no	5	244.9	12320	12192
21	mux-compose-T2xL2-t5	down	100000000	ee5902d2	49218,49230	standby	in	ee5902d2>0397b427c1e522b768389db1fdfab3943a74e69683800fe4950af7dfb3bf66893c;2dfdb077>022716fba0f9a5d46ae7b8a4412296847d63d96c763d49068e851e9be7542080b1	stcpr	315.216677	0397b427c1e522b768389db1fdfab3943a74e69683800fe4950af7dfb3bf66893c	40	50	0.1%	0.0%	local-recv	2dfdb077	yes	0	0	0	0
21	mux-compose-T2xL2-t5	down	100000000	b71ddf99	49219	standby	in	b71ddf99>0328947fced4d4b7beb65a6ef60d579e42d7976168c292cbd6d28b5b8bdc85757f;47828219>022716fba0f9a5d46ae7b8a4412296847d63d96c763d49068e851e9be7542080b1	stcpr	505.315652	0328947fced4d4b7beb65a6ef60d579e42d7976168c292cbd6d28b5b8bdc85757f	318	377	0.9%	0.0%	local-recv	47828219	no	5	244.45	12320	12160
21	mux-compose-T2xL2-t5	down	100000000	696629b6	49219,49233	standby	in	696629b6>03ecc7d108a98480b40a85bbfadb8f477d0c3559316306dcd7ba52fa3d21dad91e;75b62c04>022716fba0f9a5d46ae7b8a4412296847d63d96c763d49068e851e9be7542080b1	stcpr	80.675049	03ecc7d108a98480b40a85bbfadb8f477d0c3559316306dcd7ba52fa3d21dad91e	32	40	0.1%	0.0%	local-recv	75b62c04	yes	0	0	0	0
21	mux-compose-T2xL2-t5	down	100000000	bf9b0de8	49220	standby	in	bf9b0de8>026a913078651938783e19416a2de99c924df209e28512da2a571868c989bf3822;c2793bef>022716fba0f9a5d46ae7b8a4412296847d63d96c763d49068e851e9be7542080b1	stcpr	156.499436	026a913078651938783e19416a2de99c924df209e28512da2a571868c989bf3822	419	414	1.2%	0.0%	local-recv	c2793bef	no	4	244.61	12288	12224
21	mux-compose-T2xL2-t5	down	100000000	e5f24143	49220,49223	standby	in	e5f24143>024a37bae69d6be2ec51eeb9d2b7e99073c30153d06896032f5bd3c09ca843bdb9;a214890d>022716fba0f9a5d46ae7b8a4412296847d63d96c763d49068e851e9be7542080b1	stcpr	38.020679	024a37bae69d6be2ec51eeb9d2b7e99073c30153d06896032f5bd3c09ca843bdb9	48	56	0.1%	0.0%	local-recv	a214890d	yes	0	0	0	0
21	mux-compose-T2xL2-t5	down	100000000	bac92dd4	49222,49233	standby	in	bac92dd4>02db6d6f87e5d6382c827c066514195dfed31f61f07a295caa1b8f4364826921be;11b37300>022716fba0f9a5d46ae7b8a4412296847d63d96c763d49068e851e9be7542080b1	stcpr	174.524809	02db6d6f87e5d6382c827c066514195dfed31f61f07a295caa1b8f4364826921be	782	804	2.2%	0.0%	local-recv	11b37300	no	5	249.9	12000	11904
21	mux-compose-T2xL2-t5	down	100000000	0d53f7b1	49223,49232	standby	in	0d53f7b1>021ed11eb6557e39fee1e2ef91671bced1483b6c15debc45be54a5f1e1c3c07659;a8ae418c>022716fba0f9a5d46ae7b8a4412296847d63d96c763d49068e851e9be7542080b1	stcpr	170.154391	021ed11eb6557e39fee1e2ef91671bced1483b6c15debc45be54a5f1e1c3c07659	757	801	2.1%	0.0%	local-recv	a8ae418c	no	5	395.94	12000	11904
21	mux-compose-T2xL2-t5	down	100000000	336d3a3e	49224	standby	in	336d3a3e>031fc6a42965440b0bb761120c53001d03ead6c862249b1851368097fd19b3a9f1;89d170d4>022716fba0f9a5d46ae7b8a4412296847d63d96c763d49068e851e9be7542080b1	stcpr	151.307	031fc6a42965440b0bb761120c53001d03ead6c862249b1851368097fd19b3a9f1	8432	39078180	23.4%	38.9%	local-recv	89d170d4	no	415	373	204778009	29277411
21	mux-compose-T2xL2-t5	down	100000000	5157fdc8	49225	standby	in	5157fdc8>03360da779493433e9ae8e103ac1c0baf6973982f93bd3cf326e4b18f9fda666cb;2b4ccbdd>022716fba0f9a5d46ae7b8a4412296847d63d96c763d49068e851e9be7542080b1	stcpr	177.084961	03360da779493433e9ae8e103ac1c0baf6973982f93bd3cf326e4b18f9fda666cb	347	369	1.0%	0.0%	local-recv	2b4ccbdd	no	5	267.41	12192	12096
21	mux-compose-T2xL2-t5	down	100000000	ea69bc13	49226	standby	in	ea69bc13>03dd3a272482055da08828fafffe0cb537915a52e71c92bfc9bf3140ab0153cd7c;ce4708f1>022716fba0f9a5d46ae7b8a4412296847d63d96c763d49068e851e9be7542080b1	stcpr	168.635	03dd3a272482055da08828fafffe0cb537915a52e71c92bfc9bf3140ab0153cd7c	411	406	1.1%	0.0%	local-recv	ce4708f1	no	4	248.48	12224	12192
21	mux-compose-T2xL2-t5	down	100000000	a18cfda5	49227,49230	standby	in	a18cfda5>032fe1b4b0bf0207c10bc99cf64be4fdc15464981554e0cd58bf66f06960cd5fcc;0601bd31>022716fba0f9a5d46ae7b8a4412296847d63d96c763d49068e851e9be7542080b1	stcpr	161.083818	032fe1b4b0bf0207c10bc99cf64be4fdc15464981554e0cd58bf66f06960cd5fcc	678	764	1.9%	0.0%	local-recv	0601bd31	no	5	256.11	12000	11904
21	mux-compose-T2xL2-t5	down	100000000	9a548f01	49228	standby	in	9a548f01>038a10abc4081748dad046dafe39a4f4744352703d19a6dbee68b97ae9f9d334f0;7db81071>022716fba0f9a5d46ae7b8a4412296847d63d96c763d49068e851e9be7542080b1	stcpr	169.067	038a10abc4081748dad046dafe39a4f4744352703d19a6dbee68b97ae9f9d334f0	411	406	1.1%	0.0%	local-recv	7db81071	no	6	399.19	12288	12160
21	mux-compose-T2xL2-t5	down	100000000	1bb37806	49229	standby	in	1bb37806>02b3a85aee85dece633272731c2e37867a39fa9127f28233ad18ed0051184fc40a;d30e45c7>022716fba0f9a5d46ae7b8a4412296847d63d96c763d49068e851e9be7542080b1	squicr	172.05	02b3a85aee85dece633272731c2e37867a39fa9127f28233ad18ed0051184fc40a	387	382	1.1%	0.0%	local-recv	d30e45c7	no	3	263.52	12192	12224
21	mux-compose-T2xL2-t5	down	100000000	b250c046	49231	standby	in	b250c046>02956775f345d7328128678c0ced40a3e3e3f91bbf431ef886f41df31d93ee1661;3164901a>022716fba0f9a5d46ae7b8a4412296847d63d96c763d49068e851e9be7542080b1	stcpr	78.401539	02956775f345d7328128678c0ced40a3e3e3f91bbf431ef886f41df31d93ee1661	326	321	0.9%	0.0%	local-recv	3164901a	no	3	264.45	11936	11968
21	mux-compose-T2xL2-t5	down	100000000	77fb43c0	49234	standby	in	77fb43c0>02090aec59b40207d8662c82e4ecfc524b740c27f2fb98cfb5582833a66bdcb797;cab03f16>022716fba0f9a5d46ae7b8a4412296847d63d96c763d49068e851e9be7542080b1	squicr	172.700163	02090aec59b40207d8662c82e4ecfc524b740c27f2fb98cfb5582833a66bdcb797	352	411	1.0%	0.0%	local-recv	cab03f16	no	4	250.47	11968	11872
21	mux-compose-T2xL2-t5	down	100000000	fb021902	49234	standby	in	fb021902>02781a0ac87d137d612bdefc5d68f420125887771e2d5cf6bc710c83ffc3b9d696;80303b39>022716fba0f9a5d46ae7b8a4412296847d63d96c763d49068e851e9be7542080b1	stcpr	134.742987	02781a0ac87d137d612bdefc5d68f420125887771e2d5cf6bc710c83ffc3b9d696	32	37	0.1%	0.0%	local-recv	80303b39	yes	0	0	0	0
21	mux-compose-T2xL2-t5	down	100000000	30f42c30	49235	standby	in	30f42c30>03eba64189c636ab77c2da630bf2a0c77061bc783e59f80fd39015a42f9ae6ce01;0d8257e2>022716fba0f9a5d46ae7b8a4412296847d63d96c763d49068e851e9be7542080b1	stcpr	555.855424	03eba64189c636ab77c2da630bf2a0c77061bc783e59f80fd39015a42f9ae6ce01	339	366	0.9%	0.0%	local-recv	0d8257e2	no	6	243.27	12032	11936
#
# verdicts
# row	label	dir	size	forward_on	forward_kind	forward_share	forward	reverse_fanout	reverse_max_share	reverse	flip
1	mux-compose-T2xL2-t1	down	10000000	ac40965a	other	30.7%	INFO	4	28.6%	INFO	-
2	mux-compose-T2xL2-t2	down	10000000	95839ad0	other	38.0%	INFO	5	33.8%	INFO	flip:ac40965a->95839ad0
3	mux-compose-T2xL2-t3	down	10000000	95839ad0	lowest-latency	45.8%	INFO	5	32.3%	INFO	same
4	mux-compose-T2xL2-t4	down	10000000	ac40965a	other	33.1%	INFO	5	27.3%	INFO	flip:95839ad0->ac40965a
5	mux-compose-T2xL2-t5	down	10000000	ac40965a	other	37.5%	INFO	3	49.7%	INFO	same
6	mux-compose-T2xL2-t1	up	10000000	95839ad0	lowest-latency	42.9%	INFO	4	38.6%	INFO	flip:ac40965a->95839ad0
7	mux-compose-T2xL2-t2	up	10000000	95839ad0	lowest-latency	42.9%	INFO	1	97.2%	INFO	same
8	mux-compose-T2xL2-t3	up	10000000	95839ad0	lowest-latency	42.9%	INFO	1	99.2%	INFO	same
9	mux-compose-T2xL2-t1	down	50000000	95839ad0	lowest-latency	71.0%	INFO	3	36.5%	PASS	same
10	mux-compose-T2xL2-t2	down	50000000	95839ad0	lowest-latency	43.9%	INFO	3	32.1%	PASS	same
11	mux-compose-T2xL2-t3	down	50000000	ac40965a	other	87.7%	FAIL	3	52.5%	PASS	flip:95839ad0->ac40965a
12	mux-compose-T2xL2-t4	down	50000000	ac40965a	other	71.1%	INFO	3	38.3%	PASS	same
13	mux-compose-T2xL2-t5	down	50000000	95839ad0	lowest-latency	58.6%	INFO	3	35.4%	PASS	flip:ac40965a->95839ad0
14	mux-compose-T2xL2-t1	up	50000000	d3604075	other	66.6%	INFO	2	19.9%	INFO	flip:95839ad0->d3604075
15	mux-compose-T2xL2-t2	up	50000000	35766599	other	41.6%	INFO	3	19.1%	INFO	flip:d3604075->35766599
16	mux-compose-T2xL2-t3	up	50000000	35766599	other	41.7%	INFO	3	17.7%	INFO	same
17	mux-compose-T2xL2-t1	down	100000000	d3604075	other	59.6%	INFO	3	45.6%	PASS	flip:35766599->d3604075
18	mux-compose-T2xL2-t2	down	100000000	d3604075	other	24.8%	INFO	3	36.9%	PASS	same
19	mux-compose-T2xL2-t3	down	100000000	336d3a3e	other	19.6%	INFO	3	40.8%	PASS	flip:d3604075->336d3a3e
20	mux-compose-T2xL2-t4	down	100000000	336d3a3e	other	29.5%	INFO	3	40.4%	PASS	same
21	mux-compose-T2xL2-t5	down	100000000	e5faa6e0	other	31.9%	INFO	3	40.7%	PASS	flip:336d3a3e->e5faa6e0
# flip	10 change(s) of the dominant forward leg at row(s) 2,4,6,11,13,14,15,17,19,21
