# mux-tunnels-2 — per-row leg shares, forward = client->exit, reverse = exit->client
# note	the exit snapshots only set start and end, so exit_standby/exit_retx/exit_ack are the set-end values repeated on every row, not per-row deltas
# note	carrier.tsv counts a TRANSPORT, not a route group: a transport another group or app also rides counts that traffic here too
# note	latency_ms is the end-of-set legs.json snapshot, not the latency measured on the row
# note	shares and verdicts are computed over the legs that carried the payload: every leg of an ACTIVE group, plus any leg holding >= 1 % of the payload-direction bytes of the row (a mid-set promotion the set-start role does not yet show); the rest are listed with their bytes and a "-" share
# note	some legs are in scope on bytes alone: their group reads "standby" in the set-start legs.json but they carried >= 1 % of the payload of a row
# note	rev_bytes/rev_share on 16 row(s) are the local recv_delta (rev_basis local-recv): the exit's sent_bytes needs a per-row EXIT_SNAP run against an exit that reports the per-leg byte counters, and either the snapshots or the counters were absent
# row	label	dir	size	leg	rg	role	scope	hops	carrier	latency_ms	remote_pk	fwd_bytes	rev_bytes	fwd_share	rev_share	rev_basis	exit_tp	exit_standby	exit_retx	exit_ack_ms	exit_sent_bytes	exit_recv_bytes
1	mux-tunnels-2-t1	down	10000000	b414796d	49189	active	in	b414796d>022716fba0f9a5d46ae7b8a4412296847d63d96c763d49068e851e9be7542080b1	stcpr	141.137	022716fba0f9a5d46ae7b8a4412296847d63d96c763d49068e851e9be7542080b1	1500	4753035	44.2%	47.4%	local-recv	b414796d	no	12	664.24	124390518	72705716
1	mux-tunnels-2-t1	down	10000000	95839ad0	49190	active	in	95839ad0>0371ab4bcff7b121f4b91f6856d6740c6f9dc1fe716977850aeb5d84378b300a13;dc5330cf>022716fba0f9a5d46ae7b8a4412296847d63d96c763d49068e851e9be7542080b1	stcpr	50.182105	0371ab4bcff7b121f4b91f6856d6740c6f9dc1fe716977850aeb5d84378b300a13	752	2102132	22.2%	21.0%	local-recv	dc5330cf	no	19	236.93	106608591	54580232
1	mux-tunnels-2-t1	down	10000000	fdab37dd	49191	standby	out	fdab37dd>03f57e7cf26c0764c5ab659a606add056ddf8bfad4f5bc7e8613cad05e5f228adf;7420f415>022716fba0f9a5d46ae7b8a4412296847d63d96c763d49068e851e9be7542080b1	stcpr	162.452723	03f57e7cf26c0764c5ab659a606add056ddf8bfad4f5bc7e8613cad05e5f228adf	159	159	-	-	local-recv	7420f415	no	4	241.72	4968	5004
1	mux-tunnels-2-t1	down	10000000	f1012467	49192	standby	out	f1012467>0281a102c82820e811368c8d028cf11b1a985043b726b1bcdb8fce89b27384b2cb;57c570d9>022716fba0f9a5d46ae7b8a4412296847d63d96c763d49068e851e9be7542080b1	stcpr	164.41546	0281a102c82820e811368c8d028cf11b1a985043b726b1bcdb8fce89b27384b2cb	159	159	-	-	local-recv	57c570d9	no	6	0	4968	5148
1	mux-tunnels-2-t1	down	10000000	bf9b0de8	49193	standby	out	bf9b0de8>026a913078651938783e19416a2de99c924df209e28512da2a571868c989bf3822;c2793bef>022716fba0f9a5d46ae7b8a4412296847d63d96c763d49068e851e9be7542080b1	stcpr	165.226745	026a913078651938783e19416a2de99c924df209e28512da2a571868c989bf3822	123	123	-	-	local-recv	c2793bef	no	3	251.05	4932	5004
1	mux-tunnels-2-t1	down	10000000	03f0e265	49194	standby	out	03f0e265>035f6c7648bb0034b436db7d3845f7b482e8da705ca2b4622fd9673eb60921d5e5;ca5d50b7>022716fba0f9a5d46ae7b8a4412296847d63d96c763d49068e851e9be7542080b1	stcpr	164.028859	035f6c7648bb0034b436db7d3845f7b482e8da705ca2b4622fd9673eb60921d5e5	118	118	-	-	local-recv	ca5d50b7	no	4	251.52	4968	4968
1	mux-tunnels-2-t1	down	10000000	57787a56	49195	standby	in	57787a56>039a6d1e3c237f5f05b78ec19e9f31a007f84835d7ef1e812876102281d1db74c1;505b10aa>022716fba0f9a5d46ae7b8a4412296847d63d96c763d49068e851e9be7542080b1	stcpr	155.489706	039a6d1e3c237f5f05b78ec19e9f31a007f84835d7ef1e812876102281d1db74c1	1143	3168442	33.7%	31.6%	local-recv	505b10aa	no	553	242.52	128688975	53100889
1	mux-tunnels-2-t1	down	10000000	e9e5b101	49196	standby	out	e9e5b101>03e977a4fb802e9ed2a618bf21497a1ff6a3385212b575deba39a0e419d9025494;a7457b04>022716fba0f9a5d46ae7b8a4412296847d63d96c763d49068e851e9be7542080b1	squicr	156.025082	03e977a4fb802e9ed2a618bf21497a1ff6a3385212b575deba39a0e419d9025494	118	118	-	-	local-recv	a7457b04	no	3	255.26	4932	4968
1	mux-tunnels-2-t1	down	10000000	ea69bc13	49197	standby	out	ea69bc13>03dd3a272482055da08828fafffe0cb537915a52e71c92bfc9bf3140ab0153cd7c;ce4708f1>022716fba0f9a5d46ae7b8a4412296847d63d96c763d49068e851e9be7542080b1	stcpr	163.450388	03dd3a272482055da08828fafffe0cb537915a52e71c92bfc9bf3140ab0153cd7c	118	118	-	-	local-recv	ce4708f1	no	4	251.35	4968	4932
1	mux-tunnels-2-t1	down	10000000	94729aa0	49198	standby	out	94729aa0>022d2e9ff0ab2b5ad03851b07a61c32b403570423a2b5a4567e2f4d2aabcd1119d;fa5763f3>022716fba0f9a5d46ae7b8a4412296847d63d96c763d49068e851e9be7542080b1	stcpr	62.257108	022d2e9ff0ab2b5ad03851b07a61c32b403570423a2b5a4567e2f4d2aabcd1119d	126	126	-	-	local-recv	fa5763f3	no	4	267.22	4968	4968
1	mux-tunnels-2-t1	down	10000000	c2ee64dc	49199	standby	out	c2ee64dc>02ea1b80411ef28514056466bf11d8a7b7fcdcf4a964ebd874f8bd9fd74e81eda2;1483d7b9>022716fba0f9a5d46ae7b8a4412296847d63d96c763d49068e851e9be7542080b1	stcpr	89.291471	02ea1b80411ef28514056466bf11d8a7b7fcdcf4a964ebd874f8bd9fd74e81eda2	118	118	-	-	local-recv	1483d7b9	no	4	2467.72	4968	5004
1	mux-tunnels-2-t1	down	10000000	a18cfda5	49200	standby	out	a18cfda5>032fe1b4b0bf0207c10bc99cf64be4fdc15464981554e0cd58bf66f06960cd5fcc;0601bd31>022716fba0f9a5d46ae7b8a4412296847d63d96c763d49068e851e9be7542080b1	stcpr	172.566554	032fe1b4b0bf0207c10bc99cf64be4fdc15464981554e0cd58bf66f06960cd5fcc	118	118	-	-	local-recv	0601bd31	no	5	251.37	5004	5004
1	mux-tunnels-2-t1	down	10000000	e11b656f	49201	standby	out	e11b656f>03a9a28d2a38de5342e43b88c6c138eada84e412cf1e703432c7affee73190cd88;7546a023>022716fba0f9a5d46ae7b8a4412296847d63d96c763d49068e851e9be7542080b1	stcpr	173.5621	03a9a28d2a38de5342e43b88c6c138eada84e412cf1e703432c7affee73190cd88	126	126	-	-	local-recv	7546a023	no	5	250.79	5004	5040
1	mux-tunnels-2-t1	down	10000000	e5faa6e0	49202	standby	out	e5faa6e0>02230b0a96a6f94179fab58196d3dfa1e19070faeae82d6900971462996541e774;47361294>022716fba0f9a5d46ae7b8a4412296847d63d96c763d49068e851e9be7542080b1	stcpr	167.092994	02230b0a96a6f94179fab58196d3dfa1e19070faeae82d6900971462996541e774	126	126	-	-	local-recv	47361294	no	4	251.18	4968	5040
1	mux-tunnels-2-t1	down	10000000	b71ddf99	49203	standby	out	b71ddf99>0328947fced4d4b7beb65a6ef60d579e42d7976168c292cbd6d28b5b8bdc85757f;47828219>022716fba0f9a5d46ae7b8a4412296847d63d96c763d49068e851e9be7542080b1	stcpr	167.876559	0328947fced4d4b7beb65a6ef60d579e42d7976168c292cbd6d28b5b8bdc85757f	118	118	-	-	local-recv	47828219	no	6	251.8	5040	5004
1	mux-tunnels-2-t1	down	10000000	e5f24143	49204	standby	out	e5f24143>024a37bae69d6be2ec51eeb9d2b7e99073c30153d06896032f5bd3c09ca843bdb9;a214890d>022716fba0f9a5d46ae7b8a4412296847d63d96c763d49068e851e9be7542080b1	stcpr	45.446212	024a37bae69d6be2ec51eeb9d2b7e99073c30153d06896032f5bd3c09ca843bdb9	118	118	-	-	local-recv	a214890d	no	2	2459.09	4896	5076
1	mux-tunnels-2-t1	down	10000000	97ae541b	49205	standby	out	97ae541b>03c3278fa753b5e942c8b1bfe028219520b8b713f370796e442a4d416a41e08b17;b70493f1>022716fba0f9a5d46ae7b8a4412296847d63d96c763d49068e851e9be7542080b1	stcpr	171.610165	03c3278fa753b5e942c8b1bfe028219520b8b713f370796e442a4d416a41e08b17	118	118	-	-	local-recv	b70493f1	no	4	251.86	4968	5004
1	mux-tunnels-2-t1	down	10000000	df4c1852	49206	standby	out	df4c1852>035f532aed88e89cb8822a31b71d83a14f63fabd6389e537c2426fe84031c60825;f148d779>022716fba0f9a5d46ae7b8a4412296847d63d96c763d49068e851e9be7542080b1	stcpr	166.156659	035f532aed88e89cb8822a31b71d83a14f63fabd6389e537c2426fe84031c60825	118	118	-	-	local-recv	f148d779	no	5	250.71	5004	5004
1	mux-tunnels-2-t1	down	10000000	1bb37806	49207	standby	out	1bb37806>02b3a85aee85dece633272731c2e37867a39fa9127f28233ad18ed0051184fc40a;d30e45c7>022716fba0f9a5d46ae7b8a4412296847d63d96c763d49068e851e9be7542080b1	squicr	88.079109	02b3a85aee85dece633272731c2e37867a39fa9127f28233ad18ed0051184fc40a	118	118	-	-	local-recv	d30e45c7	no	4	267.25	4896	4968
1	mux-tunnels-2-t1	down	10000000	770b2d43	49208	standby	out	770b2d43>031e6a72596e6be53c32b4d1909da233846bcef0000f72a0314072c10b9fc35d3c;91846477>022716fba0f9a5d46ae7b8a4412296847d63d96c763d49068e851e9be7542080b1	stcpr	176.881562	031e6a72596e6be53c32b4d1909da233846bcef0000f72a0314072c10b9fc35d3c	118	118	-	-	local-recv	91846477	no	5	262.38	4932	4860
1	mux-tunnels-2-t1	down	10000000	ee5902d2	49209	standby	out	ee5902d2>0397b427c1e522b768389db1fdfab3943a74e69683800fe4950af7dfb3bf66893c;2dfdb077>022716fba0f9a5d46ae7b8a4412296847d63d96c763d49068e851e9be7542080b1	stcpr	71.927274	0397b427c1e522b768389db1fdfab3943a74e69683800fe4950af7dfb3bf66893c	46	118	-	-	local-recv	2dfdb077	no	3	262.67	4860	4932
1	mux-tunnels-2-t1	down	10000000	977b7c08	49210	standby	out	977b7c08>03e977883c41fca1e63a178398c46574b7ab8d4f381266c852242f473881c32337;6f46dafc>022716fba0f9a5d46ae7b8a4412296847d63d96c763d49068e851e9be7542080b1	stcpr	179.256956	03e977883c41fca1e63a178398c46574b7ab8d4f381266c852242f473881c32337	41	41	-	-	local-recv	6f46dafc	no	6	260.96	4968	4860
1	mux-tunnels-2-t1	down	10000000	7a64a71c	49211	standby	out	7a64a71c>02f0fabacf587c096ca7e38846b16f2617cbeeeca7bd7a06e73b2030f8645dd00f;79a37fb3>022716fba0f9a5d46ae7b8a4412296847d63d96c763d49068e851e9be7542080b1	stcpr	67.929481	02f0fabacf587c096ca7e38846b16f2617cbeeeca7bd7a06e73b2030f8645dd00f	77	41	-	-	local-recv	79a37fb3	no	3	256.87	4860	5004
1	mux-tunnels-2-t1	down	10000000	062c57d2	49212	standby	out	062c57d2>03dc3488e49ded9250f3cca2827ab16f6331b7ccefdad614353c785a5fc76c1b13;2d3c4852>022716fba0f9a5d46ae7b8a4412296847d63d96c763d49068e851e9be7542080b1	stcpr	164.57686	03dc3488e49ded9250f3cca2827ab16f6331b7ccefdad614353c785a5fc76c1b13	82	82	-	-	local-recv	2d3c4852	no	5	260.51	4932	4968
1	mux-tunnels-2-t1	down	10000000	eaddf8ac	49213	standby	out	eaddf8ac>028ce3caf8a1ed3b650b7139aeb854351518149af709cf28fe9bd6376cb3403626;4112d695>022716fba0f9a5d46ae7b8a4412296847d63d96c763d49068e851e9be7542080b1	stcpr	177.237619	028ce3caf8a1ed3b650b7139aeb854351518149af709cf28fe9bd6376cb3403626	82	82	-	-	local-recv	4112d695	no	5	254.52	4932	4968
1	mux-tunnels-2-t1	down	10000000	25b03079	49214	standby	out	25b03079>02c43f7d6da81cdca65fcf41906ff321f0d9f14e4c9ab0ff8b54b8ec64cce11bf0;18e8b97b>022716fba0f9a5d46ae7b8a4412296847d63d96c763d49068e851e9be7542080b1	stcpr	75.214485	02c43f7d6da81cdca65fcf41906ff321f0d9f14e4c9ab0ff8b54b8ec64cce11bf0	82	82	-	-	local-recv	18e8b97b	no	3	2463.59	4860	5004
1	mux-tunnels-2-t1	down	10000000	88737946	49216	standby	out	88737946>039ba57e780efc89546104a134e9121f1dda0617e335eee8c3f21e4e272df93ac1;f888da30>022716fba0f9a5d46ae7b8a4412296847d63d96c763d49068e851e9be7542080b1	stcpr	56.580013	039ba57e780efc89546104a134e9121f1dda0617e335eee8c3f21e4e272df93ac1	82	82	-	-	local-recv	f888da30	no	2	283.37	4788	4968
1	mux-tunnels-2-t1	down	10000000	5157fdc8	49217	standby	out	5157fdc8>03360da779493433e9ae8e103ac1c0baf6973982f93bd3cf326e4b18f9fda666cb;2b4ccbdd>022716fba0f9a5d46ae7b8a4412296847d63d96c763d49068e851e9be7542080b1	stcpr	179.546694	03360da779493433e9ae8e103ac1c0baf6973982f93bd3cf326e4b18f9fda666cb	90	90	-	-	local-recv	2b4ccbdd	no	4	2463.56	4860	4932
1	mux-tunnels-2-t1	down	10000000	475d59a5	49219	standby	out	475d59a5>02b1d9c56928f533ea9b309f8a53ed4807ee4e0193ef3c3a0234033313feceb8f2;99a80e72>022716fba0f9a5d46ae7b8a4412296847d63d96c763d49068e851e9be7542080b1	stcpr	180.975371	02b1d9c56928f533ea9b309f8a53ed4807ee4e0193ef3c3a0234033313feceb8f2	82	82	-	-	local-recv	99a80e72	no	4	259.56	4860	4824
1	mux-tunnels-2-t1	down	10000000	696629b6	49220	standby	out	696629b6>03ecc7d108a98480b40a85bbfadb8f477d0c3559316306dcd7ba52fa3d21dad91e;28684434>022716fba0f9a5d46ae7b8a4412296847d63d96c763d49068e851e9be7542080b1	stcpr	71.510035	03ecc7d108a98480b40a85bbfadb8f477d0c3559316306dcd7ba52fa3d21dad91e	82	82	-	-	local-recv	28684434	no	3	267.5	4824	4932
1	mux-tunnels-2-t1	down	10000000	a58835c2	49221	standby	out	a58835c2>039c90460398ddf19b4dc153878599e924feb54e016bd0f7ed404d174965e31d74;f4dcb6a5>022716fba0f9a5d46ae7b8a4412296847d63d96c763d49068e851e9be7542080b1	stcpr	183.038503	039c90460398ddf19b4dc153878599e924feb54e016bd0f7ed404d174965e31d74	90	90	-	-	local-recv	f4dcb6a5	no	4	267.59	4860	4932
1	mux-tunnels-2-t1	down	10000000	4aa23edc	49222	standby	out	4aa23edc>02f65a515856df60ef5b135740b0b2bdd085da3427cc12d02405d5496a63b0b72a;90e12bb9>022716fba0f9a5d46ae7b8a4412296847d63d96c763d49068e851e9be7542080b1	stcpr	92.521003	02f65a515856df60ef5b135740b0b2bdd085da3427cc12d02405d5496a63b0b72a	90	90	-	-	local-recv	90e12bb9	no	2	266.91	4788	4932
2	mux-tunnels-2-t2	down	10000000	b414796d	49189	active	in	b414796d>022716fba0f9a5d46ae7b8a4412296847d63d96c763d49068e851e9be7542080b1	stcpr	141.137	022716fba0f9a5d46ae7b8a4412296847d63d96c763d49068e851e9be7542080b1	1519	5220694	38.9%	43.4%	local-recv	b414796d	no	12	664.24	124390518	72705716
2	mux-tunnels-2-t2	down	10000000	95839ad0	49190	active	in	95839ad0>0371ab4bcff7b121f4b91f6856d6740c6f9dc1fe716977850aeb5d84378b300a13;dc5330cf>022716fba0f9a5d46ae7b8a4412296847d63d96c763d49068e851e9be7542080b1	stcpr	50.182105	0371ab4bcff7b121f4b91f6856d6740c6f9dc1fe716977850aeb5d84378b300a13	754	2704784	19.3%	22.5%	local-recv	dc5330cf	no	19	236.93	106608591	54580232
2	mux-tunnels-2-t2	down	10000000	fdab37dd	49191	standby	in	fdab37dd>03f57e7cf26c0764c5ab659a606add056ddf8bfad4f5bc7e8613cad05e5f228adf;7420f415>022716fba0f9a5d46ae7b8a4412296847d63d96c763d49068e851e9be7542080b1	stcpr	162.452723	03f57e7cf26c0764c5ab659a606add056ddf8bfad4f5bc7e8613cad05e5f228adf	120	152195	3.1%	1.3%	local-recv	7420f415	no	4	241.72	4968	5004
2	mux-tunnels-2-t2	down	10000000	f1012467	49192	standby	in	f1012467>0281a102c82820e811368c8d028cf11b1a985043b726b1bcdb8fce89b27384b2cb;57c570d9>022716fba0f9a5d46ae7b8a4412296847d63d96c763d49068e851e9be7542080b1	stcpr	164.41546	0281a102c82820e811368c8d028cf11b1a985043b726b1bcdb8fce89b27384b2cb	192	598660	4.9%	5.0%	local-recv	57c570d9	no	6	0	4968	5148
2	mux-tunnels-2-t2	down	10000000	bf9b0de8	49193	standby	out	bf9b0de8>026a913078651938783e19416a2de99c924df209e28512da2a571868c989bf3822;c2793bef>022716fba0f9a5d46ae7b8a4412296847d63d96c763d49068e851e9be7542080b1	stcpr	165.226745	026a913078651938783e19416a2de99c924df209e28512da2a571868c989bf3822	49	49	-	-	local-recv	c2793bef	no	3	251.05	4932	5004
2	mux-tunnels-2-t2	down	10000000	03f0e265	49194	standby	out	03f0e265>035f6c7648bb0034b436db7d3845f7b482e8da705ca2b4622fd9673eb60921d5e5;ca5d50b7>022716fba0f9a5d46ae7b8a4412296847d63d96c763d49068e851e9be7542080b1	stcpr	164.028859	035f6c7648bb0034b436db7d3845f7b482e8da705ca2b4622fd9673eb60921d5e5	49	49	-	-	local-recv	ca5d50b7	no	4	251.52	4968	4968
2	mux-tunnels-2-t2	down	10000000	57787a56	49195	standby	in	57787a56>039a6d1e3c237f5f05b78ec19e9f31a007f84835d7ef1e812876102281d1db74c1;505b10aa>022716fba0f9a5d46ae7b8a4412296847d63d96c763d49068e851e9be7542080b1	stcpr	155.489706	039a6d1e3c237f5f05b78ec19e9f31a007f84835d7ef1e812876102281d1db74c1	1160	3200417	29.7%	26.6%	local-recv	505b10aa	no	553	242.52	128688975	53100889
2	mux-tunnels-2-t2	down	10000000	e9e5b101	49196	standby	out	e9e5b101>03e977a4fb802e9ed2a618bf21497a1ff6a3385212b575deba39a0e419d9025494;a7457b04>022716fba0f9a5d46ae7b8a4412296847d63d96c763d49068e851e9be7542080b1	squicr	156.025082	03e977a4fb802e9ed2a618bf21497a1ff6a3385212b575deba39a0e419d9025494	49	49	-	-	local-recv	a7457b04	no	3	255.26	4932	4968
2	mux-tunnels-2-t2	down	10000000	ea69bc13	49197	standby	out	ea69bc13>03dd3a272482055da08828fafffe0cb537915a52e71c92bfc9bf3140ab0153cd7c;ce4708f1>022716fba0f9a5d46ae7b8a4412296847d63d96c763d49068e851e9be7542080b1	stcpr	163.450388	03dd3a272482055da08828fafffe0cb537915a52e71c92bfc9bf3140ab0153cd7c	85	85	-	-	local-recv	ce4708f1	no	4	251.35	4968	4932
2	mux-tunnels-2-t2	down	10000000	94729aa0	49198	standby	out	94729aa0>022d2e9ff0ab2b5ad03851b07a61c32b403570423a2b5a4567e2f4d2aabcd1119d;fa5763f3>022716fba0f9a5d46ae7b8a4412296847d63d96c763d49068e851e9be7542080b1	stcpr	62.257108	022d2e9ff0ab2b5ad03851b07a61c32b403570423a2b5a4567e2f4d2aabcd1119d	90	90	-	-	local-recv	fa5763f3	no	4	267.22	4968	4968
2	mux-tunnels-2-t2	down	10000000	c2ee64dc	49199	standby	in	c2ee64dc>02ea1b80411ef28514056466bf11d8a7b7fcdcf4a964ebd874f8bd9fd74e81eda2;1483d7b9>022716fba0f9a5d46ae7b8a4412296847d63d96c763d49068e851e9be7542080b1	stcpr	89.291471	02ea1b80411ef28514056466bf11d8a7b7fcdcf4a964ebd874f8bd9fd74e81eda2	161	153098	4.1%	1.3%	local-recv	1483d7b9	no	4	2467.72	4968	5004
2	mux-tunnels-2-t2	down	10000000	a18cfda5	49200	standby	out	a18cfda5>032fe1b4b0bf0207c10bc99cf64be4fdc15464981554e0cd58bf66f06960cd5fcc;0601bd31>022716fba0f9a5d46ae7b8a4412296847d63d96c763d49068e851e9be7542080b1	stcpr	172.566554	032fe1b4b0bf0207c10bc99cf64be4fdc15464981554e0cd58bf66f06960cd5fcc	82	90	-	-	local-recv	0601bd31	no	5	251.37	5004	5004
2	mux-tunnels-2-t2	down	10000000	e11b656f	49201	standby	out	e11b656f>03a9a28d2a38de5342e43b88c6c138eada84e412cf1e703432c7affee73190cd88;7546a023>022716fba0f9a5d46ae7b8a4412296847d63d96c763d49068e851e9be7542080b1	stcpr	173.5621	03a9a28d2a38de5342e43b88c6c138eada84e412cf1e703432c7affee73190cd88	82	82	-	-	local-recv	7546a023	no	5	250.79	5004	5040
2	mux-tunnels-2-t2	down	10000000	e5faa6e0	49202	standby	out	e5faa6e0>02230b0a96a6f94179fab58196d3dfa1e19070faeae82d6900971462996541e774;47361294>022716fba0f9a5d46ae7b8a4412296847d63d96c763d49068e851e9be7542080b1	stcpr	167.092994	02230b0a96a6f94179fab58196d3dfa1e19070faeae82d6900971462996541e774	82	82	-	-	local-recv	47361294	no	4	251.18	4968	5040
2	mux-tunnels-2-t2	down	10000000	b71ddf99	49203	standby	out	b71ddf99>0328947fced4d4b7beb65a6ef60d579e42d7976168c292cbd6d28b5b8bdc85757f;47828219>022716fba0f9a5d46ae7b8a4412296847d63d96c763d49068e851e9be7542080b1	stcpr	167.876559	0328947fced4d4b7beb65a6ef60d579e42d7976168c292cbd6d28b5b8bdc85757f	82	82	-	-	local-recv	47828219	no	6	251.8	5040	5004
2	mux-tunnels-2-t2	down	10000000	e5f24143	49204	standby	out	e5f24143>024a37bae69d6be2ec51eeb9d2b7e99073c30153d06896032f5bd3c09ca843bdb9;a214890d>022716fba0f9a5d46ae7b8a4412296847d63d96c763d49068e851e9be7542080b1	stcpr	45.446212	024a37bae69d6be2ec51eeb9d2b7e99073c30153d06896032f5bd3c09ca843bdb9	82	82	-	-	local-recv	a214890d	no	2	2459.09	4896	5076
2	mux-tunnels-2-t2	down	10000000	97ae541b	49205	standby	out	97ae541b>03c3278fa753b5e942c8b1bfe028219520b8b713f370796e442a4d416a41e08b17;b70493f1>022716fba0f9a5d46ae7b8a4412296847d63d96c763d49068e851e9be7542080b1	stcpr	171.610165	03c3278fa753b5e942c8b1bfe028219520b8b713f370796e442a4d416a41e08b17	82	82	-	-	local-recv	b70493f1	no	4	251.86	4968	5004
2	mux-tunnels-2-t2	down	10000000	df4c1852	49206	standby	out	df4c1852>035f532aed88e89cb8822a31b71d83a14f63fabd6389e537c2426fe84031c60825;f148d779>022716fba0f9a5d46ae7b8a4412296847d63d96c763d49068e851e9be7542080b1	stcpr	166.156659	035f532aed88e89cb8822a31b71d83a14f63fabd6389e537c2426fe84031c60825	82	82	-	-	local-recv	f148d779	no	5	250.71	5004	5004
2	mux-tunnels-2-t2	down	10000000	1bb37806	49207	standby	out	1bb37806>02b3a85aee85dece633272731c2e37867a39fa9127f28233ad18ed0051184fc40a;d30e45c7>022716fba0f9a5d46ae7b8a4412296847d63d96c763d49068e851e9be7542080b1	squicr	88.079109	02b3a85aee85dece633272731c2e37867a39fa9127f28233ad18ed0051184fc40a	90	90	-	-	local-recv	d30e45c7	no	4	267.25	4896	4968
2	mux-tunnels-2-t2	down	10000000	770b2d43	49208	standby	out	770b2d43>031e6a72596e6be53c32b4d1909da233846bcef0000f72a0314072c10b9fc35d3c;91846477>022716fba0f9a5d46ae7b8a4412296847d63d96c763d49068e851e9be7542080b1	stcpr	176.881562	031e6a72596e6be53c32b4d1909da233846bcef0000f72a0314072c10b9fc35d3c	82	82	-	-	local-recv	91846477	no	5	262.38	4932	4860
2	mux-tunnels-2-t2	down	10000000	ee5902d2	49209	standby	out	ee5902d2>0397b427c1e522b768389db1fdfab3943a74e69683800fe4950af7dfb3bf66893c;2dfdb077>022716fba0f9a5d46ae7b8a4412296847d63d96c763d49068e851e9be7542080b1	stcpr	71.927274	0397b427c1e522b768389db1fdfab3943a74e69683800fe4950af7dfb3bf66893c	90	90	-	-	local-recv	2dfdb077	no	3	262.67	4860	4932
2	mux-tunnels-2-t2	down	10000000	977b7c08	49210	standby	out	977b7c08>03e977883c41fca1e63a178398c46574b7ab8d4f381266c852242f473881c32337;6f46dafc>022716fba0f9a5d46ae7b8a4412296847d63d96c763d49068e851e9be7542080b1	stcpr	179.256956	03e977883c41fca1e63a178398c46574b7ab8d4f381266c852242f473881c32337	82	82	-	-	local-recv	6f46dafc	no	6	260.96	4968	4860
2	mux-tunnels-2-t2	down	10000000	7a64a71c	49211	standby	out	7a64a71c>02f0fabacf587c096ca7e38846b16f2617cbeeeca7bd7a06e73b2030f8645dd00f;79a37fb3>022716fba0f9a5d46ae7b8a4412296847d63d96c763d49068e851e9be7542080b1	stcpr	67.929481	02f0fabacf587c096ca7e38846b16f2617cbeeeca7bd7a06e73b2030f8645dd00f	90	90	-	-	local-recv	79a37fb3	no	3	256.87	4860	5004
2	mux-tunnels-2-t2	down	10000000	062c57d2	49212	standby	out	062c57d2>03dc3488e49ded9250f3cca2827ab16f6331b7ccefdad614353c785a5fc76c1b13;2d3c4852>022716fba0f9a5d46ae7b8a4412296847d63d96c763d49068e851e9be7542080b1	stcpr	164.57686	03dc3488e49ded9250f3cca2827ab16f6331b7ccefdad614353c785a5fc76c1b13	90	90	-	-	local-recv	2d3c4852	no	5	260.51	4932	4968
2	mux-tunnels-2-t2	down	10000000	eaddf8ac	49213	standby	out	eaddf8ac>028ce3caf8a1ed3b650b7139aeb854351518149af709cf28fe9bd6376cb3403626;4112d695>022716fba0f9a5d46ae7b8a4412296847d63d96c763d49068e851e9be7542080b1	stcpr	177.237619	028ce3caf8a1ed3b650b7139aeb854351518149af709cf28fe9bd6376cb3403626	82	82	-	-	local-recv	4112d695	no	5	254.52	4932	4968
2	mux-tunnels-2-t2	down	10000000	25b03079	49214	standby	out	25b03079>02c43f7d6da81cdca65fcf41906ff321f0d9f14e4c9ab0ff8b54b8ec64cce11bf0;18e8b97b>022716fba0f9a5d46ae7b8a4412296847d63d96c763d49068e851e9be7542080b1	stcpr	75.214485	02c43f7d6da81cdca65fcf41906ff321f0d9f14e4c9ab0ff8b54b8ec64cce11bf0	82	82	-	-	local-recv	18e8b97b	no	3	2463.59	4860	5004
2	mux-tunnels-2-t2	down	10000000	88737946	49216	standby	out	88737946>039ba57e780efc89546104a134e9121f1dda0617e335eee8c3f21e4e272df93ac1;f888da30>022716fba0f9a5d46ae7b8a4412296847d63d96c763d49068e851e9be7542080b1	stcpr	56.580013	039ba57e780efc89546104a134e9121f1dda0617e335eee8c3f21e4e272df93ac1	78	114	-	-	local-recv	f888da30	no	2	283.37	4788	4968
2	mux-tunnels-2-t2	down	10000000	5157fdc8	49217	standby	out	5157fdc8>03360da779493433e9ae8e103ac1c0baf6973982f93bd3cf326e4b18f9fda666cb;2b4ccbdd>022716fba0f9a5d46ae7b8a4412296847d63d96c763d49068e851e9be7542080b1	stcpr	179.546694	03360da779493433e9ae8e103ac1c0baf6973982f93bd3cf326e4b18f9fda666cb	73	73	-	-	local-recv	2b4ccbdd	no	4	2463.56	4860	4932
2	mux-tunnels-2-t2	down	10000000	475d59a5	49219	standby	out	475d59a5>02b1d9c56928f533ea9b309f8a53ed4807ee4e0193ef3c3a0234033313feceb8f2;99a80e72>022716fba0f9a5d46ae7b8a4412296847d63d96c763d49068e851e9be7542080b1	stcpr	180.975371	02b1d9c56928f533ea9b309f8a53ed4807ee4e0193ef3c3a0234033313feceb8f2	73	73	-	-	local-recv	99a80e72	no	4	259.56	4860	4824
2	mux-tunnels-2-t2	down	10000000	696629b6	49220	standby	out	696629b6>03ecc7d108a98480b40a85bbfadb8f477d0c3559316306dcd7ba52fa3d21dad91e;28684434>022716fba0f9a5d46ae7b8a4412296847d63d96c763d49068e851e9be7542080b1	stcpr	71.510035	03ecc7d108a98480b40a85bbfadb8f477d0c3559316306dcd7ba52fa3d21dad91e	81	81	-	-	local-recv	28684434	no	3	267.5	4824	4932
2	mux-tunnels-2-t2	down	10000000	a58835c2	49221	standby	out	a58835c2>039c90460398ddf19b4dc153878599e924feb54e016bd0f7ed404d174965e31d74;f4dcb6a5>022716fba0f9a5d46ae7b8a4412296847d63d96c763d49068e851e9be7542080b1	stcpr	183.038503	039c90460398ddf19b4dc153878599e924feb54e016bd0f7ed404d174965e31d74	73	73	-	-	local-recv	f4dcb6a5	no	4	267.59	4860	4932
2	mux-tunnels-2-t2	down	10000000	4aa23edc	49222	standby	out	4aa23edc>02f65a515856df60ef5b135740b0b2bdd085da3427cc12d02405d5496a63b0b72a;90e12bb9>022716fba0f9a5d46ae7b8a4412296847d63d96c763d49068e851e9be7542080b1	stcpr	92.521003	02f65a515856df60ef5b135740b0b2bdd085da3427cc12d02405d5496a63b0b72a	73	73	-	-	local-recv	90e12bb9	no	2	266.91	4788	4932
3	mux-tunnels-2-t3	down	10000000	b414796d	49189	active	in	b414796d>022716fba0f9a5d46ae7b8a4412296847d63d96c763d49068e851e9be7542080b1	stcpr	141.137	022716fba0f9a5d46ae7b8a4412296847d63d96c763d49068e851e9be7542080b1	1386	4753046	42.3%	47.4%	local-recv	b414796d	no	12	664.24	124390518	72705716
3	mux-tunnels-2-t3	down	10000000	95839ad0	49190	active	in	95839ad0>0371ab4bcff7b121f4b91f6856d6740c6f9dc1fe716977850aeb5d84378b300a13;dc5330cf>022716fba0f9a5d46ae7b8a4412296847d63d96c763d49068e851e9be7542080b1	stcpr	50.182105	0371ab4bcff7b121f4b91f6856d6740c6f9dc1fe716977850aeb5d84378b300a13	734	2101852	22.4%	21.0%	local-recv	dc5330cf	no	19	236.93	106608591	54580232
3	mux-tunnels-2-t3	down	10000000	fdab37dd	49191	standby	out	fdab37dd>03f57e7cf26c0764c5ab659a606add056ddf8bfad4f5bc7e8613cad05e5f228adf;7420f415>022716fba0f9a5d46ae7b8a4412296847d63d96c763d49068e851e9be7542080b1	stcpr	162.452723	03f57e7cf26c0764c5ab659a606add056ddf8bfad4f5bc7e8613cad05e5f228adf	114	114	-	-	local-recv	7420f415	no	4	241.72	4968	5004
3	mux-tunnels-2-t3	down	10000000	f1012467	49192	standby	out	f1012467>0281a102c82820e811368c8d028cf11b1a985043b726b1bcdb8fce89b27384b2cb;57c570d9>022716fba0f9a5d46ae7b8a4412296847d63d96c763d49068e851e9be7542080b1	stcpr	164.41546	0281a102c82820e811368c8d028cf11b1a985043b726b1bcdb8fce89b27384b2cb	114	114	-	-	local-recv	57c570d9	no	6	0	4968	5148
3	mux-tunnels-2-t3	down	10000000	bf9b0de8	49193	standby	out	bf9b0de8>026a913078651938783e19416a2de99c924df209e28512da2a571868c989bf3822;c2793bef>022716fba0f9a5d46ae7b8a4412296847d63d96c763d49068e851e9be7542080b1	stcpr	165.226745	026a913078651938783e19416a2de99c924df209e28512da2a571868c989bf3822	114	114	-	-	local-recv	c2793bef	no	3	251.05	4932	5004
3	mux-tunnels-2-t3	down	10000000	03f0e265	49194	standby	out	03f0e265>035f6c7648bb0034b436db7d3845f7b482e8da705ca2b4622fd9673eb60921d5e5;ca5d50b7>022716fba0f9a5d46ae7b8a4412296847d63d96c763d49068e851e9be7542080b1	stcpr	164.028859	035f6c7648bb0034b436db7d3845f7b482e8da705ca2b4622fd9673eb60921d5e5	114	114	-	-	local-recv	ca5d50b7	no	4	251.52	4968	4968
3	mux-tunnels-2-t3	down	10000000	57787a56	49195	standby	in	57787a56>039a6d1e3c237f5f05b78ec19e9f31a007f84835d7ef1e812876102281d1db74c1;505b10aa>022716fba0f9a5d46ae7b8a4412296847d63d96c763d49068e851e9be7542080b1	stcpr	155.489706	039a6d1e3c237f5f05b78ec19e9f31a007f84835d7ef1e812876102281d1db74c1	1154	3175707	35.2%	31.7%	local-recv	505b10aa	no	553	242.52	128688975	53100889
3	mux-tunnels-2-t3	down	10000000	e9e5b101	49196	standby	out	e9e5b101>03e977a4fb802e9ed2a618bf21497a1ff6a3385212b575deba39a0e419d9025494;a7457b04>022716fba0f9a5d46ae7b8a4412296847d63d96c763d49068e851e9be7542080b1	squicr	156.025082	03e977a4fb802e9ed2a618bf21497a1ff6a3385212b575deba39a0e419d9025494	114	114	-	-	local-recv	a7457b04	no	3	255.26	4932	4968
3	mux-tunnels-2-t3	down	10000000	ea69bc13	49197	standby	out	ea69bc13>03dd3a272482055da08828fafffe0cb537915a52e71c92bfc9bf3140ab0153cd7c;ce4708f1>022716fba0f9a5d46ae7b8a4412296847d63d96c763d49068e851e9be7542080b1	stcpr	163.450388	03dd3a272482055da08828fafffe0cb537915a52e71c92bfc9bf3140ab0153cd7c	114	114	-	-	local-recv	ce4708f1	no	4	251.35	4968	4932
3	mux-tunnels-2-t3	down	10000000	94729aa0	49198	standby	out	94729aa0>022d2e9ff0ab2b5ad03851b07a61c32b403570423a2b5a4567e2f4d2aabcd1119d;fa5763f3>022716fba0f9a5d46ae7b8a4412296847d63d96c763d49068e851e9be7542080b1	stcpr	62.257108	022d2e9ff0ab2b5ad03851b07a61c32b403570423a2b5a4567e2f4d2aabcd1119d	114	114	-	-	local-recv	fa5763f3	no	4	267.22	4968	4968
3	mux-tunnels-2-t3	down	10000000	c2ee64dc	49199	standby	out	c2ee64dc>02ea1b80411ef28514056466bf11d8a7b7fcdcf4a964ebd874f8bd9fd74e81eda2;1483d7b9>022716fba0f9a5d46ae7b8a4412296847d63d96c763d49068e851e9be7542080b1	stcpr	89.291471	02ea1b80411ef28514056466bf11d8a7b7fcdcf4a964ebd874f8bd9fd74e81eda2	82	82	-	-	local-recv	1483d7b9	no	4	2467.72	4968	5004
3	mux-tunnels-2-t3	down	10000000	a18cfda5	49200	standby	out	a18cfda5>032fe1b4b0bf0207c10bc99cf64be4fdc15464981554e0cd58bf66f06960cd5fcc;0601bd31>022716fba0f9a5d46ae7b8a4412296847d63d96c763d49068e851e9be7542080b1	stcpr	172.566554	032fe1b4b0bf0207c10bc99cf64be4fdc15464981554e0cd58bf66f06960cd5fcc	82	82	-	-	local-recv	0601bd31	no	5	251.37	5004	5004
3	mux-tunnels-2-t3	down	10000000	e11b656f	49201	standby	out	e11b656f>03a9a28d2a38de5342e43b88c6c138eada84e412cf1e703432c7affee73190cd88;7546a023>022716fba0f9a5d46ae7b8a4412296847d63d96c763d49068e851e9be7542080b1	stcpr	173.5621	03a9a28d2a38de5342e43b88c6c138eada84e412cf1e703432c7affee73190cd88	82	82	-	-	local-recv	7546a023	no	5	250.79	5004	5040
3	mux-tunnels-2-t3	down	10000000	e5faa6e0	49202	standby	out	e5faa6e0>02230b0a96a6f94179fab58196d3dfa1e19070faeae82d6900971462996541e774;47361294>022716fba0f9a5d46ae7b8a4412296847d63d96c763d49068e851e9be7542080b1	stcpr	167.092994	02230b0a96a6f94179fab58196d3dfa1e19070faeae82d6900971462996541e774	82	82	-	-	local-recv	47361294	no	4	251.18	4968	5040
3	mux-tunnels-2-t3	down	10000000	b71ddf99	49203	standby	out	b71ddf99>0328947fced4d4b7beb65a6ef60d579e42d7976168c292cbd6d28b5b8bdc85757f;47828219>022716fba0f9a5d46ae7b8a4412296847d63d96c763d49068e851e9be7542080b1	stcpr	167.876559	0328947fced4d4b7beb65a6ef60d579e42d7976168c292cbd6d28b5b8bdc85757f	82	82	-	-	local-recv	47828219	no	6	251.8	5040	5004
3	mux-tunnels-2-t3	down	10000000	e5f24143	49204	standby	out	e5f24143>024a37bae69d6be2ec51eeb9d2b7e99073c30153d06896032f5bd3c09ca843bdb9;a214890d>022716fba0f9a5d46ae7b8a4412296847d63d96c763d49068e851e9be7542080b1	stcpr	45.446212	024a37bae69d6be2ec51eeb9d2b7e99073c30153d06896032f5bd3c09ca843bdb9	46	82	-	-	local-recv	a214890d	no	2	2459.09	4896	5076
3	mux-tunnels-2-t3	down	10000000	97ae541b	49205	standby	out	97ae541b>03c3278fa753b5e942c8b1bfe028219520b8b713f370796e442a4d416a41e08b17;b70493f1>022716fba0f9a5d46ae7b8a4412296847d63d96c763d49068e851e9be7542080b1	stcpr	171.610165	03c3278fa753b5e942c8b1bfe028219520b8b713f370796e442a4d416a41e08b17	41	41	-	-	local-recv	b70493f1	no	4	251.86	4968	5004
3	mux-tunnels-2-t3	down	10000000	df4c1852	49206	standby	out	df4c1852>035f532aed88e89cb8822a31b71d83a14f63fabd6389e537c2426fe84031c60825;f148d779>022716fba0f9a5d46ae7b8a4412296847d63d96c763d49068e851e9be7542080b1	stcpr	166.156659	035f532aed88e89cb8822a31b71d83a14f63fabd6389e537c2426fe84031c60825	73	57	-	-	local-recv	f148d779	no	5	250.71	5004	5004
3	mux-tunnels-2-t3	down	10000000	1bb37806	49207	standby	out	1bb37806>02b3a85aee85dece633272731c2e37867a39fa9127f28233ad18ed0051184fc40a;d30e45c7>022716fba0f9a5d46ae7b8a4412296847d63d96c763d49068e851e9be7542080b1	squicr	88.079109	02b3a85aee85dece633272731c2e37867a39fa9127f28233ad18ed0051184fc40a	41	41	-	-	local-recv	d30e45c7	no	4	267.25	4896	4968
3	mux-tunnels-2-t3	down	10000000	770b2d43	49208	standby	out	770b2d43>031e6a72596e6be53c32b4d1909da233846bcef0000f72a0314072c10b9fc35d3c;91846477>022716fba0f9a5d46ae7b8a4412296847d63d96c763d49068e851e9be7542080b1	stcpr	176.881562	031e6a72596e6be53c32b4d1909da233846bcef0000f72a0314072c10b9fc35d3c	41	41	-	-	local-recv	91846477	no	5	262.38	4932	4860
3	mux-tunnels-2-t3	down	10000000	ee5902d2	49209	standby	out	ee5902d2>0397b427c1e522b768389db1fdfab3943a74e69683800fe4950af7dfb3bf66893c;2dfdb077>022716fba0f9a5d46ae7b8a4412296847d63d96c763d49068e851e9be7542080b1	stcpr	71.927274	0397b427c1e522b768389db1fdfab3943a74e69683800fe4950af7dfb3bf66893c	41	41	-	-	local-recv	2dfdb077	no	3	262.67	4860	4932
3	mux-tunnels-2-t3	down	10000000	977b7c08	49210	standby	out	977b7c08>03e977883c41fca1e63a178398c46574b7ab8d4f381266c852242f473881c32337;6f46dafc>022716fba0f9a5d46ae7b8a4412296847d63d96c763d49068e851e9be7542080b1	stcpr	179.256956	03e977883c41fca1e63a178398c46574b7ab8d4f381266c852242f473881c32337	41	41	-	-	local-recv	6f46dafc	no	6	260.96	4968	4860
3	mux-tunnels-2-t3	down	10000000	7a64a71c	49211	standby	out	7a64a71c>02f0fabacf587c096ca7e38846b16f2617cbeeeca7bd7a06e73b2030f8645dd00f;79a37fb3>022716fba0f9a5d46ae7b8a4412296847d63d96c763d49068e851e9be7542080b1	stcpr	67.929481	02f0fabacf587c096ca7e38846b16f2617cbeeeca7bd7a06e73b2030f8645dd00f	41	41	-	-	local-recv	79a37fb3	no	3	256.87	4860	5004
3	mux-tunnels-2-t3	down	10000000	062c57d2	49212	standby	out	062c57d2>03dc3488e49ded9250f3cca2827ab16f6331b7ccefdad614353c785a5fc76c1b13;2d3c4852>022716fba0f9a5d46ae7b8a4412296847d63d96c763d49068e851e9be7542080b1	stcpr	164.57686	03dc3488e49ded9250f3cca2827ab16f6331b7ccefdad614353c785a5fc76c1b13	113	41	-	-	local-recv	2d3c4852	no	5	260.51	4932	4968
3	mux-tunnels-2-t3	down	10000000	eaddf8ac	49213	standby	out	eaddf8ac>028ce3caf8a1ed3b650b7139aeb854351518149af709cf28fe9bd6376cb3403626;4112d695>022716fba0f9a5d46ae7b8a4412296847d63d96c763d49068e851e9be7542080b1	stcpr	177.237619	028ce3caf8a1ed3b650b7139aeb854351518149af709cf28fe9bd6376cb3403626	118	118	-	-	local-recv	4112d695	no	5	254.52	4932	4968
3	mux-tunnels-2-t3	down	10000000	25b03079	49214	standby	out	25b03079>02c43f7d6da81cdca65fcf41906ff321f0d9f14e4c9ab0ff8b54b8ec64cce11bf0;18e8b97b>022716fba0f9a5d46ae7b8a4412296847d63d96c763d49068e851e9be7542080b1	stcpr	75.214485	02c43f7d6da81cdca65fcf41906ff321f0d9f14e4c9ab0ff8b54b8ec64cce11bf0	126	126	-	-	local-recv	18e8b97b	no	3	2463.59	4860	5004
3	mux-tunnels-2-t3	down	10000000	88737946	49216	standby	out	88737946>039ba57e780efc89546104a134e9121f1dda0617e335eee8c3f21e4e272df93ac1;f888da30>022716fba0f9a5d46ae7b8a4412296847d63d96c763d49068e851e9be7542080b1	stcpr	56.580013	039ba57e780efc89546104a134e9121f1dda0617e335eee8c3f21e4e272df93ac1	118	118	-	-	local-recv	f888da30	no	2	283.37	4788	4968
3	mux-tunnels-2-t3	down	10000000	5157fdc8	49217	standby	out	5157fdc8>03360da779493433e9ae8e103ac1c0baf6973982f93bd3cf326e4b18f9fda666cb;2b4ccbdd>022716fba0f9a5d46ae7b8a4412296847d63d96c763d49068e851e9be7542080b1	stcpr	179.546694	03360da779493433e9ae8e103ac1c0baf6973982f93bd3cf326e4b18f9fda666cb	118	118	-	-	local-recv	2b4ccbdd	no	4	2463.56	4860	4932
3	mux-tunnels-2-t3	down	10000000	475d59a5	49219	standby	out	475d59a5>02b1d9c56928f533ea9b309f8a53ed4807ee4e0193ef3c3a0234033313feceb8f2;99a80e72>022716fba0f9a5d46ae7b8a4412296847d63d96c763d49068e851e9be7542080b1	stcpr	180.975371	02b1d9c56928f533ea9b309f8a53ed4807ee4e0193ef3c3a0234033313feceb8f2	118	118	-	-	local-recv	99a80e72	no	4	259.56	4860	4824
3	mux-tunnels-2-t3	down	10000000	696629b6	49220	standby	out	696629b6>03ecc7d108a98480b40a85bbfadb8f477d0c3559316306dcd7ba52fa3d21dad91e;28684434>022716fba0f9a5d46ae7b8a4412296847d63d96c763d49068e851e9be7542080b1	stcpr	71.510035	03ecc7d108a98480b40a85bbfadb8f477d0c3559316306dcd7ba52fa3d21dad91e	118	118	-	-	local-recv	28684434	no	3	267.5	4824	4932
3	mux-tunnels-2-t3	down	10000000	a58835c2	49221	standby	out	a58835c2>039c90460398ddf19b4dc153878599e924feb54e016bd0f7ed404d174965e31d74;f4dcb6a5>022716fba0f9a5d46ae7b8a4412296847d63d96c763d49068e851e9be7542080b1	stcpr	183.038503	039c90460398ddf19b4dc153878599e924feb54e016bd0f7ed404d174965e31d74	118	118	-	-	local-recv	f4dcb6a5	no	4	267.59	4860	4932
3	mux-tunnels-2-t3	down	10000000	4aa23edc	49222	standby	out	4aa23edc>02f65a515856df60ef5b135740b0b2bdd085da3427cc12d02405d5496a63b0b72a;90e12bb9>022716fba0f9a5d46ae7b8a4412296847d63d96c763d49068e851e9be7542080b1	stcpr	92.521003	02f65a515856df60ef5b135740b0b2bdd085da3427cc12d02405d5496a63b0b72a	118	118	-	-	local-recv	90e12bb9	no	2	266.91	4788	4932
4	mux-tunnels-2-t4	down	10000000	b414796d	49189	active	in	b414796d>022716fba0f9a5d46ae7b8a4412296847d63d96c763d49068e851e9be7542080b1	stcpr	141.137	022716fba0f9a5d46ae7b8a4412296847d63d96c763d49068e851e9be7542080b1	1029	4753101	35.6%	47.4%	local-recv	b414796d	no	12	664.24	124390518	72705716
4	mux-tunnels-2-t4	down	10000000	95839ad0	49190	active	in	95839ad0>0371ab4bcff7b121f4b91f6856d6740c6f9dc1fe716977850aeb5d84378b300a13;dc5330cf>022716fba0f9a5d46ae7b8a4412296847d63d96c763d49068e851e9be7542080b1	stcpr	50.182105	0371ab4bcff7b121f4b91f6856d6740c6f9dc1fe716977850aeb5d84378b300a13	716	2115079	24.7%	21.1%	local-recv	dc5330cf	no	19	236.93	106608591	54580232
4	mux-tunnels-2-t4	down	10000000	fdab37dd	49191	standby	out	fdab37dd>03f57e7cf26c0764c5ab659a606add056ddf8bfad4f5bc7e8613cad05e5f228adf;7420f415>022716fba0f9a5d46ae7b8a4412296847d63d96c763d49068e851e9be7542080b1	stcpr	162.452723	03f57e7cf26c0764c5ab659a606add056ddf8bfad4f5bc7e8613cad05e5f228adf	41	41	-	-	local-recv	7420f415	no	4	241.72	4968	5004
4	mux-tunnels-2-t4	down	10000000	f1012467	49192	standby	out	f1012467>0281a102c82820e811368c8d028cf11b1a985043b726b1bcdb8fce89b27384b2cb;57c570d9>022716fba0f9a5d46ae7b8a4412296847d63d96c763d49068e851e9be7542080b1	stcpr	164.41546	0281a102c82820e811368c8d028cf11b1a985043b726b1bcdb8fce89b27384b2cb	41	41	-	-	local-recv	57c570d9	no	6	0	4968	5148
4	mux-tunnels-2-t4	down	10000000	bf9b0de8	49193	standby	out	bf9b0de8>026a913078651938783e19416a2de99c924df209e28512da2a571868c989bf3822;c2793bef>022716fba0f9a5d46ae7b8a4412296847d63d96c763d49068e851e9be7542080b1	stcpr	165.226745	026a913078651938783e19416a2de99c924df209e28512da2a571868c989bf3822	113	41	-	-	local-recv	c2793bef	no	3	251.05	4932	5004
4	mux-tunnels-2-t4	down	10000000	03f0e265	49194	standby	out	03f0e265>035f6c7648bb0034b436db7d3845f7b482e8da705ca2b4622fd9673eb60921d5e5;ca5d50b7>022716fba0f9a5d46ae7b8a4412296847d63d96c763d49068e851e9be7542080b1	stcpr	164.028859	035f6c7648bb0034b436db7d3845f7b482e8da705ca2b4622fd9673eb60921d5e5	118	118	-	-	local-recv	ca5d50b7	no	4	251.52	4968	4968
4	mux-tunnels-2-t4	down	10000000	57787a56	49195	standby	in	57787a56>039a6d1e3c237f5f05b78ec19e9f31a007f84835d7ef1e812876102281d1db74c1;505b10aa>022716fba0f9a5d46ae7b8a4412296847d63d96c763d49068e851e9be7542080b1	stcpr	155.489706	039a6d1e3c237f5f05b78ec19e9f31a007f84835d7ef1e812876102281d1db74c1	1148	3168922	39.7%	31.6%	local-recv	505b10aa	no	553	242.52	128688975	53100889
4	mux-tunnels-2-t4	down	10000000	e9e5b101	49196	standby	out	e9e5b101>03e977a4fb802e9ed2a618bf21497a1ff6a3385212b575deba39a0e419d9025494;a7457b04>022716fba0f9a5d46ae7b8a4412296847d63d96c763d49068e851e9be7542080b1	squicr	156.025082	03e977a4fb802e9ed2a618bf21497a1ff6a3385212b575deba39a0e419d9025494	118	118	-	-	local-recv	a7457b04	no	3	255.26	4932	4968
4	mux-tunnels-2-t4	down	10000000	ea69bc13	49197	standby	out	ea69bc13>03dd3a272482055da08828fafffe0cb537915a52e71c92bfc9bf3140ab0153cd7c;ce4708f1>022716fba0f9a5d46ae7b8a4412296847d63d96c763d49068e851e9be7542080b1	stcpr	163.450388	03dd3a272482055da08828fafffe0cb537915a52e71c92bfc9bf3140ab0153cd7c	118	118	-	-	local-recv	ce4708f1	no	4	251.35	4968	4932
4	mux-tunnels-2-t4	down	10000000	94729aa0	49198	standby	out	94729aa0>022d2e9ff0ab2b5ad03851b07a61c32b403570423a2b5a4567e2f4d2aabcd1119d;fa5763f3>022716fba0f9a5d46ae7b8a4412296847d63d96c763d49068e851e9be7542080b1	stcpr	62.257108	022d2e9ff0ab2b5ad03851b07a61c32b403570423a2b5a4567e2f4d2aabcd1119d	118	118	-	-	local-recv	fa5763f3	no	4	267.22	4968	4968
4	mux-tunnels-2-t4	down	10000000	c2ee64dc	49199	standby	out	c2ee64dc>02ea1b80411ef28514056466bf11d8a7b7fcdcf4a964ebd874f8bd9fd74e81eda2;1483d7b9>022716fba0f9a5d46ae7b8a4412296847d63d96c763d49068e851e9be7542080b1	stcpr	89.291471	02ea1b80411ef28514056466bf11d8a7b7fcdcf4a964ebd874f8bd9fd74e81eda2	118	118	-	-	local-recv	1483d7b9	no	4	2467.72	4968	5004
4	mux-tunnels-2-t4	down	10000000	a18cfda5	49200	standby	out	a18cfda5>032fe1b4b0bf0207c10bc99cf64be4fdc15464981554e0cd58bf66f06960cd5fcc;0601bd31>022716fba0f9a5d46ae7b8a4412296847d63d96c763d49068e851e9be7542080b1	stcpr	172.566554	032fe1b4b0bf0207c10bc99cf64be4fdc15464981554e0cd58bf66f06960cd5fcc	118	118	-	-	local-recv	0601bd31	no	5	251.37	5004	5004
4	mux-tunnels-2-t4	down	10000000	e11b656f	49201	standby	out	e11b656f>03a9a28d2a38de5342e43b88c6c138eada84e412cf1e703432c7affee73190cd88;7546a023>022716fba0f9a5d46ae7b8a4412296847d63d96c763d49068e851e9be7542080b1	stcpr	173.5621	03a9a28d2a38de5342e43b88c6c138eada84e412cf1e703432c7affee73190cd88	118	118	-	-	local-recv	7546a023	no	5	250.79	5004	5040
4	mux-tunnels-2-t4	down	10000000	e5faa6e0	49202	standby	out	e5faa6e0>02230b0a96a6f94179fab58196d3dfa1e19070faeae82d6900971462996541e774;47361294>022716fba0f9a5d46ae7b8a4412296847d63d96c763d49068e851e9be7542080b1	stcpr	167.092994	02230b0a96a6f94179fab58196d3dfa1e19070faeae82d6900971462996541e774	118	118	-	-	local-recv	47361294	no	4	251.18	4968	5040
4	mux-tunnels-2-t4	down	10000000	b71ddf99	49203	standby	out	b71ddf99>0328947fced4d4b7beb65a6ef60d579e42d7976168c292cbd6d28b5b8bdc85757f;47828219>022716fba0f9a5d46ae7b8a4412296847d63d96c763d49068e851e9be7542080b1	stcpr	167.876559	0328947fced4d4b7beb65a6ef60d579e42d7976168c292cbd6d28b5b8bdc85757f	118	118	-	-	local-recv	47828219	no	6	251.8	5040	5004
4	mux-tunnels-2-t4	down	10000000	e5f24143	49204	standby	out	e5f24143>024a37bae69d6be2ec51eeb9d2b7e99073c30153d06896032f5bd3c09ca843bdb9;a214890d>022716fba0f9a5d46ae7b8a4412296847d63d96c763d49068e851e9be7542080b1	stcpr	45.446212	024a37bae69d6be2ec51eeb9d2b7e99073c30153d06896032f5bd3c09ca843bdb9	118	118	-	-	local-recv	a214890d	no	2	2459.09	4896	5076
4	mux-tunnels-2-t4	down	10000000	97ae541b	49205	standby	out	97ae541b>03c3278fa753b5e942c8b1bfe028219520b8b713f370796e442a4d416a41e08b17;b70493f1>022716fba0f9a5d46ae7b8a4412296847d63d96c763d49068e851e9be7542080b1	stcpr	171.610165	03c3278fa753b5e942c8b1bfe028219520b8b713f370796e442a4d416a41e08b17	118	118	-	-	local-recv	b70493f1	no	4	251.86	4968	5004
4	mux-tunnels-2-t4	down	10000000	df4c1852	49206	standby	out	df4c1852>035f532aed88e89cb8822a31b71d83a14f63fabd6389e537c2426fe84031c60825;f148d779>022716fba0f9a5d46ae7b8a4412296847d63d96c763d49068e851e9be7542080b1	stcpr	166.156659	035f532aed88e89cb8822a31b71d83a14f63fabd6389e537c2426fe84031c60825	118	118	-	-	local-recv	f148d779	no	5	250.71	5004	5004
4	mux-tunnels-2-t4	down	10000000	1bb37806	49207	standby	out	1bb37806>02b3a85aee85dece633272731c2e37867a39fa9127f28233ad18ed0051184fc40a;d30e45c7>022716fba0f9a5d46ae7b8a4412296847d63d96c763d49068e851e9be7542080b1	squicr	88.079109	02b3a85aee85dece633272731c2e37867a39fa9127f28233ad18ed0051184fc40a	118	118	-	-	local-recv	d30e45c7	no	4	267.25	4896	4968
4	mux-tunnels-2-t4	down	10000000	770b2d43	49208	standby	out	770b2d43>031e6a72596e6be53c32b4d1909da233846bcef0000f72a0314072c10b9fc35d3c;91846477>022716fba0f9a5d46ae7b8a4412296847d63d96c763d49068e851e9be7542080b1	stcpr	176.881562	031e6a72596e6be53c32b4d1909da233846bcef0000f72a0314072c10b9fc35d3c	118	118	-	-	local-recv	91846477	no	5	262.38	4932	4860
4	mux-tunnels-2-t4	down	10000000	ee5902d2	49209	standby	out	ee5902d2>0397b427c1e522b768389db1fdfab3943a74e69683800fe4950af7dfb3bf66893c;2dfdb077>022716fba0f9a5d46ae7b8a4412296847d63d96c763d49068e851e9be7542080b1	stcpr	71.927274	0397b427c1e522b768389db1fdfab3943a74e69683800fe4950af7dfb3bf66893c	118	118	-	-	local-recv	2dfdb077	no	3	262.67	4860	4932
4	mux-tunnels-2-t4	down	10000000	977b7c08	49210	standby	out	977b7c08>03e977883c41fca1e63a178398c46574b7ab8d4f381266c852242f473881c32337;6f46dafc>022716fba0f9a5d46ae7b8a4412296847d63d96c763d49068e851e9be7542080b1	stcpr	179.256956	03e977883c41fca1e63a178398c46574b7ab8d4f381266c852242f473881c32337	118	118	-	-	local-recv	6f46dafc	no	6	260.96	4968	4860
4	mux-tunnels-2-t4	down	10000000	7a64a71c	49211	standby	out	7a64a71c>02f0fabacf587c096ca7e38846b16f2617cbeeeca7bd7a06e73b2030f8645dd00f;79a37fb3>022716fba0f9a5d46ae7b8a4412296847d63d96c763d49068e851e9be7542080b1	stcpr	67.929481	02f0fabacf587c096ca7e38846b16f2617cbeeeca7bd7a06e73b2030f8645dd00f	118	118	-	-	local-recv	79a37fb3	no	3	256.87	4860	5004
4	mux-tunnels-2-t4	down	10000000	062c57d2	49212	standby	out	062c57d2>03dc3488e49ded9250f3cca2827ab16f6331b7ccefdad614353c785a5fc76c1b13;2d3c4852>022716fba0f9a5d46ae7b8a4412296847d63d96c763d49068e851e9be7542080b1	stcpr	164.57686	03dc3488e49ded9250f3cca2827ab16f6331b7ccefdad614353c785a5fc76c1b13	118	118	-	-	local-recv	2d3c4852	no	5	260.51	4932	4968
4	mux-tunnels-2-t4	down	10000000	eaddf8ac	49213	standby	out	eaddf8ac>028ce3caf8a1ed3b650b7139aeb854351518149af709cf28fe9bd6376cb3403626;4112d695>022716fba0f9a5d46ae7b8a4412296847d63d96c763d49068e851e9be7542080b1	stcpr	177.237619	028ce3caf8a1ed3b650b7139aeb854351518149af709cf28fe9bd6376cb3403626	162	126	-	-	local-recv	4112d695	no	5	254.52	4932	4968
4	mux-tunnels-2-t4	down	10000000	25b03079	49214	standby	out	25b03079>02c43f7d6da81cdca65fcf41906ff321f0d9f14e4c9ab0ff8b54b8ec64cce11bf0;18e8b97b>022716fba0f9a5d46ae7b8a4412296847d63d96c763d49068e851e9be7542080b1	stcpr	75.214485	02c43f7d6da81cdca65fcf41906ff321f0d9f14e4c9ab0ff8b54b8ec64cce11bf0	118	154	-	-	local-recv	18e8b97b	no	3	2463.59	4860	5004
4	mux-tunnels-2-t4	down	10000000	88737946	49216	standby	out	88737946>039ba57e780efc89546104a134e9121f1dda0617e335eee8c3f21e4e272df93ac1;f888da30>022716fba0f9a5d46ae7b8a4412296847d63d96c763d49068e851e9be7542080b1	stcpr	56.580013	039ba57e780efc89546104a134e9121f1dda0617e335eee8c3f21e4e272df93ac1	131	131	-	-	local-recv	f888da30	no	2	283.37	4788	4968
4	mux-tunnels-2-t4	down	10000000	5157fdc8	49217	standby	out	5157fdc8>03360da779493433e9ae8e103ac1c0baf6973982f93bd3cf326e4b18f9fda666cb;2b4ccbdd>022716fba0f9a5d46ae7b8a4412296847d63d96c763d49068e851e9be7542080b1	stcpr	179.546694	03360da779493433e9ae8e103ac1c0baf6973982f93bd3cf326e4b18f9fda666cb	126	126	-	-	local-recv	2b4ccbdd	no	4	2463.56	4860	4932
4	mux-tunnels-2-t4	down	10000000	475d59a5	49219	standby	out	475d59a5>02b1d9c56928f533ea9b309f8a53ed4807ee4e0193ef3c3a0234033313feceb8f2;99a80e72>022716fba0f9a5d46ae7b8a4412296847d63d96c763d49068e851e9be7542080b1	stcpr	180.975371	02b1d9c56928f533ea9b309f8a53ed4807ee4e0193ef3c3a0234033313feceb8f2	118	118	-	-	local-recv	99a80e72	no	4	259.56	4860	4824
4	mux-tunnels-2-t4	down	10000000	696629b6	49220	standby	out	696629b6>03ecc7d108a98480b40a85bbfadb8f477d0c3559316306dcd7ba52fa3d21dad91e;28684434>022716fba0f9a5d46ae7b8a4412296847d63d96c763d49068e851e9be7542080b1	stcpr	71.510035	03ecc7d108a98480b40a85bbfadb8f477d0c3559316306dcd7ba52fa3d21dad91e	118	118	-	-	local-recv	28684434	no	3	267.5	4824	4932
4	mux-tunnels-2-t4	down	10000000	a58835c2	49221	standby	out	a58835c2>039c90460398ddf19b4dc153878599e924feb54e016bd0f7ed404d174965e31d74;f4dcb6a5>022716fba0f9a5d46ae7b8a4412296847d63d96c763d49068e851e9be7542080b1	stcpr	183.038503	039c90460398ddf19b4dc153878599e924feb54e016bd0f7ed404d174965e31d74	118	118	-	-	local-recv	f4dcb6a5	no	4	267.59	4860	4932
4	mux-tunnels-2-t4	down	10000000	4aa23edc	49222	standby	out	4aa23edc>02f65a515856df60ef5b135740b0b2bdd085da3427cc12d02405d5496a63b0b72a;90e12bb9>022716fba0f9a5d46ae7b8a4412296847d63d96c763d49068e851e9be7542080b1	stcpr	92.521003	02f65a515856df60ef5b135740b0b2bdd085da3427cc12d02405d5496a63b0b72a	118	118	-	-	local-recv	90e12bb9	no	2	266.91	4788	4932
5	mux-tunnels-2-t5	down	10000000	b414796d	49189	active	in	b414796d>022716fba0f9a5d46ae7b8a4412296847d63d96c763d49068e851e9be7542080b1	stcpr	141.137	022716fba0f9a5d46ae7b8a4412296847d63d96c763d49068e851e9be7542080b1	2073	5225667	41.8%	43.5%	local-recv	b414796d	no	12	664.24	124390518	72705716
5	mux-tunnels-2-t5	down	10000000	95839ad0	49190	active	in	95839ad0>0371ab4bcff7b121f4b91f6856d6740c6f9dc1fe716977850aeb5d84378b300a13;dc5330cf>022716fba0f9a5d46ae7b8a4412296847d63d96c763d49068e851e9be7542080b1	stcpr	50.182105	0371ab4bcff7b121f4b91f6856d6740c6f9dc1fe716977850aeb5d84378b300a13	844	2690754	17.0%	22.4%	local-recv	dc5330cf	no	19	236.93	106608591	54580232
5	mux-tunnels-2-t5	down	10000000	fdab37dd	49191	standby	in	fdab37dd>03f57e7cf26c0764c5ab659a606add056ddf8bfad4f5bc7e8613cad05e5f228adf;7420f415>022716fba0f9a5d46ae7b8a4412296847d63d96c763d49068e851e9be7542080b1	stcpr	162.452723	03f57e7cf26c0764c5ab659a606add056ddf8bfad4f5bc7e8613cad05e5f228adf	275	152521	5.5%	1.3%	local-recv	7420f415	no	4	241.72	4968	5004
5	mux-tunnels-2-t5	down	10000000	f1012467	49192	standby	in	f1012467>0281a102c82820e811368c8d028cf11b1a985043b726b1bcdb8fce89b27384b2cb;57c570d9>022716fba0f9a5d46ae7b8a4412296847d63d96c763d49068e851e9be7542080b1	stcpr	164.41546	0281a102c82820e811368c8d028cf11b1a985043b726b1bcdb8fce89b27384b2cb	275	599575	5.5%	5.0%	local-recv	57c570d9	no	6	0	4968	5148
5	mux-tunnels-2-t5	down	10000000	bf9b0de8	49193	standby	out	bf9b0de8>026a913078651938783e19416a2de99c924df209e28512da2a571868c989bf3822;c2793bef>022716fba0f9a5d46ae7b8a4412296847d63d96c763d49068e851e9be7542080b1	stcpr	165.226745	026a913078651938783e19416a2de99c924df209e28512da2a571868c989bf3822	168	204	-	-	local-recv	c2793bef	no	3	251.05	4932	5004
5	mux-tunnels-2-t5	down	10000000	03f0e265	49194	standby	out	03f0e265>035f6c7648bb0034b436db7d3845f7b482e8da705ca2b4622fd9673eb60921d5e5;ca5d50b7>022716fba0f9a5d46ae7b8a4412296847d63d96c763d49068e851e9be7542080b1	stcpr	164.028859	035f6c7648bb0034b436db7d3845f7b482e8da705ca2b4622fd9673eb60921d5e5	163	163	-	-	local-recv	ca5d50b7	no	4	251.52	4968	4968
5	mux-tunnels-2-t5	down	10000000	57787a56	49195	standby	in	57787a56>039a6d1e3c237f5f05b78ec19e9f31a007f84835d7ef1e812876102281d1db74c1;505b10aa>022716fba0f9a5d46ae7b8a4412296847d63d96c763d49068e851e9be7542080b1	stcpr	155.489706	039a6d1e3c237f5f05b78ec19e9f31a007f84835d7ef1e812876102281d1db74c1	1264	3183654	25.5%	26.5%	local-recv	505b10aa	no	553	242.52	128688975	53100889
5	mux-tunnels-2-t5	down	10000000	e9e5b101	49196	standby	out	e9e5b101>03e977a4fb802e9ed2a618bf21497a1ff6a3385212b575deba39a0e419d9025494;a7457b04>022716fba0f9a5d46ae7b8a4412296847d63d96c763d49068e851e9be7542080b1	squicr	156.025082	03e977a4fb802e9ed2a618bf21497a1ff6a3385212b575deba39a0e419d9025494	126	142	-	-	local-recv	a7457b04	no	3	255.26	4932	4968
5	mux-tunnels-2-t5	down	10000000	ea69bc13	49197	standby	out	ea69bc13>03dd3a272482055da08828fafffe0cb537915a52e71c92bfc9bf3140ab0153cd7c;ce4708f1>022716fba0f9a5d46ae7b8a4412296847d63d96c763d49068e851e9be7542080b1	stcpr	163.450388	03dd3a272482055da08828fafffe0cb537915a52e71c92bfc9bf3140ab0153cd7c	126	126	-	-	local-recv	ce4708f1	no	4	251.35	4968	4932
5	mux-tunnels-2-t5	down	10000000	94729aa0	49198	standby	out	94729aa0>022d2e9ff0ab2b5ad03851b07a61c32b403570423a2b5a4567e2f4d2aabcd1119d;fa5763f3>022716fba0f9a5d46ae7b8a4412296847d63d96c763d49068e851e9be7542080b1	stcpr	62.257108	022d2e9ff0ab2b5ad03851b07a61c32b403570423a2b5a4567e2f4d2aabcd1119d	126	126	-	-	local-recv	fa5763f3	no	4	267.22	4968	4968
5	mux-tunnels-2-t5	down	10000000	c2ee64dc	49199	standby	in	c2ee64dc>02ea1b80411ef28514056466bf11d8a7b7fcdcf4a964ebd874f8bd9fd74e81eda2;1483d7b9>022716fba0f9a5d46ae7b8a4412296847d63d96c763d49068e851e9be7542080b1	stcpr	89.291471	02ea1b80411ef28514056466bf11d8a7b7fcdcf4a964ebd874f8bd9fd74e81eda2	234	153300	4.7%	1.3%	local-recv	1483d7b9	no	4	2467.72	4968	5004
5	mux-tunnels-2-t5	down	10000000	a18cfda5	49200	standby	out	a18cfda5>032fe1b4b0bf0207c10bc99cf64be4fdc15464981554e0cd58bf66f06960cd5fcc;0601bd31>022716fba0f9a5d46ae7b8a4412296847d63d96c763d49068e851e9be7542080b1	stcpr	172.566554	032fe1b4b0bf0207c10bc99cf64be4fdc15464981554e0cd58bf66f06960cd5fcc	163	163	-	-	local-recv	0601bd31	no	5	251.37	5004	5004
5	mux-tunnels-2-t5	down	10000000	e11b656f	49201	standby	out	e11b656f>03a9a28d2a38de5342e43b88c6c138eada84e412cf1e703432c7affee73190cd88;7546a023>022716fba0f9a5d46ae7b8a4412296847d63d96c763d49068e851e9be7542080b1	stcpr	173.5621	03a9a28d2a38de5342e43b88c6c138eada84e412cf1e703432c7affee73190cd88	163	163	-	-	local-recv	7546a023	no	5	250.79	5004	5040
5	mux-tunnels-2-t5	down	10000000	e5faa6e0	49202	standby	out	e5faa6e0>02230b0a96a6f94179fab58196d3dfa1e19070faeae82d6900971462996541e774;47361294>022716fba0f9a5d46ae7b8a4412296847d63d96c763d49068e851e9be7542080b1	stcpr	167.092994	02230b0a96a6f94179fab58196d3dfa1e19070faeae82d6900971462996541e774	163	163	-	-	local-recv	47361294	no	4	251.18	4968	5040
5	mux-tunnels-2-t5	down	10000000	b71ddf99	49203	standby	out	b71ddf99>0328947fced4d4b7beb65a6ef60d579e42d7976168c292cbd6d28b5b8bdc85757f;47828219>022716fba0f9a5d46ae7b8a4412296847d63d96c763d49068e851e9be7542080b1	stcpr	167.876559	0328947fced4d4b7beb65a6ef60d579e42d7976168c292cbd6d28b5b8bdc85757f	171	171	-	-	local-recv	47828219	no	6	251.8	5040	5004
5	mux-tunnels-2-t5	down	10000000	e5f24143	49204	standby	out	e5f24143>024a37bae69d6be2ec51eeb9d2b7e99073c30153d06896032f5bd3c09ca843bdb9;a214890d>022716fba0f9a5d46ae7b8a4412296847d63d96c763d49068e851e9be7542080b1	stcpr	45.446212	024a37bae69d6be2ec51eeb9d2b7e99073c30153d06896032f5bd3c09ca843bdb9	171	171	-	-	local-recv	a214890d	no	2	2459.09	4896	5076
5	mux-tunnels-2-t5	down	10000000	97ae541b	49205	standby	out	97ae541b>03c3278fa753b5e942c8b1bfe028219520b8b713f370796e442a4d416a41e08b17;b70493f1>022716fba0f9a5d46ae7b8a4412296847d63d96c763d49068e851e9be7542080b1	stcpr	171.610165	03c3278fa753b5e942c8b1bfe028219520b8b713f370796e442a4d416a41e08b17	163	163	-	-	local-recv	b70493f1	no	4	251.86	4968	5004
5	mux-tunnels-2-t5	down	10000000	df4c1852	49206	standby	out	df4c1852>035f532aed88e89cb8822a31b71d83a14f63fabd6389e537c2426fe84031c60825;f148d779>022716fba0f9a5d46ae7b8a4412296847d63d96c763d49068e851e9be7542080b1	stcpr	166.156659	035f532aed88e89cb8822a31b71d83a14f63fabd6389e537c2426fe84031c60825	163	163	-	-	local-recv	f148d779	no	5	250.71	5004	5004
5	mux-tunnels-2-t5	down	10000000	1bb37806	49207	standby	out	1bb37806>02b3a85aee85dece633272731c2e37867a39fa9127f28233ad18ed0051184fc40a;d30e45c7>022716fba0f9a5d46ae7b8a4412296847d63d96c763d49068e851e9be7542080b1	squicr	88.079109	02b3a85aee85dece633272731c2e37867a39fa9127f28233ad18ed0051184fc40a	163	163	-	-	local-recv	d30e45c7	no	4	267.25	4896	4968
5	mux-tunnels-2-t5	down	10000000	770b2d43	49208	standby	out	770b2d43>031e6a72596e6be53c32b4d1909da233846bcef0000f72a0314072c10b9fc35d3c;91846477>022716fba0f9a5d46ae7b8a4412296847d63d96c763d49068e851e9be7542080b1	stcpr	176.881562	031e6a72596e6be53c32b4d1909da233846bcef0000f72a0314072c10b9fc35d3c	99	171	-	-	local-recv	91846477	no	5	262.38	4932	4860
5	mux-tunnels-2-t5	down	10000000	ee5902d2	49209	standby	out	ee5902d2>0397b427c1e522b768389db1fdfab3943a74e69683800fe4950af7dfb3bf66893c;2dfdb077>022716fba0f9a5d46ae7b8a4412296847d63d96c763d49068e851e9be7542080b1	stcpr	71.927274	0397b427c1e522b768389db1fdfab3943a74e69683800fe4950af7dfb3bf66893c	99	99	-	-	local-recv	2dfdb077	no	3	262.67	4860	4932
5	mux-tunnels-2-t5	down	10000000	977b7c08	49210	standby	out	977b7c08>03e977883c41fca1e63a178398c46574b7ab8d4f381266c852242f473881c32337;6f46dafc>022716fba0f9a5d46ae7b8a4412296847d63d96c763d49068e851e9be7542080b1	stcpr	179.256956	03e977883c41fca1e63a178398c46574b7ab8d4f381266c852242f473881c32337	86	122	-	-	local-recv	6f46dafc	no	6	260.96	4968	4860
5	mux-tunnels-2-t5	down	10000000	7a64a71c	49211	standby	out	7a64a71c>02f0fabacf587c096ca7e38846b16f2617cbeeeca7bd7a06e73b2030f8645dd00f;79a37fb3>022716fba0f9a5d46ae7b8a4412296847d63d96c763d49068e851e9be7542080b1	stcpr	67.929481	02f0fabacf587c096ca7e38846b16f2617cbeeeca7bd7a06e73b2030f8645dd00f	94	94	-	-	local-recv	79a37fb3	no	3	256.87	4860	5004
5	mux-tunnels-2-t5	down	10000000	062c57d2	49212	standby	out	062c57d2>03dc3488e49ded9250f3cca2827ab16f6331b7ccefdad614353c785a5fc76c1b13;2d3c4852>022716fba0f9a5d46ae7b8a4412296847d63d96c763d49068e851e9be7542080b1	stcpr	164.57686	03dc3488e49ded9250f3cca2827ab16f6331b7ccefdad614353c785a5fc76c1b13	94	94	-	-	local-recv	2d3c4852	no	5	260.51	4932	4968
5	mux-tunnels-2-t5	down	10000000	eaddf8ac	49213	standby	out	eaddf8ac>028ce3caf8a1ed3b650b7139aeb854351518149af709cf28fe9bd6376cb3403626;4112d695>022716fba0f9a5d46ae7b8a4412296847d63d96c763d49068e851e9be7542080b1	stcpr	177.237619	028ce3caf8a1ed3b650b7139aeb854351518149af709cf28fe9bd6376cb3403626	127	127	-	-	local-recv	4112d695	no	5	254.52	4932	4968
5	mux-tunnels-2-t5	down	10000000	25b03079	49214	standby	out	25b03079>02c43f7d6da81cdca65fcf41906ff321f0d9f14e4c9ab0ff8b54b8ec64cce11bf0;18e8b97b>022716fba0f9a5d46ae7b8a4412296847d63d96c763d49068e851e9be7542080b1	stcpr	75.214485	02c43f7d6da81cdca65fcf41906ff321f0d9f14e4c9ab0ff8b54b8ec64cce11bf0	127	127	-	-	local-recv	18e8b97b	no	3	2463.59	4860	5004
5	mux-tunnels-2-t5	down	10000000	88737946	49216	standby	out	88737946>039ba57e780efc89546104a134e9121f1dda0617e335eee8c3f21e4e272df93ac1;f888da30>022716fba0f9a5d46ae7b8a4412296847d63d96c763d49068e851e9be7542080b1	stcpr	56.580013	039ba57e780efc89546104a134e9121f1dda0617e335eee8c3f21e4e272df93ac1	127	127	-	-	local-recv	f888da30	no	2	283.37	4788	4968
5	mux-tunnels-2-t5	down	10000000	5157fdc8	49217	standby	out	5157fdc8>03360da779493433e9ae8e103ac1c0baf6973982f93bd3cf326e4b18f9fda666cb;2b4ccbdd>022716fba0f9a5d46ae7b8a4412296847d63d96c763d49068e851e9be7542080b1	stcpr	179.546694	03360da779493433e9ae8e103ac1c0baf6973982f93bd3cf326e4b18f9fda666cb	127	127	-	-	local-recv	2b4ccbdd	no	4	2463.56	4860	4932
5	mux-tunnels-2-t5	down	10000000	475d59a5	49219	standby	out	475d59a5>02b1d9c56928f533ea9b309f8a53ed4807ee4e0193ef3c3a0234033313feceb8f2;99a80e72>022716fba0f9a5d46ae7b8a4412296847d63d96c763d49068e851e9be7542080b1	stcpr	180.975371	02b1d9c56928f533ea9b309f8a53ed4807ee4e0193ef3c3a0234033313feceb8f2	127	127	-	-	local-recv	99a80e72	no	4	259.56	4860	4824
5	mux-tunnels-2-t5	down	10000000	696629b6	49220	standby	out	696629b6>03ecc7d108a98480b40a85bbfadb8f477d0c3559316306dcd7ba52fa3d21dad91e;28684434>022716fba0f9a5d46ae7b8a4412296847d63d96c763d49068e851e9be7542080b1	stcpr	71.510035	03ecc7d108a98480b40a85bbfadb8f477d0c3559316306dcd7ba52fa3d21dad91e	127	127	-	-	local-recv	28684434	no	3	267.5	4824	4932
5	mux-tunnels-2-t5	down	10000000	a58835c2	49221	standby	out	a58835c2>039c90460398ddf19b4dc153878599e924feb54e016bd0f7ed404d174965e31d74;f4dcb6a5>022716fba0f9a5d46ae7b8a4412296847d63d96c763d49068e851e9be7542080b1	stcpr	183.038503	039c90460398ddf19b4dc153878599e924feb54e016bd0f7ed404d174965e31d74	119	119	-	-	local-recv	f4dcb6a5	no	4	267.59	4860	4932
5	mux-tunnels-2-t5	down	10000000	4aa23edc	49222	standby	out	4aa23edc>02f65a515856df60ef5b135740b0b2bdd085da3427cc12d02405d5496a63b0b72a;90e12bb9>022716fba0f9a5d46ae7b8a4412296847d63d96c763d49068e851e9be7542080b1	stcpr	92.521003	02f65a515856df60ef5b135740b0b2bdd085da3427cc12d02405d5496a63b0b72a	119	119	-	-	local-recv	90e12bb9	no	2	266.91	4788	4932
6	mux-tunnels-2-t1	up	10000000	b414796d	49189	active	in	b414796d>022716fba0f9a5d46ae7b8a4412296847d63d96c763d49068e851e9be7542080b1	stcpr	141.137	022716fba0f9a5d46ae7b8a4412296847d63d96c763d49068e851e9be7542080b1	2925909	2208	29.0%	38.1%	local-recv	b414796d	no	12	664.24	124390518	72705716
6	mux-tunnels-2-t1	up	10000000	95839ad0	49190	active	in	95839ad0>0371ab4bcff7b121f4b91f6856d6740c6f9dc1fe716977850aeb5d84378b300a13;dc5330cf>022716fba0f9a5d46ae7b8a4412296847d63d96c763d49068e851e9be7542080b1	stcpr	50.182105	0371ab4bcff7b121f4b91f6856d6740c6f9dc1fe716977850aeb5d84378b300a13	4290268	2242	42.6%	38.7%	local-recv	dc5330cf	no	19	236.93	106608591	54580232
6	mux-tunnels-2-t1	up	10000000	fdab37dd	49191	standby	out	fdab37dd>03f57e7cf26c0764c5ab659a606add056ddf8bfad4f5bc7e8613cad05e5f228adf;7420f415>022716fba0f9a5d46ae7b8a4412296847d63d96c763d49068e851e9be7542080b1	stcpr	162.452723	03f57e7cf26c0764c5ab659a606add056ddf8bfad4f5bc7e8613cad05e5f228adf	191	191	-	-	local-recv	7420f415	no	4	241.72	4968	5004
6	mux-tunnels-2-t1	up	10000000	f1012467	49192	standby	out	f1012467>0281a102c82820e811368c8d028cf11b1a985043b726b1bcdb8fce89b27384b2cb;57c570d9>022716fba0f9a5d46ae7b8a4412296847d63d96c763d49068e851e9be7542080b1	stcpr	164.41546	0281a102c82820e811368c8d028cf11b1a985043b726b1bcdb8fce89b27384b2cb	199	199	-	-	local-recv	57c570d9	no	6	0	4968	5148
6	mux-tunnels-2-t1	up	10000000	bf9b0de8	49193	standby	out	bf9b0de8>026a913078651938783e19416a2de99c924df209e28512da2a571868c989bf3822;c2793bef>022716fba0f9a5d46ae7b8a4412296847d63d96c763d49068e851e9be7542080b1	stcpr	165.226745	026a913078651938783e19416a2de99c924df209e28512da2a571868c989bf3822	191	191	-	-	local-recv	c2793bef	no	3	251.05	4932	5004
6	mux-tunnels-2-t1	up	10000000	03f0e265	49194	standby	out	03f0e265>035f6c7648bb0034b436db7d3845f7b482e8da705ca2b4622fd9673eb60921d5e5;ca5d50b7>022716fba0f9a5d46ae7b8a4412296847d63d96c763d49068e851e9be7542080b1	stcpr	164.028859	035f6c7648bb0034b436db7d3845f7b482e8da705ca2b4622fd9673eb60921d5e5	199	199	-	-	local-recv	ca5d50b7	no	4	251.52	4968	4968
6	mux-tunnels-2-t1	up	10000000	57787a56	49195	standby	in	57787a56>039a6d1e3c237f5f05b78ec19e9f31a007f84835d7ef1e812876102281d1db74c1;505b10aa>022716fba0f9a5d46ae7b8a4412296847d63d96c763d49068e851e9be7542080b1	stcpr	155.489706	039a6d1e3c237f5f05b78ec19e9f31a007f84835d7ef1e812876102281d1db74c1	2860003	1344	28.4%	23.2%	local-recv	505b10aa	no	553	242.52	128688975	53100889
6	mux-tunnels-2-t1	up	10000000	e9e5b101	49196	standby	out	e9e5b101>03e977a4fb802e9ed2a618bf21497a1ff6a3385212b575deba39a0e419d9025494;a7457b04>022716fba0f9a5d46ae7b8a4412296847d63d96c763d49068e851e9be7542080b1	squicr	156.025082	03e977a4fb802e9ed2a618bf21497a1ff6a3385212b575deba39a0e419d9025494	199	199	-	-	local-recv	a7457b04	no	3	255.26	4932	4968
6	mux-tunnels-2-t1	up	10000000	ea69bc13	49197	standby	out	ea69bc13>03dd3a272482055da08828fafffe0cb537915a52e71c92bfc9bf3140ab0153cd7c;ce4708f1>022716fba0f9a5d46ae7b8a4412296847d63d96c763d49068e851e9be7542080b1	stcpr	163.450388	03dd3a272482055da08828fafffe0cb537915a52e71c92bfc9bf3140ab0153cd7c	191	191	-	-	local-recv	ce4708f1	no	4	251.35	4968	4932
6	mux-tunnels-2-t1	up	10000000	94729aa0	49198	standby	out	94729aa0>022d2e9ff0ab2b5ad03851b07a61c32b403570423a2b5a4567e2f4d2aabcd1119d;fa5763f3>022716fba0f9a5d46ae7b8a4412296847d63d96c763d49068e851e9be7542080b1	stcpr	62.257108	022d2e9ff0ab2b5ad03851b07a61c32b403570423a2b5a4567e2f4d2aabcd1119d	191	191	-	-	local-recv	fa5763f3	no	4	267.22	4968	4968
6	mux-tunnels-2-t1	up	10000000	c2ee64dc	49199	standby	out	c2ee64dc>02ea1b80411ef28514056466bf11d8a7b7fcdcf4a964ebd874f8bd9fd74e81eda2;1483d7b9>022716fba0f9a5d46ae7b8a4412296847d63d96c763d49068e851e9be7542080b1	stcpr	89.291471	02ea1b80411ef28514056466bf11d8a7b7fcdcf4a964ebd874f8bd9fd74e81eda2	191	191	-	-	local-recv	1483d7b9	no	4	2467.72	4968	5004
6	mux-tunnels-2-t1	up	10000000	a18cfda5	49200	standby	out	a18cfda5>032fe1b4b0bf0207c10bc99cf64be4fdc15464981554e0cd58bf66f06960cd5fcc;0601bd31>022716fba0f9a5d46ae7b8a4412296847d63d96c763d49068e851e9be7542080b1	stcpr	172.566554	032fe1b4b0bf0207c10bc99cf64be4fdc15464981554e0cd58bf66f06960cd5fcc	191	191	-	-	local-recv	0601bd31	no	5	251.37	5004	5004
6	mux-tunnels-2-t1	up	10000000	e11b656f	49201	standby	out	e11b656f>03a9a28d2a38de5342e43b88c6c138eada84e412cf1e703432c7affee73190cd88;7546a023>022716fba0f9a5d46ae7b8a4412296847d63d96c763d49068e851e9be7542080b1	stcpr	173.5621	03a9a28d2a38de5342e43b88c6c138eada84e412cf1e703432c7affee73190cd88	191	191	-	-	local-recv	7546a023	no	5	250.79	5004	5040
6	mux-tunnels-2-t1	up	10000000	e5faa6e0	49202	standby	out	e5faa6e0>02230b0a96a6f94179fab58196d3dfa1e19070faeae82d6900971462996541e774;47361294>022716fba0f9a5d46ae7b8a4412296847d63d96c763d49068e851e9be7542080b1	stcpr	167.092994	02230b0a96a6f94179fab58196d3dfa1e19070faeae82d6900971462996541e774	191	191	-	-	local-recv	47361294	no	4	251.18	4968	5040
6	mux-tunnels-2-t1	up	10000000	b71ddf99	49203	standby	out	b71ddf99>0328947fced4d4b7beb65a6ef60d579e42d7976168c292cbd6d28b5b8bdc85757f;47828219>022716fba0f9a5d46ae7b8a4412296847d63d96c763d49068e851e9be7542080b1	stcpr	167.876559	0328947fced4d4b7beb65a6ef60d579e42d7976168c292cbd6d28b5b8bdc85757f	191	191	-	-	local-recv	47828219	no	6	251.8	5040	5004
6	mux-tunnels-2-t1	up	10000000	e5f24143	49204	standby	out	e5f24143>024a37bae69d6be2ec51eeb9d2b7e99073c30153d06896032f5bd3c09ca843bdb9;a214890d>022716fba0f9a5d46ae7b8a4412296847d63d96c763d49068e851e9be7542080b1	stcpr	45.446212	024a37bae69d6be2ec51eeb9d2b7e99073c30153d06896032f5bd3c09ca843bdb9	191	191	-	-	local-recv	a214890d	no	2	2459.09	4896	5076
6	mux-tunnels-2-t1	up	10000000	97ae541b	49205	standby	out	97ae541b>03c3278fa753b5e942c8b1bfe028219520b8b713f370796e442a4d416a41e08b17;b70493f1>022716fba0f9a5d46ae7b8a4412296847d63d96c763d49068e851e9be7542080b1	stcpr	171.610165	03c3278fa753b5e942c8b1bfe028219520b8b713f370796e442a4d416a41e08b17	191	191	-	-	local-recv	b70493f1	no	4	251.86	4968	5004
6	mux-tunnels-2-t1	up	10000000	df4c1852	49206	standby	out	df4c1852>035f532aed88e89cb8822a31b71d83a14f63fabd6389e537c2426fe84031c60825;f148d779>022716fba0f9a5d46ae7b8a4412296847d63d96c763d49068e851e9be7542080b1	stcpr	166.156659	035f532aed88e89cb8822a31b71d83a14f63fabd6389e537c2426fe84031c60825	191	191	-	-	local-recv	f148d779	no	5	250.71	5004	5004
6	mux-tunnels-2-t1	up	10000000	1bb37806	49207	standby	out	1bb37806>02b3a85aee85dece633272731c2e37867a39fa9127f28233ad18ed0051184fc40a;d30e45c7>022716fba0f9a5d46ae7b8a4412296847d63d96c763d49068e851e9be7542080b1	squicr	88.079109	02b3a85aee85dece633272731c2e37867a39fa9127f28233ad18ed0051184fc40a	191	191	-	-	local-recv	d30e45c7	no	4	267.25	4896	4968
6	mux-tunnels-2-t1	up	10000000	770b2d43	49208	standby	out	770b2d43>031e6a72596e6be53c32b4d1909da233846bcef0000f72a0314072c10b9fc35d3c;91846477>022716fba0f9a5d46ae7b8a4412296847d63d96c763d49068e851e9be7542080b1	stcpr	176.881562	031e6a72596e6be53c32b4d1909da233846bcef0000f72a0314072c10b9fc35d3c	191	191	-	-	local-recv	91846477	no	5	262.38	4932	4860
6	mux-tunnels-2-t1	up	10000000	ee5902d2	49209	standby	out	ee5902d2>0397b427c1e522b768389db1fdfab3943a74e69683800fe4950af7dfb3bf66893c;2dfdb077>022716fba0f9a5d46ae7b8a4412296847d63d96c763d49068e851e9be7542080b1	stcpr	71.927274	0397b427c1e522b768389db1fdfab3943a74e69683800fe4950af7dfb3bf66893c	191	191	-	-	local-recv	2dfdb077	no	3	262.67	4860	4932
6	mux-tunnels-2-t1	up	10000000	977b7c08	49210	standby	out	977b7c08>03e977883c41fca1e63a178398c46574b7ab8d4f381266c852242f473881c32337;6f46dafc>022716fba0f9a5d46ae7b8a4412296847d63d96c763d49068e851e9be7542080b1	stcpr	179.256956	03e977883c41fca1e63a178398c46574b7ab8d4f381266c852242f473881c32337	199	199	-	-	local-recv	6f46dafc	no	6	260.96	4968	4860
6	mux-tunnels-2-t1	up	10000000	7a64a71c	49211	standby	out	7a64a71c>02f0fabacf587c096ca7e38846b16f2617cbeeeca7bd7a06e73b2030f8645dd00f;79a37fb3>022716fba0f9a5d46ae7b8a4412296847d63d96c763d49068e851e9be7542080b1	stcpr	67.929481	02f0fabacf587c096ca7e38846b16f2617cbeeeca7bd7a06e73b2030f8645dd00f	191	191	-	-	local-recv	79a37fb3	no	3	256.87	4860	5004
6	mux-tunnels-2-t1	up	10000000	062c57d2	49212	standby	out	062c57d2>03dc3488e49ded9250f3cca2827ab16f6331b7ccefdad614353c785a5fc76c1b13;2d3c4852>022716fba0f9a5d46ae7b8a4412296847d63d96c763d49068e851e9be7542080b1	stcpr	164.57686	03dc3488e49ded9250f3cca2827ab16f6331b7ccefdad614353c785a5fc76c1b13	232	232	-	-	local-recv	2d3c4852	no	5	260.51	4932	4968
6	mux-tunnels-2-t1	up	10000000	eaddf8ac	49213	standby	out	eaddf8ac>028ce3caf8a1ed3b650b7139aeb854351518149af709cf28fe9bd6376cb3403626;4112d695>022716fba0f9a5d46ae7b8a4412296847d63d96c763d49068e851e9be7542080b1	stcpr	177.237619	028ce3caf8a1ed3b650b7139aeb854351518149af709cf28fe9bd6376cb3403626	196	232	-	-	local-recv	4112d695	no	5	254.52	4932	4968
6	mux-tunnels-2-t1	up	10000000	25b03079	49214	standby	out	25b03079>02c43f7d6da81cdca65fcf41906ff321f0d9f14e4c9ab0ff8b54b8ec64cce11bf0;18e8b97b>022716fba0f9a5d46ae7b8a4412296847d63d96c763d49068e851e9be7542080b1	stcpr	75.214485	02c43f7d6da81cdca65fcf41906ff321f0d9f14e4c9ab0ff8b54b8ec64cce11bf0	199	199	-	-	local-recv	18e8b97b	no	3	2463.59	4860	5004
6	mux-tunnels-2-t1	up	10000000	88737946	49216	standby	out	88737946>039ba57e780efc89546104a134e9121f1dda0617e335eee8c3f21e4e272df93ac1;f888da30>022716fba0f9a5d46ae7b8a4412296847d63d96c763d49068e851e9be7542080b1	stcpr	56.580013	039ba57e780efc89546104a134e9121f1dda0617e335eee8c3f21e4e272df93ac1	191	175	-	-	local-recv	f888da30	no	2	283.37	4788	4968
6	mux-tunnels-2-t1	up	10000000	5157fdc8	49217	standby	out	5157fdc8>03360da779493433e9ae8e103ac1c0baf6973982f93bd3cf326e4b18f9fda666cb;2b4ccbdd>022716fba0f9a5d46ae7b8a4412296847d63d96c763d49068e851e9be7542080b1	stcpr	179.546694	03360da779493433e9ae8e103ac1c0baf6973982f93bd3cf326e4b18f9fda666cb	191	175	-	-	local-recv	2b4ccbdd	no	4	2463.56	4860	4932
6	mux-tunnels-2-t1	up	10000000	475d59a5	49219	standby	out	475d59a5>02b1d9c56928f533ea9b309f8a53ed4807ee4e0193ef3c3a0234033313feceb8f2;99a80e72>022716fba0f9a5d46ae7b8a4412296847d63d96c763d49068e851e9be7542080b1	stcpr	180.975371	02b1d9c56928f533ea9b309f8a53ed4807ee4e0193ef3c3a0234033313feceb8f2	191	191	-	-	local-recv	99a80e72	no	4	259.56	4860	4824
6	mux-tunnels-2-t1	up	10000000	696629b6	49220	standby	out	696629b6>03ecc7d108a98480b40a85bbfadb8f477d0c3559316306dcd7ba52fa3d21dad91e;28684434>022716fba0f9a5d46ae7b8a4412296847d63d96c763d49068e851e9be7542080b1	stcpr	71.510035	03ecc7d108a98480b40a85bbfadb8f477d0c3559316306dcd7ba52fa3d21dad91e	191	191	-	-	local-recv	28684434	no	3	267.5	4824	4932
6	mux-tunnels-2-t1	up	10000000	a58835c2	49221	standby	out	a58835c2>039c90460398ddf19b4dc153878599e924feb54e016bd0f7ed404d174965e31d74;f4dcb6a5>022716fba0f9a5d46ae7b8a4412296847d63d96c763d49068e851e9be7542080b1	stcpr	183.038503	039c90460398ddf19b4dc153878599e924feb54e016bd0f7ed404d174965e31d74	159	159	-	-	local-recv	f4dcb6a5	no	4	267.59	4860	4932
6	mux-tunnels-2-t1	up	10000000	4aa23edc	49222	standby	out	4aa23edc>02f65a515856df60ef5b135740b0b2bdd085da3427cc12d02405d5496a63b0b72a;90e12bb9>022716fba0f9a5d46ae7b8a4412296847d63d96c763d49068e851e9be7542080b1	stcpr	92.521003	02f65a515856df60ef5b135740b0b2bdd085da3427cc12d02405d5496a63b0b72a	191	175	-	-	local-recv	90e12bb9	no	2	266.91	4788	4932
7	mux-tunnels-2-t2	up	10000000	b414796d	49189	active	in	b414796d>022716fba0f9a5d46ae7b8a4412296847d63d96c763d49068e851e9be7542080b1	stcpr	141.137	022716fba0f9a5d46ae7b8a4412296847d63d96c763d49068e851e9be7542080b1	2859932	1446	28.6%	29.9%	local-recv	b414796d	no	12	664.24	124390518	72705716
7	mux-tunnels-2-t2	up	10000000	95839ad0	49190	active	in	95839ad0>0371ab4bcff7b121f4b91f6856d6740c6f9dc1fe716977850aeb5d84378b300a13;dc5330cf>022716fba0f9a5d46ae7b8a4412296847d63d96c763d49068e851e9be7542080b1	stcpr	50.182105	0371ab4bcff7b121f4b91f6856d6740c6f9dc1fe716977850aeb5d84378b300a13	4289915	1862	42.9%	38.5%	local-recv	dc5330cf	no	19	236.93	106608591	54580232
7	mux-tunnels-2-t2	up	10000000	fdab37dd	49191	standby	out	fdab37dd>03f57e7cf26c0764c5ab659a606add056ddf8bfad4f5bc7e8613cad05e5f228adf;7420f415>022716fba0f9a5d46ae7b8a4412296847d63d96c763d49068e851e9be7542080b1	stcpr	162.452723	03f57e7cf26c0764c5ab659a606add056ddf8bfad4f5bc7e8613cad05e5f228adf	158	158	-	-	local-recv	7420f415	no	4	241.72	4968	5004
7	mux-tunnels-2-t2	up	10000000	f1012467	49192	standby	out	f1012467>0281a102c82820e811368c8d028cf11b1a985043b726b1bcdb8fce89b27384b2cb;57c570d9>022716fba0f9a5d46ae7b8a4412296847d63d96c763d49068e851e9be7542080b1	stcpr	164.41546	0281a102c82820e811368c8d028cf11b1a985043b726b1bcdb8fce89b27384b2cb	158	158	-	-	local-recv	57c570d9	no	6	0	4968	5148
7	mux-tunnels-2-t2	up	10000000	bf9b0de8	49193	standby	out	bf9b0de8>026a913078651938783e19416a2de99c924df209e28512da2a571868c989bf3822;c2793bef>022716fba0f9a5d46ae7b8a4412296847d63d96c763d49068e851e9be7542080b1	stcpr	165.226745	026a913078651938783e19416a2de99c924df209e28512da2a571868c989bf3822	158	158	-	-	local-recv	c2793bef	no	3	251.05	4932	5004
7	mux-tunnels-2-t2	up	10000000	03f0e265	49194	standby	out	03f0e265>035f6c7648bb0034b436db7d3845f7b482e8da705ca2b4622fd9673eb60921d5e5;ca5d50b7>022716fba0f9a5d46ae7b8a4412296847d63d96c763d49068e851e9be7542080b1	stcpr	164.028859	035f6c7648bb0034b436db7d3845f7b482e8da705ca2b4622fd9673eb60921d5e5	158	158	-	-	local-recv	ca5d50b7	no	4	251.52	4968	4968
7	mux-tunnels-2-t2	up	10000000	57787a56	49195	standby	in	57787a56>039a6d1e3c237f5f05b78ec19e9f31a007f84835d7ef1e812876102281d1db74c1;505b10aa>022716fba0f9a5d46ae7b8a4412296847d63d96c763d49068e851e9be7542080b1	stcpr	155.489706	039a6d1e3c237f5f05b78ec19e9f31a007f84835d7ef1e812876102281d1db74c1	2860126	1527	28.6%	31.6%	local-recv	505b10aa	no	553	242.52	128688975	53100889
7	mux-tunnels-2-t2	up	10000000	e9e5b101	49196	standby	out	e9e5b101>03e977a4fb802e9ed2a618bf21497a1ff6a3385212b575deba39a0e419d9025494;a7457b04>022716fba0f9a5d46ae7b8a4412296847d63d96c763d49068e851e9be7542080b1	squicr	156.025082	03e977a4fb802e9ed2a618bf21497a1ff6a3385212b575deba39a0e419d9025494	158	158	-	-	local-recv	a7457b04	no	3	255.26	4932	4968
7	mux-tunnels-2-t2	up	10000000	ea69bc13	49197	standby	out	ea69bc13>03dd3a272482055da08828fafffe0cb537915a52e71c92bfc9bf3140ab0153cd7c;ce4708f1>022716fba0f9a5d46ae7b8a4412296847d63d96c763d49068e851e9be7542080b1	stcpr	163.450388	03dd3a272482055da08828fafffe0cb537915a52e71c92bfc9bf3140ab0153cd7c	122	158	-	-	local-recv	ce4708f1	no	4	251.35	4968	4932
7	mux-tunnels-2-t2	up	10000000	94729aa0	49198	standby	out	94729aa0>022d2e9ff0ab2b5ad03851b07a61c32b403570423a2b5a4567e2f4d2aabcd1119d;fa5763f3>022716fba0f9a5d46ae7b8a4412296847d63d96c763d49068e851e9be7542080b1	stcpr	62.257108	022d2e9ff0ab2b5ad03851b07a61c32b403570423a2b5a4567e2f4d2aabcd1119d	117	117	-	-	local-recv	fa5763f3	no	4	267.22	4968	4968
7	mux-tunnels-2-t2	up	10000000	c2ee64dc	49199	standby	out	c2ee64dc>02ea1b80411ef28514056466bf11d8a7b7fcdcf4a964ebd874f8bd9fd74e81eda2;1483d7b9>022716fba0f9a5d46ae7b8a4412296847d63d96c763d49068e851e9be7542080b1	stcpr	89.291471	02ea1b80411ef28514056466bf11d8a7b7fcdcf4a964ebd874f8bd9fd74e81eda2	196	151929	-	-	local-recv	1483d7b9	no	4	2467.72	4968	5004
7	mux-tunnels-2-t2	up	10000000	a18cfda5	49200	standby	out	a18cfda5>032fe1b4b0bf0207c10bc99cf64be4fdc15464981554e0cd58bf66f06960cd5fcc;0601bd31>022716fba0f9a5d46ae7b8a4412296847d63d96c763d49068e851e9be7542080b1	stcpr	172.566554	032fe1b4b0bf0207c10bc99cf64be4fdc15464981554e0cd58bf66f06960cd5fcc	117	117	-	-	local-recv	0601bd31	no	5	251.37	5004	5004
7	mux-tunnels-2-t2	up	10000000	e11b656f	49201	standby	out	e11b656f>03a9a28d2a38de5342e43b88c6c138eada84e412cf1e703432c7affee73190cd88;7546a023>022716fba0f9a5d46ae7b8a4412296847d63d96c763d49068e851e9be7542080b1	stcpr	173.5621	03a9a28d2a38de5342e43b88c6c138eada84e412cf1e703432c7affee73190cd88	153	117	-	-	local-recv	7546a023	no	5	250.79	5004	5040
7	mux-tunnels-2-t2	up	10000000	e5faa6e0	49202	standby	out	e5faa6e0>02230b0a96a6f94179fab58196d3dfa1e19070faeae82d6900971462996541e774;47361294>022716fba0f9a5d46ae7b8a4412296847d63d96c763d49068e851e9be7542080b1	stcpr	167.092994	02230b0a96a6f94179fab58196d3dfa1e19070faeae82d6900971462996541e774	158	158	-	-	local-recv	47361294	no	4	251.18	4968	5040
7	mux-tunnels-2-t2	up	10000000	b71ddf99	49203	standby	out	b71ddf99>0328947fced4d4b7beb65a6ef60d579e42d7976168c292cbd6d28b5b8bdc85757f;47828219>022716fba0f9a5d46ae7b8a4412296847d63d96c763d49068e851e9be7542080b1	stcpr	167.876559	0328947fced4d4b7beb65a6ef60d579e42d7976168c292cbd6d28b5b8bdc85757f	166	166	-	-	local-recv	47828219	no	6	251.8	5040	5004
7	mux-tunnels-2-t2	up	10000000	e5f24143	49204	standby	out	e5f24143>024a37bae69d6be2ec51eeb9d2b7e99073c30153d06896032f5bd3c09ca843bdb9;a214890d>022716fba0f9a5d46ae7b8a4412296847d63d96c763d49068e851e9be7542080b1	stcpr	45.446212	024a37bae69d6be2ec51eeb9d2b7e99073c30153d06896032f5bd3c09ca843bdb9	166	166	-	-	local-recv	a214890d	no	2	2459.09	4896	5076
7	mux-tunnels-2-t2	up	10000000	97ae541b	49205	standby	out	97ae541b>03c3278fa753b5e942c8b1bfe028219520b8b713f370796e442a4d416a41e08b17;b70493f1>022716fba0f9a5d46ae7b8a4412296847d63d96c763d49068e851e9be7542080b1	stcpr	171.610165	03c3278fa753b5e942c8b1bfe028219520b8b713f370796e442a4d416a41e08b17	158	158	-	-	local-recv	b70493f1	no	4	251.86	4968	5004
7	mux-tunnels-2-t2	up	10000000	df4c1852	49206	standby	out	df4c1852>035f532aed88e89cb8822a31b71d83a14f63fabd6389e537c2426fe84031c60825;f148d779>022716fba0f9a5d46ae7b8a4412296847d63d96c763d49068e851e9be7542080b1	stcpr	166.156659	035f532aed88e89cb8822a31b71d83a14f63fabd6389e537c2426fe84031c60825	158	158	-	-	local-recv	f148d779	no	5	250.71	5004	5004
7	mux-tunnels-2-t2	up	10000000	1bb37806	49207	standby	out	1bb37806>02b3a85aee85dece633272731c2e37867a39fa9127f28233ad18ed0051184fc40a;d30e45c7>022716fba0f9a5d46ae7b8a4412296847d63d96c763d49068e851e9be7542080b1	squicr	88.079109	02b3a85aee85dece633272731c2e37867a39fa9127f28233ad18ed0051184fc40a	158	158	-	-	local-recv	d30e45c7	no	4	267.25	4896	4968
7	mux-tunnels-2-t2	up	10000000	770b2d43	49208	standby	out	770b2d43>031e6a72596e6be53c32b4d1909da233846bcef0000f72a0314072c10b9fc35d3c;91846477>022716fba0f9a5d46ae7b8a4412296847d63d96c763d49068e851e9be7542080b1	stcpr	176.881562	031e6a72596e6be53c32b4d1909da233846bcef0000f72a0314072c10b9fc35d3c	166	166	-	-	local-recv	91846477	no	5	262.38	4932	4860
7	mux-tunnels-2-t2	up	10000000	ee5902d2	49209	standby	out	ee5902d2>0397b427c1e522b768389db1fdfab3943a74e69683800fe4950af7dfb3bf66893c;2dfdb077>022716fba0f9a5d46ae7b8a4412296847d63d96c763d49068e851e9be7542080b1	stcpr	71.927274	0397b427c1e522b768389db1fdfab3943a74e69683800fe4950af7dfb3bf66893c	166	166	-	-	local-recv	2dfdb077	no	3	262.67	4860	4932
7	mux-tunnels-2-t2	up	10000000	977b7c08	49210	standby	out	977b7c08>03e977883c41fca1e63a178398c46574b7ab8d4f381266c852242f473881c32337;6f46dafc>022716fba0f9a5d46ae7b8a4412296847d63d96c763d49068e851e9be7542080b1	stcpr	179.256956	03e977883c41fca1e63a178398c46574b7ab8d4f381266c852242f473881c32337	158	158	-	-	local-recv	6f46dafc	no	6	260.96	4968	4860
7	mux-tunnels-2-t2	up	10000000	7a64a71c	49211	standby	out	7a64a71c>02f0fabacf587c096ca7e38846b16f2617cbeeeca7bd7a06e73b2030f8645dd00f;79a37fb3>022716fba0f9a5d46ae7b8a4412296847d63d96c763d49068e851e9be7542080b1	stcpr	67.929481	02f0fabacf587c096ca7e38846b16f2617cbeeeca7bd7a06e73b2030f8645dd00f	166	166	-	-	local-recv	79a37fb3	no	3	256.87	4860	5004
7	mux-tunnels-2-t2	up	10000000	062c57d2	49212	standby	out	062c57d2>03dc3488e49ded9250f3cca2827ab16f6331b7ccefdad614353c785a5fc76c1b13;2d3c4852>022716fba0f9a5d46ae7b8a4412296847d63d96c763d49068e851e9be7542080b1	stcpr	164.57686	03dc3488e49ded9250f3cca2827ab16f6331b7ccefdad614353c785a5fc76c1b13	166	166	-	-	local-recv	2d3c4852	no	5	260.51	4932	4968
7	mux-tunnels-2-t2	up	10000000	eaddf8ac	49213	standby	out	eaddf8ac>028ce3caf8a1ed3b650b7139aeb854351518149af709cf28fe9bd6376cb3403626;4112d695>022716fba0f9a5d46ae7b8a4412296847d63d96c763d49068e851e9be7542080b1	stcpr	177.237619	028ce3caf8a1ed3b650b7139aeb854351518149af709cf28fe9bd6376cb3403626	158	158	-	-	local-recv	4112d695	no	5	254.52	4932	4968
7	mux-tunnels-2-t2	up	10000000	25b03079	49214	standby	out	25b03079>02c43f7d6da81cdca65fcf41906ff321f0d9f14e4c9ab0ff8b54b8ec64cce11bf0;18e8b97b>022716fba0f9a5d46ae7b8a4412296847d63d96c763d49068e851e9be7542080b1	stcpr	75.214485	02c43f7d6da81cdca65fcf41906ff321f0d9f14e4c9ab0ff8b54b8ec64cce11bf0	158	158	-	-	local-recv	18e8b97b	no	3	2463.59	4860	5004
7	mux-tunnels-2-t2	up	10000000	88737946	49216	standby	out	88737946>039ba57e780efc89546104a134e9121f1dda0617e335eee8c3f21e4e272df93ac1;f888da30>022716fba0f9a5d46ae7b8a4412296847d63d96c763d49068e851e9be7542080b1	stcpr	56.580013	039ba57e780efc89546104a134e9121f1dda0617e335eee8c3f21e4e272df93ac1	158	158	-	-	local-recv	f888da30	no	2	283.37	4788	4968
7	mux-tunnels-2-t2	up	10000000	5157fdc8	49217	standby	out	5157fdc8>03360da779493433e9ae8e103ac1c0baf6973982f93bd3cf326e4b18f9fda666cb;2b4ccbdd>022716fba0f9a5d46ae7b8a4412296847d63d96c763d49068e851e9be7542080b1	stcpr	179.546694	03360da779493433e9ae8e103ac1c0baf6973982f93bd3cf326e4b18f9fda666cb	158	158	-	-	local-recv	2b4ccbdd	no	4	2463.56	4860	4932
7	mux-tunnels-2-t2	up	10000000	475d59a5	49219	standby	out	475d59a5>02b1d9c56928f533ea9b309f8a53ed4807ee4e0193ef3c3a0234033313feceb8f2;99a80e72>022716fba0f9a5d46ae7b8a4412296847d63d96c763d49068e851e9be7542080b1	stcpr	180.975371	02b1d9c56928f533ea9b309f8a53ed4807ee4e0193ef3c3a0234033313feceb8f2	158	158	-	-	local-recv	99a80e72	no	4	259.56	4860	4824
7	mux-tunnels-2-t2	up	10000000	696629b6	49220	standby	out	696629b6>03ecc7d108a98480b40a85bbfadb8f477d0c3559316306dcd7ba52fa3d21dad91e;28684434>022716fba0f9a5d46ae7b8a4412296847d63d96c763d49068e851e9be7542080b1	stcpr	71.510035	03ecc7d108a98480b40a85bbfadb8f477d0c3559316306dcd7ba52fa3d21dad91e	166	166	-	-	local-recv	28684434	no	3	267.5	4824	4932
7	mux-tunnels-2-t2	up	10000000	a58835c2	49221	standby	out	a58835c2>039c90460398ddf19b4dc153878599e924feb54e016bd0f7ed404d174965e31d74;f4dcb6a5>022716fba0f9a5d46ae7b8a4412296847d63d96c763d49068e851e9be7542080b1	stcpr	183.038503	039c90460398ddf19b4dc153878599e924feb54e016bd0f7ed404d174965e31d74	158	158	-	-	local-recv	f4dcb6a5	no	4	267.59	4860	4932
7	mux-tunnels-2-t2	up	10000000	4aa23edc	49222	standby	out	4aa23edc>02f65a515856df60ef5b135740b0b2bdd085da3427cc12d02405d5496a63b0b72a;90e12bb9>022716fba0f9a5d46ae7b8a4412296847d63d96c763d49068e851e9be7542080b1	stcpr	92.521003	02f65a515856df60ef5b135740b0b2bdd085da3427cc12d02405d5496a63b0b72a	194	158	-	-	local-recv	90e12bb9	no	2	266.91	4788	4932
8	mux-tunnels-2-t3	up	10000000	b414796d	49189	active	in	b414796d>022716fba0f9a5d46ae7b8a4412296847d63d96c763d49068e851e9be7542080b1	stcpr	141.137	022716fba0f9a5d46ae7b8a4412296847d63d96c763d49068e851e9be7542080b1	4289843	2048	42.9%	42.8%	local-recv	b414796d	no	12	664.24	124390518	72705716
8	mux-tunnels-2-t3	up	10000000	95839ad0	49190	active	in	95839ad0>0371ab4bcff7b121f4b91f6856d6740c6f9dc1fe716977850aeb5d84378b300a13;dc5330cf>022716fba0f9a5d46ae7b8a4412296847d63d96c763d49068e851e9be7542080b1	stcpr	50.182105	0371ab4bcff7b121f4b91f6856d6740c6f9dc1fe716977850aeb5d84378b300a13	4289857	1800	42.9%	37.6%	local-recv	dc5330cf	no	19	236.93	106608591	54580232
8	mux-tunnels-2-t3	up	10000000	fdab37dd	49191	standby	out	fdab37dd>03f57e7cf26c0764c5ab659a606add056ddf8bfad4f5bc7e8613cad05e5f228adf;7420f415>022716fba0f9a5d46ae7b8a4412296847d63d96c763d49068e851e9be7542080b1	stcpr	162.452723	03f57e7cf26c0764c5ab659a606add056ddf8bfad4f5bc7e8613cad05e5f228adf	118	118	-	-	local-recv	7420f415	no	4	241.72	4968	5004
8	mux-tunnels-2-t3	up	10000000	f1012467	49192	standby	out	f1012467>0281a102c82820e811368c8d028cf11b1a985043b726b1bcdb8fce89b27384b2cb;57c570d9>022716fba0f9a5d46ae7b8a4412296847d63d96c763d49068e851e9be7542080b1	stcpr	164.41546	0281a102c82820e811368c8d028cf11b1a985043b726b1bcdb8fce89b27384b2cb	118	118	-	-	local-recv	57c570d9	no	6	0	4968	5148
8	mux-tunnels-2-t3	up	10000000	bf9b0de8	49193	standby	out	bf9b0de8>026a913078651938783e19416a2de99c924df209e28512da2a571868c989bf3822;c2793bef>022716fba0f9a5d46ae7b8a4412296847d63d96c763d49068e851e9be7542080b1	stcpr	165.226745	026a913078651938783e19416a2de99c924df209e28512da2a571868c989bf3822	118	118	-	-	local-recv	c2793bef	no	3	251.05	4932	5004
8	mux-tunnels-2-t3	up	10000000	03f0e265	49194	standby	out	03f0e265>035f6c7648bb0034b436db7d3845f7b482e8da705ca2b4622fd9673eb60921d5e5;ca5d50b7>022716fba0f9a5d46ae7b8a4412296847d63d96c763d49068e851e9be7542080b1	stcpr	164.028859	035f6c7648bb0034b436db7d3845f7b482e8da705ca2b4622fd9673eb60921d5e5	118	118	-	-	local-recv	ca5d50b7	no	4	251.52	4968	4968
8	mux-tunnels-2-t3	up	10000000	57787a56	49195	standby	in	57787a56>039a6d1e3c237f5f05b78ec19e9f31a007f84835d7ef1e812876102281d1db74c1;505b10aa>022716fba0f9a5d46ae7b8a4412296847d63d96c763d49068e851e9be7542080b1	stcpr	155.489706	039a6d1e3c237f5f05b78ec19e9f31a007f84835d7ef1e812876102281d1db74c1	1430175	933	14.3%	19.5%	local-recv	505b10aa	no	553	242.52	128688975	53100889
8	mux-tunnels-2-t3	up	10000000	e9e5b101	49196	standby	out	e9e5b101>03e977a4fb802e9ed2a618bf21497a1ff6a3385212b575deba39a0e419d9025494;a7457b04>022716fba0f9a5d46ae7b8a4412296847d63d96c763d49068e851e9be7542080b1	squicr	156.025082	03e977a4fb802e9ed2a618bf21497a1ff6a3385212b575deba39a0e419d9025494	118	118	-	-	local-recv	a7457b04	no	3	255.26	4932	4968
8	mux-tunnels-2-t3	up	10000000	ea69bc13	49197	standby	out	ea69bc13>03dd3a272482055da08828fafffe0cb537915a52e71c92bfc9bf3140ab0153cd7c;ce4708f1>022716fba0f9a5d46ae7b8a4412296847d63d96c763d49068e851e9be7542080b1	stcpr	163.450388	03dd3a272482055da08828fafffe0cb537915a52e71c92bfc9bf3140ab0153cd7c	118	118	-	-	local-recv	ce4708f1	no	4	251.35	4968	4932
8	mux-tunnels-2-t3	up	10000000	94729aa0	49198	standby	out	94729aa0>022d2e9ff0ab2b5ad03851b07a61c32b403570423a2b5a4567e2f4d2aabcd1119d;fa5763f3>022716fba0f9a5d46ae7b8a4412296847d63d96c763d49068e851e9be7542080b1	stcpr	62.257108	022d2e9ff0ab2b5ad03851b07a61c32b403570423a2b5a4567e2f4d2aabcd1119d	46	118	-	-	local-recv	fa5763f3	no	4	267.22	4968	4968
8	mux-tunnels-2-t3	up	10000000	c2ee64dc	49199	standby	out	c2ee64dc>02ea1b80411ef28514056466bf11d8a7b7fcdcf4a964ebd874f8bd9fd74e81eda2;1483d7b9>022716fba0f9a5d46ae7b8a4412296847d63d96c763d49068e851e9be7542080b1	stcpr	89.291471	02ea1b80411ef28514056466bf11d8a7b7fcdcf4a964ebd874f8bd9fd74e81eda2	41	41	-	-	local-recv	1483d7b9	no	4	2467.72	4968	5004
8	mux-tunnels-2-t3	up	10000000	a18cfda5	49200	standby	out	a18cfda5>032fe1b4b0bf0207c10bc99cf64be4fdc15464981554e0cd58bf66f06960cd5fcc;0601bd31>022716fba0f9a5d46ae7b8a4412296847d63d96c763d49068e851e9be7542080b1	stcpr	172.566554	032fe1b4b0bf0207c10bc99cf64be4fdc15464981554e0cd58bf66f06960cd5fcc	41	41	-	-	local-recv	0601bd31	no	5	251.37	5004	5004
8	mux-tunnels-2-t3	up	10000000	e11b656f	49201	standby	out	e11b656f>03a9a28d2a38de5342e43b88c6c138eada84e412cf1e703432c7affee73190cd88;7546a023>022716fba0f9a5d46ae7b8a4412296847d63d96c763d49068e851e9be7542080b1	stcpr	173.5621	03a9a28d2a38de5342e43b88c6c138eada84e412cf1e703432c7affee73190cd88	41	41	-	-	local-recv	7546a023	no	5	250.79	5004	5040
8	mux-tunnels-2-t3	up	10000000	e5faa6e0	49202	standby	out	e5faa6e0>02230b0a96a6f94179fab58196d3dfa1e19070faeae82d6900971462996541e774;47361294>022716fba0f9a5d46ae7b8a4412296847d63d96c763d49068e851e9be7542080b1	stcpr	167.092994	02230b0a96a6f94179fab58196d3dfa1e19070faeae82d6900971462996541e774	41	41	-	-	local-recv	47361294	no	4	251.18	4968	5040
8	mux-tunnels-2-t3	up	10000000	b71ddf99	49203	standby	out	b71ddf99>0328947fced4d4b7beb65a6ef60d579e42d7976168c292cbd6d28b5b8bdc85757f;47828219>022716fba0f9a5d46ae7b8a4412296847d63d96c763d49068e851e9be7542080b1	stcpr	167.876559	0328947fced4d4b7beb65a6ef60d579e42d7976168c292cbd6d28b5b8bdc85757f	41	41	-	-	local-recv	47828219	no	6	251.8	5040	5004
8	mux-tunnels-2-t3	up	10000000	e5f24143	49204	standby	out	e5f24143>024a37bae69d6be2ec51eeb9d2b7e99073c30153d06896032f5bd3c09ca843bdb9;a214890d>022716fba0f9a5d46ae7b8a4412296847d63d96c763d49068e851e9be7542080b1	stcpr	45.446212	024a37bae69d6be2ec51eeb9d2b7e99073c30153d06896032f5bd3c09ca843bdb9	41	41	-	-	local-recv	a214890d	no	2	2459.09	4896	5076
8	mux-tunnels-2-t3	up	10000000	97ae541b	49205	standby	out	97ae541b>03c3278fa753b5e942c8b1bfe028219520b8b713f370796e442a4d416a41e08b17;b70493f1>022716fba0f9a5d46ae7b8a4412296847d63d96c763d49068e851e9be7542080b1	stcpr	171.610165	03c3278fa753b5e942c8b1bfe028219520b8b713f370796e442a4d416a41e08b17	41	41	-	-	local-recv	b70493f1	no	4	251.86	4968	5004
8	mux-tunnels-2-t3	up	10000000	df4c1852	49206	standby	out	df4c1852>035f532aed88e89cb8822a31b71d83a14f63fabd6389e537c2426fe84031c60825;f148d779>022716fba0f9a5d46ae7b8a4412296847d63d96c763d49068e851e9be7542080b1	stcpr	166.156659	035f532aed88e89cb8822a31b71d83a14f63fabd6389e537c2426fe84031c60825	49	49	-	-	local-recv	f148d779	no	5	250.71	5004	5004
8	mux-tunnels-2-t3	up	10000000	1bb37806	49207	standby	out	1bb37806>02b3a85aee85dece633272731c2e37867a39fa9127f28233ad18ed0051184fc40a;d30e45c7>022716fba0f9a5d46ae7b8a4412296847d63d96c763d49068e851e9be7542080b1	squicr	88.079109	02b3a85aee85dece633272731c2e37867a39fa9127f28233ad18ed0051184fc40a	41	41	-	-	local-recv	d30e45c7	no	4	267.25	4896	4968
8	mux-tunnels-2-t3	up	10000000	770b2d43	49208	standby	out	770b2d43>031e6a72596e6be53c32b4d1909da233846bcef0000f72a0314072c10b9fc35d3c;91846477>022716fba0f9a5d46ae7b8a4412296847d63d96c763d49068e851e9be7542080b1	stcpr	176.881562	031e6a72596e6be53c32b4d1909da233846bcef0000f72a0314072c10b9fc35d3c	77	41	-	-	local-recv	91846477	no	5	262.38	4932	4860
8	mux-tunnels-2-t3	up	10000000	ee5902d2	49209	standby	out	ee5902d2>0397b427c1e522b768389db1fdfab3943a74e69683800fe4950af7dfb3bf66893c;2dfdb077>022716fba0f9a5d46ae7b8a4412296847d63d96c763d49068e851e9be7542080b1	stcpr	71.927274	0397b427c1e522b768389db1fdfab3943a74e69683800fe4950af7dfb3bf66893c	82	82	-	-	local-recv	2dfdb077	no	3	262.67	4860	4932
8	mux-tunnels-2-t3	up	10000000	977b7c08	49210	standby	out	977b7c08>03e977883c41fca1e63a178398c46574b7ab8d4f381266c852242f473881c32337;6f46dafc>022716fba0f9a5d46ae7b8a4412296847d63d96c763d49068e851e9be7542080b1	stcpr	179.256956	03e977883c41fca1e63a178398c46574b7ab8d4f381266c852242f473881c32337	82	82	-	-	local-recv	6f46dafc	no	6	260.96	4968	4860
8	mux-tunnels-2-t3	up	10000000	7a64a71c	49211	standby	out	7a64a71c>02f0fabacf587c096ca7e38846b16f2617cbeeeca7bd7a06e73b2030f8645dd00f;79a37fb3>022716fba0f9a5d46ae7b8a4412296847d63d96c763d49068e851e9be7542080b1	stcpr	67.929481	02f0fabacf587c096ca7e38846b16f2617cbeeeca7bd7a06e73b2030f8645dd00f	82	82	-	-	local-recv	79a37fb3	no	3	256.87	4860	5004
8	mux-tunnels-2-t3	up	10000000	062c57d2	49212	standby	out	062c57d2>03dc3488e49ded9250f3cca2827ab16f6331b7ccefdad614353c785a5fc76c1b13;2d3c4852>022716fba0f9a5d46ae7b8a4412296847d63d96c763d49068e851e9be7542080b1	stcpr	164.57686	03dc3488e49ded9250f3cca2827ab16f6331b7ccefdad614353c785a5fc76c1b13	82	82	-	-	local-recv	2d3c4852	no	5	260.51	4932	4968
8	mux-tunnels-2-t3	up	10000000	eaddf8ac	49213	standby	out	eaddf8ac>028ce3caf8a1ed3b650b7139aeb854351518149af709cf28fe9bd6376cb3403626;4112d695>022716fba0f9a5d46ae7b8a4412296847d63d96c763d49068e851e9be7542080b1	stcpr	177.237619	028ce3caf8a1ed3b650b7139aeb854351518149af709cf28fe9bd6376cb3403626	82	82	-	-	local-recv	4112d695	no	5	254.52	4932	4968
8	mux-tunnels-2-t3	up	10000000	25b03079	49214	standby	out	25b03079>02c43f7d6da81cdca65fcf41906ff321f0d9f14e4c9ab0ff8b54b8ec64cce11bf0;18e8b97b>022716fba0f9a5d46ae7b8a4412296847d63d96c763d49068e851e9be7542080b1	stcpr	75.214485	02c43f7d6da81cdca65fcf41906ff321f0d9f14e4c9ab0ff8b54b8ec64cce11bf0	82	82	-	-	local-recv	18e8b97b	no	3	2463.59	4860	5004
8	mux-tunnels-2-t3	up	10000000	88737946	49216	standby	out	88737946>039ba57e780efc89546104a134e9121f1dda0617e335eee8c3f21e4e272df93ac1;f888da30>022716fba0f9a5d46ae7b8a4412296847d63d96c763d49068e851e9be7542080b1	stcpr	56.580013	039ba57e780efc89546104a134e9121f1dda0617e335eee8c3f21e4e272df93ac1	82	82	-	-	local-recv	f888da30	no	2	283.37	4788	4968
8	mux-tunnels-2-t3	up	10000000	5157fdc8	49217	standby	out	5157fdc8>03360da779493433e9ae8e103ac1c0baf6973982f93bd3cf326e4b18f9fda666cb;2b4ccbdd>022716fba0f9a5d46ae7b8a4412296847d63d96c763d49068e851e9be7542080b1	stcpr	179.546694	03360da779493433e9ae8e103ac1c0baf6973982f93bd3cf326e4b18f9fda666cb	82	82	-	-	local-recv	2b4ccbdd	no	4	2463.56	4860	4932
8	mux-tunnels-2-t3	up	10000000	475d59a5	49219	standby	out	475d59a5>02b1d9c56928f533ea9b309f8a53ed4807ee4e0193ef3c3a0234033313feceb8f2;99a80e72>022716fba0f9a5d46ae7b8a4412296847d63d96c763d49068e851e9be7542080b1	stcpr	180.975371	02b1d9c56928f533ea9b309f8a53ed4807ee4e0193ef3c3a0234033313feceb8f2	82	82	-	-	local-recv	99a80e72	no	4	259.56	4860	4824
8	mux-tunnels-2-t3	up	10000000	696629b6	49220	standby	out	696629b6>03ecc7d108a98480b40a85bbfadb8f477d0c3559316306dcd7ba52fa3d21dad91e;28684434>022716fba0f9a5d46ae7b8a4412296847d63d96c763d49068e851e9be7542080b1	stcpr	71.510035	03ecc7d108a98480b40a85bbfadb8f477d0c3559316306dcd7ba52fa3d21dad91e	82	82	-	-	local-recv	28684434	no	3	267.5	4824	4932
8	mux-tunnels-2-t3	up	10000000	a58835c2	49221	standby	out	a58835c2>039c90460398ddf19b4dc153878599e924feb54e016bd0f7ed404d174965e31d74;f4dcb6a5>022716fba0f9a5d46ae7b8a4412296847d63d96c763d49068e851e9be7542080b1	stcpr	183.038503	039c90460398ddf19b4dc153878599e924feb54e016bd0f7ed404d174965e31d74	82	82	-	-	local-recv	f4dcb6a5	no	4	267.59	4860	4932
8	mux-tunnels-2-t3	up	10000000	4aa23edc	49222	standby	out	4aa23edc>02f65a515856df60ef5b135740b0b2bdd085da3427cc12d02405d5496a63b0b72a;90e12bb9>022716fba0f9a5d46ae7b8a4412296847d63d96c763d49068e851e9be7542080b1	stcpr	92.521003	02f65a515856df60ef5b135740b0b2bdd085da3427cc12d02405d5496a63b0b72a	82	82	-	-	local-recv	90e12bb9	no	2	266.91	4788	4932
9	mux-tunnels-2-t1	down	50000000	b414796d	49189	active	in	b414796d>022716fba0f9a5d46ae7b8a4412296847d63d96c763d49068e851e9be7542080b1	stcpr	141.137	022716fba0f9a5d46ae7b8a4412296847d63d96c763d49068e851e9be7542080b1	2215	20000185	38.6%	39.7%	local-recv	b414796d	no	12	664.24	124390518	72705716
9	mux-tunnels-2-t1	down	50000000	95839ad0	49190	active	in	95839ad0>0371ab4bcff7b121f4b91f6856d6740c6f9dc1fe716977850aeb5d84378b300a13;dc5330cf>022716fba0f9a5d46ae7b8a4412296847d63d96c763d49068e851e9be7542080b1	stcpr	50.182105	0371ab4bcff7b121f4b91f6856d6740c6f9dc1fe716977850aeb5d84378b300a13	964	8000098	16.8%	15.9%	local-recv	dc5330cf	no	19	236.93	106608591	54580232
9	mux-tunnels-2-t1	down	50000000	fdab37dd	49191	standby	out	fdab37dd>03f57e7cf26c0764c5ab659a606add056ddf8bfad4f5bc7e8613cad05e5f228adf;7420f415>022716fba0f9a5d46ae7b8a4412296847d63d96c763d49068e851e9be7542080b1	stcpr	162.452723	03f57e7cf26c0764c5ab659a606add056ddf8bfad4f5bc7e8613cad05e5f228adf	154	154	-	-	local-recv	7420f415	no	4	241.72	4968	5004
9	mux-tunnels-2-t1	down	50000000	f1012467	49192	standby	out	f1012467>0281a102c82820e811368c8d028cf11b1a985043b726b1bcdb8fce89b27384b2cb;57c570d9>022716fba0f9a5d46ae7b8a4412296847d63d96c763d49068e851e9be7542080b1	stcpr	164.41546	0281a102c82820e811368c8d028cf11b1a985043b726b1bcdb8fce89b27384b2cb	159	159	-	-	local-recv	57c570d9	no	6	0	4968	5148
9	mux-tunnels-2-t1	down	50000000	bf9b0de8	49193	standby	out	bf9b0de8>026a913078651938783e19416a2de99c924df209e28512da2a571868c989bf3822;c2793bef>022716fba0f9a5d46ae7b8a4412296847d63d96c763d49068e851e9be7542080b1	stcpr	165.226745	026a913078651938783e19416a2de99c924df209e28512da2a571868c989bf3822	159	159	-	-	local-recv	c2793bef	no	3	251.05	4932	5004
9	mux-tunnels-2-t1	down	50000000	03f0e265	49194	standby	out	03f0e265>035f6c7648bb0034b436db7d3845f7b482e8da705ca2b4622fd9673eb60921d5e5;ca5d50b7>022716fba0f9a5d46ae7b8a4412296847d63d96c763d49068e851e9be7542080b1	stcpr	164.028859	035f6c7648bb0034b436db7d3845f7b482e8da705ca2b4622fd9673eb60921d5e5	159	159	-	-	local-recv	ca5d50b7	no	4	251.52	4968	4968
9	mux-tunnels-2-t1	down	50000000	57787a56	49195	standby	in	57787a56>039a6d1e3c237f5f05b78ec19e9f31a007f84835d7ef1e812876102281d1db74c1;505b10aa>022716fba0f9a5d46ae7b8a4412296847d63d96c763d49068e851e9be7542080b1	stcpr	155.489706	039a6d1e3c237f5f05b78ec19e9f31a007f84835d7ef1e812876102281d1db74c1	2565	22406156	44.7%	44.5%	local-recv	505b10aa	no	553	242.52	128688975	53100889
9	mux-tunnels-2-t1	down	50000000	e9e5b101	49196	standby	out	e9e5b101>03e977a4fb802e9ed2a618bf21497a1ff6a3385212b575deba39a0e419d9025494;a7457b04>022716fba0f9a5d46ae7b8a4412296847d63d96c763d49068e851e9be7542080b1	squicr	156.025082	03e977a4fb802e9ed2a618bf21497a1ff6a3385212b575deba39a0e419d9025494	159	159	-	-	local-recv	a7457b04	no	3	255.26	4932	4968
9	mux-tunnels-2-t1	down	50000000	ea69bc13	49197	standby	out	ea69bc13>03dd3a272482055da08828fafffe0cb537915a52e71c92bfc9bf3140ab0153cd7c;ce4708f1>022716fba0f9a5d46ae7b8a4412296847d63d96c763d49068e851e9be7542080b1	stcpr	163.450388	03dd3a272482055da08828fafffe0cb537915a52e71c92bfc9bf3140ab0153cd7c	159	159	-	-	local-recv	ce4708f1	no	4	251.35	4968	4932
9	mux-tunnels-2-t1	down	50000000	94729aa0	49198	standby	out	94729aa0>022d2e9ff0ab2b5ad03851b07a61c32b403570423a2b5a4567e2f4d2aabcd1119d;fa5763f3>022716fba0f9a5d46ae7b8a4412296847d63d96c763d49068e851e9be7542080b1	stcpr	62.257108	022d2e9ff0ab2b5ad03851b07a61c32b403570423a2b5a4567e2f4d2aabcd1119d	159	159	-	-	local-recv	fa5763f3	no	4	267.22	4968	4968
9	mux-tunnels-2-t1	down	50000000	c2ee64dc	49199	standby	out	c2ee64dc>02ea1b80411ef28514056466bf11d8a7b7fcdcf4a964ebd874f8bd9fd74e81eda2;1483d7b9>022716fba0f9a5d46ae7b8a4412296847d63d96c763d49068e851e9be7542080b1	stcpr	89.291471	02ea1b80411ef28514056466bf11d8a7b7fcdcf4a964ebd874f8bd9fd74e81eda2	159	159	-	-	local-recv	1483d7b9	no	4	2467.72	4968	5004
9	mux-tunnels-2-t1	down	50000000	a18cfda5	49200	standby	out	a18cfda5>032fe1b4b0bf0207c10bc99cf64be4fdc15464981554e0cd58bf66f06960cd5fcc;0601bd31>022716fba0f9a5d46ae7b8a4412296847d63d96c763d49068e851e9be7542080b1	stcpr	172.566554	032fe1b4b0bf0207c10bc99cf64be4fdc15464981554e0cd58bf66f06960cd5fcc	159	159	-	-	local-recv	0601bd31	no	5	251.37	5004	5004
9	mux-tunnels-2-t1	down	50000000	e11b656f	49201	standby	out	e11b656f>03a9a28d2a38de5342e43b88c6c138eada84e412cf1e703432c7affee73190cd88;7546a023>022716fba0f9a5d46ae7b8a4412296847d63d96c763d49068e851e9be7542080b1	stcpr	173.5621	03a9a28d2a38de5342e43b88c6c138eada84e412cf1e703432c7affee73190cd88	167	167	-	-	local-recv	7546a023	no	5	250.79	5004	5040
9	mux-tunnels-2-t1	down	50000000	e5faa6e0	49202	standby	out	e5faa6e0>02230b0a96a6f94179fab58196d3dfa1e19070faeae82d6900971462996541e774;47361294>022716fba0f9a5d46ae7b8a4412296847d63d96c763d49068e851e9be7542080b1	stcpr	167.092994	02230b0a96a6f94179fab58196d3dfa1e19070faeae82d6900971462996541e774	167	167	-	-	local-recv	47361294	no	4	251.18	4968	5040
9	mux-tunnels-2-t1	down	50000000	b71ddf99	49203	standby	out	b71ddf99>0328947fced4d4b7beb65a6ef60d579e42d7976168c292cbd6d28b5b8bdc85757f;47828219>022716fba0f9a5d46ae7b8a4412296847d63d96c763d49068e851e9be7542080b1	stcpr	167.876559	0328947fced4d4b7beb65a6ef60d579e42d7976168c292cbd6d28b5b8bdc85757f	159	159	-	-	local-recv	47828219	no	6	251.8	5040	5004
9	mux-tunnels-2-t1	down	50000000	e5f24143	49204	standby	out	e5f24143>024a37bae69d6be2ec51eeb9d2b7e99073c30153d06896032f5bd3c09ca843bdb9;a214890d>022716fba0f9a5d46ae7b8a4412296847d63d96c763d49068e851e9be7542080b1	stcpr	45.446212	024a37bae69d6be2ec51eeb9d2b7e99073c30153d06896032f5bd3c09ca843bdb9	159	159	-	-	local-recv	a214890d	no	2	2459.09	4896	5076
9	mux-tunnels-2-t1	down	50000000	97ae541b	49205	standby	out	97ae541b>03c3278fa753b5e942c8b1bfe028219520b8b713f370796e442a4d416a41e08b17;b70493f1>022716fba0f9a5d46ae7b8a4412296847d63d96c763d49068e851e9be7542080b1	stcpr	171.610165	03c3278fa753b5e942c8b1bfe028219520b8b713f370796e442a4d416a41e08b17	159	159	-	-	local-recv	b70493f1	no	4	251.86	4968	5004
9	mux-tunnels-2-t1	down	50000000	df4c1852	49206	standby	out	df4c1852>035f532aed88e89cb8822a31b71d83a14f63fabd6389e537c2426fe84031c60825;f148d779>022716fba0f9a5d46ae7b8a4412296847d63d96c763d49068e851e9be7542080b1	stcpr	166.156659	035f532aed88e89cb8822a31b71d83a14f63fabd6389e537c2426fe84031c60825	159	159	-	-	local-recv	f148d779	no	5	250.71	5004	5004
9	mux-tunnels-2-t1	down	50000000	1bb37806	49207	standby	out	1bb37806>02b3a85aee85dece633272731c2e37867a39fa9127f28233ad18ed0051184fc40a;d30e45c7>022716fba0f9a5d46ae7b8a4412296847d63d96c763d49068e851e9be7542080b1	squicr	88.079109	02b3a85aee85dece633272731c2e37867a39fa9127f28233ad18ed0051184fc40a	159	159	-	-	local-recv	d30e45c7	no	4	267.25	4896	4968
9	mux-tunnels-2-t1	down	50000000	770b2d43	49208	standby	out	770b2d43>031e6a72596e6be53c32b4d1909da233846bcef0000f72a0314072c10b9fc35d3c;91846477>022716fba0f9a5d46ae7b8a4412296847d63d96c763d49068e851e9be7542080b1	stcpr	176.881562	031e6a72596e6be53c32b4d1909da233846bcef0000f72a0314072c10b9fc35d3c	159	159	-	-	local-recv	91846477	no	5	262.38	4932	4860
9	mux-tunnels-2-t1	down	50000000	ee5902d2	49209	standby	out	ee5902d2>0397b427c1e522b768389db1fdfab3943a74e69683800fe4950af7dfb3bf66893c;2dfdb077>022716fba0f9a5d46ae7b8a4412296847d63d96c763d49068e851e9be7542080b1	stcpr	71.927274	0397b427c1e522b768389db1fdfab3943a74e69683800fe4950af7dfb3bf66893c	159	159	-	-	local-recv	2dfdb077	no	3	262.67	4860	4932
9	mux-tunnels-2-t1	down	50000000	977b7c08	49210	standby	out	977b7c08>03e977883c41fca1e63a178398c46574b7ab8d4f381266c852242f473881c32337;6f46dafc>022716fba0f9a5d46ae7b8a4412296847d63d96c763d49068e851e9be7542080b1	stcpr	179.256956	03e977883c41fca1e63a178398c46574b7ab8d4f381266c852242f473881c32337	159	159	-	-	local-recv	6f46dafc	no	6	260.96	4968	4860
9	mux-tunnels-2-t1	down	50000000	7a64a71c	49211	standby	out	7a64a71c>02f0fabacf587c096ca7e38846b16f2617cbeeeca7bd7a06e73b2030f8645dd00f;79a37fb3>022716fba0f9a5d46ae7b8a4412296847d63d96c763d49068e851e9be7542080b1	stcpr	67.929481	02f0fabacf587c096ca7e38846b16f2617cbeeeca7bd7a06e73b2030f8645dd00f	123	159	-	-	local-recv	79a37fb3	no	3	256.87	4860	5004
9	mux-tunnels-2-t1	down	50000000	062c57d2	49212	standby	out	062c57d2>03dc3488e49ded9250f3cca2827ab16f6331b7ccefdad614353c785a5fc76c1b13;2d3c4852>022716fba0f9a5d46ae7b8a4412296847d63d96c763d49068e851e9be7542080b1	stcpr	164.57686	03dc3488e49ded9250f3cca2827ab16f6331b7ccefdad614353c785a5fc76c1b13	123	123	-	-	local-recv	2d3c4852	no	5	260.51	4932	4968
9	mux-tunnels-2-t1	down	50000000	eaddf8ac	49213	standby	out	eaddf8ac>028ce3caf8a1ed3b650b7139aeb854351518149af709cf28fe9bd6376cb3403626;4112d695>022716fba0f9a5d46ae7b8a4412296847d63d96c763d49068e851e9be7542080b1	stcpr	177.237619	028ce3caf8a1ed3b650b7139aeb854351518149af709cf28fe9bd6376cb3403626	126	126	-	-	local-recv	4112d695	no	5	254.52	4932	4968
9	mux-tunnels-2-t1	down	50000000	25b03079	49214	standby	out	25b03079>02c43f7d6da81cdca65fcf41906ff321f0d9f14e4c9ab0ff8b54b8ec64cce11bf0;18e8b97b>022716fba0f9a5d46ae7b8a4412296847d63d96c763d49068e851e9be7542080b1	stcpr	75.214485	02c43f7d6da81cdca65fcf41906ff321f0d9f14e4c9ab0ff8b54b8ec64cce11bf0	118	118	-	-	local-recv	18e8b97b	no	3	2463.59	4860	5004
9	mux-tunnels-2-t1	down	50000000	88737946	49216	standby	out	88737946>039ba57e780efc89546104a134e9121f1dda0617e335eee8c3f21e4e272df93ac1;f888da30>022716fba0f9a5d46ae7b8a4412296847d63d96c763d49068e851e9be7542080b1	stcpr	56.580013	039ba57e780efc89546104a134e9121f1dda0617e335eee8c3f21e4e272df93ac1	162	126	-	-	local-recv	f888da30	no	2	283.37	4788	4968
9	mux-tunnels-2-t1	down	50000000	5157fdc8	49217	standby	out	5157fdc8>03360da779493433e9ae8e103ac1c0baf6973982f93bd3cf326e4b18f9fda666cb;2b4ccbdd>022716fba0f9a5d46ae7b8a4412296847d63d96c763d49068e851e9be7542080b1	stcpr	179.546694	03360da779493433e9ae8e103ac1c0baf6973982f93bd3cf326e4b18f9fda666cb	162	162	-	-	local-recv	2b4ccbdd	no	4	2463.56	4860	4932
9	mux-tunnels-2-t1	down	50000000	475d59a5	49219	standby	out	475d59a5>02b1d9c56928f533ea9b309f8a53ed4807ee4e0193ef3c3a0234033313feceb8f2;99a80e72>022716fba0f9a5d46ae7b8a4412296847d63d96c763d49068e851e9be7542080b1	stcpr	180.975371	02b1d9c56928f533ea9b309f8a53ed4807ee4e0193ef3c3a0234033313feceb8f2	159	159	-	-	local-recv	99a80e72	no	4	259.56	4860	4824
9	mux-tunnels-2-t1	down	50000000	696629b6	49220	standby	out	696629b6>03ecc7d108a98480b40a85bbfadb8f477d0c3559316306dcd7ba52fa3d21dad91e;28684434>022716fba0f9a5d46ae7b8a4412296847d63d96c763d49068e851e9be7542080b1	stcpr	71.510035	03ecc7d108a98480b40a85bbfadb8f477d0c3559316306dcd7ba52fa3d21dad91e	159	159	-	-	local-recv	28684434	no	3	267.5	4824	4932
9	mux-tunnels-2-t1	down	50000000	a58835c2	49221	standby	out	a58835c2>039c90460398ddf19b4dc153878599e924feb54e016bd0f7ed404d174965e31d74;f4dcb6a5>022716fba0f9a5d46ae7b8a4412296847d63d96c763d49068e851e9be7542080b1	stcpr	183.038503	039c90460398ddf19b4dc153878599e924feb54e016bd0f7ed404d174965e31d74	159	159	-	-	local-recv	f4dcb6a5	no	4	267.59	4860	4932
9	mux-tunnels-2-t1	down	50000000	4aa23edc	49222	standby	out	4aa23edc>02f65a515856df60ef5b135740b0b2bdd085da3427cc12d02405d5496a63b0b72a;90e12bb9>022716fba0f9a5d46ae7b8a4412296847d63d96c763d49068e851e9be7542080b1	stcpr	92.521003	02f65a515856df60ef5b135740b0b2bdd085da3427cc12d02405d5496a63b0b72a	159	159	-	-	local-recv	90e12bb9	no	2	266.91	4788	4932
10	mux-tunnels-2-t2	down	50000000	b414796d	49189	active	in	b414796d>022716fba0f9a5d46ae7b8a4412296847d63d96c763d49068e851e9be7542080b1	stcpr	141.137	022716fba0f9a5d46ae7b8a4412296847d63d96c763d49068e851e9be7542080b1	1280	10599585	23.3%	20.9%	local-recv	b414796d	no	12	664.24	124390518	72705716
10	mux-tunnels-2-t2	down	50000000	95839ad0	49190	active	in	95839ad0>0371ab4bcff7b121f4b91f6856d6740c6f9dc1fe716977850aeb5d84378b300a13;dc5330cf>022716fba0f9a5d46ae7b8a4412296847d63d96c763d49068e851e9be7542080b1	stcpr	50.182105	0371ab4bcff7b121f4b91f6856d6740c6f9dc1fe716977850aeb5d84378b300a13	2059	20034294	37.6%	39.5%	local-recv	dc5330cf	no	19	236.93	106608591	54580232
10	mux-tunnels-2-t2	down	50000000	fdab37dd	49191	standby	out	fdab37dd>03f57e7cf26c0764c5ab659a606add056ddf8bfad4f5bc7e8613cad05e5f228adf;7420f415>022716fba0f9a5d46ae7b8a4412296847d63d96c763d49068e851e9be7542080b1	stcpr	162.452723	03f57e7cf26c0764c5ab659a606add056ddf8bfad4f5bc7e8613cad05e5f228adf	203	81305	-	-	local-recv	7420f415	no	4	241.72	4968	5004
10	mux-tunnels-2-t2	down	50000000	f1012467	49192	standby	out	f1012467>0281a102c82820e811368c8d028cf11b1a985043b726b1bcdb8fce89b27384b2cb;57c570d9>022716fba0f9a5d46ae7b8a4412296847d63d96c763d49068e851e9be7542080b1	stcpr	164.41546	0281a102c82820e811368c8d028cf11b1a985043b726b1bcdb8fce89b27384b2cb	231	396638	-	-	local-recv	57c570d9	no	6	0	4968	5148
10	mux-tunnels-2-t2	down	50000000	bf9b0de8	49193	standby	out	bf9b0de8>026a913078651938783e19416a2de99c924df209e28512da2a571868c989bf3822;c2793bef>022716fba0f9a5d46ae7b8a4412296847d63d96c763d49068e851e9be7542080b1	stcpr	165.226745	026a913078651938783e19416a2de99c924df209e28512da2a571868c989bf3822	195	159	-	-	local-recv	c2793bef	no	3	251.05	4932	5004
10	mux-tunnels-2-t2	down	50000000	03f0e265	49194	standby	out	03f0e265>035f6c7648bb0034b436db7d3845f7b482e8da705ca2b4622fd9673eb60921d5e5;ca5d50b7>022716fba0f9a5d46ae7b8a4412296847d63d96c763d49068e851e9be7542080b1	stcpr	164.028859	035f6c7648bb0034b436db7d3845f7b482e8da705ca2b4622fd9673eb60921d5e5	236	195	-	-	local-recv	ca5d50b7	no	4	251.52	4968	4968
10	mux-tunnels-2-t2	down	50000000	57787a56	49195	standby	in	57787a56>039a6d1e3c237f5f05b78ec19e9f31a007f84835d7ef1e812876102281d1db74c1;505b10aa>022716fba0f9a5d46ae7b8a4412296847d63d96c763d49068e851e9be7542080b1	stcpr	155.489706	039a6d1e3c237f5f05b78ec19e9f31a007f84835d7ef1e812876102281d1db74c1	2143	20133891	39.1%	39.7%	local-recv	505b10aa	no	553	242.52	128688975	53100889
10	mux-tunnels-2-t2	down	50000000	e9e5b101	49196	standby	out	e9e5b101>03e977a4fb802e9ed2a618bf21497a1ff6a3385212b575deba39a0e419d9025494;a7457b04>022716fba0f9a5d46ae7b8a4412296847d63d96c763d49068e851e9be7542080b1	squicr	156.025082	03e977a4fb802e9ed2a618bf21497a1ff6a3385212b575deba39a0e419d9025494	226	118	-	-	local-recv	a7457b04	no	3	255.26	4932	4968
10	mux-tunnels-2-t2	down	50000000	ea69bc13	49197	standby	out	ea69bc13>03dd3a272482055da08828fafffe0cb537915a52e71c92bfc9bf3140ab0153cd7c;ce4708f1>022716fba0f9a5d46ae7b8a4412296847d63d96c763d49068e851e9be7542080b1	stcpr	163.450388	03dd3a272482055da08828fafffe0cb537915a52e71c92bfc9bf3140ab0153cd7c	226	154	-	-	local-recv	ce4708f1	no	4	251.35	4968	4932
10	mux-tunnels-2-t2	down	50000000	94729aa0	49198	standby	out	94729aa0>022d2e9ff0ab2b5ad03851b07a61c32b403570423a2b5a4567e2f4d2aabcd1119d;fa5763f3>022716fba0f9a5d46ae7b8a4412296847d63d96c763d49068e851e9be7542080b1	stcpr	62.257108	022d2e9ff0ab2b5ad03851b07a61c32b403570423a2b5a4567e2f4d2aabcd1119d	236	195	-	-	local-recv	fa5763f3	no	4	267.22	4968	4968
10	mux-tunnels-2-t2	down	50000000	c2ee64dc	49199	standby	out	c2ee64dc>02ea1b80411ef28514056466bf11d8a7b7fcdcf4a964ebd874f8bd9fd74e81eda2;1483d7b9>022716fba0f9a5d46ae7b8a4412296847d63d96c763d49068e851e9be7542080b1	stcpr	89.291471	02ea1b80411ef28514056466bf11d8a7b7fcdcf4a964ebd874f8bd9fd74e81eda2	164	195	-	-	local-recv	1483d7b9	no	4	2467.72	4968	5004
10	mux-tunnels-2-t2	down	50000000	a18cfda5	49200	standby	out	a18cfda5>032fe1b4b0bf0207c10bc99cf64be4fdc15464981554e0cd58bf66f06960cd5fcc;0601bd31>022716fba0f9a5d46ae7b8a4412296847d63d96c763d49068e851e9be7542080b1	stcpr	172.566554	032fe1b4b0bf0207c10bc99cf64be4fdc15464981554e0cd58bf66f06960cd5fcc	200	195	-	-	local-recv	0601bd31	no	5	251.37	5004	5004
10	mux-tunnels-2-t2	down	50000000	e11b656f	49201	standby	out	e11b656f>03a9a28d2a38de5342e43b88c6c138eada84e412cf1e703432c7affee73190cd88;7546a023>022716fba0f9a5d46ae7b8a4412296847d63d96c763d49068e851e9be7542080b1	stcpr	173.5621	03a9a28d2a38de5342e43b88c6c138eada84e412cf1e703432c7affee73190cd88	236	195	-	-	local-recv	7546a023	no	5	250.79	5004	5040
10	mux-tunnels-2-t2	down	50000000	e5faa6e0	49202	standby	out	e5faa6e0>02230b0a96a6f94179fab58196d3dfa1e19070faeae82d6900971462996541e774;47361294>022716fba0f9a5d46ae7b8a4412296847d63d96c763d49068e851e9be7542080b1	stcpr	167.092994	02230b0a96a6f94179fab58196d3dfa1e19070faeae82d6900971462996541e774	236	195	-	-	local-recv	47361294	no	4	251.18	4968	5040
10	mux-tunnels-2-t2	down	50000000	b71ddf99	49203	standby	out	b71ddf99>0328947fced4d4b7beb65a6ef60d579e42d7976168c292cbd6d28b5b8bdc85757f;47828219>022716fba0f9a5d46ae7b8a4412296847d63d96c763d49068e851e9be7542080b1	stcpr	167.876559	0328947fced4d4b7beb65a6ef60d579e42d7976168c292cbd6d28b5b8bdc85757f	236	195	-	-	local-recv	47828219	no	6	251.8	5040	5004
10	mux-tunnels-2-t2	down	50000000	e5f24143	49204	standby	out	e5f24143>024a37bae69d6be2ec51eeb9d2b7e99073c30153d06896032f5bd3c09ca843bdb9;a214890d>022716fba0f9a5d46ae7b8a4412296847d63d96c763d49068e851e9be7542080b1	stcpr	45.446212	024a37bae69d6be2ec51eeb9d2b7e99073c30153d06896032f5bd3c09ca843bdb9	231	159	-	-	local-recv	a214890d	no	2	2459.09	4896	5076
10	mux-tunnels-2-t2	down	50000000	97ae541b	49205	standby	out	97ae541b>03c3278fa753b5e942c8b1bfe028219520b8b713f370796e442a4d416a41e08b17;b70493f1>022716fba0f9a5d46ae7b8a4412296847d63d96c763d49068e851e9be7542080b1	stcpr	171.610165	03c3278fa753b5e942c8b1bfe028219520b8b713f370796e442a4d416a41e08b17	200	195	-	-	local-recv	b70493f1	no	4	251.86	4968	5004
10	mux-tunnels-2-t2	down	50000000	df4c1852	49206	standby	out	df4c1852>035f532aed88e89cb8822a31b71d83a14f63fabd6389e537c2426fe84031c60825;f148d779>022716fba0f9a5d46ae7b8a4412296847d63d96c763d49068e851e9be7542080b1	stcpr	166.156659	035f532aed88e89cb8822a31b71d83a14f63fabd6389e537c2426fe84031c60825	208	203	-	-	local-recv	f148d779	no	5	250.71	5004	5004
10	mux-tunnels-2-t2	down	50000000	1bb37806	49207	standby	out	1bb37806>02b3a85aee85dece633272731c2e37867a39fa9127f28233ad18ed0051184fc40a;d30e45c7>022716fba0f9a5d46ae7b8a4412296847d63d96c763d49068e851e9be7542080b1	squicr	88.079109	02b3a85aee85dece633272731c2e37867a39fa9127f28233ad18ed0051184fc40a	244	203	-	-	local-recv	d30e45c7	no	4	267.25	4896	4968
10	mux-tunnels-2-t2	down	50000000	770b2d43	49208	standby	out	770b2d43>031e6a72596e6be53c32b4d1909da233846bcef0000f72a0314072c10b9fc35d3c;91846477>022716fba0f9a5d46ae7b8a4412296847d63d96c763d49068e851e9be7542080b1	stcpr	176.881562	031e6a72596e6be53c32b4d1909da233846bcef0000f72a0314072c10b9fc35d3c	236	195	-	-	local-recv	91846477	no	5	262.38	4932	4860
10	mux-tunnels-2-t2	down	50000000	ee5902d2	49209	standby	out	ee5902d2>0397b427c1e522b768389db1fdfab3943a74e69683800fe4950af7dfb3bf66893c;2dfdb077>022716fba0f9a5d46ae7b8a4412296847d63d96c763d49068e851e9be7542080b1	stcpr	71.927274	0397b427c1e522b768389db1fdfab3943a74e69683800fe4950af7dfb3bf66893c	236	195	-	-	local-recv	2dfdb077	no	3	262.67	4860	4932
10	mux-tunnels-2-t2	down	50000000	977b7c08	49210	standby	out	977b7c08>03e977883c41fca1e63a178398c46574b7ab8d4f381266c852242f473881c32337;6f46dafc>022716fba0f9a5d46ae7b8a4412296847d63d96c763d49068e851e9be7542080b1	stcpr	179.256956	03e977883c41fca1e63a178398c46574b7ab8d4f381266c852242f473881c32337	236	195	-	-	local-recv	6f46dafc	no	6	260.96	4968	4860
10	mux-tunnels-2-t2	down	50000000	7a64a71c	49211	standby	out	7a64a71c>02f0fabacf587c096ca7e38846b16f2617cbeeeca7bd7a06e73b2030f8645dd00f;79a37fb3>022716fba0f9a5d46ae7b8a4412296847d63d96c763d49068e851e9be7542080b1	stcpr	67.929481	02f0fabacf587c096ca7e38846b16f2617cbeeeca7bd7a06e73b2030f8645dd00f	236	195	-	-	local-recv	79a37fb3	no	3	256.87	4860	5004
10	mux-tunnels-2-t2	down	50000000	062c57d2	49212	standby	out	062c57d2>03dc3488e49ded9250f3cca2827ab16f6331b7ccefdad614353c785a5fc76c1b13;2d3c4852>022716fba0f9a5d46ae7b8a4412296847d63d96c763d49068e851e9be7542080b1	stcpr	164.57686	03dc3488e49ded9250f3cca2827ab16f6331b7ccefdad614353c785a5fc76c1b13	236	195	-	-	local-recv	2d3c4852	no	5	260.51	4932	4968
10	mux-tunnels-2-t2	down	50000000	eaddf8ac	49213	standby	out	eaddf8ac>028ce3caf8a1ed3b650b7139aeb854351518149af709cf28fe9bd6376cb3403626;4112d695>022716fba0f9a5d46ae7b8a4412296847d63d96c763d49068e851e9be7542080b1	stcpr	177.237619	028ce3caf8a1ed3b650b7139aeb854351518149af709cf28fe9bd6376cb3403626	236	195	-	-	local-recv	4112d695	no	5	254.52	4932	4968
10	mux-tunnels-2-t2	down	50000000	25b03079	49214	standby	out	25b03079>02c43f7d6da81cdca65fcf41906ff321f0d9f14e4c9ab0ff8b54b8ec64cce11bf0;18e8b97b>022716fba0f9a5d46ae7b8a4412296847d63d96c763d49068e851e9be7542080b1	stcpr	75.214485	02c43f7d6da81cdca65fcf41906ff321f0d9f14e4c9ab0ff8b54b8ec64cce11bf0	236	195	-	-	local-recv	18e8b97b	no	3	2463.59	4860	5004
10	mux-tunnels-2-t2	down	50000000	88737946	49216	standby	out	88737946>039ba57e780efc89546104a134e9121f1dda0617e335eee8c3f21e4e272df93ac1;f888da30>022716fba0f9a5d46ae7b8a4412296847d63d96c763d49068e851e9be7542080b1	stcpr	56.580013	039ba57e780efc89546104a134e9121f1dda0617e335eee8c3f21e4e272df93ac1	231	159	-	-	local-recv	f888da30	no	2	283.37	4788	4968
10	mux-tunnels-2-t2	down	50000000	5157fdc8	49217	standby	out	5157fdc8>03360da779493433e9ae8e103ac1c0baf6973982f93bd3cf326e4b18f9fda666cb;2b4ccbdd>022716fba0f9a5d46ae7b8a4412296847d63d96c763d49068e851e9be7542080b1	stcpr	179.546694	03360da779493433e9ae8e103ac1c0baf6973982f93bd3cf326e4b18f9fda666cb	231	159	-	-	local-recv	2b4ccbdd	no	4	2463.56	4860	4932
10	mux-tunnels-2-t2	down	50000000	475d59a5	49219	standby	out	475d59a5>02b1d9c56928f533ea9b309f8a53ed4807ee4e0193ef3c3a0234033313feceb8f2;99a80e72>022716fba0f9a5d46ae7b8a4412296847d63d96c763d49068e851e9be7542080b1	stcpr	180.975371	02b1d9c56928f533ea9b309f8a53ed4807ee4e0193ef3c3a0234033313feceb8f2	239	167	-	-	local-recv	99a80e72	no	4	259.56	4860	4824
10	mux-tunnels-2-t2	down	50000000	696629b6	49220	standby	out	696629b6>03ecc7d108a98480b40a85bbfadb8f477d0c3559316306dcd7ba52fa3d21dad91e;28684434>022716fba0f9a5d46ae7b8a4412296847d63d96c763d49068e851e9be7542080b1	stcpr	71.510035	03ecc7d108a98480b40a85bbfadb8f477d0c3559316306dcd7ba52fa3d21dad91e	267	159	-	-	local-recv	28684434	no	3	267.5	4824	4932
10	mux-tunnels-2-t2	down	50000000	a58835c2	49221	standby	out	a58835c2>039c90460398ddf19b4dc153878599e924feb54e016bd0f7ed404d174965e31d74;f4dcb6a5>022716fba0f9a5d46ae7b8a4412296847d63d96c763d49068e851e9be7542080b1	stcpr	183.038503	039c90460398ddf19b4dc153878599e924feb54e016bd0f7ed404d174965e31d74	231	195	-	-	local-recv	f4dcb6a5	no	4	267.59	4860	4932
10	mux-tunnels-2-t2	down	50000000	4aa23edc	49222	standby	out	4aa23edc>02f65a515856df60ef5b135740b0b2bdd085da3427cc12d02405d5496a63b0b72a;90e12bb9>022716fba0f9a5d46ae7b8a4412296847d63d96c763d49068e851e9be7542080b1	stcpr	92.521003	02f65a515856df60ef5b135740b0b2bdd085da3427cc12d02405d5496a63b0b72a	236	200	-	-	local-recv	90e12bb9	no	2	266.91	4788	4932
11	mux-tunnels-2-t3	down	50000000	b414796d	49189	active	in	b414796d>022716fba0f9a5d46ae7b8a4412296847d63d96c763d49068e851e9be7542080b1	stcpr	141.137	022716fba0f9a5d46ae7b8a4412296847d63d96c763d49068e851e9be7542080b1	1806	14603699	31.5%	28.9%	local-recv	b414796d	no	12	664.24	124390518	72705716
11	mux-tunnels-2-t3	down	50000000	95839ad0	49190	active	in	95839ad0>0371ab4bcff7b121f4b91f6856d6740c6f9dc1fe716977850aeb5d84378b300a13;dc5330cf>022716fba0f9a5d46ae7b8a4412296847d63d96c763d49068e851e9be7542080b1	stcpr	50.182105	0371ab4bcff7b121f4b91f6856d6740c6f9dc1fe716977850aeb5d84378b300a13	1956	20001256	34.1%	39.5%	local-recv	dc5330cf	no	19	236.93	106608591	54580232
11	mux-tunnels-2-t3	down	50000000	fdab37dd	49191	standby	out	fdab37dd>03f57e7cf26c0764c5ab659a606add056ddf8bfad4f5bc7e8613cad05e5f228adf;7420f415>022716fba0f9a5d46ae7b8a4412296847d63d96c763d49068e851e9be7542080b1	stcpr	162.452723	03f57e7cf26c0764c5ab659a606add056ddf8bfad4f5bc7e8613cad05e5f228adf	159	159	-	-	local-recv	7420f415	no	4	241.72	4968	5004
11	mux-tunnels-2-t3	down	50000000	f1012467	49192	standby	out	f1012467>0281a102c82820e811368c8d028cf11b1a985043b726b1bcdb8fce89b27384b2cb;57c570d9>022716fba0f9a5d46ae7b8a4412296847d63d96c763d49068e851e9be7542080b1	stcpr	164.41546	0281a102c82820e811368c8d028cf11b1a985043b726b1bcdb8fce89b27384b2cb	159	159	-	-	local-recv	57c570d9	no	6	0	4968	5148
11	mux-tunnels-2-t3	down	50000000	bf9b0de8	49193	standby	out	bf9b0de8>026a913078651938783e19416a2de99c924df209e28512da2a571868c989bf3822;c2793bef>022716fba0f9a5d46ae7b8a4412296847d63d96c763d49068e851e9be7542080b1	stcpr	165.226745	026a913078651938783e19416a2de99c924df209e28512da2a571868c989bf3822	123	123	-	-	local-recv	c2793bef	no	3	251.05	4932	5004
11	mux-tunnels-2-t3	down	50000000	03f0e265	49194	standby	out	03f0e265>035f6c7648bb0034b436db7d3845f7b482e8da705ca2b4622fd9673eb60921d5e5;ca5d50b7>022716fba0f9a5d46ae7b8a4412296847d63d96c763d49068e851e9be7542080b1	stcpr	164.028859	035f6c7648bb0034b436db7d3845f7b482e8da705ca2b4622fd9673eb60921d5e5	118	118	-	-	local-recv	ca5d50b7	no	4	251.52	4968	4968
11	mux-tunnels-2-t3	down	50000000	57787a56	49195	standby	in	57787a56>039a6d1e3c237f5f05b78ec19e9f31a007f84835d7ef1e812876102281d1db74c1;505b10aa>022716fba0f9a5d46ae7b8a4412296847d63d96c763d49068e851e9be7542080b1	stcpr	155.489706	039a6d1e3c237f5f05b78ec19e9f31a007f84835d7ef1e812876102281d1db74c1	1970	16006190	34.4%	31.6%	local-recv	505b10aa	no	553	242.52	128688975	53100889
11	mux-tunnels-2-t3	down	50000000	e9e5b101	49196	standby	out	e9e5b101>03e977a4fb802e9ed2a618bf21497a1ff6a3385212b575deba39a0e419d9025494;a7457b04>022716fba0f9a5d46ae7b8a4412296847d63d96c763d49068e851e9be7542080b1	squicr	156.025082	03e977a4fb802e9ed2a618bf21497a1ff6a3385212b575deba39a0e419d9025494	154	118	-	-	local-recv	a7457b04	no	3	255.26	4932	4968
11	mux-tunnels-2-t3	down	50000000	ea69bc13	49197	standby	out	ea69bc13>03dd3a272482055da08828fafffe0cb537915a52e71c92bfc9bf3140ab0153cd7c;ce4708f1>022716fba0f9a5d46ae7b8a4412296847d63d96c763d49068e851e9be7542080b1	stcpr	163.450388	03dd3a272482055da08828fafffe0cb537915a52e71c92bfc9bf3140ab0153cd7c	159	159	-	-	local-recv	ce4708f1	no	4	251.35	4968	4932
11	mux-tunnels-2-t3	down	50000000	94729aa0	49198	standby	out	94729aa0>022d2e9ff0ab2b5ad03851b07a61c32b403570423a2b5a4567e2f4d2aabcd1119d;fa5763f3>022716fba0f9a5d46ae7b8a4412296847d63d96c763d49068e851e9be7542080b1	stcpr	62.257108	022d2e9ff0ab2b5ad03851b07a61c32b403570423a2b5a4567e2f4d2aabcd1119d	159	159	-	-	local-recv	fa5763f3	no	4	267.22	4968	4968
11	mux-tunnels-2-t3	down	50000000	c2ee64dc	49199	standby	out	c2ee64dc>02ea1b80411ef28514056466bf11d8a7b7fcdcf4a964ebd874f8bd9fd74e81eda2;1483d7b9>022716fba0f9a5d46ae7b8a4412296847d63d96c763d49068e851e9be7542080b1	stcpr	89.291471	02ea1b80411ef28514056466bf11d8a7b7fcdcf4a964ebd874f8bd9fd74e81eda2	159	159	-	-	local-recv	1483d7b9	no	4	2467.72	4968	5004
11	mux-tunnels-2-t3	down	50000000	a18cfda5	49200	standby	out	a18cfda5>032fe1b4b0bf0207c10bc99cf64be4fdc15464981554e0cd58bf66f06960cd5fcc;0601bd31>022716fba0f9a5d46ae7b8a4412296847d63d96c763d49068e851e9be7542080b1	stcpr	172.566554	032fe1b4b0bf0207c10bc99cf64be4fdc15464981554e0cd58bf66f06960cd5fcc	159	159	-	-	local-recv	0601bd31	no	5	251.37	5004	5004
11	mux-tunnels-2-t3	down	50000000	e11b656f	49201	standby	out	e11b656f>03a9a28d2a38de5342e43b88c6c138eada84e412cf1e703432c7affee73190cd88;7546a023>022716fba0f9a5d46ae7b8a4412296847d63d96c763d49068e851e9be7542080b1	stcpr	173.5621	03a9a28d2a38de5342e43b88c6c138eada84e412cf1e703432c7affee73190cd88	167	167	-	-	local-recv	7546a023	no	5	250.79	5004	5040
11	mux-tunnels-2-t3	down	50000000	e5faa6e0	49202	standby	out	e5faa6e0>02230b0a96a6f94179fab58196d3dfa1e19070faeae82d6900971462996541e774;47361294>022716fba0f9a5d46ae7b8a4412296847d63d96c763d49068e851e9be7542080b1	stcpr	167.092994	02230b0a96a6f94179fab58196d3dfa1e19070faeae82d6900971462996541e774	167	167	-	-	local-recv	47361294	no	4	251.18	4968	5040
11	mux-tunnels-2-t3	down	50000000	b71ddf99	49203	standby	out	b71ddf99>0328947fced4d4b7beb65a6ef60d579e42d7976168c292cbd6d28b5b8bdc85757f;47828219>022716fba0f9a5d46ae7b8a4412296847d63d96c763d49068e851e9be7542080b1	stcpr	167.876559	0328947fced4d4b7beb65a6ef60d579e42d7976168c292cbd6d28b5b8bdc85757f	159	159	-	-	local-recv	47828219	no	6	251.8	5040	5004
11	mux-tunnels-2-t3	down	50000000	e5f24143	49204	standby	out	e5f24143>024a37bae69d6be2ec51eeb9d2b7e99073c30153d06896032f5bd3c09ca843bdb9;a214890d>022716fba0f9a5d46ae7b8a4412296847d63d96c763d49068e851e9be7542080b1	stcpr	45.446212	024a37bae69d6be2ec51eeb9d2b7e99073c30153d06896032f5bd3c09ca843bdb9	159	159	-	-	local-recv	a214890d	no	2	2459.09	4896	5076
11	mux-tunnels-2-t3	down	50000000	97ae541b	49205	standby	out	97ae541b>03c3278fa753b5e942c8b1bfe028219520b8b713f370796e442a4d416a41e08b17;b70493f1>022716fba0f9a5d46ae7b8a4412296847d63d96c763d49068e851e9be7542080b1	stcpr	171.610165	03c3278fa753b5e942c8b1bfe028219520b8b713f370796e442a4d416a41e08b17	159	159	-	-	local-recv	b70493f1	no	4	251.86	4968	5004
11	mux-tunnels-2-t3	down	50000000	df4c1852	49206	standby	out	df4c1852>035f532aed88e89cb8822a31b71d83a14f63fabd6389e537c2426fe84031c60825;f148d779>022716fba0f9a5d46ae7b8a4412296847d63d96c763d49068e851e9be7542080b1	stcpr	166.156659	035f532aed88e89cb8822a31b71d83a14f63fabd6389e537c2426fe84031c60825	159	159	-	-	local-recv	f148d779	no	5	250.71	5004	5004
11	mux-tunnels-2-t3	down	50000000	1bb37806	49207	standby	out	1bb37806>02b3a85aee85dece633272731c2e37867a39fa9127f28233ad18ed0051184fc40a;d30e45c7>022716fba0f9a5d46ae7b8a4412296847d63d96c763d49068e851e9be7542080b1	squicr	88.079109	02b3a85aee85dece633272731c2e37867a39fa9127f28233ad18ed0051184fc40a	159	159	-	-	local-recv	d30e45c7	no	4	267.25	4896	4968
11	mux-tunnels-2-t3	down	50000000	770b2d43	49208	standby	out	770b2d43>031e6a72596e6be53c32b4d1909da233846bcef0000f72a0314072c10b9fc35d3c;91846477>022716fba0f9a5d46ae7b8a4412296847d63d96c763d49068e851e9be7542080b1	stcpr	176.881562	031e6a72596e6be53c32b4d1909da233846bcef0000f72a0314072c10b9fc35d3c	159	159	-	-	local-recv	91846477	no	5	262.38	4932	4860
11	mux-tunnels-2-t3	down	50000000	ee5902d2	49209	standby	out	ee5902d2>0397b427c1e522b768389db1fdfab3943a74e69683800fe4950af7dfb3bf66893c;2dfdb077>022716fba0f9a5d46ae7b8a4412296847d63d96c763d49068e851e9be7542080b1	stcpr	71.927274	0397b427c1e522b768389db1fdfab3943a74e69683800fe4950af7dfb3bf66893c	159	159	-	-	local-recv	2dfdb077	no	3	262.67	4860	4932
11	mux-tunnels-2-t3	down	50000000	977b7c08	49210	standby	out	977b7c08>03e977883c41fca1e63a178398c46574b7ab8d4f381266c852242f473881c32337;6f46dafc>022716fba0f9a5d46ae7b8a4412296847d63d96c763d49068e851e9be7542080b1	stcpr	179.256956	03e977883c41fca1e63a178398c46574b7ab8d4f381266c852242f473881c32337	159	159	-	-	local-recv	6f46dafc	no	6	260.96	4968	4860
11	mux-tunnels-2-t3	down	50000000	7a64a71c	49211	standby	out	7a64a71c>02f0fabacf587c096ca7e38846b16f2617cbeeeca7bd7a06e73b2030f8645dd00f;79a37fb3>022716fba0f9a5d46ae7b8a4412296847d63d96c763d49068e851e9be7542080b1	stcpr	67.929481	02f0fabacf587c096ca7e38846b16f2617cbeeeca7bd7a06e73b2030f8645dd00f	159	159	-	-	local-recv	79a37fb3	no	3	256.87	4860	5004
11	mux-tunnels-2-t3	down	50000000	062c57d2	49212	standby	out	062c57d2>03dc3488e49ded9250f3cca2827ab16f6331b7ccefdad614353c785a5fc76c1b13;2d3c4852>022716fba0f9a5d46ae7b8a4412296847d63d96c763d49068e851e9be7542080b1	stcpr	164.57686	03dc3488e49ded9250f3cca2827ab16f6331b7ccefdad614353c785a5fc76c1b13	123	159	-	-	local-recv	2d3c4852	no	5	260.51	4932	4968
11	mux-tunnels-2-t3	down	50000000	eaddf8ac	49213	standby	out	eaddf8ac>028ce3caf8a1ed3b650b7139aeb854351518149af709cf28fe9bd6376cb3403626;4112d695>022716fba0f9a5d46ae7b8a4412296847d63d96c763d49068e851e9be7542080b1	stcpr	177.237619	028ce3caf8a1ed3b650b7139aeb854351518149af709cf28fe9bd6376cb3403626	126	126	-	-	local-recv	4112d695	no	5	254.52	4932	4968
11	mux-tunnels-2-t3	down	50000000	25b03079	49214	standby	out	25b03079>02c43f7d6da81cdca65fcf41906ff321f0d9f14e4c9ab0ff8b54b8ec64cce11bf0;18e8b97b>022716fba0f9a5d46ae7b8a4412296847d63d96c763d49068e851e9be7542080b1	stcpr	75.214485	02c43f7d6da81cdca65fcf41906ff321f0d9f14e4c9ab0ff8b54b8ec64cce11bf0	118	118	-	-	local-recv	18e8b97b	no	3	2463.59	4860	5004
11	mux-tunnels-2-t3	down	50000000	88737946	49216	standby	out	88737946>039ba57e780efc89546104a134e9121f1dda0617e335eee8c3f21e4e272df93ac1;f888da30>022716fba0f9a5d46ae7b8a4412296847d63d96c763d49068e851e9be7542080b1	stcpr	56.580013	039ba57e780efc89546104a134e9121f1dda0617e335eee8c3f21e4e272df93ac1	126	126	-	-	local-recv	f888da30	no	2	283.37	4788	4968
11	mux-tunnels-2-t3	down	50000000	5157fdc8	49217	standby	out	5157fdc8>03360da779493433e9ae8e103ac1c0baf6973982f93bd3cf326e4b18f9fda666cb;2b4ccbdd>022716fba0f9a5d46ae7b8a4412296847d63d96c763d49068e851e9be7542080b1	stcpr	179.546694	03360da779493433e9ae8e103ac1c0baf6973982f93bd3cf326e4b18f9fda666cb	126	126	-	-	local-recv	2b4ccbdd	no	4	2463.56	4860	4932
11	mux-tunnels-2-t3	down	50000000	475d59a5	49219	standby	out	475d59a5>02b1d9c56928f533ea9b309f8a53ed4807ee4e0193ef3c3a0234033313feceb8f2;99a80e72>022716fba0f9a5d46ae7b8a4412296847d63d96c763d49068e851e9be7542080b1	stcpr	180.975371	02b1d9c56928f533ea9b309f8a53ed4807ee4e0193ef3c3a0234033313feceb8f2	154	118	-	-	local-recv	99a80e72	no	4	259.56	4860	4824
11	mux-tunnels-2-t3	down	50000000	696629b6	49220	standby	out	696629b6>03ecc7d108a98480b40a85bbfadb8f477d0c3559316306dcd7ba52fa3d21dad91e;28684434>022716fba0f9a5d46ae7b8a4412296847d63d96c763d49068e851e9be7542080b1	stcpr	71.510035	03ecc7d108a98480b40a85bbfadb8f477d0c3559316306dcd7ba52fa3d21dad91e	154	154	-	-	local-recv	28684434	no	3	267.5	4824	4932
11	mux-tunnels-2-t3	down	50000000	a58835c2	49221	standby	out	a58835c2>039c90460398ddf19b4dc153878599e924feb54e016bd0f7ed404d174965e31d74;f4dcb6a5>022716fba0f9a5d46ae7b8a4412296847d63d96c763d49068e851e9be7542080b1	stcpr	183.038503	039c90460398ddf19b4dc153878599e924feb54e016bd0f7ed404d174965e31d74	159	159	-	-	local-recv	f4dcb6a5	no	4	267.59	4860	4932
11	mux-tunnels-2-t3	down	50000000	4aa23edc	49222	standby	out	4aa23edc>02f65a515856df60ef5b135740b0b2bdd085da3427cc12d02405d5496a63b0b72a;90e12bb9>022716fba0f9a5d46ae7b8a4412296847d63d96c763d49068e851e9be7542080b1	stcpr	92.521003	02f65a515856df60ef5b135740b0b2bdd085da3427cc12d02405d5496a63b0b72a	159	159	-	-	local-recv	90e12bb9	no	2	266.91	4788	4932
12	mux-tunnels-2-t4	down	50000000	b414796d	49189	active	in	b414796d>022716fba0f9a5d46ae7b8a4412296847d63d96c763d49068e851e9be7542080b1	stcpr	141.137	022716fba0f9a5d46ae7b8a4412296847d63d96c763d49068e851e9be7542080b1	2315	18612593	38.1%	35.9%	local-recv	b414796d	no	12	664.24	124390518	72705716
12	mux-tunnels-2-t4	down	50000000	95839ad0	49190	active	in	95839ad0>0371ab4bcff7b121f4b91f6856d6740c6f9dc1fe716977850aeb5d84378b300a13;dc5330cf>022716fba0f9a5d46ae7b8a4412296847d63d96c763d49068e851e9be7542080b1	stcpr	50.182105	0371ab4bcff7b121f4b91f6856d6740c6f9dc1fe716977850aeb5d84378b300a13	2192	20588722	36.1%	39.7%	local-recv	dc5330cf	no	19	236.93	106608591	54580232
12	mux-tunnels-2-t4	down	50000000	fdab37dd	49191	standby	out	fdab37dd>03f57e7cf26c0764c5ab659a606add056ddf8bfad4f5bc7e8613cad05e5f228adf;7420f415>022716fba0f9a5d46ae7b8a4412296847d63d96c763d49068e851e9be7542080b1	stcpr	162.452723	03f57e7cf26c0764c5ab659a606add056ddf8bfad4f5bc7e8613cad05e5f228adf	310	150530	-	-	local-recv	7420f415	no	4	241.72	4968	5004
12	mux-tunnels-2-t4	down	50000000	f1012467	49192	standby	in	f1012467>0281a102c82820e811368c8d028cf11b1a985043b726b1bcdb8fce89b27384b2cb;57c570d9>022716fba0f9a5d46ae7b8a4412296847d63d96c763d49068e851e9be7542080b1	stcpr	164.41546	0281a102c82820e811368c8d028cf11b1a985043b726b1bcdb8fce89b27384b2cb	231	593801	3.8%	1.1%	local-recv	57c570d9	no	6	0	4968	5148
12	mux-tunnels-2-t4	down	50000000	bf9b0de8	49193	standby	out	bf9b0de8>026a913078651938783e19416a2de99c924df209e28512da2a571868c989bf3822;c2793bef>022716fba0f9a5d46ae7b8a4412296847d63d96c763d49068e851e9be7542080b1	stcpr	165.226745	026a913078651938783e19416a2de99c924df209e28512da2a571868c989bf3822	267	159	-	-	local-recv	c2793bef	no	3	251.05	4932	5004
12	mux-tunnels-2-t4	down	50000000	03f0e265	49194	standby	out	03f0e265>035f6c7648bb0034b436db7d3845f7b482e8da705ca2b4622fd9673eb60921d5e5;ca5d50b7>022716fba0f9a5d46ae7b8a4412296847d63d96c763d49068e851e9be7542080b1	stcpr	164.028859	035f6c7648bb0034b436db7d3845f7b482e8da705ca2b4622fd9673eb60921d5e5	272	200	-	-	local-recv	ca5d50b7	no	4	251.52	4968	4968
12	mux-tunnels-2-t4	down	50000000	57787a56	49195	standby	in	57787a56>039a6d1e3c237f5f05b78ec19e9f31a007f84835d7ef1e812876102281d1db74c1;505b10aa>022716fba0f9a5d46ae7b8a4412296847d63d96c763d49068e851e9be7542080b1	stcpr	155.489706	039a6d1e3c237f5f05b78ec19e9f31a007f84835d7ef1e812876102281d1db74c1	1331	12030228	21.9%	23.2%	local-recv	505b10aa	no	553	242.52	128688975	53100889
12	mux-tunnels-2-t4	down	50000000	e9e5b101	49196	standby	out	e9e5b101>03e977a4fb802e9ed2a618bf21497a1ff6a3385212b575deba39a0e419d9025494;a7457b04>022716fba0f9a5d46ae7b8a4412296847d63d96c763d49068e851e9be7542080b1	squicr	156.025082	03e977a4fb802e9ed2a618bf21497a1ff6a3385212b575deba39a0e419d9025494	236	200	-	-	local-recv	a7457b04	no	3	255.26	4932	4968
12	mux-tunnels-2-t4	down	50000000	ea69bc13	49197	standby	out	ea69bc13>03dd3a272482055da08828fafffe0cb537915a52e71c92bfc9bf3140ab0153cd7c;ce4708f1>022716fba0f9a5d46ae7b8a4412296847d63d96c763d49068e851e9be7542080b1	stcpr	163.450388	03dd3a272482055da08828fafffe0cb537915a52e71c92bfc9bf3140ab0153cd7c	200	164	-	-	local-recv	ce4708f1	no	4	251.35	4968	4932
12	mux-tunnels-2-t4	down	50000000	94729aa0	49198	standby	out	94729aa0>022d2e9ff0ab2b5ad03851b07a61c32b403570423a2b5a4567e2f4d2aabcd1119d;fa5763f3>022716fba0f9a5d46ae7b8a4412296847d63d96c763d49068e851e9be7542080b1	stcpr	62.257108	022d2e9ff0ab2b5ad03851b07a61c32b403570423a2b5a4567e2f4d2aabcd1119d	195	159	-	-	local-recv	fa5763f3	no	4	267.22	4968	4968
12	mux-tunnels-2-t4	down	50000000	c2ee64dc	49199	standby	out	c2ee64dc>02ea1b80411ef28514056466bf11d8a7b7fcdcf4a964ebd874f8bd9fd74e81eda2;1483d7b9>022716fba0f9a5d46ae7b8a4412296847d63d96c763d49068e851e9be7542080b1	stcpr	89.291471	02ea1b80411ef28514056466bf11d8a7b7fcdcf4a964ebd874f8bd9fd74e81eda2	231	159	-	-	local-recv	1483d7b9	no	4	2467.72	4968	5004
12	mux-tunnels-2-t4	down	50000000	a18cfda5	49200	standby	out	a18cfda5>032fe1b4b0bf0207c10bc99cf64be4fdc15464981554e0cd58bf66f06960cd5fcc;0601bd31>022716fba0f9a5d46ae7b8a4412296847d63d96c763d49068e851e9be7542080b1	stcpr	172.566554	032fe1b4b0bf0207c10bc99cf64be4fdc15464981554e0cd58bf66f06960cd5fcc	231	159	-	-	local-recv	0601bd31	no	5	251.37	5004	5004
12	mux-tunnels-2-t4	down	50000000	e11b656f	49201	standby	out	e11b656f>03a9a28d2a38de5342e43b88c6c138eada84e412cf1e703432c7affee73190cd88;7546a023>022716fba0f9a5d46ae7b8a4412296847d63d96c763d49068e851e9be7542080b1	stcpr	173.5621	03a9a28d2a38de5342e43b88c6c138eada84e412cf1e703432c7affee73190cd88	231	159	-	-	local-recv	7546a023	no	5	250.79	5004	5040
12	mux-tunnels-2-t4	down	50000000	e5faa6e0	49202	standby	out	e5faa6e0>02230b0a96a6f94179fab58196d3dfa1e19070faeae82d6900971462996541e774;47361294>022716fba0f9a5d46ae7b8a4412296847d63d96c763d49068e851e9be7542080b1	stcpr	167.092994	02230b0a96a6f94179fab58196d3dfa1e19070faeae82d6900971462996541e774	231	159	-	-	local-recv	47361294	no	4	251.18	4968	5040
12	mux-tunnels-2-t4	down	50000000	b71ddf99	49203	standby	out	b71ddf99>0328947fced4d4b7beb65a6ef60d579e42d7976168c292cbd6d28b5b8bdc85757f;47828219>022716fba0f9a5d46ae7b8a4412296847d63d96c763d49068e851e9be7542080b1	stcpr	167.876559	0328947fced4d4b7beb65a6ef60d579e42d7976168c292cbd6d28b5b8bdc85757f	195	159	-	-	local-recv	47828219	no	6	251.8	5040	5004
12	mux-tunnels-2-t4	down	50000000	e5f24143	49204	standby	out	e5f24143>024a37bae69d6be2ec51eeb9d2b7e99073c30153d06896032f5bd3c09ca843bdb9;a214890d>022716fba0f9a5d46ae7b8a4412296847d63d96c763d49068e851e9be7542080b1	stcpr	45.446212	024a37bae69d6be2ec51eeb9d2b7e99073c30153d06896032f5bd3c09ca843bdb9	231	159	-	-	local-recv	a214890d	no	2	2459.09	4896	5076
12	mux-tunnels-2-t4	down	50000000	97ae541b	49205	standby	out	97ae541b>03c3278fa753b5e942c8b1bfe028219520b8b713f370796e442a4d416a41e08b17;b70493f1>022716fba0f9a5d46ae7b8a4412296847d63d96c763d49068e851e9be7542080b1	stcpr	171.610165	03c3278fa753b5e942c8b1bfe028219520b8b713f370796e442a4d416a41e08b17	231	159	-	-	local-recv	b70493f1	no	4	251.86	4968	5004
12	mux-tunnels-2-t4	down	50000000	df4c1852	49206	standby	out	df4c1852>035f532aed88e89cb8822a31b71d83a14f63fabd6389e537c2426fe84031c60825;f148d779>022716fba0f9a5d46ae7b8a4412296847d63d96c763d49068e851e9be7542080b1	stcpr	166.156659	035f532aed88e89cb8822a31b71d83a14f63fabd6389e537c2426fe84031c60825	239	167	-	-	local-recv	f148d779	no	5	250.71	5004	5004
12	mux-tunnels-2-t4	down	50000000	1bb37806	49207	standby	out	1bb37806>02b3a85aee85dece633272731c2e37867a39fa9127f28233ad18ed0051184fc40a;d30e45c7>022716fba0f9a5d46ae7b8a4412296847d63d96c763d49068e851e9be7542080b1	squicr	88.079109	02b3a85aee85dece633272731c2e37867a39fa9127f28233ad18ed0051184fc40a	239	167	-	-	local-recv	d30e45c7	no	4	267.25	4896	4968
12	mux-tunnels-2-t4	down	50000000	770b2d43	49208	standby	out	770b2d43>031e6a72596e6be53c32b4d1909da233846bcef0000f72a0314072c10b9fc35d3c;91846477>022716fba0f9a5d46ae7b8a4412296847d63d96c763d49068e851e9be7542080b1	stcpr	176.881562	031e6a72596e6be53c32b4d1909da233846bcef0000f72a0314072c10b9fc35d3c	195	159	-	-	local-recv	91846477	no	5	262.38	4932	4860
12	mux-tunnels-2-t4	down	50000000	ee5902d2	49209	standby	out	ee5902d2>0397b427c1e522b768389db1fdfab3943a74e69683800fe4950af7dfb3bf66893c;2dfdb077>022716fba0f9a5d46ae7b8a4412296847d63d96c763d49068e851e9be7542080b1	stcpr	71.927274	0397b427c1e522b768389db1fdfab3943a74e69683800fe4950af7dfb3bf66893c	159	159	-	-	local-recv	2dfdb077	no	3	262.67	4860	4932
12	mux-tunnels-2-t4	down	50000000	977b7c08	49210	standby	out	977b7c08>03e977883c41fca1e63a178398c46574b7ab8d4f381266c852242f473881c32337;6f46dafc>022716fba0f9a5d46ae7b8a4412296847d63d96c763d49068e851e9be7542080b1	stcpr	179.256956	03e977883c41fca1e63a178398c46574b7ab8d4f381266c852242f473881c32337	195	159	-	-	local-recv	6f46dafc	no	6	260.96	4968	4860
12	mux-tunnels-2-t4	down	50000000	7a64a71c	49211	standby	out	7a64a71c>02f0fabacf587c096ca7e38846b16f2617cbeeeca7bd7a06e73b2030f8645dd00f;79a37fb3>022716fba0f9a5d46ae7b8a4412296847d63d96c763d49068e851e9be7542080b1	stcpr	67.929481	02f0fabacf587c096ca7e38846b16f2617cbeeeca7bd7a06e73b2030f8645dd00f	231	159	-	-	local-recv	79a37fb3	no	3	256.87	4860	5004
12	mux-tunnels-2-t4	down	50000000	062c57d2	49212	standby	out	062c57d2>03dc3488e49ded9250f3cca2827ab16f6331b7ccefdad614353c785a5fc76c1b13;2d3c4852>022716fba0f9a5d46ae7b8a4412296847d63d96c763d49068e851e9be7542080b1	stcpr	164.57686	03dc3488e49ded9250f3cca2827ab16f6331b7ccefdad614353c785a5fc76c1b13	231	159	-	-	local-recv	2d3c4852	no	5	260.51	4932	4968
12	mux-tunnels-2-t4	down	50000000	eaddf8ac	49213	standby	out	eaddf8ac>028ce3caf8a1ed3b650b7139aeb854351518149af709cf28fe9bd6376cb3403626;4112d695>022716fba0f9a5d46ae7b8a4412296847d63d96c763d49068e851e9be7542080b1	stcpr	177.237619	028ce3caf8a1ed3b650b7139aeb854351518149af709cf28fe9bd6376cb3403626	231	159	-	-	local-recv	4112d695	no	5	254.52	4932	4968
12	mux-tunnels-2-t4	down	50000000	25b03079	49214	standby	out	25b03079>02c43f7d6da81cdca65fcf41906ff321f0d9f14e4c9ab0ff8b54b8ec64cce11bf0;18e8b97b>022716fba0f9a5d46ae7b8a4412296847d63d96c763d49068e851e9be7542080b1	stcpr	75.214485	02c43f7d6da81cdca65fcf41906ff321f0d9f14e4c9ab0ff8b54b8ec64cce11bf0	231	159	-	-	local-recv	18e8b97b	no	3	2463.59	4860	5004
12	mux-tunnels-2-t4	down	50000000	88737946	49216	standby	out	88737946>039ba57e780efc89546104a134e9121f1dda0617e335eee8c3f21e4e272df93ac1;f888da30>022716fba0f9a5d46ae7b8a4412296847d63d96c763d49068e851e9be7542080b1	stcpr	56.580013	039ba57e780efc89546104a134e9121f1dda0617e335eee8c3f21e4e272df93ac1	231	159	-	-	local-recv	f888da30	no	2	283.37	4788	4968
12	mux-tunnels-2-t4	down	50000000	5157fdc8	49217	standby	out	5157fdc8>03360da779493433e9ae8e103ac1c0baf6973982f93bd3cf326e4b18f9fda666cb;2b4ccbdd>022716fba0f9a5d46ae7b8a4412296847d63d96c763d49068e851e9be7542080b1	stcpr	179.546694	03360da779493433e9ae8e103ac1c0baf6973982f93bd3cf326e4b18f9fda666cb	231	159	-	-	local-recv	2b4ccbdd	no	4	2463.56	4860	4932
12	mux-tunnels-2-t4	down	50000000	475d59a5	49219	standby	out	475d59a5>02b1d9c56928f533ea9b309f8a53ed4807ee4e0193ef3c3a0234033313feceb8f2;99a80e72>022716fba0f9a5d46ae7b8a4412296847d63d96c763d49068e851e9be7542080b1	stcpr	180.975371	02b1d9c56928f533ea9b309f8a53ed4807ee4e0193ef3c3a0234033313feceb8f2	239	167	-	-	local-recv	99a80e72	no	4	259.56	4860	4824
12	mux-tunnels-2-t4	down	50000000	696629b6	49220	standby	out	696629b6>03ecc7d108a98480b40a85bbfadb8f477d0c3559316306dcd7ba52fa3d21dad91e;28684434>022716fba0f9a5d46ae7b8a4412296847d63d96c763d49068e851e9be7542080b1	stcpr	71.510035	03ecc7d108a98480b40a85bbfadb8f477d0c3559316306dcd7ba52fa3d21dad91e	6360	232	-	-	local-recv	28684434	no	3	267.5	4824	4932
12	mux-tunnels-2-t4	down	50000000	a58835c2	49221	standby	out	a58835c2>039c90460398ddf19b4dc153878599e924feb54e016bd0f7ed404d174965e31d74;f4dcb6a5>022716fba0f9a5d46ae7b8a4412296847d63d96c763d49068e851e9be7542080b1	stcpr	183.038503	039c90460398ddf19b4dc153878599e924feb54e016bd0f7ed404d174965e31d74	236	200	-	-	local-recv	f4dcb6a5	no	4	267.59	4860	4932
12	mux-tunnels-2-t4	down	50000000	4aa23edc	49222	standby	out	4aa23edc>02f65a515856df60ef5b135740b0b2bdd085da3427cc12d02405d5496a63b0b72a;90e12bb9>022716fba0f9a5d46ae7b8a4412296847d63d96c763d49068e851e9be7542080b1	stcpr	92.521003	02f65a515856df60ef5b135740b0b2bdd085da3427cc12d02405d5496a63b0b72a	200	200	-	-	local-recv	90e12bb9	no	2	266.91	4788	4932
13	mux-tunnels-2-t5	down	50000000	b414796d	49189	active	in	b414796d>022716fba0f9a5d46ae7b8a4412296847d63d96c763d49068e851e9be7542080b1	stcpr	141.137	022716fba0f9a5d46ae7b8a4412296847d63d96c763d49068e851e9be7542080b1	1857	16514666	32.1%	32.2%	local-recv	b414796d	no	12	664.24	124390518	72705716
13	mux-tunnels-2-t5	down	50000000	95839ad0	49190	active	in	95839ad0>0371ab4bcff7b121f4b91f6856d6740c6f9dc1fe716977850aeb5d84378b300a13;dc5330cf>022716fba0f9a5d46ae7b8a4412296847d63d96c763d49068e851e9be7542080b1	stcpr	50.182105	0371ab4bcff7b121f4b91f6856d6740c6f9dc1fe716977850aeb5d84378b300a13	1998	20081106	34.5%	39.2%	local-recv	dc5330cf	no	19	236.93	106608591	54580232
13	mux-tunnels-2-t5	down	50000000	fdab37dd	49191	standby	out	fdab37dd>03f57e7cf26c0764c5ab659a606add056ddf8bfad4f5bc7e8613cad05e5f228adf;7420f415>022716fba0f9a5d46ae7b8a4412296847d63d96c763d49068e851e9be7542080b1	stcpr	162.452723	03f57e7cf26c0764c5ab659a606add056ddf8bfad4f5bc7e8613cad05e5f228adf	159	146701	-	-	local-recv	7420f415	no	4	241.72	4968	5004
13	mux-tunnels-2-t5	down	50000000	f1012467	49192	standby	in	f1012467>0281a102c82820e811368c8d028cf11b1a985043b726b1bcdb8fce89b27384b2cb;57c570d9>022716fba0f9a5d46ae7b8a4412296847d63d96c763d49068e851e9be7542080b1	stcpr	164.41546	0281a102c82820e811368c8d028cf11b1a985043b726b1bcdb8fce89b27384b2cb	159	525066	2.7%	1.0%	local-recv	57c570d9	no	6	0	4968	5148
13	mux-tunnels-2-t5	down	50000000	bf9b0de8	49193	standby	out	bf9b0de8>026a913078651938783e19416a2de99c924df209e28512da2a571868c989bf3822;c2793bef>022716fba0f9a5d46ae7b8a4412296847d63d96c763d49068e851e9be7542080b1	stcpr	165.226745	026a913078651938783e19416a2de99c924df209e28512da2a571868c989bf3822	159	159	-	-	local-recv	c2793bef	no	3	251.05	4932	5004
13	mux-tunnels-2-t5	down	50000000	03f0e265	49194	standby	out	03f0e265>035f6c7648bb0034b436db7d3845f7b482e8da705ca2b4622fd9673eb60921d5e5;ca5d50b7>022716fba0f9a5d46ae7b8a4412296847d63d96c763d49068e851e9be7542080b1	stcpr	164.028859	035f6c7648bb0034b436db7d3845f7b482e8da705ca2b4622fd9673eb60921d5e5	159	159	-	-	local-recv	ca5d50b7	no	4	251.52	4968	4968
13	mux-tunnels-2-t5	down	50000000	57787a56	49195	standby	in	57787a56>039a6d1e3c237f5f05b78ec19e9f31a007f84835d7ef1e812876102281d1db74c1;505b10aa>022716fba0f9a5d46ae7b8a4412296847d63d96c763d49068e851e9be7542080b1	stcpr	155.489706	039a6d1e3c237f5f05b78ec19e9f31a007f84835d7ef1e812876102281d1db74c1	1773	14102112	30.6%	27.5%	local-recv	505b10aa	no	553	242.52	128688975	53100889
13	mux-tunnels-2-t5	down	50000000	e9e5b101	49196	standby	out	e9e5b101>03e977a4fb802e9ed2a618bf21497a1ff6a3385212b575deba39a0e419d9025494;a7457b04>022716fba0f9a5d46ae7b8a4412296847d63d96c763d49068e851e9be7542080b1	squicr	156.025082	03e977a4fb802e9ed2a618bf21497a1ff6a3385212b575deba39a0e419d9025494	123	159	-	-	local-recv	a7457b04	no	3	255.26	4932	4968
13	mux-tunnels-2-t5	down	50000000	ea69bc13	49197	standby	out	ea69bc13>03dd3a272482055da08828fafffe0cb537915a52e71c92bfc9bf3140ab0153cd7c;ce4708f1>022716fba0f9a5d46ae7b8a4412296847d63d96c763d49068e851e9be7542080b1	stcpr	163.450388	03dd3a272482055da08828fafffe0cb537915a52e71c92bfc9bf3140ab0153cd7c	123	123	-	-	local-recv	ce4708f1	no	4	251.35	4968	4932
13	mux-tunnels-2-t5	down	50000000	94729aa0	49198	standby	out	94729aa0>022d2e9ff0ab2b5ad03851b07a61c32b403570423a2b5a4567e2f4d2aabcd1119d;fa5763f3>022716fba0f9a5d46ae7b8a4412296847d63d96c763d49068e851e9be7542080b1	stcpr	62.257108	022d2e9ff0ab2b5ad03851b07a61c32b403570423a2b5a4567e2f4d2aabcd1119d	118	118	-	-	local-recv	fa5763f3	no	4	267.22	4968	4968
13	mux-tunnels-2-t5	down	50000000	c2ee64dc	49199	standby	out	c2ee64dc>02ea1b80411ef28514056466bf11d8a7b7fcdcf4a964ebd874f8bd9fd74e81eda2;1483d7b9>022716fba0f9a5d46ae7b8a4412296847d63d96c763d49068e851e9be7542080b1	stcpr	89.291471	02ea1b80411ef28514056466bf11d8a7b7fcdcf4a964ebd874f8bd9fd74e81eda2	118	118	-	-	local-recv	1483d7b9	no	4	2467.72	4968	5004
13	mux-tunnels-2-t5	down	50000000	a18cfda5	49200	standby	out	a18cfda5>032fe1b4b0bf0207c10bc99cf64be4fdc15464981554e0cd58bf66f06960cd5fcc;0601bd31>022716fba0f9a5d46ae7b8a4412296847d63d96c763d49068e851e9be7542080b1	stcpr	172.566554	032fe1b4b0bf0207c10bc99cf64be4fdc15464981554e0cd58bf66f06960cd5fcc	154	118	-	-	local-recv	0601bd31	no	5	251.37	5004	5004
13	mux-tunnels-2-t5	down	50000000	e11b656f	49201	standby	out	e11b656f>03a9a28d2a38de5342e43b88c6c138eada84e412cf1e703432c7affee73190cd88;7546a023>022716fba0f9a5d46ae7b8a4412296847d63d96c763d49068e851e9be7542080b1	stcpr	173.5621	03a9a28d2a38de5342e43b88c6c138eada84e412cf1e703432c7affee73190cd88	159	159	-	-	local-recv	7546a023	no	5	250.79	5004	5040
13	mux-tunnels-2-t5	down	50000000	e5faa6e0	49202	standby	out	e5faa6e0>02230b0a96a6f94179fab58196d3dfa1e19070faeae82d6900971462996541e774;47361294>022716fba0f9a5d46ae7b8a4412296847d63d96c763d49068e851e9be7542080b1	stcpr	167.092994	02230b0a96a6f94179fab58196d3dfa1e19070faeae82d6900971462996541e774	167	167	-	-	local-recv	47361294	no	4	251.18	4968	5040
13	mux-tunnels-2-t5	down	50000000	b71ddf99	49203	standby	out	b71ddf99>0328947fced4d4b7beb65a6ef60d579e42d7976168c292cbd6d28b5b8bdc85757f;47828219>022716fba0f9a5d46ae7b8a4412296847d63d96c763d49068e851e9be7542080b1	stcpr	167.876559	0328947fced4d4b7beb65a6ef60d579e42d7976168c292cbd6d28b5b8bdc85757f	159	159	-	-	local-recv	47828219	no	6	251.8	5040	5004
13	mux-tunnels-2-t5	down	50000000	e5f24143	49204	standby	out	e5f24143>024a37bae69d6be2ec51eeb9d2b7e99073c30153d06896032f5bd3c09ca843bdb9;a214890d>022716fba0f9a5d46ae7b8a4412296847d63d96c763d49068e851e9be7542080b1	stcpr	45.446212	024a37bae69d6be2ec51eeb9d2b7e99073c30153d06896032f5bd3c09ca843bdb9	159	159	-	-	local-recv	a214890d	no	2	2459.09	4896	5076
13	mux-tunnels-2-t5	down	50000000	97ae541b	49205	standby	out	97ae541b>03c3278fa753b5e942c8b1bfe028219520b8b713f370796e442a4d416a41e08b17;b70493f1>022716fba0f9a5d46ae7b8a4412296847d63d96c763d49068e851e9be7542080b1	stcpr	171.610165	03c3278fa753b5e942c8b1bfe028219520b8b713f370796e442a4d416a41e08b17	159	159	-	-	local-recv	b70493f1	no	4	251.86	4968	5004
13	mux-tunnels-2-t5	down	50000000	df4c1852	49206	standby	out	df4c1852>035f532aed88e89cb8822a31b71d83a14f63fabd6389e537c2426fe84031c60825;f148d779>022716fba0f9a5d46ae7b8a4412296847d63d96c763d49068e851e9be7542080b1	stcpr	166.156659	035f532aed88e89cb8822a31b71d83a14f63fabd6389e537c2426fe84031c60825	159	159	-	-	local-recv	f148d779	no	5	250.71	5004	5004
13	mux-tunnels-2-t5	down	50000000	1bb37806	49207	standby	out	1bb37806>02b3a85aee85dece633272731c2e37867a39fa9127f28233ad18ed0051184fc40a;d30e45c7>022716fba0f9a5d46ae7b8a4412296847d63d96c763d49068e851e9be7542080b1	squicr	88.079109	02b3a85aee85dece633272731c2e37867a39fa9127f28233ad18ed0051184fc40a	159	159	-	-	local-recv	d30e45c7	no	4	267.25	4896	4968
13	mux-tunnels-2-t5	down	50000000	770b2d43	49208	standby	out	770b2d43>031e6a72596e6be53c32b4d1909da233846bcef0000f72a0314072c10b9fc35d3c;91846477>022716fba0f9a5d46ae7b8a4412296847d63d96c763d49068e851e9be7542080b1	stcpr	176.881562	031e6a72596e6be53c32b4d1909da233846bcef0000f72a0314072c10b9fc35d3c	159	159	-	-	local-recv	91846477	no	5	262.38	4932	4860
13	mux-tunnels-2-t5	down	50000000	ee5902d2	49209	standby	out	ee5902d2>0397b427c1e522b768389db1fdfab3943a74e69683800fe4950af7dfb3bf66893c;2dfdb077>022716fba0f9a5d46ae7b8a4412296847d63d96c763d49068e851e9be7542080b1	stcpr	71.927274	0397b427c1e522b768389db1fdfab3943a74e69683800fe4950af7dfb3bf66893c	159	159	-	-	local-recv	2dfdb077	no	3	262.67	4860	4932
13	mux-tunnels-2-t5	down	50000000	977b7c08	49210	standby	out	977b7c08>03e977883c41fca1e63a178398c46574b7ab8d4f381266c852242f473881c32337;6f46dafc>022716fba0f9a5d46ae7b8a4412296847d63d96c763d49068e851e9be7542080b1	stcpr	179.256956	03e977883c41fca1e63a178398c46574b7ab8d4f381266c852242f473881c32337	159	159	-	-	local-recv	6f46dafc	no	6	260.96	4968	4860
13	mux-tunnels-2-t5	down	50000000	7a64a71c	49211	standby	out	7a64a71c>02f0fabacf587c096ca7e38846b16f2617cbeeeca7bd7a06e73b2030f8645dd00f;79a37fb3>022716fba0f9a5d46ae7b8a4412296847d63d96c763d49068e851e9be7542080b1	stcpr	67.929481	02f0fabacf587c096ca7e38846b16f2617cbeeeca7bd7a06e73b2030f8645dd00f	159	159	-	-	local-recv	79a37fb3	no	3	256.87	4860	5004
13	mux-tunnels-2-t5	down	50000000	062c57d2	49212	standby	out	062c57d2>03dc3488e49ded9250f3cca2827ab16f6331b7ccefdad614353c785a5fc76c1b13;2d3c4852>022716fba0f9a5d46ae7b8a4412296847d63d96c763d49068e851e9be7542080b1	stcpr	164.57686	03dc3488e49ded9250f3cca2827ab16f6331b7ccefdad614353c785a5fc76c1b13	159	159	-	-	local-recv	2d3c4852	no	5	260.51	4932	4968
13	mux-tunnels-2-t5	down	50000000	eaddf8ac	49213	standby	out	eaddf8ac>028ce3caf8a1ed3b650b7139aeb854351518149af709cf28fe9bd6376cb3403626;4112d695>022716fba0f9a5d46ae7b8a4412296847d63d96c763d49068e851e9be7542080b1	stcpr	177.237619	028ce3caf8a1ed3b650b7139aeb854351518149af709cf28fe9bd6376cb3403626	167	167	-	-	local-recv	4112d695	no	5	254.52	4932	4968
13	mux-tunnels-2-t5	down	50000000	25b03079	49214	standby	out	25b03079>02c43f7d6da81cdca65fcf41906ff321f0d9f14e4c9ab0ff8b54b8ec64cce11bf0;18e8b97b>022716fba0f9a5d46ae7b8a4412296847d63d96c763d49068e851e9be7542080b1	stcpr	75.214485	02c43f7d6da81cdca65fcf41906ff321f0d9f14e4c9ab0ff8b54b8ec64cce11bf0	159	159	-	-	local-recv	18e8b97b	no	3	2463.59	4860	5004
13	mux-tunnels-2-t5	down	50000000	88737946	49216	standby	out	88737946>039ba57e780efc89546104a134e9121f1dda0617e335eee8c3f21e4e272df93ac1;f888da30>022716fba0f9a5d46ae7b8a4412296847d63d96c763d49068e851e9be7542080b1	stcpr	56.580013	039ba57e780efc89546104a134e9121f1dda0617e335eee8c3f21e4e272df93ac1	167	167	-	-	local-recv	f888da30	no	2	283.37	4788	4968
13	mux-tunnels-2-t5	down	50000000	5157fdc8	49217	standby	out	5157fdc8>03360da779493433e9ae8e103ac1c0baf6973982f93bd3cf326e4b18f9fda666cb;2b4ccbdd>022716fba0f9a5d46ae7b8a4412296847d63d96c763d49068e851e9be7542080b1	stcpr	179.546694	03360da779493433e9ae8e103ac1c0baf6973982f93bd3cf326e4b18f9fda666cb	167	167	-	-	local-recv	2b4ccbdd	no	4	2463.56	4860	4932
13	mux-tunnels-2-t5	down	50000000	475d59a5	49219	standby	out	475d59a5>02b1d9c56928f533ea9b309f8a53ed4807ee4e0193ef3c3a0234033313feceb8f2;99a80e72>022716fba0f9a5d46ae7b8a4412296847d63d96c763d49068e851e9be7542080b1	stcpr	180.975371	02b1d9c56928f533ea9b309f8a53ed4807ee4e0193ef3c3a0234033313feceb8f2	159	159	-	-	local-recv	99a80e72	no	4	259.56	4860	4824
13	mux-tunnels-2-t5	down	50000000	696629b6	49220	standby	out	696629b6>03ecc7d108a98480b40a85bbfadb8f477d0c3559316306dcd7ba52fa3d21dad91e;28684434>022716fba0f9a5d46ae7b8a4412296847d63d96c763d49068e851e9be7542080b1	stcpr	71.510035	03ecc7d108a98480b40a85bbfadb8f477d0c3559316306dcd7ba52fa3d21dad91e	334	159	-	-	local-recv	28684434	no	3	267.5	4824	4932
13	mux-tunnels-2-t5	down	50000000	a58835c2	49221	standby	out	a58835c2>039c90460398ddf19b4dc153878599e924feb54e016bd0f7ed404d174965e31d74;f4dcb6a5>022716fba0f9a5d46ae7b8a4412296847d63d96c763d49068e851e9be7542080b1	stcpr	183.038503	039c90460398ddf19b4dc153878599e924feb54e016bd0f7ed404d174965e31d74	159	159	-	-	local-recv	f4dcb6a5	no	4	267.59	4860	4932
13	mux-tunnels-2-t5	down	50000000	4aa23edc	49222	standby	out	4aa23edc>02f65a515856df60ef5b135740b0b2bdd085da3427cc12d02405d5496a63b0b72a;90e12bb9>022716fba0f9a5d46ae7b8a4412296847d63d96c763d49068e851e9be7542080b1	stcpr	92.521003	02f65a515856df60ef5b135740b0b2bdd085da3427cc12d02405d5496a63b0b72a	159	159	-	-	local-recv	90e12bb9	no	2	266.91	4788	4932
14	mux-tunnels-2-t1	up	50000000	b414796d	49189	active	in	b414796d>022716fba0f9a5d46ae7b8a4412296847d63d96c763d49068e851e9be7542080b1	stcpr	141.137	022716fba0f9a5d46ae7b8a4412296847d63d96c763d49068e851e9be7542080b1	20913852	3267	41.7%	37.3%	local-recv	b414796d	no	12	664.24	124390518	72705716
14	mux-tunnels-2-t1	up	50000000	95839ad0	49190	active	in	95839ad0>0371ab4bcff7b121f4b91f6856d6740c6f9dc1fe716977850aeb5d84378b300a13;dc5330cf>022716fba0f9a5d46ae7b8a4412296847d63d96c763d49068e851e9be7542080b1	stcpr	50.182105	0371ab4bcff7b121f4b91f6856d6740c6f9dc1fe716977850aeb5d84378b300a13	16678936	2818	33.2%	32.2%	local-recv	dc5330cf	no	19	236.93	106608591	54580232
14	mux-tunnels-2-t1	up	50000000	fdab37dd	49191	standby	out	fdab37dd>03f57e7cf26c0764c5ab659a606add056ddf8bfad4f5bc7e8613cad05e5f228adf;7420f415>022716fba0f9a5d46ae7b8a4412296847d63d96c763d49068e851e9be7542080b1	stcpr	162.452723	03f57e7cf26c0764c5ab659a606add056ddf8bfad4f5bc7e8613cad05e5f228adf	245	245	-	-	local-recv	7420f415	no	4	241.72	4968	5004
14	mux-tunnels-2-t1	up	50000000	f1012467	49192	standby	out	f1012467>0281a102c82820e811368c8d028cf11b1a985043b726b1bcdb8fce89b27384b2cb;57c570d9>022716fba0f9a5d46ae7b8a4412296847d63d96c763d49068e851e9be7542080b1	stcpr	164.41546	0281a102c82820e811368c8d028cf11b1a985043b726b1bcdb8fce89b27384b2cb	232	232	-	-	local-recv	57c570d9	no	6	0	4968	5148
14	mux-tunnels-2-t1	up	50000000	bf9b0de8	49193	standby	out	bf9b0de8>026a913078651938783e19416a2de99c924df209e28512da2a571868c989bf3822;c2793bef>022716fba0f9a5d46ae7b8a4412296847d63d96c763d49068e851e9be7542080b1	stcpr	165.226745	026a913078651938783e19416a2de99c924df209e28512da2a571868c989bf3822	232	232	-	-	local-recv	c2793bef	no	3	251.05	4932	5004
14	mux-tunnels-2-t1	up	50000000	03f0e265	49194	standby	out	03f0e265>035f6c7648bb0034b436db7d3845f7b482e8da705ca2b4622fd9673eb60921d5e5;ca5d50b7>022716fba0f9a5d46ae7b8a4412296847d63d96c763d49068e851e9be7542080b1	stcpr	164.028859	035f6c7648bb0034b436db7d3845f7b482e8da705ca2b4622fd9673eb60921d5e5	232	232	-	-	local-recv	ca5d50b7	no	4	251.52	4968	4968
14	mux-tunnels-2-t1	up	50000000	57787a56	49195	standby	in	57787a56>039a6d1e3c237f5f05b78ec19e9f31a007f84835d7ef1e812876102281d1db74c1;505b10aa>022716fba0f9a5d46ae7b8a4412296847d63d96c763d49068e851e9be7542080b1	stcpr	155.489706	039a6d1e3c237f5f05b78ec19e9f31a007f84835d7ef1e812876102281d1db74c1	12574722	2676	25.1%	30.5%	local-recv	505b10aa	no	553	242.52	128688975	53100889
14	mux-tunnels-2-t1	up	50000000	e9e5b101	49196	standby	out	e9e5b101>03e977a4fb802e9ed2a618bf21497a1ff6a3385212b575deba39a0e419d9025494;a7457b04>022716fba0f9a5d46ae7b8a4412296847d63d96c763d49068e851e9be7542080b1	squicr	156.025082	03e977a4fb802e9ed2a618bf21497a1ff6a3385212b575deba39a0e419d9025494	232	232	-	-	local-recv	a7457b04	no	3	255.26	4932	4968
14	mux-tunnels-2-t1	up	50000000	ea69bc13	49197	standby	out	ea69bc13>03dd3a272482055da08828fafffe0cb537915a52e71c92bfc9bf3140ab0153cd7c;ce4708f1>022716fba0f9a5d46ae7b8a4412296847d63d96c763d49068e851e9be7542080b1	stcpr	163.450388	03dd3a272482055da08828fafffe0cb537915a52e71c92bfc9bf3140ab0153cd7c	232	232	-	-	local-recv	ce4708f1	no	4	251.35	4968	4932
14	mux-tunnels-2-t1	up	50000000	94729aa0	49198	standby	out	94729aa0>022d2e9ff0ab2b5ad03851b07a61c32b403570423a2b5a4567e2f4d2aabcd1119d;fa5763f3>022716fba0f9a5d46ae7b8a4412296847d63d96c763d49068e851e9be7542080b1	stcpr	62.257108	022d2e9ff0ab2b5ad03851b07a61c32b403570423a2b5a4567e2f4d2aabcd1119d	232	232	-	-	local-recv	fa5763f3	no	4	267.22	4968	4968
14	mux-tunnels-2-t1	up	50000000	c2ee64dc	49199	standby	out	c2ee64dc>02ea1b80411ef28514056466bf11d8a7b7fcdcf4a964ebd874f8bd9fd74e81eda2;1483d7b9>022716fba0f9a5d46ae7b8a4412296847d63d96c763d49068e851e9be7542080b1	stcpr	89.291471	02ea1b80411ef28514056466bf11d8a7b7fcdcf4a964ebd874f8bd9fd74e81eda2	200	200	-	-	local-recv	1483d7b9	no	4	2467.72	4968	5004
14	mux-tunnels-2-t1	up	50000000	a18cfda5	49200	standby	out	a18cfda5>032fe1b4b0bf0207c10bc99cf64be4fdc15464981554e0cd58bf66f06960cd5fcc;0601bd31>022716fba0f9a5d46ae7b8a4412296847d63d96c763d49068e851e9be7542080b1	stcpr	172.566554	032fe1b4b0bf0207c10bc99cf64be4fdc15464981554e0cd58bf66f06960cd5fcc	200	200	-	-	local-recv	0601bd31	no	5	251.37	5004	5004
14	mux-tunnels-2-t1	up	50000000	e11b656f	49201	standby	out	e11b656f>03a9a28d2a38de5342e43b88c6c138eada84e412cf1e703432c7affee73190cd88;7546a023>022716fba0f9a5d46ae7b8a4412296847d63d96c763d49068e851e9be7542080b1	stcpr	173.5621	03a9a28d2a38de5342e43b88c6c138eada84e412cf1e703432c7affee73190cd88	200	200	-	-	local-recv	7546a023	no	5	250.79	5004	5040
14	mux-tunnels-2-t1	up	50000000	e5faa6e0	49202	standby	out	e5faa6e0>02230b0a96a6f94179fab58196d3dfa1e19070faeae82d6900971462996541e774;47361294>022716fba0f9a5d46ae7b8a4412296847d63d96c763d49068e851e9be7542080b1	stcpr	167.092994	02230b0a96a6f94179fab58196d3dfa1e19070faeae82d6900971462996541e774	200	200	-	-	local-recv	47361294	no	4	251.18	4968	5040
14	mux-tunnels-2-t1	up	50000000	b71ddf99	49203	standby	out	b71ddf99>0328947fced4d4b7beb65a6ef60d579e42d7976168c292cbd6d28b5b8bdc85757f;47828219>022716fba0f9a5d46ae7b8a4412296847d63d96c763d49068e851e9be7542080b1	stcpr	167.876559	0328947fced4d4b7beb65a6ef60d579e42d7976168c292cbd6d28b5b8bdc85757f	200	200	-	-	local-recv	47828219	no	6	251.8	5040	5004
14	mux-tunnels-2-t1	up	50000000	e5f24143	49204	standby	out	e5f24143>024a37bae69d6be2ec51eeb9d2b7e99073c30153d06896032f5bd3c09ca843bdb9;a214890d>022716fba0f9a5d46ae7b8a4412296847d63d96c763d49068e851e9be7542080b1	stcpr	45.446212	024a37bae69d6be2ec51eeb9d2b7e99073c30153d06896032f5bd3c09ca843bdb9	232	232	-	-	local-recv	a214890d	no	2	2459.09	4896	5076
14	mux-tunnels-2-t1	up	50000000	97ae541b	49205	standby	out	97ae541b>03c3278fa753b5e942c8b1bfe028219520b8b713f370796e442a4d416a41e08b17;b70493f1>022716fba0f9a5d46ae7b8a4412296847d63d96c763d49068e851e9be7542080b1	stcpr	171.610165	03c3278fa753b5e942c8b1bfe028219520b8b713f370796e442a4d416a41e08b17	232	232	-	-	local-recv	b70493f1	no	4	251.86	4968	5004
14	mux-tunnels-2-t1	up	50000000	df4c1852	49206	standby	out	df4c1852>035f532aed88e89cb8822a31b71d83a14f63fabd6389e537c2426fe84031c60825;f148d779>022716fba0f9a5d46ae7b8a4412296847d63d96c763d49068e851e9be7542080b1	stcpr	166.156659	035f532aed88e89cb8822a31b71d83a14f63fabd6389e537c2426fe84031c60825	240	240	-	-	local-recv	f148d779	no	5	250.71	5004	5004
14	mux-tunnels-2-t1	up	50000000	1bb37806	49207	standby	out	1bb37806>02b3a85aee85dece633272731c2e37867a39fa9127f28233ad18ed0051184fc40a;d30e45c7>022716fba0f9a5d46ae7b8a4412296847d63d96c763d49068e851e9be7542080b1	squicr	88.079109	02b3a85aee85dece633272731c2e37867a39fa9127f28233ad18ed0051184fc40a	208	208	-	-	local-recv	d30e45c7	no	4	267.25	4896	4968
14	mux-tunnels-2-t1	up	50000000	770b2d43	49208	standby	out	770b2d43>031e6a72596e6be53c32b4d1909da233846bcef0000f72a0314072c10b9fc35d3c;91846477>022716fba0f9a5d46ae7b8a4412296847d63d96c763d49068e851e9be7542080b1	stcpr	176.881562	031e6a72596e6be53c32b4d1909da233846bcef0000f72a0314072c10b9fc35d3c	200	200	-	-	local-recv	91846477	no	5	262.38	4932	4860
14	mux-tunnels-2-t1	up	50000000	ee5902d2	49209	standby	out	ee5902d2>0397b427c1e522b768389db1fdfab3943a74e69683800fe4950af7dfb3bf66893c;2dfdb077>022716fba0f9a5d46ae7b8a4412296847d63d96c763d49068e851e9be7542080b1	stcpr	71.927274	0397b427c1e522b768389db1fdfab3943a74e69683800fe4950af7dfb3bf66893c	272	272	-	-	local-recv	2dfdb077	no	3	262.67	4860	4932
14	mux-tunnels-2-t1	up	50000000	977b7c08	49210	standby	out	977b7c08>03e977883c41fca1e63a178398c46574b7ab8d4f381266c852242f473881c32337;6f46dafc>022716fba0f9a5d46ae7b8a4412296847d63d96c763d49068e851e9be7542080b1	stcpr	179.256956	03e977883c41fca1e63a178398c46574b7ab8d4f381266c852242f473881c32337	241	241	-	-	local-recv	6f46dafc	no	6	260.96	4968	4860
14	mux-tunnels-2-t1	up	50000000	7a64a71c	49211	standby	out	7a64a71c>02f0fabacf587c096ca7e38846b16f2617cbeeeca7bd7a06e73b2030f8645dd00f;79a37fb3>022716fba0f9a5d46ae7b8a4412296847d63d96c763d49068e851e9be7542080b1	stcpr	67.929481	02f0fabacf587c096ca7e38846b16f2617cbeeeca7bd7a06e73b2030f8645dd00f	236	236	-	-	local-recv	79a37fb3	no	3	256.87	4860	5004
14	mux-tunnels-2-t1	up	50000000	062c57d2	49212	standby	out	062c57d2>03dc3488e49ded9250f3cca2827ab16f6331b7ccefdad614353c785a5fc76c1b13;2d3c4852>022716fba0f9a5d46ae7b8a4412296847d63d96c763d49068e851e9be7542080b1	stcpr	164.57686	03dc3488e49ded9250f3cca2827ab16f6331b7ccefdad614353c785a5fc76c1b13	236	236	-	-	local-recv	2d3c4852	no	5	260.51	4932	4968
14	mux-tunnels-2-t1	up	50000000	eaddf8ac	49213	standby	out	eaddf8ac>028ce3caf8a1ed3b650b7139aeb854351518149af709cf28fe9bd6376cb3403626;4112d695>022716fba0f9a5d46ae7b8a4412296847d63d96c763d49068e851e9be7542080b1	stcpr	177.237619	028ce3caf8a1ed3b650b7139aeb854351518149af709cf28fe9bd6376cb3403626	236	236	-	-	local-recv	4112d695	no	5	254.52	4932	4968
14	mux-tunnels-2-t1	up	50000000	25b03079	49214	standby	out	25b03079>02c43f7d6da81cdca65fcf41906ff321f0d9f14e4c9ab0ff8b54b8ec64cce11bf0;18e8b97b>022716fba0f9a5d46ae7b8a4412296847d63d96c763d49068e851e9be7542080b1	stcpr	75.214485	02c43f7d6da81cdca65fcf41906ff321f0d9f14e4c9ab0ff8b54b8ec64cce11bf0	244	244	-	-	local-recv	18e8b97b	no	3	2463.59	4860	5004
14	mux-tunnels-2-t1	up	50000000	88737946	49216	standby	out	88737946>039ba57e780efc89546104a134e9121f1dda0617e335eee8c3f21e4e272df93ac1;f888da30>022716fba0f9a5d46ae7b8a4412296847d63d96c763d49068e851e9be7542080b1	stcpr	56.580013	039ba57e780efc89546104a134e9121f1dda0617e335eee8c3f21e4e272df93ac1	236	236	-	-	local-recv	f888da30	no	2	283.37	4788	4968
14	mux-tunnels-2-t1	up	50000000	5157fdc8	49217	standby	out	5157fdc8>03360da779493433e9ae8e103ac1c0baf6973982f93bd3cf326e4b18f9fda666cb;2b4ccbdd>022716fba0f9a5d46ae7b8a4412296847d63d96c763d49068e851e9be7542080b1	stcpr	179.546694	03360da779493433e9ae8e103ac1c0baf6973982f93bd3cf326e4b18f9fda666cb	236	236	-	-	local-recv	2b4ccbdd	no	4	2463.56	4860	4932
14	mux-tunnels-2-t1	up	50000000	475d59a5	49219	standby	out	475d59a5>02b1d9c56928f533ea9b309f8a53ed4807ee4e0193ef3c3a0234033313feceb8f2;99a80e72>022716fba0f9a5d46ae7b8a4412296847d63d96c763d49068e851e9be7542080b1	stcpr	180.975371	02b1d9c56928f533ea9b309f8a53ed4807ee4e0193ef3c3a0234033313feceb8f2	244	244	-	-	local-recv	99a80e72	no	4	259.56	4860	4824
14	mux-tunnels-2-t1	up	50000000	696629b6	49220	standby	out	696629b6>03ecc7d108a98480b40a85bbfadb8f477d0c3559316306dcd7ba52fa3d21dad91e;28684434>022716fba0f9a5d46ae7b8a4412296847d63d96c763d49068e851e9be7542080b1	stcpr	71.510035	03ecc7d108a98480b40a85bbfadb8f477d0c3559316306dcd7ba52fa3d21dad91e	411	236	-	-	local-recv	28684434	no	3	267.5	4824	4932
14	mux-tunnels-2-t1	up	50000000	a58835c2	49221	standby	out	a58835c2>039c90460398ddf19b4dc153878599e924feb54e016bd0f7ed404d174965e31d74;f4dcb6a5>022716fba0f9a5d46ae7b8a4412296847d63d96c763d49068e851e9be7542080b1	stcpr	183.038503	039c90460398ddf19b4dc153878599e924feb54e016bd0f7ed404d174965e31d74	236	236	-	-	local-recv	f4dcb6a5	no	4	267.59	4860	4932
14	mux-tunnels-2-t1	up	50000000	4aa23edc	49222	standby	out	4aa23edc>02f65a515856df60ef5b135740b0b2bdd085da3427cc12d02405d5496a63b0b72a;90e12bb9>022716fba0f9a5d46ae7b8a4412296847d63d96c763d49068e851e9be7542080b1	stcpr	92.521003	02f65a515856df60ef5b135740b0b2bdd085da3427cc12d02405d5496a63b0b72a	236	236	-	-	local-recv	90e12bb9	no	2	266.91	4788	4932
15	mux-tunnels-2-t2	up	50000000	b414796d	49189	active	in	b414796d>022716fba0f9a5d46ae7b8a4412296847d63d96c763d49068e851e9be7542080b1	stcpr	141.137	022716fba0f9a5d46ae7b8a4412296847d63d96c763d49068e851e9be7542080b1	20848385	3349	41.7%	40.7%	local-recv	b414796d	no	12	664.24	124390518	72705716
15	mux-tunnels-2-t2	up	50000000	95839ad0	49190	active	in	95839ad0>0371ab4bcff7b121f4b91f6856d6740c6f9dc1fe716977850aeb5d84378b300a13;dc5330cf>022716fba0f9a5d46ae7b8a4412296847d63d96c763d49068e851e9be7542080b1	stcpr	50.182105	0371ab4bcff7b121f4b91f6856d6740c6f9dc1fe716977850aeb5d84378b300a13	12509213	2077	25.0%	25.3%	local-recv	dc5330cf	no	19	236.93	106608591	54580232
15	mux-tunnels-2-t2	up	50000000	fdab37dd	49191	standby	out	fdab37dd>03f57e7cf26c0764c5ab659a606add056ddf8bfad4f5bc7e8613cad05e5f228adf;7420f415>022716fba0f9a5d46ae7b8a4412296847d63d96c763d49068e851e9be7542080b1	stcpr	162.452723	03f57e7cf26c0764c5ab659a606add056ddf8bfad4f5bc7e8613cad05e5f228adf	159	159	-	-	local-recv	7420f415	no	4	241.72	4968	5004
15	mux-tunnels-2-t2	up	50000000	f1012467	49192	standby	out	f1012467>0281a102c82820e811368c8d028cf11b1a985043b726b1bcdb8fce89b27384b2cb;57c570d9>022716fba0f9a5d46ae7b8a4412296847d63d96c763d49068e851e9be7542080b1	stcpr	164.41546	0281a102c82820e811368c8d028cf11b1a985043b726b1bcdb8fce89b27384b2cb	164	195	-	-	local-recv	57c570d9	no	6	0	4968	5148
15	mux-tunnels-2-t2	up	50000000	bf9b0de8	49193	standby	out	bf9b0de8>026a913078651938783e19416a2de99c924df209e28512da2a571868c989bf3822;c2793bef>022716fba0f9a5d46ae7b8a4412296847d63d96c763d49068e851e9be7542080b1	stcpr	165.226745	026a913078651938783e19416a2de99c924df209e28512da2a571868c989bf3822	131	167	-	-	local-recv	c2793bef	no	3	251.05	4932	5004
15	mux-tunnels-2-t2	up	50000000	03f0e265	49194	standby	out	03f0e265>035f6c7648bb0034b436db7d3845f7b482e8da705ca2b4622fd9673eb60921d5e5;ca5d50b7>022716fba0f9a5d46ae7b8a4412296847d63d96c763d49068e851e9be7542080b1	stcpr	164.028859	035f6c7648bb0034b436db7d3845f7b482e8da705ca2b4622fd9673eb60921d5e5	154	118	-	-	local-recv	ca5d50b7	no	4	251.52	4968	4968
15	mux-tunnels-2-t2	up	50000000	57787a56	49195	standby	in	57787a56>039a6d1e3c237f5f05b78ec19e9f31a007f84835d7ef1e812876102281d1db74c1;505b10aa>022716fba0f9a5d46ae7b8a4412296847d63d96c763d49068e851e9be7542080b1	stcpr	155.489706	039a6d1e3c237f5f05b78ec19e9f31a007f84835d7ef1e812876102281d1db74c1	16678607	2798	33.3%	34.0%	local-recv	505b10aa	no	553	242.52	128688975	53100889
15	mux-tunnels-2-t2	up	50000000	e9e5b101	49196	standby	out	e9e5b101>03e977a4fb802e9ed2a618bf21497a1ff6a3385212b575deba39a0e419d9025494;a7457b04>022716fba0f9a5d46ae7b8a4412296847d63d96c763d49068e851e9be7542080b1	squicr	156.025082	03e977a4fb802e9ed2a618bf21497a1ff6a3385212b575deba39a0e419d9025494	159	159	-	-	local-recv	a7457b04	no	3	255.26	4932	4968
15	mux-tunnels-2-t2	up	50000000	ea69bc13	49197	standby	out	ea69bc13>03dd3a272482055da08828fafffe0cb537915a52e71c92bfc9bf3140ab0153cd7c;ce4708f1>022716fba0f9a5d46ae7b8a4412296847d63d96c763d49068e851e9be7542080b1	stcpr	163.450388	03dd3a272482055da08828fafffe0cb537915a52e71c92bfc9bf3140ab0153cd7c	196	180	-	-	local-recv	ce4708f1	no	4	251.35	4968	4932
15	mux-tunnels-2-t2	up	50000000	94729aa0	49198	standby	out	94729aa0>022d2e9ff0ab2b5ad03851b07a61c32b403570423a2b5a4567e2f4d2aabcd1119d;fa5763f3>022716fba0f9a5d46ae7b8a4412296847d63d96c763d49068e851e9be7542080b1	stcpr	62.257108	022d2e9ff0ab2b5ad03851b07a61c32b403570423a2b5a4567e2f4d2aabcd1119d	216	11348	-	-	local-recv	fa5763f3	no	4	267.22	4968	4968
15	mux-tunnels-2-t2	up	50000000	c2ee64dc	49199	standby	out	c2ee64dc>02ea1b80411ef28514056466bf11d8a7b7fcdcf4a964ebd874f8bd9fd74e81eda2;1483d7b9>022716fba0f9a5d46ae7b8a4412296847d63d96c763d49068e851e9be7542080b1	stcpr	89.291471	02ea1b80411ef28514056466bf11d8a7b7fcdcf4a964ebd874f8bd9fd74e81eda2	159	159	-	-	local-recv	1483d7b9	no	4	2467.72	4968	5004
15	mux-tunnels-2-t2	up	50000000	a18cfda5	49200	standby	out	a18cfda5>032fe1b4b0bf0207c10bc99cf64be4fdc15464981554e0cd58bf66f06960cd5fcc;0601bd31>022716fba0f9a5d46ae7b8a4412296847d63d96c763d49068e851e9be7542080b1	stcpr	172.566554	032fe1b4b0bf0207c10bc99cf64be4fdc15464981554e0cd58bf66f06960cd5fcc	167	167	-	-	local-recv	0601bd31	no	5	251.37	5004	5004
15	mux-tunnels-2-t2	up	50000000	e11b656f	49201	standby	out	e11b656f>03a9a28d2a38de5342e43b88c6c138eada84e412cf1e703432c7affee73190cd88;7546a023>022716fba0f9a5d46ae7b8a4412296847d63d96c763d49068e851e9be7542080b1	stcpr	173.5621	03a9a28d2a38de5342e43b88c6c138eada84e412cf1e703432c7affee73190cd88	167	167	-	-	local-recv	7546a023	no	5	250.79	5004	5040
15	mux-tunnels-2-t2	up	50000000	e5faa6e0	49202	standby	out	e5faa6e0>02230b0a96a6f94179fab58196d3dfa1e19070faeae82d6900971462996541e774;47361294>022716fba0f9a5d46ae7b8a4412296847d63d96c763d49068e851e9be7542080b1	stcpr	167.092994	02230b0a96a6f94179fab58196d3dfa1e19070faeae82d6900971462996541e774	167	167	-	-	local-recv	47361294	no	4	251.18	4968	5040
15	mux-tunnels-2-t2	up	50000000	b71ddf99	49203	standby	out	b71ddf99>0328947fced4d4b7beb65a6ef60d579e42d7976168c292cbd6d28b5b8bdc85757f;47828219>022716fba0f9a5d46ae7b8a4412296847d63d96c763d49068e851e9be7542080b1	stcpr	167.876559	0328947fced4d4b7beb65a6ef60d579e42d7976168c292cbd6d28b5b8bdc85757f	159	159	-	-	local-recv	47828219	no	6	251.8	5040	5004
15	mux-tunnels-2-t2	up	50000000	e5f24143	49204	standby	out	e5f24143>024a37bae69d6be2ec51eeb9d2b7e99073c30153d06896032f5bd3c09ca843bdb9;a214890d>022716fba0f9a5d46ae7b8a4412296847d63d96c763d49068e851e9be7542080b1	stcpr	45.446212	024a37bae69d6be2ec51eeb9d2b7e99073c30153d06896032f5bd3c09ca843bdb9	159	159	-	-	local-recv	a214890d	no	2	2459.09	4896	5076
15	mux-tunnels-2-t2	up	50000000	97ae541b	49205	standby	out	97ae541b>03c3278fa753b5e942c8b1bfe028219520b8b713f370796e442a4d416a41e08b17;b70493f1>022716fba0f9a5d46ae7b8a4412296847d63d96c763d49068e851e9be7542080b1	stcpr	171.610165	03c3278fa753b5e942c8b1bfe028219520b8b713f370796e442a4d416a41e08b17	159	159	-	-	local-recv	b70493f1	no	4	251.86	4968	5004
15	mux-tunnels-2-t2	up	50000000	df4c1852	49206	standby	out	df4c1852>035f532aed88e89cb8822a31b71d83a14f63fabd6389e537c2426fe84031c60825;f148d779>022716fba0f9a5d46ae7b8a4412296847d63d96c763d49068e851e9be7542080b1	stcpr	166.156659	035f532aed88e89cb8822a31b71d83a14f63fabd6389e537c2426fe84031c60825	159	159	-	-	local-recv	f148d779	no	5	250.71	5004	5004
15	mux-tunnels-2-t2	up	50000000	1bb37806	49207	standby	out	1bb37806>02b3a85aee85dece633272731c2e37867a39fa9127f28233ad18ed0051184fc40a;d30e45c7>022716fba0f9a5d46ae7b8a4412296847d63d96c763d49068e851e9be7542080b1	squicr	88.079109	02b3a85aee85dece633272731c2e37867a39fa9127f28233ad18ed0051184fc40a	159	159	-	-	local-recv	d30e45c7	no	4	267.25	4896	4968
15	mux-tunnels-2-t2	up	50000000	770b2d43	49208	standby	out	770b2d43>031e6a72596e6be53c32b4d1909da233846bcef0000f72a0314072c10b9fc35d3c;91846477>022716fba0f9a5d46ae7b8a4412296847d63d96c763d49068e851e9be7542080b1	stcpr	176.881562	031e6a72596e6be53c32b4d1909da233846bcef0000f72a0314072c10b9fc35d3c	159	159	-	-	local-recv	91846477	no	5	262.38	4932	4860
15	mux-tunnels-2-t2	up	50000000	ee5902d2	49209	standby	out	ee5902d2>0397b427c1e522b768389db1fdfab3943a74e69683800fe4950af7dfb3bf66893c;2dfdb077>022716fba0f9a5d46ae7b8a4412296847d63d96c763d49068e851e9be7542080b1	stcpr	71.927274	0397b427c1e522b768389db1fdfab3943a74e69683800fe4950af7dfb3bf66893c	159	159	-	-	local-recv	2dfdb077	no	3	262.67	4860	4932
15	mux-tunnels-2-t2	up	50000000	977b7c08	49210	standby	out	977b7c08>03e977883c41fca1e63a178398c46574b7ab8d4f381266c852242f473881c32337;6f46dafc>022716fba0f9a5d46ae7b8a4412296847d63d96c763d49068e851e9be7542080b1	stcpr	179.256956	03e977883c41fca1e63a178398c46574b7ab8d4f381266c852242f473881c32337	159	159	-	-	local-recv	6f46dafc	no	6	260.96	4968	4860
15	mux-tunnels-2-t2	up	50000000	7a64a71c	49211	standby	out	7a64a71c>02f0fabacf587c096ca7e38846b16f2617cbeeeca7bd7a06e73b2030f8645dd00f;79a37fb3>022716fba0f9a5d46ae7b8a4412296847d63d96c763d49068e851e9be7542080b1	stcpr	67.929481	02f0fabacf587c096ca7e38846b16f2617cbeeeca7bd7a06e73b2030f8645dd00f	159	159	-	-	local-recv	79a37fb3	no	3	256.87	4860	5004
15	mux-tunnels-2-t2	up	50000000	062c57d2	49212	standby	out	062c57d2>03dc3488e49ded9250f3cca2827ab16f6331b7ccefdad614353c785a5fc76c1b13;2d3c4852>022716fba0f9a5d46ae7b8a4412296847d63d96c763d49068e851e9be7542080b1	stcpr	164.57686	03dc3488e49ded9250f3cca2827ab16f6331b7ccefdad614353c785a5fc76c1b13	87	87	-	-	local-recv	2d3c4852	no	5	260.51	4932	4968
15	mux-tunnels-2-t2	up	50000000	eaddf8ac	49213	standby	out	eaddf8ac>028ce3caf8a1ed3b650b7139aeb854351518149af709cf28fe9bd6376cb3403626;4112d695>022716fba0f9a5d46ae7b8a4412296847d63d96c763d49068e851e9be7542080b1	stcpr	177.237619	028ce3caf8a1ed3b650b7139aeb854351518149af709cf28fe9bd6376cb3403626	82	82	-	-	local-recv	4112d695	no	5	254.52	4932	4968
15	mux-tunnels-2-t2	up	50000000	25b03079	49214	standby	out	25b03079>02c43f7d6da81cdca65fcf41906ff321f0d9f14e4c9ab0ff8b54b8ec64cce11bf0;18e8b97b>022716fba0f9a5d46ae7b8a4412296847d63d96c763d49068e851e9be7542080b1	stcpr	75.214485	02c43f7d6da81cdca65fcf41906ff321f0d9f14e4c9ab0ff8b54b8ec64cce11bf0	82	82	-	-	local-recv	18e8b97b	no	3	2463.59	4860	5004
15	mux-tunnels-2-t2	up	50000000	88737946	49216	standby	out	88737946>039ba57e780efc89546104a134e9121f1dda0617e335eee8c3f21e4e272df93ac1;f888da30>022716fba0f9a5d46ae7b8a4412296847d63d96c763d49068e851e9be7542080b1	stcpr	56.580013	039ba57e780efc89546104a134e9121f1dda0617e335eee8c3f21e4e272df93ac1	82	82	-	-	local-recv	f888da30	no	2	283.37	4788	4968
15	mux-tunnels-2-t2	up	50000000	5157fdc8	49217	standby	out	5157fdc8>03360da779493433e9ae8e103ac1c0baf6973982f93bd3cf326e4b18f9fda666cb;2b4ccbdd>022716fba0f9a5d46ae7b8a4412296847d63d96c763d49068e851e9be7542080b1	stcpr	179.546694	03360da779493433e9ae8e103ac1c0baf6973982f93bd3cf326e4b18f9fda666cb	90	90	-	-	local-recv	2b4ccbdd	no	4	2463.56	4860	4932
15	mux-tunnels-2-t2	up	50000000	475d59a5	49219	standby	out	475d59a5>02b1d9c56928f533ea9b309f8a53ed4807ee4e0193ef3c3a0234033313feceb8f2;99a80e72>022716fba0f9a5d46ae7b8a4412296847d63d96c763d49068e851e9be7542080b1	stcpr	180.975371	02b1d9c56928f533ea9b309f8a53ed4807ee4e0193ef3c3a0234033313feceb8f2	82	82	-	-	local-recv	99a80e72	no	4	259.56	4860	4824
15	mux-tunnels-2-t2	up	50000000	696629b6	49220	standby	out	696629b6>03ecc7d108a98480b40a85bbfadb8f477d0c3559316306dcd7ba52fa3d21dad91e;28684434>022716fba0f9a5d46ae7b8a4412296847d63d96c763d49068e851e9be7542080b1	stcpr	71.510035	03ecc7d108a98480b40a85bbfadb8f477d0c3559316306dcd7ba52fa3d21dad91e	183	82	-	-	local-recv	28684434	no	3	267.5	4824	4932
15	mux-tunnels-2-t2	up	50000000	a58835c2	49221	standby	out	a58835c2>039c90460398ddf19b4dc153878599e924feb54e016bd0f7ed404d174965e31d74;f4dcb6a5>022716fba0f9a5d46ae7b8a4412296847d63d96c763d49068e851e9be7542080b1	stcpr	183.038503	039c90460398ddf19b4dc153878599e924feb54e016bd0f7ed404d174965e31d74	162	162	-	-	local-recv	f4dcb6a5	no	4	267.59	4860	4932
15	mux-tunnels-2-t2	up	50000000	4aa23edc	49222	standby	out	4aa23edc>02f65a515856df60ef5b135740b0b2bdd085da3427cc12d02405d5496a63b0b72a;90e12bb9>022716fba0f9a5d46ae7b8a4412296847d63d96c763d49068e851e9be7542080b1	stcpr	92.521003	02f65a515856df60ef5b135740b0b2bdd085da3427cc12d02405d5496a63b0b72a	167	167	-	-	local-recv	90e12bb9	no	2	266.91	4788	4932
16	mux-tunnels-2-t3	up	50000000	b414796d	49189	active	in	b414796d>022716fba0f9a5d46ae7b8a4412296847d63d96c763d49068e851e9be7542080b1	stcpr	141.137	022716fba0f9a5d46ae7b8a4412296847d63d96c763d49068e851e9be7542080b1	20848380	3529	41.7%	42.0%	local-recv	b414796d	no	12	664.24	124390518	72705716
16	mux-tunnels-2-t3	up	50000000	95839ad0	49190	active	in	95839ad0>0371ab4bcff7b121f4b91f6856d6740c6f9dc1fe716977850aeb5d84378b300a13;dc5330cf>022716fba0f9a5d46ae7b8a4412296847d63d96c763d49068e851e9be7542080b1	stcpr	50.182105	0371ab4bcff7b121f4b91f6856d6740c6f9dc1fe716977850aeb5d84378b300a13	12509214	2117	25.0%	25.2%	local-recv	dc5330cf	no	19	236.93	106608591	54580232
16	mux-tunnels-2-t3	up	50000000	fdab37dd	49191	standby	out	fdab37dd>03f57e7cf26c0764c5ab659a606add056ddf8bfad4f5bc7e8613cad05e5f228adf;7420f415>022716fba0f9a5d46ae7b8a4412296847d63d96c763d49068e851e9be7542080b1	stcpr	162.452723	03f57e7cf26c0764c5ab659a606add056ddf8bfad4f5bc7e8613cad05e5f228adf	167	167	-	-	local-recv	7420f415	no	4	241.72	4968	5004
16	mux-tunnels-2-t3	up	50000000	f1012467	49192	standby	out	f1012467>0281a102c82820e811368c8d028cf11b1a985043b726b1bcdb8fce89b27384b2cb;57c570d9>022716fba0f9a5d46ae7b8a4412296847d63d96c763d49068e851e9be7542080b1	stcpr	164.41546	0281a102c82820e811368c8d028cf11b1a985043b726b1bcdb8fce89b27384b2cb	164	159	-	-	local-recv	57c570d9	no	6	0	4968	5148
16	mux-tunnels-2-t3	up	50000000	bf9b0de8	49193	standby	out	bf9b0de8>026a913078651938783e19416a2de99c924df209e28512da2a571868c989bf3822;c2793bef>022716fba0f9a5d46ae7b8a4412296847d63d96c763d49068e851e9be7542080b1	stcpr	165.226745	026a913078651938783e19416a2de99c924df209e28512da2a571868c989bf3822	299	304	-	-	local-recv	c2793bef	no	3	251.05	4932	5004
16	mux-tunnels-2-t3	up	50000000	03f0e265	49194	standby	out	03f0e265>035f6c7648bb0034b436db7d3845f7b482e8da705ca2b4622fd9673eb60921d5e5;ca5d50b7>022716fba0f9a5d46ae7b8a4412296847d63d96c763d49068e851e9be7542080b1	stcpr	164.028859	035f6c7648bb0034b436db7d3845f7b482e8da705ca2b4622fd9673eb60921d5e5	245	312	-	-	local-recv	ca5d50b7	no	4	251.52	4968	4968
16	mux-tunnels-2-t3	up	50000000	57787a56	49195	standby	in	57787a56>039a6d1e3c237f5f05b78ec19e9f31a007f84835d7ef1e812876102281d1db74c1;505b10aa>022716fba0f9a5d46ae7b8a4412296847d63d96c763d49068e851e9be7542080b1	stcpr	155.489706	039a6d1e3c237f5f05b78ec19e9f31a007f84835d7ef1e812876102281d1db74c1	16678715	2758	33.3%	32.8%	local-recv	505b10aa	no	553	242.52	128688975	53100889
16	mux-tunnels-2-t3	up	50000000	e9e5b101	49196	standby	out	e9e5b101>03e977a4fb802e9ed2a618bf21497a1ff6a3385212b575deba39a0e419d9025494;a7457b04>022716fba0f9a5d46ae7b8a4412296847d63d96c763d49068e851e9be7542080b1	squicr	156.025082	03e977a4fb802e9ed2a618bf21497a1ff6a3385212b575deba39a0e419d9025494	204	271	-	-	local-recv	a7457b04	no	3	255.26	4932	4968
16	mux-tunnels-2-t3	up	50000000	ea69bc13	49197	standby	out	ea69bc13>03dd3a272482055da08828fafffe0cb537915a52e71c92bfc9bf3140ab0153cd7c;ce4708f1>022716fba0f9a5d46ae7b8a4412296847d63d96c763d49068e851e9be7542080b1	stcpr	163.450388	03dd3a272482055da08828fafffe0cb537915a52e71c92bfc9bf3140ab0153cd7c	196	263	-	-	local-recv	ce4708f1	no	4	251.35	4968	4932
16	mux-tunnels-2-t3	up	50000000	94729aa0	49198	standby	out	94729aa0>022d2e9ff0ab2b5ad03851b07a61c32b403570423a2b5a4567e2f4d2aabcd1119d;fa5763f3>022716fba0f9a5d46ae7b8a4412296847d63d96c763d49068e851e9be7542080b1	stcpr	62.257108	022d2e9ff0ab2b5ad03851b07a61c32b403570423a2b5a4567e2f4d2aabcd1119d	196	263	-	-	local-recv	fa5763f3	no	4	267.22	4968	4968
16	mux-tunnels-2-t3	up	50000000	c2ee64dc	49199	standby	out	c2ee64dc>02ea1b80411ef28514056466bf11d8a7b7fcdcf4a964ebd874f8bd9fd74e81eda2;1483d7b9>022716fba0f9a5d46ae7b8a4412296847d63d96c763d49068e851e9be7542080b1	stcpr	89.291471	02ea1b80411ef28514056466bf11d8a7b7fcdcf4a964ebd874f8bd9fd74e81eda2	340	263	-	-	local-recv	1483d7b9	no	4	2467.72	4968	5004
16	mux-tunnels-2-t3	up	50000000	a18cfda5	49200	standby	out	a18cfda5>032fe1b4b0bf0207c10bc99cf64be4fdc15464981554e0cd58bf66f06960cd5fcc;0601bd31>022716fba0f9a5d46ae7b8a4412296847d63d96c763d49068e851e9be7542080b1	stcpr	172.566554	032fe1b4b0bf0207c10bc99cf64be4fdc15464981554e0cd58bf66f06960cd5fcc	345	340	-	-	local-recv	0601bd31	no	5	251.37	5004	5004
16	mux-tunnels-2-t3	up	50000000	e11b656f	49201	standby	out	e11b656f>03a9a28d2a38de5342e43b88c6c138eada84e412cf1e703432c7affee73190cd88;7546a023>022716fba0f9a5d46ae7b8a4412296847d63d96c763d49068e851e9be7542080b1	stcpr	173.5621	03a9a28d2a38de5342e43b88c6c138eada84e412cf1e703432c7affee73190cd88	345	340	-	-	local-recv	7546a023	no	5	250.79	5004	5040
16	mux-tunnels-2-t3	up	50000000	e5faa6e0	49202	standby	out	e5faa6e0>02230b0a96a6f94179fab58196d3dfa1e19070faeae82d6900971462996541e774;47361294>022716fba0f9a5d46ae7b8a4412296847d63d96c763d49068e851e9be7542080b1	stcpr	167.092994	02230b0a96a6f94179fab58196d3dfa1e19070faeae82d6900971462996541e774	345	340	-	-	local-recv	47361294	no	4	251.18	4968	5040
16	mux-tunnels-2-t3	up	50000000	b71ddf99	49203	standby	out	b71ddf99>0328947fced4d4b7beb65a6ef60d579e42d7976168c292cbd6d28b5b8bdc85757f;47828219>022716fba0f9a5d46ae7b8a4412296847d63d96c763d49068e851e9be7542080b1	stcpr	167.876559	0328947fced4d4b7beb65a6ef60d579e42d7976168c292cbd6d28b5b8bdc85757f	345	340	-	-	local-recv	47828219	no	6	251.8	5040	5004
16	mux-tunnels-2-t3	up	50000000	e5f24143	49204	standby	out	e5f24143>024a37bae69d6be2ec51eeb9d2b7e99073c30153d06896032f5bd3c09ca843bdb9;a214890d>022716fba0f9a5d46ae7b8a4412296847d63d96c763d49068e851e9be7542080b1	stcpr	45.446212	024a37bae69d6be2ec51eeb9d2b7e99073c30153d06896032f5bd3c09ca843bdb9	345	340	-	-	local-recv	a214890d	no	2	2459.09	4896	5076
16	mux-tunnels-2-t3	up	50000000	97ae541b	49205	standby	out	97ae541b>03c3278fa753b5e942c8b1bfe028219520b8b713f370796e442a4d416a41e08b17;b70493f1>022716fba0f9a5d46ae7b8a4412296847d63d96c763d49068e851e9be7542080b1	stcpr	171.610165	03c3278fa753b5e942c8b1bfe028219520b8b713f370796e442a4d416a41e08b17	345	340	-	-	local-recv	b70493f1	no	4	251.86	4968	5004
16	mux-tunnels-2-t3	up	50000000	df4c1852	49206	standby	out	df4c1852>035f532aed88e89cb8822a31b71d83a14f63fabd6389e537c2426fe84031c60825;f148d779>022716fba0f9a5d46ae7b8a4412296847d63d96c763d49068e851e9be7542080b1	stcpr	166.156659	035f532aed88e89cb8822a31b71d83a14f63fabd6389e537c2426fe84031c60825	353	348	-	-	local-recv	f148d779	no	5	250.71	5004	5004
16	mux-tunnels-2-t3	up	50000000	1bb37806	49207	standby	out	1bb37806>02b3a85aee85dece633272731c2e37867a39fa9127f28233ad18ed0051184fc40a;d30e45c7>022716fba0f9a5d46ae7b8a4412296847d63d96c763d49068e851e9be7542080b1	squicr	88.079109	02b3a85aee85dece633272731c2e37867a39fa9127f28233ad18ed0051184fc40a	313	308	-	-	local-recv	d30e45c7	no	4	267.25	4896	4968
16	mux-tunnels-2-t3	up	50000000	770b2d43	49208	standby	out	770b2d43>031e6a72596e6be53c32b4d1909da233846bcef0000f72a0314072c10b9fc35d3c;91846477>022716fba0f9a5d46ae7b8a4412296847d63d96c763d49068e851e9be7542080b1	stcpr	176.881562	031e6a72596e6be53c32b4d1909da233846bcef0000f72a0314072c10b9fc35d3c	241	308	-	-	local-recv	91846477	no	5	262.38	4932	4860
16	mux-tunnels-2-t3	up	50000000	ee5902d2	49209	standby	out	ee5902d2>0397b427c1e522b768389db1fdfab3943a74e69683800fe4950af7dfb3bf66893c;2dfdb077>022716fba0f9a5d46ae7b8a4412296847d63d96c763d49068e851e9be7542080b1	stcpr	71.927274	0397b427c1e522b768389db1fdfab3943a74e69683800fe4950af7dfb3bf66893c	313	308	-	-	local-recv	2dfdb077	no	3	262.67	4860	4932
16	mux-tunnels-2-t3	up	50000000	977b7c08	49210	standby	out	977b7c08>03e977883c41fca1e63a178398c46574b7ab8d4f381266c852242f473881c32337;6f46dafc>022716fba0f9a5d46ae7b8a4412296847d63d96c763d49068e851e9be7542080b1	stcpr	179.256956	03e977883c41fca1e63a178398c46574b7ab8d4f381266c852242f473881c32337	169	308	-	-	local-recv	6f46dafc	no	6	260.96	4968	4860
16	mux-tunnels-2-t3	up	50000000	7a64a71c	49211	standby	out	7a64a71c>02f0fabacf587c096ca7e38846b16f2617cbeeeca7bd7a06e73b2030f8645dd00f;79a37fb3>022716fba0f9a5d46ae7b8a4412296847d63d96c763d49068e851e9be7542080b1	stcpr	67.929481	02f0fabacf587c096ca7e38846b16f2617cbeeeca7bd7a06e73b2030f8645dd00f	236	231	-	-	local-recv	79a37fb3	no	3	256.87	4860	5004
16	mux-tunnels-2-t3	up	50000000	062c57d2	49212	standby	out	062c57d2>03dc3488e49ded9250f3cca2827ab16f6331b7ccefdad614353c785a5fc76c1b13;2d3c4852>022716fba0f9a5d46ae7b8a4412296847d63d96c763d49068e851e9be7542080b1	stcpr	164.57686	03dc3488e49ded9250f3cca2827ab16f6331b7ccefdad614353c785a5fc76c1b13	268	247	-	-	local-recv	2d3c4852	no	5	260.51	4932	4968
16	mux-tunnels-2-t3	up	50000000	eaddf8ac	49213	standby	out	eaddf8ac>028ce3caf8a1ed3b650b7139aeb854351518149af709cf28fe9bd6376cb3403626;4112d695>022716fba0f9a5d46ae7b8a4412296847d63d96c763d49068e851e9be7542080b1	stcpr	177.237619	028ce3caf8a1ed3b650b7139aeb854351518149af709cf28fe9bd6376cb3403626	268	263	-	-	local-recv	4112d695	no	5	254.52	4932	4968
16	mux-tunnels-2-t3	up	50000000	25b03079	49214	standby	out	25b03079>02c43f7d6da81cdca65fcf41906ff321f0d9f14e4c9ab0ff8b54b8ec64cce11bf0;18e8b97b>022716fba0f9a5d46ae7b8a4412296847d63d96c763d49068e851e9be7542080b1	stcpr	75.214485	02c43f7d6da81cdca65fcf41906ff321f0d9f14e4c9ab0ff8b54b8ec64cce11bf0	276	271	-	-	local-recv	18e8b97b	no	3	2463.59	4860	5004
16	mux-tunnels-2-t3	up	50000000	88737946	49216	standby	out	88737946>039ba57e780efc89546104a134e9121f1dda0617e335eee8c3f21e4e272df93ac1;f888da30>022716fba0f9a5d46ae7b8a4412296847d63d96c763d49068e851e9be7542080b1	stcpr	56.580013	039ba57e780efc89546104a134e9121f1dda0617e335eee8c3f21e4e272df93ac1	236	231	-	-	local-recv	f888da30	no	2	283.37	4788	4968
16	mux-tunnels-2-t3	up	50000000	5157fdc8	49217	standby	out	5157fdc8>03360da779493433e9ae8e103ac1c0baf6973982f93bd3cf326e4b18f9fda666cb;2b4ccbdd>022716fba0f9a5d46ae7b8a4412296847d63d96c763d49068e851e9be7542080b1	stcpr	179.546694	03360da779493433e9ae8e103ac1c0baf6973982f93bd3cf326e4b18f9fda666cb	236	231	-	-	local-recv	2b4ccbdd	no	4	2463.56	4860	4932
16	mux-tunnels-2-t3	up	50000000	475d59a5	49219	standby	out	475d59a5>02b1d9c56928f533ea9b309f8a53ed4807ee4e0193ef3c3a0234033313feceb8f2;99a80e72>022716fba0f9a5d46ae7b8a4412296847d63d96c763d49068e851e9be7542080b1	stcpr	180.975371	02b1d9c56928f533ea9b309f8a53ed4807ee4e0193ef3c3a0234033313feceb8f2	208	239	-	-	local-recv	99a80e72	no	4	259.56	4860	4824
16	mux-tunnels-2-t3	up	50000000	696629b6	49220	standby	out	696629b6>03ecc7d108a98480b40a85bbfadb8f477d0c3559316306dcd7ba52fa3d21dad91e;28684434>022716fba0f9a5d46ae7b8a4412296847d63d96c763d49068e851e9be7542080b1	stcpr	71.510035	03ecc7d108a98480b40a85bbfadb8f477d0c3559316306dcd7ba52fa3d21dad91e	277	272	-	-	local-recv	28684434	no	3	267.5	4824	4932
16	mux-tunnels-2-t3	up	50000000	a58835c2	49221	standby	out	a58835c2>039c90460398ddf19b4dc153878599e924feb54e016bd0f7ed404d174965e31d74;f4dcb6a5>022716fba0f9a5d46ae7b8a4412296847d63d96c763d49068e851e9be7542080b1	stcpr	183.038503	039c90460398ddf19b4dc153878599e924feb54e016bd0f7ed404d174965e31d74	277	272	-	-	local-recv	f4dcb6a5	no	4	267.59	4860	4932
16	mux-tunnels-2-t3	up	50000000	4aa23edc	49222	standby	out	4aa23edc>02f65a515856df60ef5b135740b0b2bdd085da3427cc12d02405d5496a63b0b72a;90e12bb9>022716fba0f9a5d46ae7b8a4412296847d63d96c763d49068e851e9be7542080b1	stcpr	92.521003	02f65a515856df60ef5b135740b0b2bdd085da3427cc12d02405d5496a63b0b72a	277	272	-	-	local-recv	90e12bb9	no	2	266.91	4788	4932
#
# verdicts
# row	label	dir	size	forward_on	forward_kind	forward_share	forward	reverse_fanout	reverse_max_share	reverse	flip
1	mux-tunnels-2-t1	down	10000000	b414796d	direct	44.2%	INFO	3	47.4%	INFO	-
2	mux-tunnels-2-t2	down	10000000	b414796d	direct	38.9%	INFO	3	43.4%	INFO	same
3	mux-tunnels-2-t3	down	10000000	b414796d	direct	42.3%	INFO	3	47.4%	INFO	same
4	mux-tunnels-2-t4	down	10000000	57787a56	other	39.7%	INFO	3	47.4%	INFO	flip:b414796d->57787a56
5	mux-tunnels-2-t5	down	10000000	b414796d	direct	41.8%	INFO	3	43.5%	INFO	flip:57787a56->b414796d
6	mux-tunnels-2-t1	up	10000000	95839ad0	lowest-latency	42.6%	INFO	3	38.7%	INFO	flip:b414796d->95839ad0
7	mux-tunnels-2-t2	up	10000000	95839ad0	lowest-latency	42.9%	INFO	3	38.5%	INFO	same
8	mux-tunnels-2-t3	up	10000000	95839ad0	lowest-latency	42.9%	INFO	3	42.8%	INFO	same
9	mux-tunnels-2-t1	down	50000000	57787a56	other	44.7%	INFO	3	44.5%	PASS	flip:95839ad0->57787a56
10	mux-tunnels-2-t2	down	50000000	57787a56	other	39.1%	INFO	3	39.7%	PASS	same
11	mux-tunnels-2-t3	down	50000000	57787a56	other	34.4%	INFO	3	39.5%	PASS	same
12	mux-tunnels-2-t4	down	50000000	b414796d	direct	38.1%	INFO	3	39.7%	PASS	flip:57787a56->b414796d
13	mux-tunnels-2-t5	down	50000000	95839ad0	lowest-latency	34.5%	INFO	3	39.2%	PASS	flip:b414796d->95839ad0
14	mux-tunnels-2-t1	up	50000000	b414796d	direct	41.7%	INFO	3	37.3%	INFO	flip:95839ad0->b414796d
15	mux-tunnels-2-t2	up	50000000	b414796d	direct	41.7%	INFO	3	40.7%	INFO	same
16	mux-tunnels-2-t3	up	50000000	b414796d	direct	41.7%	INFO	3	42.0%	INFO	same
# flip	7 change(s) of the dominant forward leg at row(s) 4,5,6,9,12,13,14
